codice_ateco,settore,sezione,area_mix,n_vignette,adempimenti,fonti,cast_personaggi,image_prompt,titolo_clickbait,corpo_post,cta_prodotto,cta_url,hashtag,nome_file_webp,drive_folder,stato
46.14.03,Commercio,G,Sicurezza+Privacy+HACCP,11,Videoterminali (VDT) | Videosorveglianza a norma | RSPP / Datore di Lavoro RSPP | Piano di Sanificazione | Uso e Formazione DPI | Stress Lavoro-Correlato | Formazione Specifica (rischio medio) | Sorveglianza Sanitaria / Medico Competente | Manuale HACCP di Autocontrollo | Rappresentante Lavoratori Sicurezza (RLS) | Formazione Generale Lavoratori,D.Lgs81/08 Tit.VII | Provv.Garante | D.Lgs81/08 art.34 | Reg.CE 852/2004 | D.Lgs81/08 art.77 | D.Lgs81/08 art.28 | Accordo Stato-Regioni | D.Lgs81/08 art.41 | D.Lgs81/08 art.47,"FORMIX>MULTIX, TRACCIX>CANCELIX, FORMIX>OBLIVIX, PRIVACIX>DOSAGIX, LUXPECTORIX>CADUTIX, CHEFIX>RUMORIX, CHEFIX>MULTIX, PREPOSTIX>FUMIX, PREPOSTIX>FRETTIX, PREPOSTIX>CAOSIX, FORMIX>NONDPIX","Crea una PAGINA A FUMETTI a STORIA COMPLETA, verticale A4 (1024x1536), QUALITA' EDITORIALE DA STAMPA, stile ufficiale 'SICURIX TALES' IDENTICO alle immagini di riferimento allegate (stessi personaggi a mattoncini 3D, stessa impaginazione, stessi colori, stesse rese): minifigure espressive, ambientazioni ricche e dettagliate del settore, luci morbide, profondita', bordi vignetta netti. IMPAGINAZIONE OBBLIGATORIA: da 10 a 12 VIGNETTE numerate che raccontano UNA STORIA con arco narrativo completo (1 situazione normale -> 2-4 arrivano i pericoli coi cattivi -> 5-6 tensione/conseguenza -> 7-9 arriva SICURIX con gli eroi e applica il METODO81+ passo per passo -> 10-11 risoluzione ordinata -> 12 finale). HEADER in alto: SICURIX (mantello, medaglione arancione '81+', bussola) che presenta in un fumetto; grande titolo 'SICURIX TALES'; sottotitolo 'COMMERCIO: Pericolo vs Soluzione con Metodo 81+'; legenda 3 voci (verde Sicurezza, rosso Rischio, blu 81+ Soluzione); fila di EROI coi nomi: FORMIX, TRACCIX, PRIVACIX, LUXPECTORIX, CHEFIX, PREPOSTIX. FOOTER in basso: grande 'Prima vedi. Poi sistemi.'; banner scudo verde 'PROTEGGIAMO. PREVENIAMO. MIGLIORIAMO.' e triangolo rosso 'DISATTENZIONE. RISCHI. COSTI. CAOS.'; logo '81+' + '81plus.net'. TRAMA (usa questi eventi come vignette; se sono meno di 10 aggiungi vignette di contesto, dialogo e reazione per arrivare a 10-12): 1) MULTIX causa il pericolo 'Videoterminali' (Videoterminali (VDT)); poi FORMIX+SICURIX applicano il METODO81+; 2) CANCELIX causa il pericolo 'Videosorveglianza' (Videosorveglianza a norma); poi TRACCIX+SICURIX applicano il METODO81+; 3) OBLIVIX causa il pericolo 'Ruolo/RSPP' (RSPP / Datore di Lavoro RSPP); poi FORMIX+SICURIX applicano il METODO81+; 4) DOSAGIX causa il pericolo 'Sanificazione' (Piano di Sanificazione); poi PRIVACIX+SICURIX applicano il METODO81+; 5) CADUTIX causa il pericolo 'DPI' (Uso e Formazione DPI); poi LUXPECTORIX+SICURIX applicano il METODO81+; 6) RUMORIX causa il pericolo 'Stress' (Stress Lavoro-Correlato); poi CHEFIX+SICURIX applicano il METODO81+; 7) MULTIX causa il pericolo 'Formazione specifica' (Formazione Specifica (rischio medio)); poi CHEFIX+SICURIX applicano il METODO81+; 8) FUMIX causa il pericolo 'Sorveglianza sanitaria' (Sorveglianza Sanitaria / Medico Competente); poi PREPOSTIX+SICURIX applicano il METODO81+; 9) FRETTIX causa il pericolo 'Documento' (Manuale HACCP di Autocontrollo); poi PREPOSTIX+SICURIX applicano il METODO81+; 10) CAOSIX causa il pericolo 'Ruolo/RLS' (Rappresentante Lavoratori Sicurezza (RLS)); poi PREPOSTIX+SICURIX applicano il METODO81+; 11) NONDPIX causa il pericolo 'Formazione base' (Formazione Generale Lavoratori); poi FORMIX+SICURIX applicano il METODO81+. PALETTE BRAND ESCLUSIVA: nero #05050A, bianco panna, arancione #FF6A1A/#E8501A; ROSSO solo per 'PERICOLO', VERDE per la checklist 'Metodo 81+'. Logo '81+' ben visibile in OGNI vignetta. REGOLA STORIA: SICURIX NON agisce mai da solo - in OGNI vignetta di soluzione si fa AIUTARE dai suoi colleghi EROI (lavoro di squadra, ognuno col suo ruolo). TESTO: didascalie e fumetti MOLTO BREVI (1-4 parole), GRANDI, centrati, in ITALIANO con ORTOGRAFIA PERFETTA, senza parole inventate, lettere doppie errate o testo tagliato. CATTIVI (coerenti col canone): MULTIX, CANCELIX, OBLIVIX, DOSAGIX, CADUTIX, RUMORIX, FUMIX, FRETTIX, CAOSIX, NONDPIX. EROI: FORMIX, TRACCIX, PRIVACIX, LUXPECTORIX, CHEFIX, PREPOSTIX. NEGATIVE: nessun marchio LEGO reale, nessun personaggio protetto (Asterix ecc.), niente gore/horror, niente claim assoluti ('rischio zero','garantito','zero multe').",Quello che l'ispettore controlla per primo in Commercio (e quasi nessuno lo sa),"La differenza tra chi in Commercio dorme sereno e chi trema al controllo

In commercio gli adempimenti obbligatori non aspettano: Videoterminali, Videosorveglianza, Ruolo/RSPP, Sanificazione, DPI, Stress, Formazione specifica, Sorveglianza sanitaria, Documento, Ruolo/RLS, Formazione base. In questa pagina TALES OF SICURIX il PERICOLO prende forma... e il METODO81+ lo rimette in ordine, passo dopo passo. Immagina la scena: prima il caos, poi la checklist che sistema tutto. Chi si mette in regola prima, dorme meglio dopo.
👉 Iscriviti al corso: Corso RSPP Datore di Lavoro : videoterminali -> https://81plus.net/?corso=corso-rspp-datore-di-lavoro-videoterminali
▶️ YouTube: youtube.com/@sicurissimo
Contenuto informativo. Prima vedi. Poi sistemi. 81plus.net",Corso RSPP Datore di Lavoro : videoterminali,https://81plus.net/?corso=corso-rspp-datore-di-lavoro-videoterminali,#TalesOfSicurix #SICURIX #Metodo81 #81plus #Sicurissimo #Sicurezza #Privacy #HACCP #SicurezzaSulLavoro,SICURIX_TALES_461403_12_25_5_15_8_11_2_9_13_4_1.webp,https://drive.google.com/drive/folders/1hICKXdl9JTZBL1pemG19oE_661z-EH_k,IMG_ERR
74.12.09,Servizi alle imprese,N,Privacy+Sicurezza,11,Formazione GDPR | Informativa e Consensi | Formazione Specifica (rischio basso) | Nomina Incaricati/Responsabili | Formazione Generale Lavoratori | Documento Valutazione Rischi (DVR) | Uso e Formazione DPI | Registro dei Trattamenti | Addetto Antincendio | Rappresentante Lavoratori Sicurezza (RLS) | Procedura Data Breach,GDPR art.32 | GDPR art.13 | Accordo Stato-Regioni | GDPR art.28-29 | D.Lgs81/08 art.28 | D.Lgs81/08 art.77 | GDPR art.30 | DM 2/9/2021 | D.Lgs81/08 art.47 | GDPR art.33-34,"PRIVACIX>SPYIX, HYGIENIX>SPYIX, HYGIENIX>CHIMIKIX, CIFRIX>MULTIX, PREPOSTIX>OBLIVIX, SCUDIX>MULTIX, SICURIX>CADUTIX, DOCUMIX>PHISHIX, SICURIX>CHIMIKIX, SICURIX>RUMORIX, BLINKIX>CAOSIX","Crea una PAGINA A FUMETTI a STORIA COMPLETA, verticale A4 (1024x1536), QUALITA' EDITORIALE DA STAMPA, stile ufficiale 'SICURIX TALES' IDENTICO alle immagini di riferimento allegate (stessi personaggi a mattoncini 3D, stessa impaginazione, stessi colori, stesse rese): minifigure espressive, ambientazioni ricche e dettagliate del settore, luci morbide, profondita', bordi vignetta netti. IMPAGINAZIONE OBBLIGATORIA: da 10 a 12 VIGNETTE numerate che raccontano UNA STORIA con arco narrativo completo (1 situazione normale -> 2-4 arrivano i pericoli coi cattivi -> 5-6 tensione/conseguenza -> 7-9 arriva SICURIX con gli eroi e applica il METODO81+ passo per passo -> 10-11 risoluzione ordinata -> 12 finale). HEADER in alto: SICURIX (mantello, medaglione arancione '81+', bussola) che presenta in un fumetto; grande titolo 'SICURIX TALES'; sottotitolo 'SERVIZI ALLE IMPRESE: Pericolo vs Soluzione con Metodo 81+'; legenda 3 voci (verde Sicurezza, rosso Rischio, blu 81+ Soluzione); fila di EROI coi nomi: PRIVACIX, HYGIENIX, CIFRIX, PREPOSTIX, SCUDIX, SICURIX. FOOTER in basso: grande 'Prima vedi. Poi sistemi.'; banner scudo verde 'PROTEGGIAMO. PREVENIAMO. MIGLIORIAMO.' e triangolo rosso 'DISATTENZIONE. RISCHI. COSTI. CAOS.'; logo '81+' + '81plus.net'. TRAMA (usa questi eventi come vignette; se sono meno di 10 aggiungi vignette di contesto, dialogo e reazione per arrivare a 10-12): 1) SPYIX causa il pericolo 'Formazione' (Formazione GDPR); poi PRIVACIX+SICURIX applicano il METODO81+; 2) SPYIX causa il pericolo 'Documento' (Informativa e Consensi); poi HYGIENIX+SICURIX applicano il METODO81+; 3) CHIMIKIX causa il pericolo 'Formazione specifica' (Formazione Specifica (rischio basso)); poi HYGIENIX+SICURIX applicano il METODO81+; 4) MULTIX causa il pericolo 'Nomine' (Nomina Incaricati/Responsabili); poi CIFRIX+SICURIX applicano il METODO81+; 5) OBLIVIX causa il pericolo 'Formazione base' (Formazione Generale Lavoratori); poi PREPOSTIX+SICURIX applicano il METODO81+; 6) MULTIX causa il pericolo 'Documento' (Documento Valutazione Rischi (DVR)); poi SCUDIX+SICURIX applicano il METODO81+; 7) CADUTIX causa il pericolo 'DPI' (Uso e Formazione DPI); poi SICURIX+SICURIX applicano il METODO81+; 8) PHISHIX causa il pericolo 'Registro' (Registro dei Trattamenti); poi DOCUMIX+SICURIX applicano il METODO81+; 9) CHIMIKIX causa il pericolo 'Emergenze/Incendio' (Addetto Antincendio); poi SICURIX+SICURIX applicano il METODO81+; 10) RUMORIX causa il pericolo 'Ruolo/RLS' (Rappresentante Lavoratori Sicurezza (RLS)); poi SICURIX+SICURIX applicano il METODO81+; 11) CAOSIX causa il pericolo 'Data breach' (Procedura Data Breach); poi BLINKIX+SICURIX applicano il METODO81+. PALETTE BRAND ESCLUSIVA: nero #05050A, bianco panna, arancione #FF6A1A/#E8501A; ROSSO solo per 'PERICOLO', VERDE per la checklist 'Metodo 81+'. Logo '81+' ben visibile in OGNI vignetta. REGOLA STORIA: SICURIX NON agisce mai da solo - in OGNI vignetta di soluzione si fa AIUTARE dai suoi colleghi EROI (lavoro di squadra, ognuno col suo ruolo). TESTO: didascalie e fumetti MOLTO BREVI (1-4 parole), GRANDI, centrati, in ITALIANO con ORTOGRAFIA PERFETTA, senza parole inventate, lettere doppie errate o testo tagliato. CATTIVI (coerenti col canone): SPYIX, CHIMIKIX, MULTIX, OBLIVIX, CADUTIX, PHISHIX, RUMORIX, CAOSIX. EROI: PRIVACIX, HYGIENIX, CIFRIX, PREPOSTIX, SCUDIX, SICURIX, DOCUMIX, BLINKIX. NEGATIVE: nessun marchio LEGO reale, nessun personaggio protetto (Asterix ecc.), niente gore/horror, niente claim assoluti ('rischio zero','garantito','zero multe').","In Servizi alle imprese non e' 'se' arriva il controllo, e' 'quando'. Sei pronto?","Quello che l'ispettore controlla per primo in Servizi alle imprese (e quasi nessuno lo sa)

In servizi alle imprese gli adempimenti obbligatori non aspettano: Formazione, Documento, Formazione specifica, Nomine, Formazione base, DPI, Registro, Emergenze/Incendio, Ruolo/RLS, Data breach. In questa pagina TALES OF SICURIX il PERICOLO prende forma... e il METODO81+ lo rimette in ordine, passo dopo passo. Immagina la scena: prima il caos, poi la checklist che sistema tutto. Mettere ordine ora costa poco. Rimediare dopo costa caro.
👉 Iscriviti al corso: GDPR 2016/679: privacy e trattamento dei dati personali -> https://81plus.net/?corso=gdpr-2016-679-privacy-e-trattamento-dei-dati-personali
▶️ YouTube: youtube.com/@sicurissimo
Contenuto informativo. Prima vedi. Poi sistemi. 81plus.net",GDPR 2016/679: privacy e trattamento dei dati personali,https://81plus.net/?corso=gdpr-2016-679-privacy-e-trattamento-dei-dati-personali,#TalesOfSicurix #SICURIX #Metodo81 #81plus #Sicurissimo #Privacy #Sicurezza #SicurezzaSulLavoro,SICURIX_TALES_741209_12_9_2_11_1_0_8_10_7_4_13.webp,https://drive.google.com/drive/folders/1hICKXdl9JTZBL1pemG19oE_661z-EH_k,IMG_ERR
86.10.00,Arte/Sport,R,Sicurezza+HACCP+Privacy,11,Sorveglianza Sanitaria / Medico Competente | Rappresentante Lavoratori Sicurezza (RLS) | Corso Alimentarista | Lotta agli Infestanti (Pest Control) | Formazione Generale Lavoratori | Piano di Sanificazione | Nomina DPO / RPD | Gestione Allergeni | Documento Valutazione Rischi (DVR) | Valutazione d'Impatto (DPIA) | Nomina Incaricati/Responsabili,D.Lgs81/08 art.41 | D.Lgs81/08 art.47 | Reg.CE 852/2004 | Accordo Stato-Regioni | GDPR art.37 | Reg.UE 1169/2011 | D.Lgs81/08 art.28 | GDPR art.35 | GDPR art.28-29,"HYGIENIX>VOLTIX, CONSENSIX>CADUTIX, CHECKIX>ACQUAIX, CONSENSIX>CROSSIX, PREPOSTIX>CAOSIX, CONSENSIX>CROSSIX, ROBOTIX81>FRETTIX, ROBOTIX81>SPORCKIX, LUXPECTORIX>CAOSIX, PRIVACIX>HACKIX, DOCUMIX>MULTIX","Crea una PAGINA A FUMETTI a STORIA COMPLETA, verticale A4 (1024x1536), QUALITA' EDITORIALE DA STAMPA, stile ufficiale 'SICURIX TALES' IDENTICO alle immagini di riferimento allegate (stessi personaggi a mattoncini 3D, stessa impaginazione, stessi colori, stesse rese): minifigure espressive, ambientazioni ricche e dettagliate del settore, luci morbide, profondita', bordi vignetta netti. IMPAGINAZIONE OBBLIGATORIA: da 10 a 12 VIGNETTE numerate che raccontano UNA STORIA con arco narrativo completo (1 situazione normale -> 2-4 arrivano i pericoli coi cattivi -> 5-6 tensione/conseguenza -> 7-9 arriva SICURIX con gli eroi e applica il METODO81+ passo per passo -> 10-11 risoluzione ordinata -> 12 finale). HEADER in alto: SICURIX (mantello, medaglione arancione '81+', bussola) che presenta in un fumetto; grande titolo 'SICURIX TALES'; sottotitolo 'ARTE/SPORT: Pericolo vs Soluzione con Metodo 81+'; legenda 3 voci (verde Sicurezza, rosso Rischio, blu 81+ Soluzione); fila di EROI coi nomi: HYGIENIX, CONSENSIX, CHECKIX, PREPOSTIX, ROBOTIX81, LUXPECTORIX. FOOTER in basso: grande 'Prima vedi. Poi sistemi.'; banner scudo verde 'PROTEGGIAMO. PREVENIAMO. MIGLIORIAMO.' e triangolo rosso 'DISATTENZIONE. RISCHI. COSTI. CAOS.'; logo '81+' + '81plus.net'. TRAMA (usa questi eventi come vignette; se sono meno di 10 aggiungi vignette di contesto, dialogo e reazione per arrivare a 10-12): 1) VOLTIX causa il pericolo 'Sorveglianza sanitaria' (Sorveglianza Sanitaria / Medico Competente); poi HYGIENIX+SICURIX applicano il METODO81+; 2) CADUTIX causa il pericolo 'Ruolo/RLS' (Rappresentante Lavoratori Sicurezza (RLS)); poi CONSENSIX+SICURIX applicano il METODO81+; 3) ACQUAIX causa il pericolo 'Corso' (Corso Alimentarista); poi CHECKIX+SICURIX applicano il METODO81+; 4) CROSSIX causa il pericolo 'Infestanti' (Lotta agli Infestanti (Pest Control)); poi CONSENSIX+SICURIX applicano il METODO81+; 5) CAOSIX causa il pericolo 'Formazione base' (Formazione Generale Lavoratori); poi PREPOSTIX+SICURIX applicano il METODO81+; 6) CROSSIX causa il pericolo 'Sanificazione' (Piano di Sanificazione); poi CONSENSIX+SICURIX applicano il METODO81+; 7) FRETTIX causa il pericolo 'DPO' (Nomina DPO / RPD); poi ROBOTIX81+SICURIX applicano il METODO81+; 8) SPORCKIX causa il pericolo 'Allergeni' (Gestione Allergeni); poi ROBOTIX81+SICURIX applicano il METODO81+; 9) CAOSIX causa il pericolo 'Documento' (Documento Valutazione Rischi (DVR)); poi LUXPECTORIX+SICURIX applicano il METODO81+; 10) HACKIX causa il pericolo 'DPIA' (Valutazione d'Impatto (DPIA)); poi PRIVACIX+SICURIX applicano il METODO81+; 11) MULTIX causa il pericolo 'Nomine' (Nomina Incaricati/Responsabili); poi DOCUMIX+SICURIX applicano il METODO81+. PALETTE BRAND ESCLUSIVA: nero #05050A, bianco panna, arancione #FF6A1A/#E8501A; ROSSO solo per 'PERICOLO', VERDE per la checklist 'Metodo 81+'. Logo '81+' ben visibile in OGNI vignetta. REGOLA STORIA: SICURIX NON agisce mai da solo - in OGNI vignetta di soluzione si fa AIUTARE dai suoi colleghi EROI (lavoro di squadra, ognuno col suo ruolo). TESTO: didascalie e fumetti MOLTO BREVI (1-4 parole), GRANDI, centrati, in ITALIANO con ORTOGRAFIA PERFETTA, senza parole inventate, lettere doppie errate o testo tagliato. CATTIVI (coerenti col canone): VOLTIX, CADUTIX, ACQUAIX, CROSSIX, CAOSIX, FRETTIX, SPORCKIX, HACKIX, MULTIX. EROI: HYGIENIX, CONSENSIX, CHECKIX, PREPOSTIX, ROBOTIX81, LUXPECTORIX, PRIVACIX, DOCUMIX. NEGATIVE: nessun marchio LEGO reale, nessun personaggio protetto (Asterix ecc.), niente gore/horror, niente claim assoluti ('rischio zero','garantito','zero multe').",Quello che l'ispettore controlla per primo in Arte/Sport (e quasi nessuno lo sa),"Quello che l'ispettore controlla per primo in Arte/Sport (e quasi nessuno lo sa)

In arte/sport gli adempimenti obbligatori non aspettano: Sorveglianza sanitaria, Ruolo/RLS, Corso, Infestanti, Formazione base, Sanificazione, DPO, Allergeni, Documento, DPIA, Nomine. In questa pagina TALES OF SICURIX il PERICOLO prende forma... e il METODO81+ lo rimette in ordine, passo dopo passo. Immagina la scena: prima il caos, poi la checklist che sistema tutto. Non e' burocrazia: e' la tua tranquillita.
👉 Iscriviti al corso: Corso lavoratore parte GENERALE 4 ore -> https://81plus.net/?corso=corso-lavoratore-parte-generale-4-ore
▶️ YouTube: youtube.com/@sicurissimo
Contenuto informativo. Prima vedi. Poi sistemi. 81plus.net",Corso lavoratore parte GENERALE 4 ore,https://81plus.net/?corso=corso-lavoratore-parte-generale-4-ore,#TalesOfSicurix #SICURIX #Metodo81 #81plus #Sicurissimo #Sicurezza #HACCP #Privacy #SicurezzaSulLavoro,SICURIX_TALES_861000_9_4_13_17_1_14_24_18_0_25_21.webp,https://drive.google.com/drive/folders/1hICKXdl9JTZBL1pemG19oE_661z-EH_k,IMG_ERR
03.22.09,Agricoltura,A,Ambientale+HACCP+Privacy+Sicurezza,11,Gestione Rifiuti e Registro | Rintracciabilita ed Etichettatura | Procedura Data Breach | Formazione Ambientale | Rischio Rumore | RSPP / Datore di Lavoro RSPP | Gestione Allergeni | Formazione Generale Lavoratori | Formazione GDPR | Controllo Temperature e Celle | Lotta agli Infestanti (Pest Control),D.Lgs152/06 | Reg.CE 178/2002 | GDPR art.33-34 | D.Lgs81/08 Tit.VIII | D.Lgs81/08 art.34 | Reg.UE 1169/2011 | Accordo Stato-Regioni | GDPR art.32 | Reg.CE 852/2004,"LUXPECTORIX>OBLIVIX, CONSENSIX>TEMPORIX, PREPOSTIX>CANCELIX, FORMIX>FRETTIX, CONSENSIX>RUMORIX, CONSENSIX>VIBRIX, DOCUMIX>MESCOLIX, SCUDIX>SOTTOVALUTIX, BLINKIX>HACKIX, FORMIX>MULTIX, LUXPECTORIX>MULTIX","Crea una PAGINA A FUMETTI a STORIA COMPLETA, verticale A4 (1024x1536), QUALITA' EDITORIALE DA STAMPA, stile ufficiale 'SICURIX TALES' IDENTICO alle immagini di riferimento allegate (stessi personaggi a mattoncini 3D, stessa impaginazione, stessi colori, stesse rese): minifigure espressive, ambientazioni ricche e dettagliate del settore, luci morbide, profondita', bordi vignetta netti. IMPAGINAZIONE OBBLIGATORIA: da 10 a 12 VIGNETTE numerate che raccontano UNA STORIA con arco narrativo completo (1 situazione normale -> 2-4 arrivano i pericoli coi cattivi -> 5-6 tensione/conseguenza -> 7-9 arriva SICURIX con gli eroi e applica il METODO81+ passo per passo -> 10-11 risoluzione ordinata -> 12 finale). HEADER in alto: SICURIX (mantello, medaglione arancione '81+', bussola) che presenta in un fumetto; grande titolo 'SICURIX TALES'; sottotitolo 'AGRICOLTURA: Pericolo vs Soluzione con Metodo 81+'; legenda 3 voci (verde Sicurezza, rosso Rischio, blu 81+ Soluzione); fila di EROI coi nomi: LUXPECTORIX, CONSENSIX, PREPOSTIX, FORMIX, DOCUMIX, SCUDIX. FOOTER in basso: grande 'Prima vedi. Poi sistemi.'; banner scudo verde 'PROTEGGIAMO. PREVENIAMO. MIGLIORIAMO.' e triangolo rosso 'DISATTENZIONE. RISCHI. COSTI. CAOS.'; logo '81+' + '81plus.net'. TRAMA (usa questi eventi come vignette; se sono meno di 10 aggiungi vignette di contesto, dialogo e reazione per arrivare a 10-12): 1) OBLIVIX causa il pericolo 'Rifiuti' (Gestione Rifiuti e Registro); poi LUXPECTORIX+SICURIX applicano il METODO81+; 2) TEMPORIX causa il pericolo 'Rintracciabilita' (Rintracciabilita ed Etichettatura); poi CONSENSIX+SICURIX applicano il METODO81+; 3) CANCELIX causa il pericolo 'Data breach' (Procedura Data Breach); poi PREPOSTIX+SICURIX applicano il METODO81+; 4) FRETTIX causa il pericolo 'Formazione' (Formazione Ambientale); poi FORMIX+SICURIX applicano il METODO81+; 5) RUMORIX causa il pericolo 'Rumore' (Rischio Rumore); poi CONSENSIX+SICURIX applicano il METODO81+; 6) VIBRIX causa il pericolo 'Ruolo/RSPP' (RSPP / Datore di Lavoro RSPP); poi CONSENSIX+SICURIX applicano il METODO81+; 7) MESCOLIX causa il pericolo 'Allergeni' (Gestione Allergeni); poi DOCUMIX+SICURIX applicano il METODO81+; 8) SOTTOVALUTIX causa il pericolo 'Formazione base' (Formazione Generale Lavoratori); poi SCUDIX+SICURIX applicano il METODO81+; 9) HACKIX causa il pericolo 'Formazione' (Formazione GDPR); poi BLINKIX+SICURIX applicano il METODO81+; 10) MULTIX causa il pericolo 'Temperature' (Controllo Temperature e Celle); poi FORMIX+SICURIX applicano il METODO81+; 11) MULTIX causa il pericolo 'Infestanti' (Lotta agli Infestanti (Pest Control)); poi LUXPECTORIX+SICURIX applicano il METODO81+. PALETTE BRAND ESCLUSIVA: nero #05050A, bianco panna, arancione #FF6A1A/#E8501A; ROSSO solo per 'PERICOLO', VERDE per la checklist 'Metodo 81+'. Logo '81+' ben visibile in OGNI vignetta. REGOLA STORIA: SICURIX NON agisce mai da solo - in OGNI vignetta di soluzione si fa AIUTARE dai suoi colleghi EROI (lavoro di squadra, ognuno col suo ruolo). TESTO: didascalie e fumetti MOLTO BREVI (1-4 parole), GRANDI, centrati, in ITALIANO con ORTOGRAFIA PERFETTA, senza parole inventate, lettere doppie errate o testo tagliato. CATTIVI (coerenti col canone): OBLIVIX, TEMPORIX, CANCELIX, FRETTIX, RUMORIX, VIBRIX, MESCOLIX, SOTTOVALUTIX, HACKIX, MULTIX. EROI: LUXPECTORIX, CONSENSIX, PREPOSTIX, FORMIX, DOCUMIX, SCUDIX, BLINKIX. NEGATIVE: nessun marchio LEGO reale, nessun personaggio protetto (Asterix ecc.), niente gore/horror, niente claim assoluti ('rischio zero','garantito','zero multe').",Quello che l'ispettore controlla per primo in Agricoltura (e quasi nessuno lo sa),"In Agricoltura non e' 'se' arriva il controllo, e' 'quando'. Sei pronto?

In agricoltura gli adempimenti obbligatori non aspettano: Rifiuti, Rintracciabilita, Data breach, Formazione, Rumore, Ruolo/RSPP, Allergeni, Formazione base, Temperature, Infestanti. In questa pagina TALES OF SICURIX il PERICOLO prende forma... e il METODO81+ lo rimette in ordine, passo dopo passo. Immagina la scena: prima il caos, poi la checklist che sistema tutto. Mettere ordine ora costa poco. Rimediare dopo costa caro.
👉 Iscriviti al corso: Formazione integrativa lavoratore 4 ore – gestione e smaltimento rifiuti -> https://81plus.net/?corso=formazione-integrativa-lavoratore-4-ore-gestione-e-smaltimen
▶️ YouTube: youtube.com/@sicurissimo
Contenuto informativo. Prima vedi. Poi sistemi. 81plus.net",Formazione integrativa lavoratore 4 ore – gestione e smaltimento rifiuti,https://81plus.net/?corso=formazione-integrativa-lavoratore-4-ore-gestione-e-smaltimen,#TalesOfSicurix #SICURIX #Metodo81 #81plus #Sicurissimo #Ambientale #HACCP #Privacy #Sicurezza #SicurezzaSulLavoro,SICURIX_TALES_032209_26_17_25_27_12_5_20_1_24_18_19.webp,https://drive.google.com/drive/folders/1hICKXdl9JTZBL1pemG19oE_661z-EH_k,IMG_ERR
01.14.00,Agricoltura,A,Sicurezza+Privacy+HACCP+Ambientale,10,Uso e Formazione DPI | Procedura Data Breach | Addetto Primo Soccorso | Rintracciabilita ed Etichettatura | Gestione Rifiuti e Registro | Manuale HACCP di Autocontrollo | Corso Alimentarista | Documento Valutazione Rischi (DVR) | Rappresentante Lavoratori Sicurezza (RLS) | Piano di Sanificazione,D.Lgs81/08 art.77 | GDPR art.33-34 | DM 388/2003 | Reg.CE 178/2002 | D.Lgs152/06 | Reg.CE 852/2004 | D.Lgs81/08 art.28 | D.Lgs81/08 art.47,"LUXPECTORIX>SCIVOLIX, BLINKIX>PHISHIX, BLINKIX>MULTIX, SICURIX>TEMPORIX, ROBOTIX81>MULTIX, BLINKIX>MESCOLIX, CIFRIX>CROSSIX, CHEFIX>VIBRIX, SCUDIX>NONDPIX, CHECKIX>SCADUTIX","Crea una PAGINA A FUMETTI a STORIA COMPLETA, verticale A4 (1024x1536), QUALITA' EDITORIALE DA STAMPA, stile ufficiale 'SICURIX TALES' IDENTICO alle immagini di riferimento allegate (stessi personaggi a mattoncini 3D, stessa impaginazione, stessi colori, stesse rese): minifigure espressive, ambientazioni ricche e dettagliate del settore, luci morbide, profondita', bordi vignetta netti. IMPAGINAZIONE OBBLIGATORIA: da 10 a 12 VIGNETTE numerate che raccontano UNA STORIA con arco narrativo completo (1 situazione normale -> 2-4 arrivano i pericoli coi cattivi -> 5-6 tensione/conseguenza -> 7-9 arriva SICURIX con gli eroi e applica il METODO81+ passo per passo -> 10-11 risoluzione ordinata -> 12 finale). HEADER in alto: SICURIX (mantello, medaglione arancione '81+', bussola) che presenta in un fumetto; grande titolo 'SICURIX TALES'; sottotitolo 'AGRICOLTURA: Pericolo vs Soluzione con Metodo 81+'; legenda 3 voci (verde Sicurezza, rosso Rischio, blu 81+ Soluzione); fila di EROI coi nomi: LUXPECTORIX, BLINKIX, SICURIX, ROBOTIX81, CIFRIX, CHEFIX. FOOTER in basso: grande 'Prima vedi. Poi sistemi.'; banner scudo verde 'PROTEGGIAMO. PREVENIAMO. MIGLIORIAMO.' e triangolo rosso 'DISATTENZIONE. RISCHI. COSTI. CAOS.'; logo '81+' + '81plus.net'. TRAMA (usa questi eventi come vignette; se sono meno di 10 aggiungi vignette di contesto, dialogo e reazione per arrivare a 10-12): 1) SCIVOLIX causa il pericolo 'DPI' (Uso e Formazione DPI); poi LUXPECTORIX+SICURIX applicano il METODO81+; 2) PHISHIX causa il pericolo 'Data breach' (Procedura Data Breach); poi BLINKIX+SICURIX applicano il METODO81+; 3) MULTIX causa il pericolo 'Emergenze/Soccorso' (Addetto Primo Soccorso); poi BLINKIX+SICURIX applicano il METODO81+; 4) TEMPORIX causa il pericolo 'Rintracciabilita' (Rintracciabilita ed Etichettatura); poi SICURIX+SICURIX applicano il METODO81+; 5) MULTIX causa il pericolo 'Rifiuti' (Gestione Rifiuti e Registro); poi ROBOTIX81+SICURIX applicano il METODO81+; 6) MESCOLIX causa il pericolo 'Documento' (Manuale HACCP di Autocontrollo); poi BLINKIX+SICURIX applicano il METODO81+; 7) CROSSIX causa il pericolo 'Corso' (Corso Alimentarista); poi CIFRIX+SICURIX applicano il METODO81+; 8) VIBRIX causa il pericolo 'Documento' (Documento Valutazione Rischi (DVR)); poi CHEFIX+SICURIX applicano il METODO81+; 9) NONDPIX causa il pericolo 'Ruolo/RLS' (Rappresentante Lavoratori Sicurezza (RLS)); poi SCUDIX+SICURIX applicano il METODO81+; 10) SCADUTIX causa il pericolo 'Sanificazione' (Piano di Sanificazione); poi CHECKIX+SICURIX applicano il METODO81+. PALETTE BRAND ESCLUSIVA: nero #05050A, bianco panna, arancione #FF6A1A/#E8501A; ROSSO solo per 'PERICOLO', VERDE per la checklist 'Metodo 81+'. Logo '81+' ben visibile in OGNI vignetta. REGOLA STORIA: SICURIX NON agisce mai da solo - in OGNI vignetta di soluzione si fa AIUTARE dai suoi colleghi EROI (lavoro di squadra, ognuno col suo ruolo). TESTO: didascalie e fumetti MOLTO BREVI (1-4 parole), GRANDI, centrati, in ITALIANO con ORTOGRAFIA PERFETTA, senza parole inventate, lettere doppie errate o testo tagliato. CATTIVI (coerenti col canone): SCIVOLIX, PHISHIX, MULTIX, TEMPORIX, MESCOLIX, CROSSIX, VIBRIX, NONDPIX, SCADUTIX. EROI: LUXPECTORIX, BLINKIX, SICURIX, ROBOTIX81, CIFRIX, CHEFIX, SCUDIX, CHECKIX. NEGATIVE: nessun marchio LEGO reale, nessun personaggio protetto (Asterix ecc.), niente gore/horror, niente claim assoluti ('rischio zero','garantito','zero multe').",Quello che l'ispettore controlla per primo in Agricoltura (e quasi nessuno lo sa),"In Agricoltura c'e' un obbligo che in tanti scoprono solo con la sanzione

In agricoltura gli adempimenti obbligatori non aspettano: DPI, Data breach, Emergenze/Soccorso, Rintracciabilita, Rifiuti, Documento, Corso, Ruolo/RLS, Sanificazione. In questa pagina TALES OF SICURIX il PERICOLO prende forma... e il METODO81+ lo rimette in ordine, passo dopo passo. Immagina la scena: prima il caos, poi la checklist che sistema tutto. Non e' burocrazia: e' la tua tranquillita.
👉 Iscriviti al corso: Corso Lavori in Quota e DPI Anticaduta -> https://81plus.net/?corso=corso-lavori-in-quota-e-dpi-anticaduta
▶️ YouTube: youtube.com/@sicurissimo
Contenuto informativo. Prima vedi. Poi sistemi. 81plus.net",Corso Lavori in Quota e DPI Anticaduta,https://81plus.net/?corso=corso-lavori-in-quota-e-dpi-anticaduta,#TalesOfSicurix #SICURIX #Metodo81 #81plus #Sicurissimo #Sicurezza #Privacy #HACCP #Ambientale #SicurezzaSulLavoro,SICURIX_TALES_011400_8_26_6_18_27_15_16_0_4_17.webp,https://drive.google.com/drive/folders/1hICKXdl9JTZBL1pemG19oE_661z-EH_k,IMG_ERR
31.00.34,Manifattura,C,Sicurezza+Privacy+HACCP,12,Formazione Specifica (rischio alto) | Procedura Data Breach | RSPP / Datore di Lavoro RSPP | Lotta agli Infestanti (Pest Control) | Corso Alimentarista | Formazione GDPR | Piano di Sanificazione | Formazione Preposto | Rappresentante Lavoratori Sicurezza (RLS) | Attrezzature e Macchine | Rintracciabilita ed Etichettatura | Nomina Incaricati/Responsabili,Accordo Stato-Regioni | GDPR art.33-34 | D.Lgs81/08 art.34 | Reg.CE 852/2004 | GDPR art.32 | D.Lgs81/08 art.37 | D.Lgs81/08 art.47 | D.Lgs81/08 Tit.III | Reg.CE 178/2002 | GDPR art.28-29,"LUXPECTORIX>CAOSIX, PRIVACIX>PHISHIX, TRACCIX>TAGLIX, ROBOTIX81>IMPROVVISIX, FORMIX>IMPROVVISIX, SCUDIX>MULTIX, PRIVACIX>FRETTIX, SICURIX>POLVERIX, CHEFIX>OBLIVIX, LUXPECTORIX>CADUTIX, CONSENSIX>TEMPORIX, PRIVACIX>LEAKIX","Crea una PAGINA A FUMETTI a STORIA COMPLETA, verticale A4 (1024x1536), QUALITA' EDITORIALE DA STAMPA, stile ufficiale 'SICURIX TALES' IDENTICO alle immagini di riferimento allegate (stessi personaggi a mattoncini 3D, stessa impaginazione, stessi colori, stesse rese): minifigure espressive, ambientazioni ricche e dettagliate del settore, luci morbide, profondita', bordi vignetta netti. IMPAGINAZIONE OBBLIGATORIA: da 10 a 12 VIGNETTE numerate che raccontano UNA STORIA con arco narrativo completo (1 situazione normale -> 2-4 arrivano i pericoli coi cattivi -> 5-6 tensione/conseguenza -> 7-9 arriva SICURIX con gli eroi e applica il METODO81+ passo per passo -> 10-11 risoluzione ordinata -> 12 finale). HEADER in alto: SICURIX (mantello, medaglione arancione '81+', bussola) che presenta in un fumetto; grande titolo 'SICURIX TALES'; sottotitolo 'MANIFATTURA: Pericolo vs Soluzione con Metodo 81+'; legenda 3 voci (verde Sicurezza, rosso Rischio, blu 81+ Soluzione); fila di EROI coi nomi: LUXPECTORIX, PRIVACIX, TRACCIX, ROBOTIX81, FORMIX, SCUDIX. FOOTER in basso: grande 'Prima vedi. Poi sistemi.'; banner scudo verde 'PROTEGGIAMO. PREVENIAMO. MIGLIORIAMO.' e triangolo rosso 'DISATTENZIONE. RISCHI. COSTI. CAOS.'; logo '81+' + '81plus.net'. TRAMA (usa questi eventi come vignette; se sono meno di 10 aggiungi vignette di contesto, dialogo e reazione per arrivare a 10-12): 1) CAOSIX causa il pericolo 'Formazione specifica' (Formazione Specifica (rischio alto)); poi LUXPECTORIX+SICURIX applicano il METODO81+; 2) PHISHIX causa il pericolo 'Data breach' (Procedura Data Breach); poi PRIVACIX+SICURIX applicano il METODO81+; 3) TAGLIX causa il pericolo 'Ruolo/RSPP' (RSPP / Datore di Lavoro RSPP); poi TRACCIX+SICURIX applicano il METODO81+; 4) IMPROVVISIX causa il pericolo 'Infestanti' (Lotta agli Infestanti (Pest Control)); poi ROBOTIX81+SICURIX applicano il METODO81+; 5) IMPROVVISIX causa il pericolo 'Corso' (Corso Alimentarista); poi FORMIX+SICURIX applicano il METODO81+; 6) MULTIX causa il pericolo 'Formazione' (Formazione GDPR); poi SCUDIX+SICURIX applicano il METODO81+; 7) FRETTIX causa il pericolo 'Sanificazione' (Piano di Sanificazione); poi PRIVACIX+SICURIX applicano il METODO81+; 8) POLVERIX causa il pericolo 'Ruolo/Preposto' (Formazione Preposto); poi SICURIX+SICURIX applicano il METODO81+; 9) OBLIVIX causa il pericolo 'Ruolo/RLS' (Rappresentante Lavoratori Sicurezza (RLS)); poi CHEFIX+SICURIX applicano il METODO81+; 10) CADUTIX causa il pericolo 'Attrezzature' (Attrezzature e Macchine); poi LUXPECTORIX+SICURIX applicano il METODO81+; 11) TEMPORIX causa il pericolo 'Rintracciabilita' (Rintracciabilita ed Etichettatura); poi CONSENSIX+SICURIX applicano il METODO81+; 12) LEAKIX causa il pericolo 'Nomine' (Nomina Incaricati/Responsabili); poi PRIVACIX+SICURIX applicano il METODO81+. PALETTE BRAND ESCLUSIVA: nero #05050A, bianco panna, arancione #FF6A1A/#E8501A; ROSSO solo per 'PERICOLO', VERDE per la checklist 'Metodo 81+'. Logo '81+' ben visibile in OGNI vignetta. REGOLA STORIA: SICURIX NON agisce mai da solo - in OGNI vignetta di soluzione si fa AIUTARE dai suoi colleghi EROI (lavoro di squadra, ognuno col suo ruolo). TESTO: didascalie e fumetti MOLTO BREVI (1-4 parole), GRANDI, centrati, in ITALIANO con ORTOGRAFIA PERFETTA, senza parole inventate, lettere doppie errate o testo tagliato. CATTIVI (coerenti col canone): CAOSIX, PHISHIX, TAGLIX, IMPROVVISIX, MULTIX, FRETTIX, POLVERIX, OBLIVIX, CADUTIX, TEMPORIX, LEAKIX. EROI: LUXPECTORIX, PRIVACIX, TRACCIX, ROBOTIX81, FORMIX, SCUDIX, SICURIX, CHEFIX, CONSENSIX. NEGATIVE: nessun marchio LEGO reale, nessun personaggio protetto (Asterix ecc.), niente gore/horror, niente claim assoluti ('rischio zero','garantito','zero multe').",Manifattura: 3 minuti oggi o un problema enorme domani. Scegli tu.,"Manifattura: 3 minuti oggi o un problema enorme domani. Scegli tu.

In manifattura gli adempimenti obbligatori non aspettano: Formazione specifica, Data breach, Ruolo/RSPP, Infestanti, Corso, Formazione, Sanificazione, Ruolo/Preposto, Ruolo/RLS, Attrezzature, Rintracciabilita, Nomine. In questa pagina TALES OF SICURIX il PERICOLO prende forma... e il METODO81+ lo rimette in ordine, passo dopo passo. Immagina la scena: prima il caos, poi la checklist che sistema tutto. Non e' burocrazia: e' la tua tranquillita.
👉 Iscriviti al corso: Corso lavoratore parte GENERALE 4 ore -> https://81plus.net/?corso=corso-lavoratore-parte-generale-4-ore
▶️ YouTube: youtube.com/@sicurissimo
Contenuto informativo. Prima vedi. Poi sistemi. 81plus.net",Corso lavoratore parte GENERALE 4 ore,https://81plus.net/?corso=corso-lavoratore-parte-generale-4-ore,#TalesOfSicurix #SICURIX #Metodo81 #81plus #Sicurissimo #Sicurezza #Privacy #HACCP #SicurezzaSulLavoro,SICURIX_TALES_310034_2_25_5_19_15_24_16_3_4_13_17_23.webp,https://drive.google.com/drive/folders/1hICKXdl9JTZBL1pemG19oE_661z-EH_k,IMG_ERR
43.91.00,Costruzioni,F,Sicurezza+Privacy,10,Formazione Preposto | Movimentazione Manuale Carichi | Formazione GDPR | Formazione Generale Lavoratori | Informativa e Consensi | Addetto Antincendio | Uso e Formazione DPI | Procedura Data Breach | RSPP / Datore di Lavoro RSPP | Rischio Rumore,D.Lgs81/08 art.37 | D.Lgs81/08 Tit.VI | GDPR art.32 | Accordo Stato-Regioni | GDPR art.13 | DM 2/9/2021 | D.Lgs81/08 art.77 | GDPR art.33-34 | D.Lgs81/08 art.34 | D.Lgs81/08 Tit.VIII,"PREPOSTIX>VOLTIX, HYGIENIX>BIOXIX, TRACCIX>CAOSIX, LUXPECTORIX>SCHIACCIX, TRACCIX>HACKIX, BLINKIX>VIBRIX, SICURIX>VOLTIX, HYGIENIX>LEAKIX, ROBOTIX81>RUMORIX, LUXPECTORIX>SOTTOVALUTIX","Crea una PAGINA A FUMETTI a STORIA COMPLETA, verticale A4 (1024x1536), QUALITA' EDITORIALE DA STAMPA, stile ufficiale 'SICURIX TALES' IDENTICO alle immagini di riferimento allegate (stessi personaggi a mattoncini 3D, stessa impaginazione, stessi colori, stesse rese): minifigure espressive, ambientazioni ricche e dettagliate del settore, luci morbide, profondita', bordi vignetta netti. IMPAGINAZIONE OBBLIGATORIA: da 10 a 12 VIGNETTE numerate che raccontano UNA STORIA con arco narrativo completo (1 situazione normale -> 2-4 arrivano i pericoli coi cattivi -> 5-6 tensione/conseguenza -> 7-9 arriva SICURIX con gli eroi e applica il METODO81+ passo per passo -> 10-11 risoluzione ordinata -> 12 finale). HEADER in alto: SICURIX (mantello, medaglione arancione '81+', bussola) che presenta in un fumetto; grande titolo 'SICURIX TALES'; sottotitolo 'COSTRUZIONI: Pericolo vs Soluzione con Metodo 81+'; legenda 3 voci (verde Sicurezza, rosso Rischio, blu 81+ Soluzione); fila di EROI coi nomi: PREPOSTIX, HYGIENIX, TRACCIX, LUXPECTORIX, BLINKIX, SICURIX. FOOTER in basso: grande 'Prima vedi. Poi sistemi.'; banner scudo verde 'PROTEGGIAMO. PREVENIAMO. MIGLIORIAMO.' e triangolo rosso 'DISATTENZIONE. RISCHI. COSTI. CAOS.'; logo '81+' + '81plus.net'. TRAMA (usa questi eventi come vignette; se sono meno di 10 aggiungi vignette di contesto, dialogo e reazione per arrivare a 10-12): 1) VOLTIX causa il pericolo 'Ruolo/Preposto' (Formazione Preposto); poi PREPOSTIX+SICURIX applicano il METODO81+; 2) BIOXIX causa il pericolo 'MMC' (Movimentazione Manuale Carichi); poi HYGIENIX+SICURIX applicano il METODO81+; 3) CAOSIX causa il pericolo 'Formazione' (Formazione GDPR); poi TRACCIX+SICURIX applicano il METODO81+; 4) SCHIACCIX causa il pericolo 'Formazione base' (Formazione Generale Lavoratori); poi LUXPECTORIX+SICURIX applicano il METODO81+; 5) HACKIX causa il pericolo 'Documento' (Informativa e Consensi); poi TRACCIX+SICURIX applicano il METODO81+; 6) VIBRIX causa il pericolo 'Emergenze/Incendio' (Addetto Antincendio); poi BLINKIX+SICURIX applicano il METODO81+; 7) VOLTIX causa il pericolo 'DPI' (Uso e Formazione DPI); poi SICURIX+SICURIX applicano il METODO81+; 8) LEAKIX causa il pericolo 'Data breach' (Procedura Data Breach); poi HYGIENIX+SICURIX applicano il METODO81+; 9) RUMORIX causa il pericolo 'Ruolo/RSPP' (RSPP / Datore di Lavoro RSPP); poi ROBOTIX81+SICURIX applicano il METODO81+; 10) SOTTOVALUTIX causa il pericolo 'Rumore' (Rischio Rumore); poi LUXPECTORIX+SICURIX applicano il METODO81+. PALETTE BRAND ESCLUSIVA: nero #05050A, bianco panna, arancione #FF6A1A/#E8501A; ROSSO solo per 'PERICOLO', VERDE per la checklist 'Metodo 81+'. Logo '81+' ben visibile in OGNI vignetta. REGOLA STORIA: SICURIX NON agisce mai da solo - in OGNI vignetta di soluzione si fa AIUTARE dai suoi colleghi EROI (lavoro di squadra, ognuno col suo ruolo). TESTO: didascalie e fumetti MOLTO BREVI (1-4 parole), GRANDI, centrati, in ITALIANO con ORTOGRAFIA PERFETTA, senza parole inventate, lettere doppie errate o testo tagliato. CATTIVI (coerenti col canone): VOLTIX, BIOXIX, CAOSIX, SCHIACCIX, HACKIX, VIBRIX, LEAKIX, RUMORIX, SOTTOVALUTIX. EROI: PREPOSTIX, HYGIENIX, TRACCIX, LUXPECTORIX, BLINKIX, SICURIX, ROBOTIX81. NEGATIVE: nessun marchio LEGO reale, nessun personaggio protetto (Asterix ecc.), niente gore/horror, niente claim assoluti ('rischio zero','garantito','zero multe').",Quello che l'ispettore controlla per primo in Costruzioni (e quasi nessuno lo sa),"Costruzioni: 3 minuti oggi o un problema enorme domani. Scegli tu.

In costruzioni gli adempimenti obbligatori non aspettano: Ruolo/Preposto, MMC, Formazione, Formazione base, Documento, Emergenze/Incendio, DPI, Data breach, Ruolo/RSPP, Rumore. In questa pagina TALES OF SICURIX il PERICOLO prende forma... e il METODO81+ lo rimette in ordine, passo dopo passo. Immagina la scena: prima il caos, poi la checklist che sistema tutto. Mettere ordine ora costa poco. Rimediare dopo costa caro.
👉 Iscriviti al corso: Corso per Preposto -> https://81plus.net/?corso=corso-per-preposto
▶️ YouTube: youtube.com/@sicurissimo
Contenuto informativo. Prima vedi. Poi sistemi. 81plus.net",Corso per Preposto,https://81plus.net/?corso=corso-per-preposto,#TalesOfSicurix #SICURIX #Metodo81 #81plus #Sicurissimo #Sicurezza #Privacy #SicurezzaSulLavoro,SICURIX_TALES_439100_3_10_18_1_15_7_8_19_5_12.webp,https://drive.google.com/drive/folders/1hICKXdl9JTZBL1pemG19oE_661z-EH_k,IMG_ERR
84.13.50,Istruzione,P,Privacy+Sicurezza,11,Registro dei Trattamenti | Addetto Primo Soccorso | Sorveglianza Sanitaria / Medico Competente | Movimentazione Manuale Carichi | Formazione Generale Lavoratori | Procedura Data Breach | Nomina Incaricati/Responsabili | Valutazione d'Impatto (DPIA) | Stress Lavoro-Correlato | Uso e Formazione DPI | Formazione Preposto,GDPR art.30 | DM 388/2003 | D.Lgs81/08 art.41 | D.Lgs81/08 Tit.VI | Accordo Stato-Regioni | GDPR art.33-34 | GDPR art.28-29 | GDPR art.35 | D.Lgs81/08 art.28 | D.Lgs81/08 art.77 | D.Lgs81/08 art.37,"SCUDIX>FRETTIX, CHEFIX>POLVERIX, TRACCIX>CAOSIX, TRACCIX>VIBRIX, DOCUMIX>SCHIACCIX, CHECKIX>PHISHIX, PRIVACIX>IMPROVVISIX, CIFRIX>IMPROVVISIX, SICURIX>OBLIVIX, HYGIENIX>VIBRIX, SICURIX>FRETTIX","Crea una PAGINA A FUMETTI a STORIA COMPLETA, verticale A4 (1024x1536), QUALITA' EDITORIALE DA STAMPA, stile ufficiale 'SICURIX TALES' IDENTICO alle immagini di riferimento allegate (stessi personaggi a mattoncini 3D, stessa impaginazione, stessi colori, stesse rese): minifigure espressive, ambientazioni ricche e dettagliate del settore, luci morbide, profondita', bordi vignetta netti. IMPAGINAZIONE OBBLIGATORIA: da 10 a 12 VIGNETTE numerate che raccontano UNA STORIA con arco narrativo completo (1 situazione normale -> 2-4 arrivano i pericoli coi cattivi -> 5-6 tensione/conseguenza -> 7-9 arriva SICURIX con gli eroi e applica il METODO81+ passo per passo -> 10-11 risoluzione ordinata -> 12 finale). HEADER in alto: SICURIX (mantello, medaglione arancione '81+', bussola) che presenta in un fumetto; grande titolo 'SICURIX TALES'; sottotitolo 'ISTRUZIONE: Pericolo vs Soluzione con Metodo 81+'; legenda 3 voci (verde Sicurezza, rosso Rischio, blu 81+ Soluzione); fila di EROI coi nomi: SCUDIX, CHEFIX, TRACCIX, DOCUMIX, CHECKIX, PRIVACIX. FOOTER in basso: grande 'Prima vedi. Poi sistemi.'; banner scudo verde 'PROTEGGIAMO. PREVENIAMO. MIGLIORIAMO.' e triangolo rosso 'DISATTENZIONE. RISCHI. COSTI. CAOS.'; logo '81+' + '81plus.net'. TRAMA (usa questi eventi come vignette; se sono meno di 10 aggiungi vignette di contesto, dialogo e reazione per arrivare a 10-12): 1) FRETTIX causa il pericolo 'Registro' (Registro dei Trattamenti); poi SCUDIX+SICURIX applicano il METODO81+; 2) POLVERIX causa il pericolo 'Emergenze/Soccorso' (Addetto Primo Soccorso); poi CHEFIX+SICURIX applicano il METODO81+; 3) CAOSIX causa il pericolo 'Sorveglianza sanitaria' (Sorveglianza Sanitaria / Medico Competente); poi TRACCIX+SICURIX applicano il METODO81+; 4) VIBRIX causa il pericolo 'MMC' (Movimentazione Manuale Carichi); poi TRACCIX+SICURIX applicano il METODO81+; 5) SCHIACCIX causa il pericolo 'Formazione base' (Formazione Generale Lavoratori); poi DOCUMIX+SICURIX applicano il METODO81+; 6) PHISHIX causa il pericolo 'Data breach' (Procedura Data Breach); poi CHECKIX+SICURIX applicano il METODO81+; 7) IMPROVVISIX causa il pericolo 'Nomine' (Nomina Incaricati/Responsabili); poi PRIVACIX+SICURIX applicano il METODO81+; 8) IMPROVVISIX causa il pericolo 'DPIA' (Valutazione d'Impatto (DPIA)); poi CIFRIX+SICURIX applicano il METODO81+; 9) OBLIVIX causa il pericolo 'Stress' (Stress Lavoro-Correlato); poi SICURIX+SICURIX applicano il METODO81+; 10) VIBRIX causa il pericolo 'DPI' (Uso e Formazione DPI); poi HYGIENIX+SICURIX applicano il METODO81+; 11) FRETTIX causa il pericolo 'Ruolo/Preposto' (Formazione Preposto); poi SICURIX+SICURIX applicano il METODO81+. PALETTE BRAND ESCLUSIVA: nero #05050A, bianco panna, arancione #FF6A1A/#E8501A; ROSSO solo per 'PERICOLO', VERDE per la checklist 'Metodo 81+'. Logo '81+' ben visibile in OGNI vignetta. REGOLA STORIA: SICURIX NON agisce mai da solo - in OGNI vignetta di soluzione si fa AIUTARE dai suoi colleghi EROI (lavoro di squadra, ognuno col suo ruolo). TESTO: didascalie e fumetti MOLTO BREVI (1-4 parole), GRANDI, centrati, in ITALIANO con ORTOGRAFIA PERFETTA, senza parole inventate, lettere doppie errate o testo tagliato. CATTIVI (coerenti col canone): FRETTIX, POLVERIX, CAOSIX, VIBRIX, SCHIACCIX, PHISHIX, IMPROVVISIX, OBLIVIX. EROI: SCUDIX, CHEFIX, TRACCIX, DOCUMIX, CHECKIX, PRIVACIX, CIFRIX, SICURIX, HYGIENIX. NEGATIVE: nessun marchio LEGO reale, nessun personaggio protetto (Asterix ecc.), niente gore/horror, niente claim assoluti ('rischio zero','garantito','zero multe').",Quello che l'ispettore controlla per primo in Istruzione (e quasi nessuno lo sa),"La differenza tra chi in Istruzione dorme sereno e chi trema al controllo

In istruzione gli adempimenti obbligatori non aspettano: Registro, Emergenze/Soccorso, Sorveglianza sanitaria, MMC, Formazione base, Data breach, Nomine, DPIA, Stress, DPI, Ruolo/Preposto. In questa pagina TALES OF SICURIX il PERICOLO prende forma... e il METODO81+ lo rimette in ordine, passo dopo passo. Immagina la scena: prima il caos, poi la checklist che sistema tutto. Chi si mette in regola prima, dorme meglio dopo.
👉 Iscriviti al corso: Corso privacy destinato ai lavoratori -> https://81plus.net/?corso=corso-privacy-destinato-ai-lavoratori
▶️ YouTube: youtube.com/@sicurissimo
Contenuto informativo. Prima vedi. Poi sistemi. 81plus.net",Corso privacy destinato ai lavoratori,https://81plus.net/?corso=corso-privacy-destinato-ai-lavoratori,#TalesOfSicurix #SICURIX #Metodo81 #81plus #Sicurissimo #Privacy #Sicurezza #SicurezzaSulLavoro,SICURIX_TALES_841350_13_6_9_10_1_16_14_18_11_8_3.webp,https://drive.google.com/drive/folders/1hICKXdl9JTZBL1pemG19oE_661z-EH_k,IMG_ERR
33.13.02,Manifattura,C,Sicurezza+HACCP+Privacy,12,Rappresentante Lavoratori Sicurezza (RLS) | Stress Lavoro-Correlato | Formazione Specifica (rischio alto) | Movimentazione Manuale Carichi | Piano di Sanificazione | Procedura Data Breach | Addetto Primo Soccorso | Sorveglianza Sanitaria / Medico Competente | Gestione Allergeni | Attrezzature e Macchine | Controllo Temperature e Celle | Corso Alimentarista,D.Lgs81/08 art.47 | D.Lgs81/08 art.28 | Accordo Stato-Regioni | D.Lgs81/08 Tit.VI | Reg.CE 852/2004 | GDPR art.33-34 | DM 388/2003 | D.Lgs81/08 art.41 | Reg.UE 1169/2011 | D.Lgs81/08 Tit.III,"TRACCIX>FRETTIX, CONSENSIX>POLVERIX, DOCUMIX>RISKIX, SICURIX>OBLIVIX, ROBOTIX81>CAOSIX, CONSENSIX>PHISHIX, BLINKIX>TAGLIX, LUXPECTORIX>POLVERIX, CONSENSIX>TEMPORIX, ROBOTIX81>TAGLIX, HYGIENIX>MULTIX, PREPOSTIX>CROSSIX","Crea una PAGINA A FUMETTI a STORIA COMPLETA, verticale A4 (1024x1536), QUALITA' EDITORIALE DA STAMPA, stile ufficiale 'SICURIX TALES' IDENTICO alle immagini di riferimento allegate (stessi personaggi a mattoncini 3D, stessa impaginazione, stessi colori, stesse rese): minifigure espressive, ambientazioni ricche e dettagliate del settore, luci morbide, profondita', bordi vignetta netti. IMPAGINAZIONE OBBLIGATORIA: da 10 a 12 VIGNETTE numerate che raccontano UNA STORIA con arco narrativo completo (1 situazione normale -> 2-4 arrivano i pericoli coi cattivi -> 5-6 tensione/conseguenza -> 7-9 arriva SICURIX con gli eroi e applica il METODO81+ passo per passo -> 10-11 risoluzione ordinata -> 12 finale). HEADER in alto: SICURIX (mantello, medaglione arancione '81+', bussola) che presenta in un fumetto; grande titolo 'SICURIX TALES'; sottotitolo 'MANIFATTURA: Pericolo vs Soluzione con Metodo 81+'; legenda 3 voci (verde Sicurezza, rosso Rischio, blu 81+ Soluzione); fila di EROI coi nomi: TRACCIX, CONSENSIX, DOCUMIX, SICURIX, ROBOTIX81, BLINKIX. FOOTER in basso: grande 'Prima vedi. Poi sistemi.'; banner scudo verde 'PROTEGGIAMO. PREVENIAMO. MIGLIORIAMO.' e triangolo rosso 'DISATTENZIONE. RISCHI. COSTI. CAOS.'; logo '81+' + '81plus.net'. TRAMA (usa questi eventi come vignette; se sono meno di 10 aggiungi vignette di contesto, dialogo e reazione per arrivare a 10-12): 1) FRETTIX causa il pericolo 'Ruolo/RLS' (Rappresentante Lavoratori Sicurezza (RLS)); poi TRACCIX+SICURIX applicano il METODO81+; 2) POLVERIX causa il pericolo 'Stress' (Stress Lavoro-Correlato); poi CONSENSIX+SICURIX applicano il METODO81+; 3) RISKIX causa il pericolo 'Formazione specifica' (Formazione Specifica (rischio alto)); poi DOCUMIX+SICURIX applicano il METODO81+; 4) OBLIVIX causa il pericolo 'MMC' (Movimentazione Manuale Carichi); poi SICURIX+SICURIX applicano il METODO81+; 5) CAOSIX causa il pericolo 'Sanificazione' (Piano di Sanificazione); poi ROBOTIX81+SICURIX applicano il METODO81+; 6) PHISHIX causa il pericolo 'Data breach' (Procedura Data Breach); poi CONSENSIX+SICURIX applicano il METODO81+; 7) TAGLIX causa il pericolo 'Emergenze/Soccorso' (Addetto Primo Soccorso); poi BLINKIX+SICURIX applicano il METODO81+; 8) POLVERIX causa il pericolo 'Sorveglianza sanitaria' (Sorveglianza Sanitaria / Medico Competente); poi LUXPECTORIX+SICURIX applicano il METODO81+; 9) TEMPORIX causa il pericolo 'Allergeni' (Gestione Allergeni); poi CONSENSIX+SICURIX applicano il METODO81+; 10) TAGLIX causa il pericolo 'Attrezzature' (Attrezzature e Macchine); poi ROBOTIX81+SICURIX applicano il METODO81+; 11) MULTIX causa il pericolo 'Temperature' (Controllo Temperature e Celle); poi HYGIENIX+SICURIX applicano il METODO81+; 12) CROSSIX causa il pericolo 'Corso' (Corso Alimentarista); poi PREPOSTIX+SICURIX applicano il METODO81+. PALETTE BRAND ESCLUSIVA: nero #05050A, bianco panna, arancione #FF6A1A/#E8501A; ROSSO solo per 'PERICOLO', VERDE per la checklist 'Metodo 81+'. Logo '81+' ben visibile in OGNI vignetta. REGOLA STORIA: SICURIX NON agisce mai da solo - in OGNI vignetta di soluzione si fa AIUTARE dai suoi colleghi EROI (lavoro di squadra, ognuno col suo ruolo). TESTO: didascalie e fumetti MOLTO BREVI (1-4 parole), GRANDI, centrati, in ITALIANO con ORTOGRAFIA PERFETTA, senza parole inventate, lettere doppie errate o testo tagliato. CATTIVI (coerenti col canone): FRETTIX, POLVERIX, RISKIX, OBLIVIX, CAOSIX, PHISHIX, TAGLIX, TEMPORIX, MULTIX, CROSSIX. EROI: TRACCIX, CONSENSIX, DOCUMIX, SICURIX, ROBOTIX81, BLINKIX, LUXPECTORIX, HYGIENIX, PREPOSTIX. NEGATIVE: nessun marchio LEGO reale, nessun personaggio protetto (Asterix ecc.), niente gore/horror, niente claim assoluti ('rischio zero','garantito','zero multe').",Quello che l'ispettore controlla per primo in Manifattura (e quasi nessuno lo sa),"In Manifattura non e' 'se' arriva il controllo, e' 'quando'. Sei pronto?

In manifattura gli adempimenti obbligatori non aspettano: Ruolo/RLS, Stress, Formazione specifica, MMC, Sanificazione, Data breach, Emergenze/Soccorso, Sorveglianza sanitaria, Allergeni, Attrezzature, Temperature, Corso. In questa pagina TALES OF SICURIX il PERICOLO prende forma... e il METODO81+ lo rimette in ordine, passo dopo passo. Immagina la scena: prima il caos, poi la checklist che sistema tutto. Non e' burocrazia: e' la tua tranquillita.
👉 Iscriviti al corso: Corso RLS -> https://81plus.net/?corso=corso-rls
▶️ YouTube: youtube.com/@sicurissimo
Contenuto informativo. Prima vedi. Poi sistemi. 81plus.net",Corso RLS,https://81plus.net/?corso=corso-rls,#TalesOfSicurix #SICURIX #Metodo81 #81plus #Sicurissimo #Sicurezza #HACCP #Privacy #SicurezzaSulLavoro,SICURIX_TALES_331302_4_11_2_10_16_25_6_9_20_13_18_15.webp,https://drive.google.com/drive/folders/1hICKXdl9JTZBL1pemG19oE_661z-EH_k,IMG_ERR
95.31.91,Famiglie datori,T,Sicurezza+Privacy,10,Documento Valutazione Rischi (DVR) | Rappresentante Lavoratori Sicurezza (RLS) | Addetto Antincendio | Formazione Preposto | RSPP / Datore di Lavoro RSPP | Uso e Formazione DPI | Formazione Generale Lavoratori | Informativa e Consensi | Nomina Incaricati/Responsabili | Formazione Specifica (rischio basso),D.Lgs81/08 art.28 | D.Lgs81/08 art.47 | DM 2/9/2021 | D.Lgs81/08 art.37 | D.Lgs81/08 art.34 | D.Lgs81/08 art.77 | Accordo Stato-Regioni | GDPR art.13 | GDPR art.28-29,"CONSENSIX>RUMORIX, BLINKIX>ØTIX, CHEFIX>RISKIX, FORMIX>RUMORIX, ROBOTIX81>NONDPIX, CHECKIX>TAGLIX, CONSENSIX>SCHIACCIX, CHECKIX>OBLIVIX, DOCUMIX>PERMISSIONIX, CONSENSIX>SCIVOLIX","Crea una PAGINA A FUMETTI a STORIA COMPLETA, verticale A4 (1024x1536), QUALITA' EDITORIALE DA STAMPA, stile ufficiale 'SICURIX TALES' IDENTICO alle immagini di riferimento allegate (stessi personaggi a mattoncini 3D, stessa impaginazione, stessi colori, stesse rese): minifigure espressive, ambientazioni ricche e dettagliate del settore, luci morbide, profondita', bordi vignetta netti. IMPAGINAZIONE OBBLIGATORIA: da 10 a 12 VIGNETTE numerate che raccontano UNA STORIA con arco narrativo completo (1 situazione normale -> 2-4 arrivano i pericoli coi cattivi -> 5-6 tensione/conseguenza -> 7-9 arriva SICURIX con gli eroi e applica il METODO81+ passo per passo -> 10-11 risoluzione ordinata -> 12 finale). HEADER in alto: SICURIX (mantello, medaglione arancione '81+', bussola) che presenta in un fumetto; grande titolo 'SICURIX TALES'; sottotitolo 'FAMIGLIE DATORI: Pericolo vs Soluzione con Metodo 81+'; legenda 3 voci (verde Sicurezza, rosso Rischio, blu 81+ Soluzione); fila di EROI coi nomi: CONSENSIX, BLINKIX, CHEFIX, FORMIX, ROBOTIX81, CHECKIX. FOOTER in basso: grande 'Prima vedi. Poi sistemi.'; banner scudo verde 'PROTEGGIAMO. PREVENIAMO. MIGLIORIAMO.' e triangolo rosso 'DISATTENZIONE. RISCHI. COSTI. CAOS.'; logo '81+' + '81plus.net'. TRAMA (usa questi eventi come vignette; se sono meno di 10 aggiungi vignette di contesto, dialogo e reazione per arrivare a 10-12): 1) RUMORIX causa il pericolo 'Documento' (Documento Valutazione Rischi (DVR)); poi CONSENSIX+SICURIX applicano il METODO81+; 2) ØTIX causa il pericolo 'Ruolo/RLS' (Rappresentante Lavoratori Sicurezza (RLS)); poi BLINKIX+SICURIX applicano il METODO81+; 3) RISKIX causa il pericolo 'Emergenze/Incendio' (Addetto Antincendio); poi CHEFIX+SICURIX applicano il METODO81+; 4) RUMORIX causa il pericolo 'Ruolo/Preposto' (Formazione Preposto); poi FORMIX+SICURIX applicano il METODO81+; 5) NONDPIX causa il pericolo 'Ruolo/RSPP' (RSPP / Datore di Lavoro RSPP); poi ROBOTIX81+SICURIX applicano il METODO81+; 6) TAGLIX causa il pericolo 'DPI' (Uso e Formazione DPI); poi CHECKIX+SICURIX applicano il METODO81+; 7) SCHIACCIX causa il pericolo 'Formazione base' (Formazione Generale Lavoratori); poi CONSENSIX+SICURIX applicano il METODO81+; 8) OBLIVIX causa il pericolo 'Documento' (Informativa e Consensi); poi CHECKIX+SICURIX applicano il METODO81+; 9) PERMISSIONIX causa il pericolo 'Nomine' (Nomina Incaricati/Responsabili); poi DOCUMIX+SICURIX applicano il METODO81+; 10) SCIVOLIX causa il pericolo 'Formazione specifica' (Formazione Specifica (rischio basso)); poi CONSENSIX+SICURIX applicano il METODO81+. PALETTE BRAND ESCLUSIVA: nero #05050A, bianco panna, arancione #FF6A1A/#E8501A; ROSSO solo per 'PERICOLO', VERDE per la checklist 'Metodo 81+'. Logo '81+' ben visibile in OGNI vignetta. REGOLA STORIA: SICURIX NON agisce mai da solo - in OGNI vignetta di soluzione si fa AIUTARE dai suoi colleghi EROI (lavoro di squadra, ognuno col suo ruolo). TESTO: didascalie e fumetti MOLTO BREVI (1-4 parole), GRANDI, centrati, in ITALIANO con ORTOGRAFIA PERFETTA, senza parole inventate, lettere doppie errate o testo tagliato. CATTIVI (coerenti col canone): RUMORIX, ØTIX, RISKIX, NONDPIX, TAGLIX, SCHIACCIX, OBLIVIX, PERMISSIONIX, SCIVOLIX. EROI: CONSENSIX, BLINKIX, CHEFIX, FORMIX, ROBOTIX81, CHECKIX, DOCUMIX. NEGATIVE: nessun marchio LEGO reale, nessun personaggio protetto (Asterix ecc.), niente gore/horror, niente claim assoluti ('rischio zero','garantito','zero multe').",La differenza tra chi in Famiglie datori dorme sereno e chi trema al controllo,"In Famiglie datori non e' 'se' arriva il controllo, e' 'quando'. Sei pronto?

In famiglie datori gli adempimenti obbligatori non aspettano: Documento, Ruolo/RLS, Emergenze/Incendio, Ruolo/Preposto, Ruolo/RSPP, DPI, Formazione base, Nomine, Formazione specifica. In questa pagina TALES OF SICURIX il PERICOLO prende forma... e il METODO81+ lo rimette in ordine, passo dopo passo. Immagina la scena: prima il caos, poi la checklist che sistema tutto. La regola c'e' gia': tu falla lavorare per te.
👉 Iscriviti al corso: Corso lavoratore parte GENERALE 4 ore -> https://81plus.net/?corso=corso-lavoratore-parte-generale-4-ore
▶️ YouTube: youtube.com/@sicurissimo
Contenuto informativo. Prima vedi. Poi sistemi. 81plus.net",Corso lavoratore parte GENERALE 4 ore,https://81plus.net/?corso=corso-lavoratore-parte-generale-4-ore,#TalesOfSicurix #SICURIX #Metodo81 #81plus #Sicurissimo #Sicurezza #Privacy #SicurezzaSulLavoro,SICURIX_TALES_953191_0_4_7_3_5_8_1_9_11_2.webp,https://drive.google.com/drive/folders/1hICKXdl9JTZBL1pemG19oE_661z-EH_k,IMG_ERR
32.99.40,Manifattura,C,HACCP+Sicurezza+Privacy+Ambientale,12,Gestione Allergeni | Lotta agli Infestanti (Pest Control) | Corso Alimentarista | Movimentazione Manuale Carichi | Sorveglianza Sanitaria / Medico Competente | Nomina Incaricati/Responsabili | Addetto Primo Soccorso | Rischio Rumore | Formazione Specifica (rischio alto) | Gestione Rifiuti e Registro | Stress Lavoro-Correlato | Informativa e Consensi,Reg.UE 1169/2011 | Reg.CE 852/2004 | D.Lgs81/08 Tit.VI | D.Lgs81/08 art.41 | GDPR art.28-29 | DM 388/2003 | D.Lgs81/08 Tit.VIII | Accordo Stato-Regioni | D.Lgs152/06 | D.Lgs81/08 art.28 | GDPR art.13,"BLINKIX>MULTIX, CONSENSIX>CAOSIX, PRIVACIX>MESCOLIX, ROBOTIX81>BIOXIX, LUXPECTORIX>TAGLIX, CHECKIX>FRETTIX, FORMIX>RISKIX, PREPOSTIX>FUMIX, SCUDIX>RISKIX, CHECKIX>OBLIVIX, HYGIENIX>SEGNALEX, CIFRIX>SPYIX","Crea una PAGINA A FUMETTI a STORIA COMPLETA, verticale A4 (1024x1536), QUALITA' EDITORIALE DA STAMPA, stile ufficiale 'SICURIX TALES' IDENTICO alle immagini di riferimento allegate (stessi personaggi a mattoncini 3D, stessa impaginazione, stessi colori, stesse rese): minifigure espressive, ambientazioni ricche e dettagliate del settore, luci morbide, profondita', bordi vignetta netti. IMPAGINAZIONE OBBLIGATORIA: da 10 a 12 VIGNETTE numerate che raccontano UNA STORIA con arco narrativo completo (1 situazione normale -> 2-4 arrivano i pericoli coi cattivi -> 5-6 tensione/conseguenza -> 7-9 arriva SICURIX con gli eroi e applica il METODO81+ passo per passo -> 10-11 risoluzione ordinata -> 12 finale). HEADER in alto: SICURIX (mantello, medaglione arancione '81+', bussola) che presenta in un fumetto; grande titolo 'SICURIX TALES'; sottotitolo 'MANIFATTURA: Pericolo vs Soluzione con Metodo 81+'; legenda 3 voci (verde Sicurezza, rosso Rischio, blu 81+ Soluzione); fila di EROI coi nomi: BLINKIX, CONSENSIX, PRIVACIX, ROBOTIX81, LUXPECTORIX, CHECKIX. FOOTER in basso: grande 'Prima vedi. Poi sistemi.'; banner scudo verde 'PROTEGGIAMO. PREVENIAMO. MIGLIORIAMO.' e triangolo rosso 'DISATTENZIONE. RISCHI. COSTI. CAOS.'; logo '81+' + '81plus.net'. TRAMA (usa questi eventi come vignette; se sono meno di 10 aggiungi vignette di contesto, dialogo e reazione per arrivare a 10-12): 1) MULTIX causa il pericolo 'Allergeni' (Gestione Allergeni); poi BLINKIX+SICURIX applicano il METODO81+; 2) CAOSIX causa il pericolo 'Infestanti' (Lotta agli Infestanti (Pest Control)); poi CONSENSIX+SICURIX applicano il METODO81+; 3) MESCOLIX causa il pericolo 'Corso' (Corso Alimentarista); poi PRIVACIX+SICURIX applicano il METODO81+; 4) BIOXIX causa il pericolo 'MMC' (Movimentazione Manuale Carichi); poi ROBOTIX81+SICURIX applicano il METODO81+; 5) TAGLIX causa il pericolo 'Sorveglianza sanitaria' (Sorveglianza Sanitaria / Medico Competente); poi LUXPECTORIX+SICURIX applicano il METODO81+; 6) FRETTIX causa il pericolo 'Nomine' (Nomina Incaricati/Responsabili); poi CHECKIX+SICURIX applicano il METODO81+; 7) RISKIX causa il pericolo 'Emergenze/Soccorso' (Addetto Primo Soccorso); poi FORMIX+SICURIX applicano il METODO81+; 8) FUMIX causa il pericolo 'Rumore' (Rischio Rumore); poi PREPOSTIX+SICURIX applicano il METODO81+; 9) RISKIX causa il pericolo 'Formazione specifica' (Formazione Specifica (rischio alto)); poi SCUDIX+SICURIX applicano il METODO81+; 10) OBLIVIX causa il pericolo 'Rifiuti' (Gestione Rifiuti e Registro); poi CHECKIX+SICURIX applicano il METODO81+; 11) SEGNALEX causa il pericolo 'Stress' (Stress Lavoro-Correlato); poi HYGIENIX+SICURIX applicano il METODO81+; 12) SPYIX causa il pericolo 'Documento' (Informativa e Consensi); poi CIFRIX+SICURIX applicano il METODO81+. PALETTE BRAND ESCLUSIVA: nero #05050A, bianco panna, arancione #FF6A1A/#E8501A; ROSSO solo per 'PERICOLO', VERDE per la checklist 'Metodo 81+'. Logo '81+' ben visibile in OGNI vignetta. REGOLA STORIA: SICURIX NON agisce mai da solo - in OGNI vignetta di soluzione si fa AIUTARE dai suoi colleghi EROI (lavoro di squadra, ognuno col suo ruolo). TESTO: didascalie e fumetti MOLTO BREVI (1-4 parole), GRANDI, centrati, in ITALIANO con ORTOGRAFIA PERFETTA, senza parole inventate, lettere doppie errate o testo tagliato. CATTIVI (coerenti col canone): MULTIX, CAOSIX, MESCOLIX, BIOXIX, TAGLIX, FRETTIX, RISKIX, FUMIX, OBLIVIX, SEGNALEX, SPYIX. EROI: BLINKIX, CONSENSIX, PRIVACIX, ROBOTIX81, LUXPECTORIX, CHECKIX, FORMIX, PREPOSTIX, SCUDIX, HYGIENIX, CIFRIX. NEGATIVE: nessun marchio LEGO reale, nessun personaggio protetto (Asterix ecc.), niente gore/horror, niente claim assoluti ('rischio zero','garantito','zero multe').","In Manifattura non e' 'se' arriva il controllo, e' 'quando'. Sei pronto?","Quello che l'ispettore controlla per primo in Manifattura (e quasi nessuno lo sa)

In manifattura gli adempimenti obbligatori non aspettano: Allergeni, Infestanti, Corso, MMC, Sorveglianza sanitaria, Nomine, Emergenze/Soccorso, Rumore, Formazione specifica, Rifiuti, Stress, Documento. In questa pagina TALES OF SICURIX il PERICOLO prende forma... e il METODO81+ lo rimette in ordine, passo dopo passo. Immagina la scena: prima il caos, poi la checklist che sistema tutto. La regola c'e' gia': tu falla lavorare per te.
👉 Iscriviti al corso: Haccp - Corso responsabile industria alimentare -> https://81plus.net/?corso=haccp-corso-responsabile-industria-alimentare
▶️ YouTube: youtube.com/@sicurissimo
Contenuto informativo. Prima vedi. Poi sistemi. 81plus.net",Haccp - Corso responsabile industria alimentare,https://81plus.net/?corso=haccp-corso-responsabile-industria-alimentare,#TalesOfSicurix #SICURIX #Metodo81 #81plus #Sicurissimo #HACCP #Sicurezza #Privacy #Ambientale #SicurezzaSulLavoro,SICURIX_TALES_329940_20_19_15_10_9_23_6_12_2_26_11_21.webp,https://drive.google.com/drive/folders/1hICKXdl9JTZBL1pemG19oE_661z-EH_k,IMG_ERR
63.91.00,Finanza/Assicurazioni,K,Privacy+Sicurezza,11,Informativa e Consensi | Procedura Data Breach | Registro dei Trattamenti | Formazione GDPR | Addetto Antincendio | Nomina Incaricati/Responsabili | Formazione Generale Lavoratori | Formazione Preposto | RSPP / Datore di Lavoro RSPP | Documento Valutazione Rischi (DVR) | Addetto Primo Soccorso,GDPR art.13 | GDPR art.33-34 | GDPR art.30 | GDPR art.32 | DM 2/9/2021 | GDPR art.28-29 | Accordo Stato-Regioni | D.Lgs81/08 art.37 | D.Lgs81/08 art.34 | D.Lgs81/08 art.28 | DM 388/2003,"BLINKIX>CANCELIX, BLINKIX>CANCELIX, CHECKIX>FRETTIX, PRIVACIX>IMPROVVISIX, CHEFIX>NONDPIX, CHECKIX>HACKIX, DOCUMIX>NONDPIX, FORMIX>CAOSIX, CIFRIX>BIOXIX, BLINKIX>SCHIACCIX, CHECKIX>SCHIACCIX","Crea una PAGINA A FUMETTI a STORIA COMPLETA, verticale A4 (1024x1536), QUALITA' EDITORIALE DA STAMPA, stile ufficiale 'SICURIX TALES' IDENTICO alle immagini di riferimento allegate (stessi personaggi a mattoncini 3D, stessa impaginazione, stessi colori, stesse rese): minifigure espressive, ambientazioni ricche e dettagliate del settore, luci morbide, profondita', bordi vignetta netti. IMPAGINAZIONE OBBLIGATORIA: da 10 a 12 VIGNETTE numerate che raccontano UNA STORIA con arco narrativo completo (1 situazione normale -> 2-4 arrivano i pericoli coi cattivi -> 5-6 tensione/conseguenza -> 7-9 arriva SICURIX con gli eroi e applica il METODO81+ passo per passo -> 10-11 risoluzione ordinata -> 12 finale). HEADER in alto: SICURIX (mantello, medaglione arancione '81+', bussola) che presenta in un fumetto; grande titolo 'SICURIX TALES'; sottotitolo 'FINANZA/ASSICURAZIONI: Pericolo vs Soluzione con Metodo 81+'; legenda 3 voci (verde Sicurezza, rosso Rischio, blu 81+ Soluzione); fila di EROI coi nomi: BLINKIX, CHECKIX, PRIVACIX, CHEFIX, DOCUMIX, FORMIX. FOOTER in basso: grande 'Prima vedi. Poi sistemi.'; banner scudo verde 'PROTEGGIAMO. PREVENIAMO. MIGLIORIAMO.' e triangolo rosso 'DISATTENZIONE. RISCHI. COSTI. CAOS.'; logo '81+' + '81plus.net'. TRAMA (usa questi eventi come vignette; se sono meno di 10 aggiungi vignette di contesto, dialogo e reazione per arrivare a 10-12): 1) CANCELIX causa il pericolo 'Documento' (Informativa e Consensi); poi BLINKIX+SICURIX applicano il METODO81+; 2) CANCELIX causa il pericolo 'Data breach' (Procedura Data Breach); poi BLINKIX+SICURIX applicano il METODO81+; 3) FRETTIX causa il pericolo 'Registro' (Registro dei Trattamenti); poi CHECKIX+SICURIX applicano il METODO81+; 4) IMPROVVISIX causa il pericolo 'Formazione' (Formazione GDPR); poi PRIVACIX+SICURIX applicano il METODO81+; 5) NONDPIX causa il pericolo 'Emergenze/Incendio' (Addetto Antincendio); poi CHEFIX+SICURIX applicano il METODO81+; 6) HACKIX causa il pericolo 'Nomine' (Nomina Incaricati/Responsabili); poi CHECKIX+SICURIX applicano il METODO81+; 7) NONDPIX causa il pericolo 'Formazione base' (Formazione Generale Lavoratori); poi DOCUMIX+SICURIX applicano il METODO81+; 8) CAOSIX causa il pericolo 'Ruolo/Preposto' (Formazione Preposto); poi FORMIX+SICURIX applicano il METODO81+; 9) BIOXIX causa il pericolo 'Ruolo/RSPP' (RSPP / Datore di Lavoro RSPP); poi CIFRIX+SICURIX applicano il METODO81+; 10) SCHIACCIX causa il pericolo 'Documento' (Documento Valutazione Rischi (DVR)); poi BLINKIX+SICURIX applicano il METODO81+; 11) SCHIACCIX causa il pericolo 'Emergenze/Soccorso' (Addetto Primo Soccorso); poi CHECKIX+SICURIX applicano il METODO81+. PALETTE BRAND ESCLUSIVA: nero #05050A, bianco panna, arancione #FF6A1A/#E8501A; ROSSO solo per 'PERICOLO', VERDE per la checklist 'Metodo 81+'. Logo '81+' ben visibile in OGNI vignetta. REGOLA STORIA: SICURIX NON agisce mai da solo - in OGNI vignetta di soluzione si fa AIUTARE dai suoi colleghi EROI (lavoro di squadra, ognuno col suo ruolo). TESTO: didascalie e fumetti MOLTO BREVI (1-4 parole), GRANDI, centrati, in ITALIANO con ORTOGRAFIA PERFETTA, senza parole inventate, lettere doppie errate o testo tagliato. CATTIVI (coerenti col canone): CANCELIX, FRETTIX, IMPROVVISIX, NONDPIX, HACKIX, CAOSIX, BIOXIX, SCHIACCIX. EROI: BLINKIX, CHECKIX, PRIVACIX, CHEFIX, DOCUMIX, FORMIX, CIFRIX. NEGATIVE: nessun marchio LEGO reale, nessun personaggio protetto (Asterix ecc.), niente gore/horror, niente claim assoluti ('rischio zero','garantito','zero multe').",Quello che l'ispettore controlla per primo in Finanza/Assicurazioni (e quasi nessuno lo sa),"In Finanza/Assicurazioni non e' 'se' arriva il controllo, e' 'quando'. Sei pronto?

In finanza/assicurazioni gli adempimenti obbligatori non aspettano: Documento, Data breach, Registro, Formazione, Emergenze/Incendio, Nomine, Formazione base, Ruolo/Preposto, Ruolo/RSPP, Emergenze/Soccorso. In questa pagina TALES OF SICURIX il PERICOLO prende forma... e il METODO81+ lo rimette in ordine, passo dopo passo. Immagina la scena: prima il caos, poi la checklist che sistema tutto. Non e' burocrazia: e' la tua tranquillita.
👉 Iscriviti al corso: Corso privacy destinato ai lavoratori -> https://81plus.net/?corso=corso-privacy-destinato-ai-lavoratori
▶️ YouTube: youtube.com/@sicurissimo
Contenuto informativo. Prima vedi. Poi sistemi. 81plus.net",Corso privacy destinato ai lavoratori,https://81plus.net/?corso=corso-privacy-destinato-ai-lavoratori,#TalesOfSicurix #SICURIX #Metodo81 #81plus #Sicurissimo #Privacy #Sicurezza #SicurezzaSulLavoro,SICURIX_TALES_639100_9_13_10_12_7_11_1_3_5_0_6.webp,https://drive.google.com/drive/folders/1hICKXdl9JTZBL1pemG19oE_661z-EH_k,IMG_ERR
20.59.30,Manifattura,C,Sicurezza+Privacy+HACCP,11,Movimentazione Manuale Carichi | Registro dei Trattamenti | Stress Lavoro-Correlato | Corso Alimentarista | Sorveglianza Sanitaria / Medico Competente | Attrezzature e Macchine | Rintracciabilita ed Etichettatura | Formazione Preposto | Gestione Allergeni | Documento Valutazione Rischi (DVR) | Formazione Generale Lavoratori,D.Lgs81/08 Tit.VI | GDPR art.30 | D.Lgs81/08 art.28 | Reg.CE 852/2004 | D.Lgs81/08 art.41 | D.Lgs81/08 Tit.III | Reg.CE 178/2002 | D.Lgs81/08 art.37 | Reg.UE 1169/2011 | Accordo Stato-Regioni,"HYGIENIX>NONDPIX, LUXPECTORIX>HACKIX, SICURIX>SCHIACCIX, SCUDIX>FRETTIX, TRACCIX>SOTTOVALUTIX, CIFRIX>SOTTOVALUTIX, LUXPECTORIX>MESCOLIX, SICURIX>POLVERIX, SCUDIX>ACQUAIX, BLINKIX>POLVERIX, ROBOTIX81>CHIMIKIX","Crea una PAGINA A FUMETTI a STORIA COMPLETA, verticale A4 (1024x1536), QUALITA' EDITORIALE DA STAMPA, stile ufficiale 'SICURIX TALES' IDENTICO alle immagini di riferimento allegate (stessi personaggi a mattoncini 3D, stessa impaginazione, stessi colori, stesse rese): minifigure espressive, ambientazioni ricche e dettagliate del settore, luci morbide, profondita', bordi vignetta netti. IMPAGINAZIONE OBBLIGATORIA: da 10 a 12 VIGNETTE numerate che raccontano UNA STORIA con arco narrativo completo (1 situazione normale -> 2-4 arrivano i pericoli coi cattivi -> 5-6 tensione/conseguenza -> 7-9 arriva SICURIX con gli eroi e applica il METODO81+ passo per passo -> 10-11 risoluzione ordinata -> 12 finale). HEADER in alto: SICURIX (mantello, medaglione arancione '81+', bussola) che presenta in un fumetto; grande titolo 'SICURIX TALES'; sottotitolo 'MANIFATTURA: Pericolo vs Soluzione con Metodo 81+'; legenda 3 voci (verde Sicurezza, rosso Rischio, blu 81+ Soluzione); fila di EROI coi nomi: HYGIENIX, LUXPECTORIX, SICURIX, SCUDIX, TRACCIX, CIFRIX. FOOTER in basso: grande 'Prima vedi. Poi sistemi.'; banner scudo verde 'PROTEGGIAMO. PREVENIAMO. MIGLIORIAMO.' e triangolo rosso 'DISATTENZIONE. RISCHI. COSTI. CAOS.'; logo '81+' + '81plus.net'. TRAMA (usa questi eventi come vignette; se sono meno di 10 aggiungi vignette di contesto, dialogo e reazione per arrivare a 10-12): 1) NONDPIX causa il pericolo 'MMC' (Movimentazione Manuale Carichi); poi HYGIENIX+SICURIX applicano il METODO81+; 2) HACKIX causa il pericolo 'Registro' (Registro dei Trattamenti); poi LUXPECTORIX+SICURIX applicano il METODO81+; 3) SCHIACCIX causa il pericolo 'Stress' (Stress Lavoro-Correlato); poi SICURIX+SICURIX applicano il METODO81+; 4) FRETTIX causa il pericolo 'Corso' (Corso Alimentarista); poi SCUDIX+SICURIX applicano il METODO81+; 5) SOTTOVALUTIX causa il pericolo 'Sorveglianza sanitaria' (Sorveglianza Sanitaria / Medico Competente); poi TRACCIX+SICURIX applicano il METODO81+; 6) SOTTOVALUTIX causa il pericolo 'Attrezzature' (Attrezzature e Macchine); poi CIFRIX+SICURIX applicano il METODO81+; 7) MESCOLIX causa il pericolo 'Rintracciabilita' (Rintracciabilita ed Etichettatura); poi LUXPECTORIX+SICURIX applicano il METODO81+; 8) POLVERIX causa il pericolo 'Ruolo/Preposto' (Formazione Preposto); poi SICURIX+SICURIX applicano il METODO81+; 9) ACQUAIX causa il pericolo 'Allergeni' (Gestione Allergeni); poi SCUDIX+SICURIX applicano il METODO81+; 10) POLVERIX causa il pericolo 'Documento' (Documento Valutazione Rischi (DVR)); poi BLINKIX+SICURIX applicano il METODO81+; 11) CHIMIKIX causa il pericolo 'Formazione base' (Formazione Generale Lavoratori); poi ROBOTIX81+SICURIX applicano il METODO81+. PALETTE BRAND ESCLUSIVA: nero #05050A, bianco panna, arancione #FF6A1A/#E8501A; ROSSO solo per 'PERICOLO', VERDE per la checklist 'Metodo 81+'. Logo '81+' ben visibile in OGNI vignetta. REGOLA STORIA: SICURIX NON agisce mai da solo - in OGNI vignetta di soluzione si fa AIUTARE dai suoi colleghi EROI (lavoro di squadra, ognuno col suo ruolo). TESTO: didascalie e fumetti MOLTO BREVI (1-4 parole), GRANDI, centrati, in ITALIANO con ORTOGRAFIA PERFETTA, senza parole inventate, lettere doppie errate o testo tagliato. CATTIVI (coerenti col canone): NONDPIX, HACKIX, SCHIACCIX, FRETTIX, SOTTOVALUTIX, MESCOLIX, POLVERIX, ACQUAIX, CHIMIKIX. EROI: HYGIENIX, LUXPECTORIX, SICURIX, SCUDIX, TRACCIX, CIFRIX, BLINKIX, ROBOTIX81. NEGATIVE: nessun marchio LEGO reale, nessun personaggio protetto (Asterix ecc.), niente gore/horror, niente claim assoluti ('rischio zero','garantito','zero multe').",La differenza tra chi in Manifattura dorme sereno e chi trema al controllo,"In Manifattura non e' 'se' arriva il controllo, e' 'quando'. Sei pronto?

In manifattura gli adempimenti obbligatori non aspettano: MMC, Registro, Stress, Corso, Sorveglianza sanitaria, Attrezzature, Rintracciabilita, Ruolo/Preposto, Allergeni, Documento, Formazione base. In questa pagina TALES OF SICURIX il PERICOLO prende forma... e il METODO81+ lo rimette in ordine, passo dopo passo. Immagina la scena: prima il caos, poi la checklist che sistema tutto. Chi si mette in regola prima, dorme meglio dopo.
👉 Iscriviti al corso: Corso RSPP Datore di Lavoro : Movimentazione manuale carichi -> https://81plus.net/?corso=corso-rspp-datore-di-lavoro-movimentazione-manuale-carichi
▶️ YouTube: youtube.com/@sicurissimo
Contenuto informativo. Prima vedi. Poi sistemi. 81plus.net",Corso RSPP Datore di Lavoro : Movimentazione manuale carichi,https://81plus.net/?corso=corso-rspp-datore-di-lavoro-movimentazione-manuale-carichi,#TalesOfSicurix #SICURIX #Metodo81 #81plus #Sicurissimo #Sicurezza #Privacy #HACCP #SicurezzaSulLavoro,SICURIX_TALES_205930_10_22_11_15_9_13_17_3_20_0_1.webp,https://drive.google.com/drive/folders/1hICKXdl9JTZBL1pemG19oE_661z-EH_k,IMG_ERR
19.20.90,Manifattura,C,Sicurezza+Ambientale+HACCP+Privacy,12,Rappresentante Lavoratori Sicurezza (RLS) | Addetto Antincendio | Documento Valutazione Rischi (DVR) | Gestione Rifiuti e Registro | Formazione Preposto | Corso Alimentarista | Rischio Chimico | Formazione Ambientale | Controllo Temperature e Celle | Formazione GDPR | Formazione Specifica (rischio alto) | Formazione Generale Lavoratori,D.Lgs81/08 art.47 | DM 2/9/2021 | D.Lgs81/08 art.28 | D.Lgs152/06 | D.Lgs81/08 art.37 | Reg.CE 852/2004 | D.Lgs81/08 Tit.IX | GDPR art.32 | Accordo Stato-Regioni,"PREPOSTIX>FUMIX, HYGIENIX>SCHIACCIX, TRACCIX>NONDPIX, TRACCIX>RISKIX, PREPOSTIX>FRETTIX, TRACCIX>MESCOLIX, SCUDIX>VOLTIX, DOCUMIX>MULTIX, BLINKIX>SCADUTIX, DOCUMIX>MULTIX, TRACCIX>SOTTOVALUTIX, CONSENSIX>OBLIVIX","Crea una PAGINA A FUMETTI a STORIA COMPLETA, verticale A4 (1024x1536), QUALITA' EDITORIALE DA STAMPA, stile ufficiale 'SICURIX TALES' IDENTICO alle immagini di riferimento allegate (stessi personaggi a mattoncini 3D, stessa impaginazione, stessi colori, stesse rese): minifigure espressive, ambientazioni ricche e dettagliate del settore, luci morbide, profondita', bordi vignetta netti. IMPAGINAZIONE OBBLIGATORIA: da 10 a 12 VIGNETTE numerate che raccontano UNA STORIA con arco narrativo completo (1 situazione normale -> 2-4 arrivano i pericoli coi cattivi -> 5-6 tensione/conseguenza -> 7-9 arriva SICURIX con gli eroi e applica il METODO81+ passo per passo -> 10-11 risoluzione ordinata -> 12 finale). HEADER in alto: SICURIX (mantello, medaglione arancione '81+', bussola) che presenta in un fumetto; grande titolo 'SICURIX TALES'; sottotitolo 'MANIFATTURA: Pericolo vs Soluzione con Metodo 81+'; legenda 3 voci (verde Sicurezza, rosso Rischio, blu 81+ Soluzione); fila di EROI coi nomi: PREPOSTIX, HYGIENIX, TRACCIX, SCUDIX, DOCUMIX, BLINKIX. FOOTER in basso: grande 'Prima vedi. Poi sistemi.'; banner scudo verde 'PROTEGGIAMO. PREVENIAMO. MIGLIORIAMO.' e triangolo rosso 'DISATTENZIONE. RISCHI. COSTI. CAOS.'; logo '81+' + '81plus.net'. TRAMA (usa questi eventi come vignette; se sono meno di 10 aggiungi vignette di contesto, dialogo e reazione per arrivare a 10-12): 1) FUMIX causa il pericolo 'Ruolo/RLS' (Rappresentante Lavoratori Sicurezza (RLS)); poi PREPOSTIX+SICURIX applicano il METODO81+; 2) SCHIACCIX causa il pericolo 'Emergenze/Incendio' (Addetto Antincendio); poi HYGIENIX+SICURIX applicano il METODO81+; 3) NONDPIX causa il pericolo 'Documento' (Documento Valutazione Rischi (DVR)); poi TRACCIX+SICURIX applicano il METODO81+; 4) RISKIX causa il pericolo 'Rifiuti' (Gestione Rifiuti e Registro); poi TRACCIX+SICURIX applicano il METODO81+; 5) FRETTIX causa il pericolo 'Ruolo/Preposto' (Formazione Preposto); poi PREPOSTIX+SICURIX applicano il METODO81+; 6) MESCOLIX causa il pericolo 'Corso' (Corso Alimentarista); poi TRACCIX+SICURIX applicano il METODO81+; 7) VOLTIX causa il pericolo 'Rischio chimico' (Rischio Chimico); poi SCUDIX+SICURIX applicano il METODO81+; 8) MULTIX causa il pericolo 'Formazione' (Formazione Ambientale); poi DOCUMIX+SICURIX applicano il METODO81+; 9) SCADUTIX causa il pericolo 'Temperature' (Controllo Temperature e Celle); poi BLINKIX+SICURIX applicano il METODO81+; 10) MULTIX causa il pericolo 'Formazione' (Formazione GDPR); poi DOCUMIX+SICURIX applicano il METODO81+; 11) SOTTOVALUTIX causa il pericolo 'Formazione specifica' (Formazione Specifica (rischio alto)); poi TRACCIX+SICURIX applicano il METODO81+; 12) OBLIVIX causa il pericolo 'Formazione base' (Formazione Generale Lavoratori); poi CONSENSIX+SICURIX applicano il METODO81+. PALETTE BRAND ESCLUSIVA: nero #05050A, bianco panna, arancione #FF6A1A/#E8501A; ROSSO solo per 'PERICOLO', VERDE per la checklist 'Metodo 81+'. Logo '81+' ben visibile in OGNI vignetta. REGOLA STORIA: SICURIX NON agisce mai da solo - in OGNI vignetta di soluzione si fa AIUTARE dai suoi colleghi EROI (lavoro di squadra, ognuno col suo ruolo). TESTO: didascalie e fumetti MOLTO BREVI (1-4 parole), GRANDI, centrati, in ITALIANO con ORTOGRAFIA PERFETTA, senza parole inventate, lettere doppie errate o testo tagliato. CATTIVI (coerenti col canone): FUMIX, SCHIACCIX, NONDPIX, RISKIX, FRETTIX, MESCOLIX, VOLTIX, MULTIX, SCADUTIX, SOTTOVALUTIX, OBLIVIX. EROI: PREPOSTIX, HYGIENIX, TRACCIX, SCUDIX, DOCUMIX, BLINKIX, CONSENSIX. NEGATIVE: nessun marchio LEGO reale, nessun personaggio protetto (Asterix ecc.), niente gore/horror, niente claim assoluti ('rischio zero','garantito','zero multe').",Manifattura: 3 minuti oggi o un problema enorme domani. Scegli tu.,"In Manifattura c'e' un obbligo che in tanti scoprono solo con la sanzione

In manifattura gli adempimenti obbligatori non aspettano: Ruolo/RLS, Emergenze/Incendio, Documento, Rifiuti, Ruolo/Preposto, Corso, Rischio chimico, Formazione, Temperature, Formazione specifica, Formazione base. In questa pagina TALES OF SICURIX il PERICOLO prende forma... e il METODO81+ lo rimette in ordine, passo dopo passo. Immagina la scena: prima il caos, poi la checklist che sistema tutto. Chi si mette in regola prima, dorme meglio dopo.
👉 Iscriviti al corso: Corso RLS -> https://81plus.net/?corso=corso-rls
▶️ YouTube: youtube.com/@sicurissimo
Contenuto informativo. Prima vedi. Poi sistemi. 81plus.net",Corso RLS,https://81plus.net/?corso=corso-rls,#TalesOfSicurix #SICURIX #Metodo81 #81plus #Sicurissimo #Sicurezza #Ambientale #HACCP #Privacy #SicurezzaSulLavoro,SICURIX_TALES_192090_4_7_0_27_3_16_14_28_19_25_2_1.webp,https://drive.google.com/drive/folders/1hICKXdl9JTZBL1pemG19oE_661z-EH_k,IMG_ERR
60.31.00,ICT/Informazione,J,Sicurezza+Privacy,11,Uso e Formazione DPI | Addetto Primo Soccorso | Formazione Generale Lavoratori | Informativa e Consensi | Formazione Specifica (rischio basso) | RSPP / Datore di Lavoro RSPP | Procedura Data Breach | Addetto Antincendio | Registro dei Trattamenti | Nomina Incaricati/Responsabili | Rappresentante Lavoratori Sicurezza (RLS),D.Lgs81/08 art.77 | DM 388/2003 | Accordo Stato-Regioni | GDPR art.13 | D.Lgs81/08 art.34 | GDPR art.33-34 | DM 2/9/2021 | GDPR art.30 | GDPR art.28-29 | D.Lgs81/08 art.47,"DOCUMIX>SOTTOVALUTIX, SCUDIX>SOTTOVALUTIX, HYGIENIX>POLVERIX, CIFRIX>HACKIX, CIFRIX>CAOSIX, DOCUMIX>FUMIX, SICURIX>CAOSIX, SCUDIX>SOTTOVALUTIX, HYGIENIX>HACKIX, SCUDIX>PERMISSIONIX, BLINKIX>SEGNALEX","Crea una PAGINA A FUMETTI a STORIA COMPLETA, verticale A4 (1024x1536), QUALITA' EDITORIALE DA STAMPA, stile ufficiale 'SICURIX TALES' IDENTICO alle immagini di riferimento allegate (stessi personaggi a mattoncini 3D, stessa impaginazione, stessi colori, stesse rese): minifigure espressive, ambientazioni ricche e dettagliate del settore, luci morbide, profondita', bordi vignetta netti. IMPAGINAZIONE OBBLIGATORIA: da 10 a 12 VIGNETTE numerate che raccontano UNA STORIA con arco narrativo completo (1 situazione normale -> 2-4 arrivano i pericoli coi cattivi -> 5-6 tensione/conseguenza -> 7-9 arriva SICURIX con gli eroi e applica il METODO81+ passo per passo -> 10-11 risoluzione ordinata -> 12 finale). HEADER in alto: SICURIX (mantello, medaglione arancione '81+', bussola) che presenta in un fumetto; grande titolo 'SICURIX TALES'; sottotitolo 'ICT/INFORMAZIONE: Pericolo vs Soluzione con Metodo 81+'; legenda 3 voci (verde Sicurezza, rosso Rischio, blu 81+ Soluzione); fila di EROI coi nomi: DOCUMIX, SCUDIX, HYGIENIX, CIFRIX, SICURIX, BLINKIX. FOOTER in basso: grande 'Prima vedi. Poi sistemi.'; banner scudo verde 'PROTEGGIAMO. PREVENIAMO. MIGLIORIAMO.' e triangolo rosso 'DISATTENZIONE. RISCHI. COSTI. CAOS.'; logo '81+' + '81plus.net'. TRAMA (usa questi eventi come vignette; se sono meno di 10 aggiungi vignette di contesto, dialogo e reazione per arrivare a 10-12): 1) SOTTOVALUTIX causa il pericolo 'DPI' (Uso e Formazione DPI); poi DOCUMIX+SICURIX applicano il METODO81+; 2) SOTTOVALUTIX causa il pericolo 'Emergenze/Soccorso' (Addetto Primo Soccorso); poi SCUDIX+SICURIX applicano il METODO81+; 3) POLVERIX causa il pericolo 'Formazione base' (Formazione Generale Lavoratori); poi HYGIENIX+SICURIX applicano il METODO81+; 4) HACKIX causa il pericolo 'Documento' (Informativa e Consensi); poi CIFRIX+SICURIX applicano il METODO81+; 5) CAOSIX causa il pericolo 'Formazione specifica' (Formazione Specifica (rischio basso)); poi CIFRIX+SICURIX applicano il METODO81+; 6) FUMIX causa il pericolo 'Ruolo/RSPP' (RSPP / Datore di Lavoro RSPP); poi DOCUMIX+SICURIX applicano il METODO81+; 7) CAOSIX causa il pericolo 'Data breach' (Procedura Data Breach); poi SICURIX+SICURIX applicano il METODO81+; 8) SOTTOVALUTIX causa il pericolo 'Emergenze/Incendio' (Addetto Antincendio); poi SCUDIX+SICURIX applicano il METODO81+; 9) HACKIX causa il pericolo 'Registro' (Registro dei Trattamenti); poi HYGIENIX+SICURIX applicano il METODO81+; 10) PERMISSIONIX causa il pericolo 'Nomine' (Nomina Incaricati/Responsabili); poi SCUDIX+SICURIX applicano il METODO81+; 11) SEGNALEX causa il pericolo 'Ruolo/RLS' (Rappresentante Lavoratori Sicurezza (RLS)); poi BLINKIX+SICURIX applicano il METODO81+. PALETTE BRAND ESCLUSIVA: nero #05050A, bianco panna, arancione #FF6A1A/#E8501A; ROSSO solo per 'PERICOLO', VERDE per la checklist 'Metodo 81+'. Logo '81+' ben visibile in OGNI vignetta. REGOLA STORIA: SICURIX NON agisce mai da solo - in OGNI vignetta di soluzione si fa AIUTARE dai suoi colleghi EROI (lavoro di squadra, ognuno col suo ruolo). TESTO: didascalie e fumetti MOLTO BREVI (1-4 parole), GRANDI, centrati, in ITALIANO con ORTOGRAFIA PERFETTA, senza parole inventate, lettere doppie errate o testo tagliato. CATTIVI (coerenti col canone): SOTTOVALUTIX, POLVERIX, HACKIX, CAOSIX, FUMIX, PERMISSIONIX, SEGNALEX. EROI: DOCUMIX, SCUDIX, HYGIENIX, CIFRIX, SICURIX, BLINKIX. NEGATIVE: nessun marchio LEGO reale, nessun personaggio protetto (Asterix ecc.), niente gore/horror, niente claim assoluti ('rischio zero','garantito','zero multe').",ICT/Informazione: 3 minuti oggi o un problema enorme domani. Scegli tu.,"In ICT/Informazione non e' 'se' arriva il controllo, e' 'quando'. Sei pronto?

In ict/informazione gli adempimenti obbligatori non aspettano: DPI, Emergenze/Soccorso, Formazione base, Documento, Formazione specifica, Ruolo/RSPP, Data breach, Emergenze/Incendio, Registro, Nomine, Ruolo/RLS. In questa pagina TALES OF SICURIX il PERICOLO prende forma... e il METODO81+ lo rimette in ordine, passo dopo passo. Immagina la scena: prima il caos, poi la checklist che sistema tutto. Non e' burocrazia: e' la tua tranquillita.
👉 Iscriviti al corso: Corso Lavori in Quota e DPI Anticaduta -> https://81plus.net/?corso=corso-lavori-in-quota-e-dpi-anticaduta
▶️ YouTube: youtube.com/@sicurissimo
Contenuto informativo. Prima vedi. Poi sistemi. 81plus.net",Corso Lavori in Quota e DPI Anticaduta,https://81plus.net/?corso=corso-lavori-in-quota-e-dpi-anticaduta,#TalesOfSicurix #SICURIX #Metodo81 #81plus #Sicurissimo #Sicurezza #Privacy #SicurezzaSulLavoro,SICURIX_TALES_603100_8_6_1_9_2_5_13_7_10_11_4.webp,https://drive.google.com/drive/folders/1hICKXdl9JTZBL1pemG19oE_661z-EH_k,IMG_ERR
49.33.20,Trasporti/Magazzino,H,Sicurezza+Privacy,11,Stress Lavoro-Correlato | Uso e Formazione DPI | Formazione Specifica (rischio alto) | Rappresentante Lavoratori Sicurezza (RLS) | Addetto Antincendio | Registro dei Trattamenti | Formazione GDPR | Documento Valutazione Rischi (DVR) | Sorveglianza Sanitaria / Medico Competente | Nomina Incaricati/Responsabili | Addetto Primo Soccorso,D.Lgs81/08 art.28 | D.Lgs81/08 art.77 | Accordo Stato-Regioni | D.Lgs81/08 art.47 | DM 2/9/2021 | GDPR art.30 | GDPR art.32 | D.Lgs81/08 art.41 | GDPR art.28-29 | DM 388/2003,"SCUDIX>SOTTOVALUTIX, LUXPECTORIX>SCIVOLIX, CIFRIX>CADUTIX, CONSENSIX>FUMIX, CIFRIX>TAGLIX, ROBOTIX81>LEAKIX, TRACCIX>MULTIX, FORMIX>SCHIACCIX, CIFRIX>VOLTIX, FORMIX>SPYIX, PRIVACIX>POLVERIX","Crea una PAGINA A FUMETTI a STORIA COMPLETA, verticale A4 (1024x1536), QUALITA' EDITORIALE DA STAMPA, stile ufficiale 'SICURIX TALES' IDENTICO alle immagini di riferimento allegate (stessi personaggi a mattoncini 3D, stessa impaginazione, stessi colori, stesse rese): minifigure espressive, ambientazioni ricche e dettagliate del settore, luci morbide, profondita', bordi vignetta netti. IMPAGINAZIONE OBBLIGATORIA: da 10 a 12 VIGNETTE numerate che raccontano UNA STORIA con arco narrativo completo (1 situazione normale -> 2-4 arrivano i pericoli coi cattivi -> 5-6 tensione/conseguenza -> 7-9 arriva SICURIX con gli eroi e applica il METODO81+ passo per passo -> 10-11 risoluzione ordinata -> 12 finale). HEADER in alto: SICURIX (mantello, medaglione arancione '81+', bussola) che presenta in un fumetto; grande titolo 'SICURIX TALES'; sottotitolo 'TRASPORTI/MAGAZZINO: Pericolo vs Soluzione con Metodo 81+'; legenda 3 voci (verde Sicurezza, rosso Rischio, blu 81+ Soluzione); fila di EROI coi nomi: SCUDIX, LUXPECTORIX, CIFRIX, CONSENSIX, ROBOTIX81, TRACCIX. FOOTER in basso: grande 'Prima vedi. Poi sistemi.'; banner scudo verde 'PROTEGGIAMO. PREVENIAMO. MIGLIORIAMO.' e triangolo rosso 'DISATTENZIONE. RISCHI. COSTI. CAOS.'; logo '81+' + '81plus.net'. TRAMA (usa questi eventi come vignette; se sono meno di 10 aggiungi vignette di contesto, dialogo e reazione per arrivare a 10-12): 1) SOTTOVALUTIX causa il pericolo 'Stress' (Stress Lavoro-Correlato); poi SCUDIX+SICURIX applicano il METODO81+; 2) SCIVOLIX causa il pericolo 'DPI' (Uso e Formazione DPI); poi LUXPECTORIX+SICURIX applicano il METODO81+; 3) CADUTIX causa il pericolo 'Formazione specifica' (Formazione Specifica (rischio alto)); poi CIFRIX+SICURIX applicano il METODO81+; 4) FUMIX causa il pericolo 'Ruolo/RLS' (Rappresentante Lavoratori Sicurezza (RLS)); poi CONSENSIX+SICURIX applicano il METODO81+; 5) TAGLIX causa il pericolo 'Emergenze/Incendio' (Addetto Antincendio); poi CIFRIX+SICURIX applicano il METODO81+; 6) LEAKIX causa il pericolo 'Registro' (Registro dei Trattamenti); poi ROBOTIX81+SICURIX applicano il METODO81+; 7) MULTIX causa il pericolo 'Formazione' (Formazione GDPR); poi TRACCIX+SICURIX applicano il METODO81+; 8) SCHIACCIX causa il pericolo 'Documento' (Documento Valutazione Rischi (DVR)); poi FORMIX+SICURIX applicano il METODO81+; 9) VOLTIX causa il pericolo 'Sorveglianza sanitaria' (Sorveglianza Sanitaria / Medico Competente); poi CIFRIX+SICURIX applicano il METODO81+; 10) SPYIX causa il pericolo 'Nomine' (Nomina Incaricati/Responsabili); poi FORMIX+SICURIX applicano il METODO81+; 11) POLVERIX causa il pericolo 'Emergenze/Soccorso' (Addetto Primo Soccorso); poi PRIVACIX+SICURIX applicano il METODO81+. PALETTE BRAND ESCLUSIVA: nero #05050A, bianco panna, arancione #FF6A1A/#E8501A; ROSSO solo per 'PERICOLO', VERDE per la checklist 'Metodo 81+'. Logo '81+' ben visibile in OGNI vignetta. REGOLA STORIA: SICURIX NON agisce mai da solo - in OGNI vignetta di soluzione si fa AIUTARE dai suoi colleghi EROI (lavoro di squadra, ognuno col suo ruolo). TESTO: didascalie e fumetti MOLTO BREVI (1-4 parole), GRANDI, centrati, in ITALIANO con ORTOGRAFIA PERFETTA, senza parole inventate, lettere doppie errate o testo tagliato. CATTIVI (coerenti col canone): SOTTOVALUTIX, SCIVOLIX, CADUTIX, FUMIX, TAGLIX, LEAKIX, MULTIX, SCHIACCIX, VOLTIX, SPYIX, POLVERIX. EROI: SCUDIX, LUXPECTORIX, CIFRIX, CONSENSIX, ROBOTIX81, TRACCIX, FORMIX, PRIVACIX. NEGATIVE: nessun marchio LEGO reale, nessun personaggio protetto (Asterix ecc.), niente gore/horror, niente claim assoluti ('rischio zero','garantito','zero multe').",In Trasporti/Magazzino c'e' un obbligo che in tanti scoprono solo con la sanzione,"La differenza tra chi in Trasporti/Magazzino dorme sereno e chi trema al controllo

In trasporti/magazzino gli adempimenti obbligatori non aspettano: Stress, DPI, Formazione specifica, Ruolo/RLS, Emergenze/Incendio, Registro, Formazione, Documento, Sorveglianza sanitaria, Nomine, Emergenze/Soccorso. In questa pagina TALES OF SICURIX il PERICOLO prende forma... e il METODO81+ lo rimette in ordine, passo dopo passo. Immagina la scena: prima il caos, poi la checklist che sistema tutto. Chi si mette in regola prima, dorme meglio dopo.
👉 Iscriviti al corso: Rischio stress lavoro correlato -> https://81plus.net/?corso=rischio-stress-lavoro-correlato
▶️ YouTube: youtube.com/@sicurissimo
Contenuto informativo. Prima vedi. Poi sistemi. 81plus.net",Rischio stress lavoro correlato,https://81plus.net/?corso=rischio-stress-lavoro-correlato,#TalesOfSicurix #SICURIX #Metodo81 #81plus #Sicurissimo #Sicurezza #Privacy #SicurezzaSulLavoro,SICURIX_TALES_493320_11_8_2_4_7_16_18_0_9_17_6.webp,https://drive.google.com/drive/folders/1hICKXdl9JTZBL1pemG19oE_661z-EH_k,IMG_ERR
46.16.05,Commercio,G,Privacy+Sicurezza+HACCP,10,Procedura Data Breach | Stress Lavoro-Correlato | Controllo Temperature e Celle | Documento Valutazione Rischi (DVR) | Addetto Primo Soccorso | Registro dei Trattamenti | Formazione Specifica (rischio medio) | Informativa e Consensi | Gestione Allergeni | Formazione Preposto,GDPR art.33-34 | D.Lgs81/08 art.28 | Reg.CE 852/2004 | DM 388/2003 | GDPR art.30 | Accordo Stato-Regioni | GDPR art.13 | Reg.UE 1169/2011 | D.Lgs81/08 art.37,"PRIVACIX>HACKIX, TRACCIX>CADUTIX, CHECKIX>DOSAGIX, BLINKIX>BIOXIX, FORMIX>RISKIX, CHEFIX>HACKIX, DOCUMIX>RUMORIX, PRIVACIX>SPYIX, BLINKIX>MESCOLIX, LUXPECTORIX>CHIMIKIX","Crea una PAGINA A FUMETTI a STORIA COMPLETA, verticale A4 (1024x1536), QUALITA' EDITORIALE DA STAMPA, stile ufficiale 'SICURIX TALES' IDENTICO alle immagini di riferimento allegate (stessi personaggi a mattoncini 3D, stessa impaginazione, stessi colori, stesse rese): minifigure espressive, ambientazioni ricche e dettagliate del settore, luci morbide, profondita', bordi vignetta netti. IMPAGINAZIONE OBBLIGATORIA: da 10 a 12 VIGNETTE numerate che raccontano UNA STORIA con arco narrativo completo (1 situazione normale -> 2-4 arrivano i pericoli coi cattivi -> 5-6 tensione/conseguenza -> 7-9 arriva SICURIX con gli eroi e applica il METODO81+ passo per passo -> 10-11 risoluzione ordinata -> 12 finale). HEADER in alto: SICURIX (mantello, medaglione arancione '81+', bussola) che presenta in un fumetto; grande titolo 'SICURIX TALES'; sottotitolo 'COMMERCIO: Pericolo vs Soluzione con Metodo 81+'; legenda 3 voci (verde Sicurezza, rosso Rischio, blu 81+ Soluzione); fila di EROI coi nomi: PRIVACIX, TRACCIX, CHECKIX, BLINKIX, FORMIX, CHEFIX. FOOTER in basso: grande 'Prima vedi. Poi sistemi.'; banner scudo verde 'PROTEGGIAMO. PREVENIAMO. MIGLIORIAMO.' e triangolo rosso 'DISATTENZIONE. RISCHI. COSTI. CAOS.'; logo '81+' + '81plus.net'. TRAMA (usa questi eventi come vignette; se sono meno di 10 aggiungi vignette di contesto, dialogo e reazione per arrivare a 10-12): 1) HACKIX causa il pericolo 'Data breach' (Procedura Data Breach); poi PRIVACIX+SICURIX applicano il METODO81+; 2) CADUTIX causa il pericolo 'Stress' (Stress Lavoro-Correlato); poi TRACCIX+SICURIX applicano il METODO81+; 3) DOSAGIX causa il pericolo 'Temperature' (Controllo Temperature e Celle); poi CHECKIX+SICURIX applicano il METODO81+; 4) BIOXIX causa il pericolo 'Documento' (Documento Valutazione Rischi (DVR)); poi BLINKIX+SICURIX applicano il METODO81+; 5) RISKIX causa il pericolo 'Emergenze/Soccorso' (Addetto Primo Soccorso); poi FORMIX+SICURIX applicano il METODO81+; 6) HACKIX causa il pericolo 'Registro' (Registro dei Trattamenti); poi CHEFIX+SICURIX applicano il METODO81+; 7) RUMORIX causa il pericolo 'Formazione specifica' (Formazione Specifica (rischio medio)); poi DOCUMIX+SICURIX applicano il METODO81+; 8) SPYIX causa il pericolo 'Documento' (Informativa e Consensi); poi PRIVACIX+SICURIX applicano il METODO81+; 9) MESCOLIX causa il pericolo 'Allergeni' (Gestione Allergeni); poi BLINKIX+SICURIX applicano il METODO81+; 10) CHIMIKIX causa il pericolo 'Ruolo/Preposto' (Formazione Preposto); poi LUXPECTORIX+SICURIX applicano il METODO81+. PALETTE BRAND ESCLUSIVA: nero #05050A, bianco panna, arancione #FF6A1A/#E8501A; ROSSO solo per 'PERICOLO', VERDE per la checklist 'Metodo 81+'. Logo '81+' ben visibile in OGNI vignetta. REGOLA STORIA: SICURIX NON agisce mai da solo - in OGNI vignetta di soluzione si fa AIUTARE dai suoi colleghi EROI (lavoro di squadra, ognuno col suo ruolo). TESTO: didascalie e fumetti MOLTO BREVI (1-4 parole), GRANDI, centrati, in ITALIANO con ORTOGRAFIA PERFETTA, senza parole inventate, lettere doppie errate o testo tagliato. CATTIVI (coerenti col canone): HACKIX, CADUTIX, DOSAGIX, BIOXIX, RISKIX, RUMORIX, SPYIX, MESCOLIX, CHIMIKIX. EROI: PRIVACIX, TRACCIX, CHECKIX, BLINKIX, FORMIX, CHEFIX, DOCUMIX, LUXPECTORIX. NEGATIVE: nessun marchio LEGO reale, nessun personaggio protetto (Asterix ecc.), niente gore/horror, niente claim assoluti ('rischio zero','garantito','zero multe').",Quello che l'ispettore controlla per primo in Commercio (e quasi nessuno lo sa),"La differenza tra chi in Commercio dorme sereno e chi trema al controllo

In commercio gli adempimenti obbligatori non aspettano: Data breach, Stress, Temperature, Documento, Emergenze/Soccorso, Registro, Formazione specifica, Allergeni, Ruolo/Preposto. In questa pagina TALES OF SICURIX il PERICOLO prende forma... e il METODO81+ lo rimette in ordine, passo dopo passo. Immagina la scena: prima il caos, poi la checklist che sistema tutto. Non e' burocrazia: e' la tua tranquillita.
👉 Iscriviti al corso: Corso privacy destinato ai lavoratori -> https://81plus.net/?corso=corso-privacy-destinato-ai-lavoratori
▶️ YouTube: youtube.com/@sicurissimo
Contenuto informativo. Prima vedi. Poi sistemi. 81plus.net",Corso privacy destinato ai lavoratori,https://81plus.net/?corso=corso-privacy-destinato-ai-lavoratori,#TalesOfSicurix #SICURIX #Metodo81 #81plus #Sicurissimo #Privacy #Sicurezza #HACCP #SicurezzaSulLavoro,SICURIX_TALES_461605_23_11_16_0_6_20_2_19_18_3.webp,https://drive.google.com/drive/folders/1hICKXdl9JTZBL1pemG19oE_661z-EH_k,IMG_ERR
47.12.30,Commercio,G,Sicurezza+Privacy+HACCP,10,Stress Lavoro-Correlato | Sorveglianza Sanitaria / Medico Competente | Videosorveglianza a norma | Formazione GDPR | Piano di Sanificazione | Uso e Formazione DPI | Movimentazione Manuale Carichi | Formazione Specifica (rischio medio) | Rintracciabilita ed Etichettatura | Nomina Incaricati/Responsabili,D.Lgs81/08 art.28 | D.Lgs81/08 art.41 | Provv.Garante | GDPR art.32 | Reg.CE 852/2004 | D.Lgs81/08 art.77 | D.Lgs81/08 Tit.VI | Accordo Stato-Regioni | Reg.CE 178/2002 | GDPR art.28-29,"SCUDIX>BIOXIX, BLINKIX>FUMIX, CHECKIX>RISKIX, CHEFIX>OBLIVIX, PRIVACIX>DOSAGIX, CHEFIX>MULTIX, CONSENSIX>RUMORIX, SICURIX>VIBRIX, FORMIX>CAOSIX, CHECKIX>RISKIX","Crea una PAGINA A FUMETTI a STORIA COMPLETA, verticale A4 (1024x1536), QUALITA' EDITORIALE DA STAMPA, stile ufficiale 'SICURIX TALES' IDENTICO alle immagini di riferimento allegate (stessi personaggi a mattoncini 3D, stessa impaginazione, stessi colori, stesse rese): minifigure espressive, ambientazioni ricche e dettagliate del settore, luci morbide, profondita', bordi vignetta netti. IMPAGINAZIONE OBBLIGATORIA: da 10 a 12 VIGNETTE numerate che raccontano UNA STORIA con arco narrativo completo (1 situazione normale -> 2-4 arrivano i pericoli coi cattivi -> 5-6 tensione/conseguenza -> 7-9 arriva SICURIX con gli eroi e applica il METODO81+ passo per passo -> 10-11 risoluzione ordinata -> 12 finale). HEADER in alto: SICURIX (mantello, medaglione arancione '81+', bussola) che presenta in un fumetto; grande titolo 'SICURIX TALES'; sottotitolo 'COMMERCIO: Pericolo vs Soluzione con Metodo 81+'; legenda 3 voci (verde Sicurezza, rosso Rischio, blu 81+ Soluzione); fila di EROI coi nomi: SCUDIX, BLINKIX, CHECKIX, CHEFIX, PRIVACIX, CONSENSIX. FOOTER in basso: grande 'Prima vedi. Poi sistemi.'; banner scudo verde 'PROTEGGIAMO. PREVENIAMO. MIGLIORIAMO.' e triangolo rosso 'DISATTENZIONE. RISCHI. COSTI. CAOS.'; logo '81+' + '81plus.net'. TRAMA (usa questi eventi come vignette; se sono meno di 10 aggiungi vignette di contesto, dialogo e reazione per arrivare a 10-12): 1) BIOXIX causa il pericolo 'Stress' (Stress Lavoro-Correlato); poi SCUDIX+SICURIX applicano il METODO81+; 2) FUMIX causa il pericolo 'Sorveglianza sanitaria' (Sorveglianza Sanitaria / Medico Competente); poi BLINKIX+SICURIX applicano il METODO81+; 3) RISKIX causa il pericolo 'Videosorveglianza' (Videosorveglianza a norma); poi CHECKIX+SICURIX applicano il METODO81+; 4) OBLIVIX causa il pericolo 'Formazione' (Formazione GDPR); poi CHEFIX+SICURIX applicano il METODO81+; 5) DOSAGIX causa il pericolo 'Sanificazione' (Piano di Sanificazione); poi PRIVACIX+SICURIX applicano il METODO81+; 6) MULTIX causa il pericolo 'DPI' (Uso e Formazione DPI); poi CHEFIX+SICURIX applicano il METODO81+; 7) RUMORIX causa il pericolo 'MMC' (Movimentazione Manuale Carichi); poi CONSENSIX+SICURIX applicano il METODO81+; 8) VIBRIX causa il pericolo 'Formazione specifica' (Formazione Specifica (rischio medio)); poi SICURIX+SICURIX applicano il METODO81+; 9) CAOSIX causa il pericolo 'Rintracciabilita' (Rintracciabilita ed Etichettatura); poi FORMIX+SICURIX applicano il METODO81+; 10) RISKIX causa il pericolo 'Nomine' (Nomina Incaricati/Responsabili); poi CHECKIX+SICURIX applicano il METODO81+. PALETTE BRAND ESCLUSIVA: nero #05050A, bianco panna, arancione #FF6A1A/#E8501A; ROSSO solo per 'PERICOLO', VERDE per la checklist 'Metodo 81+'. Logo '81+' ben visibile in OGNI vignetta. REGOLA STORIA: SICURIX NON agisce mai da solo - in OGNI vignetta di soluzione si fa AIUTARE dai suoi colleghi EROI (lavoro di squadra, ognuno col suo ruolo). TESTO: didascalie e fumetti MOLTO BREVI (1-4 parole), GRANDI, centrati, in ITALIANO con ORTOGRAFIA PERFETTA, senza parole inventate, lettere doppie errate o testo tagliato. CATTIVI (coerenti col canone): BIOXIX, FUMIX, RISKIX, OBLIVIX, DOSAGIX, MULTIX, RUMORIX, VIBRIX, CAOSIX. EROI: SCUDIX, BLINKIX, CHECKIX, CHEFIX, PRIVACIX, CONSENSIX, SICURIX, FORMIX. NEGATIVE: nessun marchio LEGO reale, nessun personaggio protetto (Asterix ecc.), niente gore/horror, niente claim assoluti ('rischio zero','garantito','zero multe').",La differenza tra chi in Commercio dorme sereno e chi trema al controllo,"La differenza tra chi in Commercio dorme sereno e chi trema al controllo

In commercio gli adempimenti obbligatori non aspettano: Stress, Sorveglianza sanitaria, Videosorveglianza, Formazione, Sanificazione, DPI, MMC, Formazione specifica, Rintracciabilita, Nomine. In questa pagina TALES OF SICURIX il PERICOLO prende forma... e il METODO81+ lo rimette in ordine, passo dopo passo. Immagina la scena: prima il caos, poi la checklist che sistema tutto. La regola c'e' gia': tu falla lavorare per te.
👉 Iscriviti al corso: Rischio stress lavoro correlato -> https://81plus.net/?corso=rischio-stress-lavoro-correlato
▶️ YouTube: youtube.com/@sicurissimo
Contenuto informativo. Prima vedi. Poi sistemi. 81plus.net",Rischio stress lavoro correlato,https://81plus.net/?corso=rischio-stress-lavoro-correlato,#TalesOfSicurix #SICURIX #Metodo81 #81plus #Sicurissimo #Sicurezza #Privacy #HACCP #SicurezzaSulLavoro,SICURIX_TALES_471230_11_9_24_22_14_8_10_2_15_21.webp,https://drive.google.com/drive/folders/1hICKXdl9JTZBL1pemG19oE_661z-EH_k,IMG_ERR
25.30.10,Manifattura,C,HACCP+Sicurezza+Ambientale+Privacy,12,Rintracciabilita ed Etichettatura | Documento Valutazione Rischi (DVR) | Stress Lavoro-Correlato | Gestione Rifiuti e Registro | Attrezzature e Macchine | Formazione Specifica (rischio alto) | Piano di Sanificazione | Manuale HACCP di Autocontrollo | Addetto Antincendio | Gestione Allergeni | RSPP / Datore di Lavoro RSPP | Registro dei Trattamenti,Reg.CE 178/2002 | D.Lgs81/08 art.28 | D.Lgs152/06 | D.Lgs81/08 Tit.III | Accordo Stato-Regioni | Reg.CE 852/2004 | DM 2/9/2021 | Reg.UE 1169/2011 | D.Lgs81/08 art.34 | GDPR art.30,"BLINKIX>CAOSIX, BLINKIX>SEGNALEX, HYGIENIX>CADUTIX, TRACCIX>RISKIX, CHEFIX>OBLIVIX, CIFRIX>ØTIX, FORMIX>FRETTIX, ROBOTIX81>CROSSIX, CIFRIX>CAOSIX, PRIVACIX>CAOSIX, FORMIX>CADUTIX, CHECKIX>PHISHIX","Crea una PAGINA A FUMETTI a STORIA COMPLETA, verticale A4 (1024x1536), QUALITA' EDITORIALE DA STAMPA, stile ufficiale 'SICURIX TALES' IDENTICO alle immagini di riferimento allegate (stessi personaggi a mattoncini 3D, stessa impaginazione, stessi colori, stesse rese): minifigure espressive, ambientazioni ricche e dettagliate del settore, luci morbide, profondita', bordi vignetta netti. IMPAGINAZIONE OBBLIGATORIA: da 10 a 12 VIGNETTE numerate che raccontano UNA STORIA con arco narrativo completo (1 situazione normale -> 2-4 arrivano i pericoli coi cattivi -> 5-6 tensione/conseguenza -> 7-9 arriva SICURIX con gli eroi e applica il METODO81+ passo per passo -> 10-11 risoluzione ordinata -> 12 finale). HEADER in alto: SICURIX (mantello, medaglione arancione '81+', bussola) che presenta in un fumetto; grande titolo 'SICURIX TALES'; sottotitolo 'MANIFATTURA: Pericolo vs Soluzione con Metodo 81+'; legenda 3 voci (verde Sicurezza, rosso Rischio, blu 81+ Soluzione); fila di EROI coi nomi: BLINKIX, HYGIENIX, TRACCIX, CHEFIX, CIFRIX, FORMIX. FOOTER in basso: grande 'Prima vedi. Poi sistemi.'; banner scudo verde 'PROTEGGIAMO. PREVENIAMO. MIGLIORIAMO.' e triangolo rosso 'DISATTENZIONE. RISCHI. COSTI. CAOS.'; logo '81+' + '81plus.net'. TRAMA (usa questi eventi come vignette; se sono meno di 10 aggiungi vignette di contesto, dialogo e reazione per arrivare a 10-12): 1) CAOSIX causa il pericolo 'Rintracciabilita' (Rintracciabilita ed Etichettatura); poi BLINKIX+SICURIX applicano il METODO81+; 2) SEGNALEX causa il pericolo 'Documento' (Documento Valutazione Rischi (DVR)); poi BLINKIX+SICURIX applicano il METODO81+; 3) CADUTIX causa il pericolo 'Stress' (Stress Lavoro-Correlato); poi HYGIENIX+SICURIX applicano il METODO81+; 4) RISKIX causa il pericolo 'Rifiuti' (Gestione Rifiuti e Registro); poi TRACCIX+SICURIX applicano il METODO81+; 5) OBLIVIX causa il pericolo 'Attrezzature' (Attrezzature e Macchine); poi CHEFIX+SICURIX applicano il METODO81+; 6) ØTIX causa il pericolo 'Formazione specifica' (Formazione Specifica (rischio alto)); poi CIFRIX+SICURIX applicano il METODO81+; 7) FRETTIX causa il pericolo 'Sanificazione' (Piano di Sanificazione); poi FORMIX+SICURIX applicano il METODO81+; 8) CROSSIX causa il pericolo 'Documento' (Manuale HACCP di Autocontrollo); poi ROBOTIX81+SICURIX applicano il METODO81+; 9) CAOSIX causa il pericolo 'Emergenze/Incendio' (Addetto Antincendio); poi CIFRIX+SICURIX applicano il METODO81+; 10) CAOSIX causa il pericolo 'Allergeni' (Gestione Allergeni); poi PRIVACIX+SICURIX applicano il METODO81+; 11) CADUTIX causa il pericolo 'Ruolo/RSPP' (RSPP / Datore di Lavoro RSPP); poi FORMIX+SICURIX applicano il METODO81+; 12) PHISHIX causa il pericolo 'Registro' (Registro dei Trattamenti); poi CHECKIX+SICURIX applicano il METODO81+. PALETTE BRAND ESCLUSIVA: nero #05050A, bianco panna, arancione #FF6A1A/#E8501A; ROSSO solo per 'PERICOLO', VERDE per la checklist 'Metodo 81+'. Logo '81+' ben visibile in OGNI vignetta. REGOLA STORIA: SICURIX NON agisce mai da solo - in OGNI vignetta di soluzione si fa AIUTARE dai suoi colleghi EROI (lavoro di squadra, ognuno col suo ruolo). TESTO: didascalie e fumetti MOLTO BREVI (1-4 parole), GRANDI, centrati, in ITALIANO con ORTOGRAFIA PERFETTA, senza parole inventate, lettere doppie errate o testo tagliato. CATTIVI (coerenti col canone): CAOSIX, SEGNALEX, CADUTIX, RISKIX, OBLIVIX, ØTIX, FRETTIX, CROSSIX, PHISHIX. EROI: BLINKIX, HYGIENIX, TRACCIX, CHEFIX, CIFRIX, FORMIX, ROBOTIX81, PRIVACIX, CHECKIX. NEGATIVE: nessun marchio LEGO reale, nessun personaggio protetto (Asterix ecc.), niente gore/horror, niente claim assoluti ('rischio zero','garantito','zero multe').",In Manifattura c'e' un obbligo che in tanti scoprono solo con la sanzione,"In Manifattura non e' 'se' arriva il controllo, e' 'quando'. Sei pronto?

In manifattura gli adempimenti obbligatori non aspettano: Rintracciabilita, Documento, Stress, Rifiuti, Attrezzature, Formazione specifica, Sanificazione, Emergenze/Incendio, Allergeni, Ruolo/RSPP, Registro. In questa pagina TALES OF SICURIX il PERICOLO prende forma... e il METODO81+ lo rimette in ordine, passo dopo passo. Immagina la scena: prima il caos, poi la checklist che sistema tutto. Non e' burocrazia: e' la tua tranquillita.
👉 Iscriviti al corso: Manuale di rintracciabilità -> https://81plus.net/?corso=manuale-di-rintracciabilit
▶️ YouTube: youtube.com/@sicurissimo
Contenuto informativo. Prima vedi. Poi sistemi. 81plus.net",Manuale di rintracciabilità,https://81plus.net/?corso=manuale-di-rintracciabilit,#TalesOfSicurix #SICURIX #Metodo81 #81plus #Sicurissimo #HACCP #Sicurezza #Ambientale #Privacy #SicurezzaSulLavoro,SICURIX_TALES_253010_17_0_11_26_13_2_16_14_7_20_5_22.webp,https://drive.google.com/drive/folders/1hICKXdl9JTZBL1pemG19oE_661z-EH_k,IMG_ERR
18.14.00,Manifattura,C,Privacy+HACCP+Sicurezza,11,Procedura Data Breach | Gestione Allergeni | Sorveglianza Sanitaria / Medico Competente | Controllo Temperature e Celle | Formazione Specifica (rischio alto) | Informativa e Consensi | Rintracciabilita ed Etichettatura | Corso Alimentarista | Formazione Generale Lavoratori | Formazione GDPR | Documento Valutazione Rischi (DVR),GDPR art.33-34 | Reg.UE 1169/2011 | D.Lgs81/08 art.41 | Reg.CE 852/2004 | Accordo Stato-Regioni | GDPR art.13 | Reg.CE 178/2002 | GDPR art.32 | D.Lgs81/08 art.28,"SICURIX>FRETTIX, BLINKIX>TEMPORIX, ROBOTIX81>ØTIX, SCUDIX>DOSAGIX, TRACCIX>SEGNALEX, CONSENSIX>CANCELIX, ROBOTIX81>TEMPORIX, SCUDIX>MULTIX, CHECKIX>CHIMIKIX, DOCUMIX>PERMISSIONIX, PREPOSTIX>RISKIX","Crea una PAGINA A FUMETTI a STORIA COMPLETA, verticale A4 (1024x1536), QUALITA' EDITORIALE DA STAMPA, stile ufficiale 'SICURIX TALES' IDENTICO alle immagini di riferimento allegate (stessi personaggi a mattoncini 3D, stessa impaginazione, stessi colori, stesse rese): minifigure espressive, ambientazioni ricche e dettagliate del settore, luci morbide, profondita', bordi vignetta netti. IMPAGINAZIONE OBBLIGATORIA: da 10 a 12 VIGNETTE numerate che raccontano UNA STORIA con arco narrativo completo (1 situazione normale -> 2-4 arrivano i pericoli coi cattivi -> 5-6 tensione/conseguenza -> 7-9 arriva SICURIX con gli eroi e applica il METODO81+ passo per passo -> 10-11 risoluzione ordinata -> 12 finale). HEADER in alto: SICURIX (mantello, medaglione arancione '81+', bussola) che presenta in un fumetto; grande titolo 'SICURIX TALES'; sottotitolo 'MANIFATTURA: Pericolo vs Soluzione con Metodo 81+'; legenda 3 voci (verde Sicurezza, rosso Rischio, blu 81+ Soluzione); fila di EROI coi nomi: SICURIX, BLINKIX, ROBOTIX81, SCUDIX, TRACCIX, CONSENSIX. FOOTER in basso: grande 'Prima vedi. Poi sistemi.'; banner scudo verde 'PROTEGGIAMO. PREVENIAMO. MIGLIORIAMO.' e triangolo rosso 'DISATTENZIONE. RISCHI. COSTI. CAOS.'; logo '81+' + '81plus.net'. TRAMA (usa questi eventi come vignette; se sono meno di 10 aggiungi vignette di contesto, dialogo e reazione per arrivare a 10-12): 1) FRETTIX causa il pericolo 'Data breach' (Procedura Data Breach); poi SICURIX+SICURIX applicano il METODO81+; 2) TEMPORIX causa il pericolo 'Allergeni' (Gestione Allergeni); poi BLINKIX+SICURIX applicano il METODO81+; 3) ØTIX causa il pericolo 'Sorveglianza sanitaria' (Sorveglianza Sanitaria / Medico Competente); poi ROBOTIX81+SICURIX applicano il METODO81+; 4) DOSAGIX causa il pericolo 'Temperature' (Controllo Temperature e Celle); poi SCUDIX+SICURIX applicano il METODO81+; 5) SEGNALEX causa il pericolo 'Formazione specifica' (Formazione Specifica (rischio alto)); poi TRACCIX+SICURIX applicano il METODO81+; 6) CANCELIX causa il pericolo 'Documento' (Informativa e Consensi); poi CONSENSIX+SICURIX applicano il METODO81+; 7) TEMPORIX causa il pericolo 'Rintracciabilita' (Rintracciabilita ed Etichettatura); poi ROBOTIX81+SICURIX applicano il METODO81+; 8) MULTIX causa il pericolo 'Corso' (Corso Alimentarista); poi SCUDIX+SICURIX applicano il METODO81+; 9) CHIMIKIX causa il pericolo 'Formazione base' (Formazione Generale Lavoratori); poi CHECKIX+SICURIX applicano il METODO81+; 10) PERMISSIONIX causa il pericolo 'Formazione' (Formazione GDPR); poi DOCUMIX+SICURIX applicano il METODO81+; 11) RISKIX causa il pericolo 'Documento' (Documento Valutazione Rischi (DVR)); poi PREPOSTIX+SICURIX applicano il METODO81+. PALETTE BRAND ESCLUSIVA: nero #05050A, bianco panna, arancione #FF6A1A/#E8501A; ROSSO solo per 'PERICOLO', VERDE per la checklist 'Metodo 81+'. Logo '81+' ben visibile in OGNI vignetta. REGOLA STORIA: SICURIX NON agisce mai da solo - in OGNI vignetta di soluzione si fa AIUTARE dai suoi colleghi EROI (lavoro di squadra, ognuno col suo ruolo). TESTO: didascalie e fumetti MOLTO BREVI (1-4 parole), GRANDI, centrati, in ITALIANO con ORTOGRAFIA PERFETTA, senza parole inventate, lettere doppie errate o testo tagliato. CATTIVI (coerenti col canone): FRETTIX, TEMPORIX, ØTIX, DOSAGIX, SEGNALEX, CANCELIX, MULTIX, CHIMIKIX, PERMISSIONIX, RISKIX. EROI: SICURIX, BLINKIX, ROBOTIX81, SCUDIX, TRACCIX, CONSENSIX, CHECKIX, DOCUMIX, PREPOSTIX. NEGATIVE: nessun marchio LEGO reale, nessun personaggio protetto (Asterix ecc.), niente gore/horror, niente claim assoluti ('rischio zero','garantito','zero multe').",Manifattura: 3 minuti oggi o un problema enorme domani. Scegli tu.,"In Manifattura non e' 'se' arriva il controllo, e' 'quando'. Sei pronto?

In manifattura gli adempimenti obbligatori non aspettano: Data breach, Allergeni, Sorveglianza sanitaria, Temperature, Formazione specifica, Documento, Rintracciabilita, Corso, Formazione base, Formazione. In questa pagina TALES OF SICURIX il PERICOLO prende forma... e il METODO81+ lo rimette in ordine, passo dopo passo. Immagina la scena: prima il caos, poi la checklist che sistema tutto. Chi si mette in regola prima, dorme meglio dopo.
👉 Iscriviti al corso: Corso privacy destinato ai lavoratori -> https://81plus.net/?corso=corso-privacy-destinato-ai-lavoratori
▶️ YouTube: youtube.com/@sicurissimo
Contenuto informativo. Prima vedi. Poi sistemi. 81plus.net",Corso privacy destinato ai lavoratori,https://81plus.net/?corso=corso-privacy-destinato-ai-lavoratori,#TalesOfSicurix #SICURIX #Metodo81 #81plus #Sicurissimo #Privacy #HACCP #Sicurezza #SicurezzaSulLavoro,SICURIX_TALES_181400_25_20_9_18_2_21_17_15_1_24_0.webp,https://drive.google.com/drive/folders/1hICKXdl9JTZBL1pemG19oE_661z-EH_k,IMG_ERR
46.18.99,Commercio,G,Sicurezza+HACCP+Privacy,10,Sorveglianza Sanitaria / Medico Competente | Controllo Temperature e Celle | Piano di Sanificazione | Informativa e Consensi | Uso e Formazione DPI | Documento Valutazione Rischi (DVR) | Rappresentante Lavoratori Sicurezza (RLS) | RSPP / Datore di Lavoro RSPP | Lotta agli Infestanti (Pest Control) | Addetto Antincendio,D.Lgs81/08 art.41 | Reg.CE 852/2004 | GDPR art.13 | D.Lgs81/08 art.77 | D.Lgs81/08 art.28 | D.Lgs81/08 art.47 | D.Lgs81/08 art.34 | DM 2/9/2021,"CHEFIX>SCHIACCIX, PRIVACIX>OBLIVIX, CHEFIX>CAOSIX, DOCUMIX>MULTIX, HYGIENIX>ØTIX, SICURIX>FRETTIX, HYGIENIX>MULTIX, PREPOSTIX>CADUTIX, SICURIX>FRETTIX, ROBOTIX81>MULTIX","Crea una PAGINA A FUMETTI a STORIA COMPLETA, verticale A4 (1024x1536), QUALITA' EDITORIALE DA STAMPA, stile ufficiale 'SICURIX TALES' IDENTICO alle immagini di riferimento allegate (stessi personaggi a mattoncini 3D, stessa impaginazione, stessi colori, stesse rese): minifigure espressive, ambientazioni ricche e dettagliate del settore, luci morbide, profondita', bordi vignetta netti. IMPAGINAZIONE OBBLIGATORIA: da 10 a 12 VIGNETTE numerate che raccontano UNA STORIA con arco narrativo completo (1 situazione normale -> 2-4 arrivano i pericoli coi cattivi -> 5-6 tensione/conseguenza -> 7-9 arriva SICURIX con gli eroi e applica il METODO81+ passo per passo -> 10-11 risoluzione ordinata -> 12 finale). HEADER in alto: SICURIX (mantello, medaglione arancione '81+', bussola) che presenta in un fumetto; grande titolo 'SICURIX TALES'; sottotitolo 'COMMERCIO: Pericolo vs Soluzione con Metodo 81+'; legenda 3 voci (verde Sicurezza, rosso Rischio, blu 81+ Soluzione); fila di EROI coi nomi: CHEFIX, PRIVACIX, DOCUMIX, HYGIENIX, SICURIX, PREPOSTIX. FOOTER in basso: grande 'Prima vedi. Poi sistemi.'; banner scudo verde 'PROTEGGIAMO. PREVENIAMO. MIGLIORIAMO.' e triangolo rosso 'DISATTENZIONE. RISCHI. COSTI. CAOS.'; logo '81+' + '81plus.net'. TRAMA (usa questi eventi come vignette; se sono meno di 10 aggiungi vignette di contesto, dialogo e reazione per arrivare a 10-12): 1) SCHIACCIX causa il pericolo 'Sorveglianza sanitaria' (Sorveglianza Sanitaria / Medico Competente); poi CHEFIX+SICURIX applicano il METODO81+; 2) OBLIVIX causa il pericolo 'Temperature' (Controllo Temperature e Celle); poi PRIVACIX+SICURIX applicano il METODO81+; 3) CAOSIX causa il pericolo 'Sanificazione' (Piano di Sanificazione); poi CHEFIX+SICURIX applicano il METODO81+; 4) MULTIX causa il pericolo 'Documento' (Informativa e Consensi); poi DOCUMIX+SICURIX applicano il METODO81+; 5) ØTIX causa il pericolo 'DPI' (Uso e Formazione DPI); poi HYGIENIX+SICURIX applicano il METODO81+; 6) FRETTIX causa il pericolo 'Documento' (Documento Valutazione Rischi (DVR)); poi SICURIX+SICURIX applicano il METODO81+; 7) MULTIX causa il pericolo 'Ruolo/RLS' (Rappresentante Lavoratori Sicurezza (RLS)); poi HYGIENIX+SICURIX applicano il METODO81+; 8) CADUTIX causa il pericolo 'Ruolo/RSPP' (RSPP / Datore di Lavoro RSPP); poi PREPOSTIX+SICURIX applicano il METODO81+; 9) FRETTIX causa il pericolo 'Infestanti' (Lotta agli Infestanti (Pest Control)); poi SICURIX+SICURIX applicano il METODO81+; 10) MULTIX causa il pericolo 'Emergenze/Incendio' (Addetto Antincendio); poi ROBOTIX81+SICURIX applicano il METODO81+. PALETTE BRAND ESCLUSIVA: nero #05050A, bianco panna, arancione #FF6A1A/#E8501A; ROSSO solo per 'PERICOLO', VERDE per la checklist 'Metodo 81+'. Logo '81+' ben visibile in OGNI vignetta. REGOLA STORIA: SICURIX NON agisce mai da solo - in OGNI vignetta di soluzione si fa AIUTARE dai suoi colleghi EROI (lavoro di squadra, ognuno col suo ruolo). TESTO: didascalie e fumetti MOLTO BREVI (1-4 parole), GRANDI, centrati, in ITALIANO con ORTOGRAFIA PERFETTA, senza parole inventate, lettere doppie errate o testo tagliato. CATTIVI (coerenti col canone): SCHIACCIX, OBLIVIX, CAOSIX, MULTIX, ØTIX, FRETTIX, CADUTIX. EROI: CHEFIX, PRIVACIX, DOCUMIX, HYGIENIX, SICURIX, PREPOSTIX, ROBOTIX81. NEGATIVE: nessun marchio LEGO reale, nessun personaggio protetto (Asterix ecc.), niente gore/horror, niente claim assoluti ('rischio zero','garantito','zero multe').",In Commercio c'e' un obbligo che in tanti scoprono solo con la sanzione,"In Commercio non e' 'se' arriva il controllo, e' 'quando'. Sei pronto?

In commercio gli adempimenti obbligatori non aspettano: Sorveglianza sanitaria, Temperature, Sanificazione, Documento, DPI, Ruolo/RLS, Ruolo/RSPP, Infestanti, Emergenze/Incendio. In questa pagina TALES OF SICURIX il PERICOLO prende forma... e il METODO81+ lo rimette in ordine, passo dopo passo. Immagina la scena: prima il caos, poi la checklist che sistema tutto. Non e' burocrazia: e' la tua tranquillita.
👉 Iscriviti al corso: Corso lavoratore parte GENERALE 4 ore -> https://81plus.net/?corso=corso-lavoratore-parte-generale-4-ore
▶️ YouTube: youtube.com/@sicurissimo
Contenuto informativo. Prima vedi. Poi sistemi. 81plus.net",Corso lavoratore parte GENERALE 4 ore,https://81plus.net/?corso=corso-lavoratore-parte-generale-4-ore,#TalesOfSicurix #SICURIX #Metodo81 #81plus #Sicurissimo #Sicurezza #HACCP #Privacy #SicurezzaSulLavoro,SICURIX_TALES_461899_9_16_14_19_8_0_4_5_17_7.webp,https://drive.google.com/drive/folders/1hICKXdl9JTZBL1pemG19oE_661z-EH_k,IMG_ERR
10.85.01,Manifattura,C,Privacy+HACCP+Sicurezza,10,Procedura Data Breach | Informativa e Consensi | Nomina Incaricati/Responsabili | Lotta agli Infestanti (Pest Control) | Formazione Generale Lavoratori | Movimentazione Manuale Carichi | Manuale HACCP di Autocontrollo | Piano di Sanificazione | Addetto Primo Soccorso | Uso e Formazione DPI,GDPR art.33-34 | GDPR art.13 | GDPR art.28-29 | Reg.CE 852/2004 | Accordo Stato-Regioni | D.Lgs81/08 Tit.VI | DM 388/2003 | D.Lgs81/08 art.77,"ROBOTIX81>IMPROVVISIX, PRIVACIX>HACKIX, BLINKIX>IMPROVVISIX, SICURIX>ACQUAIX, PREPOSTIX>IMPROVVISIX, ROBOTIX81>CHIMIKIX, DOCUMIX>RISKIX, FORMIX>TEMPORIX, LUXPECTORIX>SCIVOLIX, CONSENSIX>RUMORIX","Crea una PAGINA A FUMETTI a STORIA COMPLETA, verticale A4 (1024x1536), QUALITA' EDITORIALE DA STAMPA, stile ufficiale 'SICURIX TALES' IDENTICO alle immagini di riferimento allegate (stessi personaggi a mattoncini 3D, stessa impaginazione, stessi colori, stesse rese): minifigure espressive, ambientazioni ricche e dettagliate del settore, luci morbide, profondita', bordi vignetta netti. IMPAGINAZIONE OBBLIGATORIA: da 10 a 12 VIGNETTE numerate che raccontano UNA STORIA con arco narrativo completo (1 situazione normale -> 2-4 arrivano i pericoli coi cattivi -> 5-6 tensione/conseguenza -> 7-9 arriva SICURIX con gli eroi e applica il METODO81+ passo per passo -> 10-11 risoluzione ordinata -> 12 finale). HEADER in alto: SICURIX (mantello, medaglione arancione '81+', bussola) che presenta in un fumetto; grande titolo 'SICURIX TALES'; sottotitolo 'MANIFATTURA: Pericolo vs Soluzione con Metodo 81+'; legenda 3 voci (verde Sicurezza, rosso Rischio, blu 81+ Soluzione); fila di EROI coi nomi: ROBOTIX81, PRIVACIX, BLINKIX, SICURIX, PREPOSTIX, DOCUMIX. FOOTER in basso: grande 'Prima vedi. Poi sistemi.'; banner scudo verde 'PROTEGGIAMO. PREVENIAMO. MIGLIORIAMO.' e triangolo rosso 'DISATTENZIONE. RISCHI. COSTI. CAOS.'; logo '81+' + '81plus.net'. TRAMA (usa questi eventi come vignette; se sono meno di 10 aggiungi vignette di contesto, dialogo e reazione per arrivare a 10-12): 1) IMPROVVISIX causa il pericolo 'Data breach' (Procedura Data Breach); poi ROBOTIX81+SICURIX applicano il METODO81+; 2) HACKIX causa il pericolo 'Documento' (Informativa e Consensi); poi PRIVACIX+SICURIX applicano il METODO81+; 3) IMPROVVISIX causa il pericolo 'Nomine' (Nomina Incaricati/Responsabili); poi BLINKIX+SICURIX applicano il METODO81+; 4) ACQUAIX causa il pericolo 'Infestanti' (Lotta agli Infestanti (Pest Control)); poi SICURIX+SICURIX applicano il METODO81+; 5) IMPROVVISIX causa il pericolo 'Formazione base' (Formazione Generale Lavoratori); poi PREPOSTIX+SICURIX applicano il METODO81+; 6) CHIMIKIX causa il pericolo 'MMC' (Movimentazione Manuale Carichi); poi ROBOTIX81+SICURIX applicano il METODO81+; 7) RISKIX causa il pericolo 'Documento' (Manuale HACCP di Autocontrollo); poi DOCUMIX+SICURIX applicano il METODO81+; 8) TEMPORIX causa il pericolo 'Sanificazione' (Piano di Sanificazione); poi FORMIX+SICURIX applicano il METODO81+; 9) SCIVOLIX causa il pericolo 'Emergenze/Soccorso' (Addetto Primo Soccorso); poi LUXPECTORIX+SICURIX applicano il METODO81+; 10) RUMORIX causa il pericolo 'DPI' (Uso e Formazione DPI); poi CONSENSIX+SICURIX applicano il METODO81+. PALETTE BRAND ESCLUSIVA: nero #05050A, bianco panna, arancione #FF6A1A/#E8501A; ROSSO solo per 'PERICOLO', VERDE per la checklist 'Metodo 81+'. Logo '81+' ben visibile in OGNI vignetta. REGOLA STORIA: SICURIX NON agisce mai da solo - in OGNI vignetta di soluzione si fa AIUTARE dai suoi colleghi EROI (lavoro di squadra, ognuno col suo ruolo). TESTO: didascalie e fumetti MOLTO BREVI (1-4 parole), GRANDI, centrati, in ITALIANO con ORTOGRAFIA PERFETTA, senza parole inventate, lettere doppie errate o testo tagliato. CATTIVI (coerenti col canone): IMPROVVISIX, HACKIX, ACQUAIX, CHIMIKIX, RISKIX, TEMPORIX, SCIVOLIX, RUMORIX. EROI: ROBOTIX81, PRIVACIX, BLINKIX, SICURIX, PREPOSTIX, DOCUMIX, FORMIX, LUXPECTORIX, CONSENSIX. NEGATIVE: nessun marchio LEGO reale, nessun personaggio protetto (Asterix ecc.), niente gore/horror, niente claim assoluti ('rischio zero','garantito','zero multe').","In Manifattura non e' 'se' arriva il controllo, e' 'quando'. Sei pronto?","Quello che l'ispettore controlla per primo in Manifattura (e quasi nessuno lo sa)

In manifattura gli adempimenti obbligatori non aspettano: Data breach, Documento, Nomine, Infestanti, Formazione base, MMC, Sanificazione, Emergenze/Soccorso, DPI. In questa pagina TALES OF SICURIX il PERICOLO prende forma... e il METODO81+ lo rimette in ordine, passo dopo passo. Immagina la scena: prima il caos, poi la checklist che sistema tutto. Mettere ordine ora costa poco. Rimediare dopo costa caro.
👉 Iscriviti al corso: Corso privacy destinato ai lavoratori -> https://81plus.net/?corso=corso-privacy-destinato-ai-lavoratori
▶️ YouTube: youtube.com/@sicurissimo
Contenuto informativo. Prima vedi. Poi sistemi. 81plus.net",Corso privacy destinato ai lavoratori,https://81plus.net/?corso=corso-privacy-destinato-ai-lavoratori,#TalesOfSicurix #SICURIX #Metodo81 #81plus #Sicurissimo #Privacy #HACCP #Sicurezza #SicurezzaSulLavoro,SICURIX_TALES_108501_26_22_24_20_1_10_15_17_6_8.webp,https://drive.google.com/drive/folders/1hICKXdl9JTZBL1pemG19oE_661z-EH_k,IMG_ERR
28.93.00,Manifattura,C,HACCP+Privacy+Sicurezza+Ambientale,12,Gestione Allergeni | Manuale HACCP di Autocontrollo | Formazione GDPR | Attrezzature e Macchine | Lotta agli Infestanti (Pest Control) | Rappresentante Lavoratori Sicurezza (RLS) | Addetto Primo Soccorso | Nomina Incaricati/Responsabili | Piano di Sanificazione | Informativa e Consensi | Formazione Ambientale | Formazione Generale Lavoratori,Reg.UE 1169/2011 | Reg.CE 852/2004 | GDPR art.32 | D.Lgs81/08 Tit.III | D.Lgs81/08 art.47 | DM 388/2003 | GDPR art.28-29 | GDPR art.13 | D.Lgs152/06 | Accordo Stato-Regioni,"PRIVACIX>TEMPORIX, PREPOSTIX>DOSAGIX, PRIVACIX>SPYIX, DOCUMIX>FRETTIX, PREPOSTIX>MESCOLIX, SICURIX>VOLTIX, BLINKIX>VOLTIX, PREPOSTIX>FRETTIX, PRIVACIX>CAOSIX, SICURIX>HACKIX, BLINKIX>IMPROVVISIX, SICURIX>MULTIX","Crea una PAGINA A FUMETTI a STORIA COMPLETA, verticale A4 (1024x1536), QUALITA' EDITORIALE DA STAMPA, stile ufficiale 'SICURIX TALES' IDENTICO alle immagini di riferimento allegate (stessi personaggi a mattoncini 3D, stessa impaginazione, stessi colori, stesse rese): minifigure espressive, ambientazioni ricche e dettagliate del settore, luci morbide, profondita', bordi vignetta netti. IMPAGINAZIONE OBBLIGATORIA: da 10 a 12 VIGNETTE numerate che raccontano UNA STORIA con arco narrativo completo (1 situazione normale -> 2-4 arrivano i pericoli coi cattivi -> 5-6 tensione/conseguenza -> 7-9 arriva SICURIX con gli eroi e applica il METODO81+ passo per passo -> 10-11 risoluzione ordinata -> 12 finale). HEADER in alto: SICURIX (mantello, medaglione arancione '81+', bussola) che presenta in un fumetto; grande titolo 'SICURIX TALES'; sottotitolo 'MANIFATTURA: Pericolo vs Soluzione con Metodo 81+'; legenda 3 voci (verde Sicurezza, rosso Rischio, blu 81+ Soluzione); fila di EROI coi nomi: PRIVACIX, PREPOSTIX, DOCUMIX, SICURIX, BLINKIX. FOOTER in basso: grande 'Prima vedi. Poi sistemi.'; banner scudo verde 'PROTEGGIAMO. PREVENIAMO. MIGLIORIAMO.' e triangolo rosso 'DISATTENZIONE. RISCHI. COSTI. CAOS.'; logo '81+' + '81plus.net'. TRAMA (usa questi eventi come vignette; se sono meno di 10 aggiungi vignette di contesto, dialogo e reazione per arrivare a 10-12): 1) TEMPORIX causa il pericolo 'Allergeni' (Gestione Allergeni); poi PRIVACIX+SICURIX applicano il METODO81+; 2) DOSAGIX causa il pericolo 'Documento' (Manuale HACCP di Autocontrollo); poi PREPOSTIX+SICURIX applicano il METODO81+; 3) SPYIX causa il pericolo 'Formazione' (Formazione GDPR); poi PRIVACIX+SICURIX applicano il METODO81+; 4) FRETTIX causa il pericolo 'Attrezzature' (Attrezzature e Macchine); poi DOCUMIX+SICURIX applicano il METODO81+; 5) MESCOLIX causa il pericolo 'Infestanti' (Lotta agli Infestanti (Pest Control)); poi PREPOSTIX+SICURIX applicano il METODO81+; 6) VOLTIX causa il pericolo 'Ruolo/RLS' (Rappresentante Lavoratori Sicurezza (RLS)); poi SICURIX+SICURIX applicano il METODO81+; 7) VOLTIX causa il pericolo 'Emergenze/Soccorso' (Addetto Primo Soccorso); poi BLINKIX+SICURIX applicano il METODO81+; 8) FRETTIX causa il pericolo 'Nomine' (Nomina Incaricati/Responsabili); poi PREPOSTIX+SICURIX applicano il METODO81+; 9) CAOSIX causa il pericolo 'Sanificazione' (Piano di Sanificazione); poi PRIVACIX+SICURIX applicano il METODO81+; 10) HACKIX causa il pericolo 'Documento' (Informativa e Consensi); poi SICURIX+SICURIX applicano il METODO81+; 11) IMPROVVISIX causa il pericolo 'Formazione' (Formazione Ambientale); poi BLINKIX+SICURIX applicano il METODO81+; 12) MULTIX causa il pericolo 'Formazione base' (Formazione Generale Lavoratori); poi SICURIX+SICURIX applicano il METODO81+. PALETTE BRAND ESCLUSIVA: nero #05050A, bianco panna, arancione #FF6A1A/#E8501A; ROSSO solo per 'PERICOLO', VERDE per la checklist 'Metodo 81+'. Logo '81+' ben visibile in OGNI vignetta. REGOLA STORIA: SICURIX NON agisce mai da solo - in OGNI vignetta di soluzione si fa AIUTARE dai suoi colleghi EROI (lavoro di squadra, ognuno col suo ruolo). TESTO: didascalie e fumetti MOLTO BREVI (1-4 parole), GRANDI, centrati, in ITALIANO con ORTOGRAFIA PERFETTA, senza parole inventate, lettere doppie errate o testo tagliato. CATTIVI (coerenti col canone): TEMPORIX, DOSAGIX, SPYIX, FRETTIX, MESCOLIX, VOLTIX, CAOSIX, HACKIX, IMPROVVISIX, MULTIX. EROI: PRIVACIX, PREPOSTIX, DOCUMIX, SICURIX, BLINKIX. NEGATIVE: nessun marchio LEGO reale, nessun personaggio protetto (Asterix ecc.), niente gore/horror, niente claim assoluti ('rischio zero','garantito','zero multe').","In Manifattura non e' 'se' arriva il controllo, e' 'quando'. Sei pronto?","Manifattura: 3 minuti oggi o un problema enorme domani. Scegli tu.

In manifattura gli adempimenti obbligatori non aspettano: Allergeni, Documento, Formazione, Attrezzature, Infestanti, Ruolo/RLS, Emergenze/Soccorso, Nomine, Sanificazione, Formazione base. In questa pagina TALES OF SICURIX il PERICOLO prende forma... e il METODO81+ lo rimette in ordine, passo dopo passo. Immagina la scena: prima il caos, poi la checklist che sistema tutto. Mettere ordine ora costa poco. Rimediare dopo costa caro.
👉 Iscriviti al corso: Haccp - Corso responsabile industria alimentare -> https://81plus.net/?corso=haccp-corso-responsabile-industria-alimentare
▶️ YouTube: youtube.com/@sicurissimo
Contenuto informativo. Prima vedi. Poi sistemi. 81plus.net",Haccp - Corso responsabile industria alimentare,https://81plus.net/?corso=haccp-corso-responsabile-industria-alimentare,#TalesOfSicurix #SICURIX #Metodo81 #81plus #Sicurissimo #HACCP #Privacy #Sicurezza #Ambientale #SicurezzaSulLavoro,SICURIX_TALES_289300_21_15_25_13_20_4_6_24_17_22_28_1.webp,https://drive.google.com/drive/folders/1hICKXdl9JTZBL1pemG19oE_661z-EH_k,IMG_ERR
43.31.01,Costruzioni,F,Sicurezza+Privacy+Ambientale,10,Formazione Preposto | Attrezzature e Macchine | Registro dei Trattamenti | Formazione GDPR | Formazione Specifica (rischio alto) | Procedura Data Breach | Formazione Ambientale | Gestione Rifiuti e Registro | Nomina Incaricati/Responsabili | Rappresentante Lavoratori Sicurezza (RLS),D.Lgs81/08 art.37 | D.Lgs81/08 Tit.III | GDPR art.30 | GDPR art.32 | Accordo Stato-Regioni | GDPR art.33-34 | D.Lgs152/06 | GDPR art.28-29 | D.Lgs81/08 art.47,"CIFRIX>SOTTOVALUTIX, ROBOTIX81>MULTIX, CONSENSIX>PERMISSIONIX, CIFRIX>IMPROVVISIX, FORMIX>SCIVOLIX, ROBOTIX81>PERMISSIONIX, HYGIENIX>OBLIVIX, CIFRIX>IMPROVVISIX, SCUDIX>IMPROVVISIX, BLINKIX>ØTIX","Crea una PAGINA A FUMETTI a STORIA COMPLETA, verticale A4 (1024x1536), QUALITA' EDITORIALE DA STAMPA, stile ufficiale 'SICURIX TALES' IDENTICO alle immagini di riferimento allegate (stessi personaggi a mattoncini 3D, stessa impaginazione, stessi colori, stesse rese): minifigure espressive, ambientazioni ricche e dettagliate del settore, luci morbide, profondita', bordi vignetta netti. IMPAGINAZIONE OBBLIGATORIA: da 10 a 12 VIGNETTE numerate che raccontano UNA STORIA con arco narrativo completo (1 situazione normale -> 2-4 arrivano i pericoli coi cattivi -> 5-6 tensione/conseguenza -> 7-9 arriva SICURIX con gli eroi e applica il METODO81+ passo per passo -> 10-11 risoluzione ordinata -> 12 finale). HEADER in alto: SICURIX (mantello, medaglione arancione '81+', bussola) che presenta in un fumetto; grande titolo 'SICURIX TALES'; sottotitolo 'COSTRUZIONI: Pericolo vs Soluzione con Metodo 81+'; legenda 3 voci (verde Sicurezza, rosso Rischio, blu 81+ Soluzione); fila di EROI coi nomi: CIFRIX, ROBOTIX81, CONSENSIX, FORMIX, HYGIENIX, SCUDIX. FOOTER in basso: grande 'Prima vedi. Poi sistemi.'; banner scudo verde 'PROTEGGIAMO. PREVENIAMO. MIGLIORIAMO.' e triangolo rosso 'DISATTENZIONE. RISCHI. COSTI. CAOS.'; logo '81+' + '81plus.net'. TRAMA (usa questi eventi come vignette; se sono meno di 10 aggiungi vignette di contesto, dialogo e reazione per arrivare a 10-12): 1) SOTTOVALUTIX causa il pericolo 'Ruolo/Preposto' (Formazione Preposto); poi CIFRIX+SICURIX applicano il METODO81+; 2) MULTIX causa il pericolo 'Attrezzature' (Attrezzature e Macchine); poi ROBOTIX81+SICURIX applicano il METODO81+; 3) PERMISSIONIX causa il pericolo 'Registro' (Registro dei Trattamenti); poi CONSENSIX+SICURIX applicano il METODO81+; 4) IMPROVVISIX causa il pericolo 'Formazione' (Formazione GDPR); poi CIFRIX+SICURIX applicano il METODO81+; 5) SCIVOLIX causa il pericolo 'Formazione specifica' (Formazione Specifica (rischio alto)); poi FORMIX+SICURIX applicano il METODO81+; 6) PERMISSIONIX causa il pericolo 'Data breach' (Procedura Data Breach); poi ROBOTIX81+SICURIX applicano il METODO81+; 7) OBLIVIX causa il pericolo 'Formazione' (Formazione Ambientale); poi HYGIENIX+SICURIX applicano il METODO81+; 8) IMPROVVISIX causa il pericolo 'Rifiuti' (Gestione Rifiuti e Registro); poi CIFRIX+SICURIX applicano il METODO81+; 9) IMPROVVISIX causa il pericolo 'Nomine' (Nomina Incaricati/Responsabili); poi SCUDIX+SICURIX applicano il METODO81+; 10) ØTIX causa il pericolo 'Ruolo/RLS' (Rappresentante Lavoratori Sicurezza (RLS)); poi BLINKIX+SICURIX applicano il METODO81+. PALETTE BRAND ESCLUSIVA: nero #05050A, bianco panna, arancione #FF6A1A/#E8501A; ROSSO solo per 'PERICOLO', VERDE per la checklist 'Metodo 81+'. Logo '81+' ben visibile in OGNI vignetta. REGOLA STORIA: SICURIX NON agisce mai da solo - in OGNI vignetta di soluzione si fa AIUTARE dai suoi colleghi EROI (lavoro di squadra, ognuno col suo ruolo). TESTO: didascalie e fumetti MOLTO BREVI (1-4 parole), GRANDI, centrati, in ITALIANO con ORTOGRAFIA PERFETTA, senza parole inventate, lettere doppie errate o testo tagliato. CATTIVI (coerenti col canone): SOTTOVALUTIX, MULTIX, PERMISSIONIX, IMPROVVISIX, SCIVOLIX, OBLIVIX, ØTIX. EROI: CIFRIX, ROBOTIX81, CONSENSIX, FORMIX, HYGIENIX, SCUDIX, BLINKIX. NEGATIVE: nessun marchio LEGO reale, nessun personaggio protetto (Asterix ecc.), niente gore/horror, niente claim assoluti ('rischio zero','garantito','zero multe').",Costruzioni: 3 minuti oggi o un problema enorme domani. Scegli tu.,"In Costruzioni non e' 'se' arriva il controllo, e' 'quando'. Sei pronto?

In costruzioni gli adempimenti obbligatori non aspettano: Ruolo/Preposto, Attrezzature, Registro, Formazione, Formazione specifica, Data breach, Rifiuti, Nomine, Ruolo/RLS. In questa pagina TALES OF SICURIX il PERICOLO prende forma... e il METODO81+ lo rimette in ordine, passo dopo passo. Immagina la scena: prima il caos, poi la checklist che sistema tutto. Chi si mette in regola prima, dorme meglio dopo.
👉 Iscriviti al corso: Corso per Preposto -> https://81plus.net/?corso=corso-per-preposto
▶️ YouTube: youtube.com/@sicurissimo
Contenuto informativo. Prima vedi. Poi sistemi. 81plus.net",Corso per Preposto,https://81plus.net/?corso=corso-per-preposto,#TalesOfSicurix #SICURIX #Metodo81 #81plus #Sicurissimo #Sicurezza #Privacy #Ambientale #SicurezzaSulLavoro,SICURIX_TALES_433101_3_13_15_17_2_18_20_19_16_4.webp,https://drive.google.com/drive/folders/1hICKXdl9JTZBL1pemG19oE_661z-EH_k,IMG_ERR
24.54.09,Manifattura,C,HACCP+Sicurezza+Privacy+Ambientale,10,Controllo Temperature e Celle | Movimentazione Manuale Carichi | RSPP / Datore di Lavoro RSPP | Procedura Data Breach | Sorveglianza Sanitaria / Medico Competente | Formazione Ambientale | Documento Valutazione Rischi (DVR) | Corso Alimentarista | Uso e Formazione DPI | Gestione Rifiuti e Registro,Reg.CE 852/2004 | D.Lgs81/08 Tit.VI | D.Lgs81/08 art.34 | GDPR art.33-34 | D.Lgs81/08 art.41 | D.Lgs152/06 | D.Lgs81/08 art.28 | D.Lgs81/08 art.77,"DOCUMIX>OBLIVIX, LUXPECTORIX>RISKIX, SICURIX>VIBRIX, FORMIX>SPYIX, CHECKIX>CAOSIX, ROBOTIX81>OBLIVIX, HYGIENIX>OBLIVIX, CHECKIX>MESCOLIX, BLINKIX>BIOXIX, CONSENSIX>RISKIX","Crea una PAGINA A FUMETTI a STORIA COMPLETA, verticale A4 (1024x1536), QUALITA' EDITORIALE DA STAMPA, stile ufficiale 'SICURIX TALES' IDENTICO alle immagini di riferimento allegate (stessi personaggi a mattoncini 3D, stessa impaginazione, stessi colori, stesse rese): minifigure espressive, ambientazioni ricche e dettagliate del settore, luci morbide, profondita', bordi vignetta netti. IMPAGINAZIONE OBBLIGATORIA: da 10 a 12 VIGNETTE numerate che raccontano UNA STORIA con arco narrativo completo (1 situazione normale -> 2-4 arrivano i pericoli coi cattivi -> 5-6 tensione/conseguenza -> 7-9 arriva SICURIX con gli eroi e applica il METODO81+ passo per passo -> 10-11 risoluzione ordinata -> 12 finale). HEADER in alto: SICURIX (mantello, medaglione arancione '81+', bussola) che presenta in un fumetto; grande titolo 'SICURIX TALES'; sottotitolo 'MANIFATTURA: Pericolo vs Soluzione con Metodo 81+'; legenda 3 voci (verde Sicurezza, rosso Rischio, blu 81+ Soluzione); fila di EROI coi nomi: DOCUMIX, LUXPECTORIX, SICURIX, FORMIX, CHECKIX, ROBOTIX81. FOOTER in basso: grande 'Prima vedi. Poi sistemi.'; banner scudo verde 'PROTEGGIAMO. PREVENIAMO. MIGLIORIAMO.' e triangolo rosso 'DISATTENZIONE. RISCHI. COSTI. CAOS.'; logo '81+' + '81plus.net'. TRAMA (usa questi eventi come vignette; se sono meno di 10 aggiungi vignette di contesto, dialogo e reazione per arrivare a 10-12): 1) OBLIVIX causa il pericolo 'Temperature' (Controllo Temperature e Celle); poi DOCUMIX+SICURIX applicano il METODO81+; 2) RISKIX causa il pericolo 'MMC' (Movimentazione Manuale Carichi); poi LUXPECTORIX+SICURIX applicano il METODO81+; 3) VIBRIX causa il pericolo 'Ruolo/RSPP' (RSPP / Datore di Lavoro RSPP); poi SICURIX+SICURIX applicano il METODO81+; 4) SPYIX causa il pericolo 'Data breach' (Procedura Data Breach); poi FORMIX+SICURIX applicano il METODO81+; 5) CAOSIX causa il pericolo 'Sorveglianza sanitaria' (Sorveglianza Sanitaria / Medico Competente); poi CHECKIX+SICURIX applicano il METODO81+; 6) OBLIVIX causa il pericolo 'Formazione' (Formazione Ambientale); poi ROBOTIX81+SICURIX applicano il METODO81+; 7) OBLIVIX causa il pericolo 'Documento' (Documento Valutazione Rischi (DVR)); poi HYGIENIX+SICURIX applicano il METODO81+; 8) MESCOLIX causa il pericolo 'Corso' (Corso Alimentarista); poi CHECKIX+SICURIX applicano il METODO81+; 9) BIOXIX causa il pericolo 'DPI' (Uso e Formazione DPI); poi BLINKIX+SICURIX applicano il METODO81+; 10) RISKIX causa il pericolo 'Rifiuti' (Gestione Rifiuti e Registro); poi CONSENSIX+SICURIX applicano il METODO81+. PALETTE BRAND ESCLUSIVA: nero #05050A, bianco panna, arancione #FF6A1A/#E8501A; ROSSO solo per 'PERICOLO', VERDE per la checklist 'Metodo 81+'. Logo '81+' ben visibile in OGNI vignetta. REGOLA STORIA: SICURIX NON agisce mai da solo - in OGNI vignetta di soluzione si fa AIUTARE dai suoi colleghi EROI (lavoro di squadra, ognuno col suo ruolo). TESTO: didascalie e fumetti MOLTO BREVI (1-4 parole), GRANDI, centrati, in ITALIANO con ORTOGRAFIA PERFETTA, senza parole inventate, lettere doppie errate o testo tagliato. CATTIVI (coerenti col canone): OBLIVIX, RISKIX, VIBRIX, SPYIX, CAOSIX, MESCOLIX, BIOXIX. EROI: DOCUMIX, LUXPECTORIX, SICURIX, FORMIX, CHECKIX, ROBOTIX81, HYGIENIX, BLINKIX, CONSENSIX. NEGATIVE: nessun marchio LEGO reale, nessun personaggio protetto (Asterix ecc.), niente gore/horror, niente claim assoluti ('rischio zero','garantito','zero multe').","In Manifattura non e' 'se' arriva il controllo, e' 'quando'. Sei pronto?","In Manifattura c'e' un obbligo che in tanti scoprono solo con la sanzione

In manifattura gli adempimenti obbligatori non aspettano: Temperature, MMC, Ruolo/RSPP, Data breach, Sorveglianza sanitaria, Formazione, Documento, Corso, DPI, Rifiuti. In questa pagina TALES OF SICURIX il PERICOLO prende forma... e il METODO81+ lo rimette in ordine, passo dopo passo. Immagina la scena: prima il caos, poi la checklist che sistema tutto. La regola c'e' gia': tu falla lavorare per te.
👉 Iscriviti al corso: Le esecuzioni civili, le procedure concorsuali e i servizi di cancelleria -> https://81plus.net/?corso=le-esecuzioni-civili-le-procedure-concorsuali-e-i-servizi-di
▶️ YouTube: youtube.com/@sicurissimo
Contenuto informativo. Prima vedi. Poi sistemi. 81plus.net","Le esecuzioni civili, le procedure concorsuali e i servizi di cancelleria",https://81plus.net/?corso=le-esecuzioni-civili-le-procedure-concorsuali-e-i-servizi-di,#TalesOfSicurix #SICURIX #Metodo81 #81plus #Sicurissimo #HACCP #Sicurezza #Privacy #Ambientale #SicurezzaSulLavoro,SICURIX_TALES_245409_18_10_5_25_9_27_0_15_8_26.webp,https://drive.google.com/drive/folders/1hICKXdl9JTZBL1pemG19oE_661z-EH_k,IMG_ERR
46.18.43,Commercio,G,HACCP+Sicurezza+Privacy,12,Gestione Allergeni | Addetto Primo Soccorso | Rintracciabilita ed Etichettatura | Formazione Preposto | Manuale HACCP di Autocontrollo | Lotta agli Infestanti (Pest Control) | Addetto Antincendio | Sorveglianza Sanitaria / Medico Competente | RSPP / Datore di Lavoro RSPP | Movimentazione Manuale Carichi | Registro dei Trattamenti | Piano di Sanificazione,Reg.UE 1169/2011 | DM 388/2003 | Reg.CE 178/2002 | D.Lgs81/08 art.37 | Reg.CE 852/2004 | DM 2/9/2021 | D.Lgs81/08 art.41 | D.Lgs81/08 art.34 | D.Lgs81/08 Tit.VI | GDPR art.30,"PREPOSTIX>DOSAGIX, PRIVACIX>MULTIX, PRIVACIX>ACQUAIX, SCUDIX>CHIMIKIX, BLINKIX>CROSSIX, DOCUMIX>CAOSIX, LUXPECTORIX>CADUTIX, SCUDIX>FUMIX, CHECKIX>CAOSIX, BLINKIX>RISKIX, HYGIENIX>HACKIX, TRACCIX>FRETTIX","Crea una PAGINA A FUMETTI a STORIA COMPLETA, verticale A4 (1024x1536), QUALITA' EDITORIALE DA STAMPA, stile ufficiale 'SICURIX TALES' IDENTICO alle immagini di riferimento allegate (stessi personaggi a mattoncini 3D, stessa impaginazione, stessi colori, stesse rese): minifigure espressive, ambientazioni ricche e dettagliate del settore, luci morbide, profondita', bordi vignetta netti. IMPAGINAZIONE OBBLIGATORIA: da 10 a 12 VIGNETTE numerate che raccontano UNA STORIA con arco narrativo completo (1 situazione normale -> 2-4 arrivano i pericoli coi cattivi -> 5-6 tensione/conseguenza -> 7-9 arriva SICURIX con gli eroi e applica il METODO81+ passo per passo -> 10-11 risoluzione ordinata -> 12 finale). HEADER in alto: SICURIX (mantello, medaglione arancione '81+', bussola) che presenta in un fumetto; grande titolo 'SICURIX TALES'; sottotitolo 'COMMERCIO: Pericolo vs Soluzione con Metodo 81+'; legenda 3 voci (verde Sicurezza, rosso Rischio, blu 81+ Soluzione); fila di EROI coi nomi: PREPOSTIX, PRIVACIX, SCUDIX, BLINKIX, DOCUMIX, LUXPECTORIX. FOOTER in basso: grande 'Prima vedi. Poi sistemi.'; banner scudo verde 'PROTEGGIAMO. PREVENIAMO. MIGLIORIAMO.' e triangolo rosso 'DISATTENZIONE. RISCHI. COSTI. CAOS.'; logo '81+' + '81plus.net'. TRAMA (usa questi eventi come vignette; se sono meno di 10 aggiungi vignette di contesto, dialogo e reazione per arrivare a 10-12): 1) DOSAGIX causa il pericolo 'Allergeni' (Gestione Allergeni); poi PREPOSTIX+SICURIX applicano il METODO81+; 2) MULTIX causa il pericolo 'Emergenze/Soccorso' (Addetto Primo Soccorso); poi PRIVACIX+SICURIX applicano il METODO81+; 3) ACQUAIX causa il pericolo 'Rintracciabilita' (Rintracciabilita ed Etichettatura); poi PRIVACIX+SICURIX applicano il METODO81+; 4) CHIMIKIX causa il pericolo 'Ruolo/Preposto' (Formazione Preposto); poi SCUDIX+SICURIX applicano il METODO81+; 5) CROSSIX causa il pericolo 'Documento' (Manuale HACCP di Autocontrollo); poi BLINKIX+SICURIX applicano il METODO81+; 6) CAOSIX causa il pericolo 'Infestanti' (Lotta agli Infestanti (Pest Control)); poi DOCUMIX+SICURIX applicano il METODO81+; 7) CADUTIX causa il pericolo 'Emergenze/Incendio' (Addetto Antincendio); poi LUXPECTORIX+SICURIX applicano il METODO81+; 8) FUMIX causa il pericolo 'Sorveglianza sanitaria' (Sorveglianza Sanitaria / Medico Competente); poi SCUDIX+SICURIX applicano il METODO81+; 9) CAOSIX causa il pericolo 'Ruolo/RSPP' (RSPP / Datore di Lavoro RSPP); poi CHECKIX+SICURIX applicano il METODO81+; 10) RISKIX causa il pericolo 'MMC' (Movimentazione Manuale Carichi); poi BLINKIX+SICURIX applicano il METODO81+; 11) HACKIX causa il pericolo 'Registro' (Registro dei Trattamenti); poi HYGIENIX+SICURIX applicano il METODO81+; 12) FRETTIX causa il pericolo 'Sanificazione' (Piano di Sanificazione); poi TRACCIX+SICURIX applicano il METODO81+. PALETTE BRAND ESCLUSIVA: nero #05050A, bianco panna, arancione #FF6A1A/#E8501A; ROSSO solo per 'PERICOLO', VERDE per la checklist 'Metodo 81+'. Logo '81+' ben visibile in OGNI vignetta. REGOLA STORIA: SICURIX NON agisce mai da solo - in OGNI vignetta di soluzione si fa AIUTARE dai suoi colleghi EROI (lavoro di squadra, ognuno col suo ruolo). TESTO: didascalie e fumetti MOLTO BREVI (1-4 parole), GRANDI, centrati, in ITALIANO con ORTOGRAFIA PERFETTA, senza parole inventate, lettere doppie errate o testo tagliato. CATTIVI (coerenti col canone): DOSAGIX, MULTIX, ACQUAIX, CHIMIKIX, CROSSIX, CAOSIX, CADUTIX, FUMIX, RISKIX, HACKIX, FRETTIX. EROI: PREPOSTIX, PRIVACIX, SCUDIX, BLINKIX, DOCUMIX, LUXPECTORIX, CHECKIX, HYGIENIX, TRACCIX. NEGATIVE: nessun marchio LEGO reale, nessun personaggio protetto (Asterix ecc.), niente gore/horror, niente claim assoluti ('rischio zero','garantito','zero multe').",Quello che l'ispettore controlla per primo in Commercio (e quasi nessuno lo sa),"Commercio: 3 minuti oggi o un problema enorme domani. Scegli tu.

In commercio gli adempimenti obbligatori non aspettano: Allergeni, Emergenze/Soccorso, Rintracciabilita, Ruolo/Preposto, Documento, Infestanti, Emergenze/Incendio, Sorveglianza sanitaria, Ruolo/RSPP, MMC, Registro, Sanificazione. In questa pagina TALES OF SICURIX il PERICOLO prende forma... e il METODO81+ lo rimette in ordine, passo dopo passo. Immagina la scena: prima il caos, poi la checklist che sistema tutto. Non e' burocrazia: e' la tua tranquillita.
👉 Iscriviti al corso: Haccp - Corso responsabile industria alimentare -> https://81plus.net/?corso=haccp-corso-responsabile-industria-alimentare
▶️ YouTube: youtube.com/@sicurissimo
Contenuto informativo. Prima vedi. Poi sistemi. 81plus.net",Haccp - Corso responsabile industria alimentare,https://81plus.net/?corso=haccp-corso-responsabile-industria-alimentare,#TalesOfSicurix #SICURIX #Metodo81 #81plus #Sicurissimo #HACCP #Sicurezza #Privacy #SicurezzaSulLavoro,SICURIX_TALES_461843_18_6_15_3_12_17_7_9_5_10_20_14.webp,https://drive.google.com/drive/folders/1hICKXdl9JTZBL1pemG19oE_661z-EH_k,IMG_ERR
23.64.00,Manifattura,C,Privacy+Sicurezza+HACCP,10,Procedura Data Breach | Documento Valutazione Rischi (DVR) | Rintracciabilita ed Etichettatura | Formazione Specifica (rischio alto) | Stress Lavoro-Correlato | Uso e Formazione DPI | Attrezzature e Macchine | Sorveglianza Sanitaria / Medico Competente | Rischio Rumore | Manuale HACCP di Autocontrollo,GDPR art.33-34 | D.Lgs81/08 art.28 | Reg.CE 178/2002 | Accordo Stato-Regioni | D.Lgs81/08 art.77 | D.Lgs81/08 Tit.III | D.Lgs81/08 art.41 | D.Lgs81/08 Tit.VIII | Reg.CE 852/2004,"CHEFIX>PERMISSIONIX, SCUDIX>RISKIX, FORMIX>MESCOLIX, CONSENSIX>SCHIACCIX, CHEFIX>CADUTIX, CONSENSIX>BIOXIX, TRACCIX>OBLIVIX, DOCUMIX>FUMIX, PRIVACIX>NONDPIX, BLINKIX>OBLIVIX","Crea una PAGINA A FUMETTI a STORIA COMPLETA, verticale A4 (1024x1536), QUALITA' EDITORIALE DA STAMPA, stile ufficiale 'SICURIX TALES' IDENTICO alle immagini di riferimento allegate (stessi personaggi a mattoncini 3D, stessa impaginazione, stessi colori, stesse rese): minifigure espressive, ambientazioni ricche e dettagliate del settore, luci morbide, profondita', bordi vignetta netti. IMPAGINAZIONE OBBLIGATORIA: da 10 a 12 VIGNETTE numerate che raccontano UNA STORIA con arco narrativo completo (1 situazione normale -> 2-4 arrivano i pericoli coi cattivi -> 5-6 tensione/conseguenza -> 7-9 arriva SICURIX con gli eroi e applica il METODO81+ passo per passo -> 10-11 risoluzione ordinata -> 12 finale). HEADER in alto: SICURIX (mantello, medaglione arancione '81+', bussola) che presenta in un fumetto; grande titolo 'SICURIX TALES'; sottotitolo 'MANIFATTURA: Pericolo vs Soluzione con Metodo 81+'; legenda 3 voci (verde Sicurezza, rosso Rischio, blu 81+ Soluzione); fila di EROI coi nomi: CHEFIX, SCUDIX, FORMIX, CONSENSIX, TRACCIX, DOCUMIX. FOOTER in basso: grande 'Prima vedi. Poi sistemi.'; banner scudo verde 'PROTEGGIAMO. PREVENIAMO. MIGLIORIAMO.' e triangolo rosso 'DISATTENZIONE. RISCHI. COSTI. CAOS.'; logo '81+' + '81plus.net'. TRAMA (usa questi eventi come vignette; se sono meno di 10 aggiungi vignette di contesto, dialogo e reazione per arrivare a 10-12): 1) PERMISSIONIX causa il pericolo 'Data breach' (Procedura Data Breach); poi CHEFIX+SICURIX applicano il METODO81+; 2) RISKIX causa il pericolo 'Documento' (Documento Valutazione Rischi (DVR)); poi SCUDIX+SICURIX applicano il METODO81+; 3) MESCOLIX causa il pericolo 'Rintracciabilita' (Rintracciabilita ed Etichettatura); poi FORMIX+SICURIX applicano il METODO81+; 4) SCHIACCIX causa il pericolo 'Formazione specifica' (Formazione Specifica (rischio alto)); poi CONSENSIX+SICURIX applicano il METODO81+; 5) CADUTIX causa il pericolo 'Stress' (Stress Lavoro-Correlato); poi CHEFIX+SICURIX applicano il METODO81+; 6) BIOXIX causa il pericolo 'DPI' (Uso e Formazione DPI); poi CONSENSIX+SICURIX applicano il METODO81+; 7) OBLIVIX causa il pericolo 'Attrezzature' (Attrezzature e Macchine); poi TRACCIX+SICURIX applicano il METODO81+; 8) FUMIX causa il pericolo 'Sorveglianza sanitaria' (Sorveglianza Sanitaria / Medico Competente); poi DOCUMIX+SICURIX applicano il METODO81+; 9) NONDPIX causa il pericolo 'Rumore' (Rischio Rumore); poi PRIVACIX+SICURIX applicano il METODO81+; 10) OBLIVIX causa il pericolo 'Documento' (Manuale HACCP di Autocontrollo); poi BLINKIX+SICURIX applicano il METODO81+. PALETTE BRAND ESCLUSIVA: nero #05050A, bianco panna, arancione #FF6A1A/#E8501A; ROSSO solo per 'PERICOLO', VERDE per la checklist 'Metodo 81+'. Logo '81+' ben visibile in OGNI vignetta. REGOLA STORIA: SICURIX NON agisce mai da solo - in OGNI vignetta di soluzione si fa AIUTARE dai suoi colleghi EROI (lavoro di squadra, ognuno col suo ruolo). TESTO: didascalie e fumetti MOLTO BREVI (1-4 parole), GRANDI, centrati, in ITALIANO con ORTOGRAFIA PERFETTA, senza parole inventate, lettere doppie errate o testo tagliato. CATTIVI (coerenti col canone): PERMISSIONIX, RISKIX, MESCOLIX, SCHIACCIX, CADUTIX, BIOXIX, OBLIVIX, FUMIX, NONDPIX. EROI: CHEFIX, SCUDIX, FORMIX, CONSENSIX, TRACCIX, DOCUMIX, PRIVACIX, BLINKIX. NEGATIVE: nessun marchio LEGO reale, nessun personaggio protetto (Asterix ecc.), niente gore/horror, niente claim assoluti ('rischio zero','garantito','zero multe').",Manifattura: 3 minuti oggi o un problema enorme domani. Scegli tu.,"Manifattura: 3 minuti oggi o un problema enorme domani. Scegli tu.

In manifattura gli adempimenti obbligatori non aspettano: Data breach, Documento, Rintracciabilita, Formazione specifica, Stress, DPI, Attrezzature, Sorveglianza sanitaria, Rumore. In questa pagina TALES OF SICURIX il PERICOLO prende forma... e il METODO81+ lo rimette in ordine, passo dopo passo. Immagina la scena: prima il caos, poi la checklist che sistema tutto. La regola c'e' gia': tu falla lavorare per te.
👉 Iscriviti al corso: Corso privacy destinato ai lavoratori -> https://81plus.net/?corso=corso-privacy-destinato-ai-lavoratori
▶️ YouTube: youtube.com/@sicurissimo
Contenuto informativo. Prima vedi. Poi sistemi. 81plus.net",Corso privacy destinato ai lavoratori,https://81plus.net/?corso=corso-privacy-destinato-ai-lavoratori,#TalesOfSicurix #SICURIX #Metodo81 #81plus #Sicurissimo #Privacy #Sicurezza #HACCP #SicurezzaSulLavoro,SICURIX_TALES_236400_25_0_17_2_11_8_13_9_12_14.webp,https://drive.google.com/drive/folders/1hICKXdl9JTZBL1pemG19oE_661z-EH_k,IMG_ERR
39.00.09,Acqua/Rifiuti,E,Sicurezza+Privacy+Ambientale,11,Stress Lavoro-Correlato | Sorveglianza Sanitaria / Medico Competente | Addetto Primo Soccorso | Registro dei Trattamenti | Informativa e Consensi | Formazione Ambientale | Formazione Generale Lavoratori | Procedura Data Breach | Rappresentante Lavoratori Sicurezza (RLS) | Gestione Rifiuti e Registro | Rischio Biologico,D.Lgs81/08 art.28 | D.Lgs81/08 art.41 | DM 388/2003 | GDPR art.30 | GDPR art.13 | D.Lgs152/06 | Accordo Stato-Regioni | GDPR art.33-34 | D.Lgs81/08 art.47 | D.Lgs81/08 Tit.X,"PRIVACIX>VIBRIX, BLINKIX>NONDPIX, CHEFIX>ØTIX, LUXPECTORIX>MULTIX, PRIVACIX>SPYIX, SCUDIX>FRETTIX, ROBOTIX81>RUMORIX, SICURIX>OBLIVIX, PREPOSTIX>VOLTIX, SICURIX>OBLIVIX, DOCUMIX>VIBRIX","Crea una PAGINA A FUMETTI a STORIA COMPLETA, verticale A4 (1024x1536), QUALITA' EDITORIALE DA STAMPA, stile ufficiale 'SICURIX TALES' IDENTICO alle immagini di riferimento allegate (stessi personaggi a mattoncini 3D, stessa impaginazione, stessi colori, stesse rese): minifigure espressive, ambientazioni ricche e dettagliate del settore, luci morbide, profondita', bordi vignetta netti. IMPAGINAZIONE OBBLIGATORIA: da 10 a 12 VIGNETTE numerate che raccontano UNA STORIA con arco narrativo completo (1 situazione normale -> 2-4 arrivano i pericoli coi cattivi -> 5-6 tensione/conseguenza -> 7-9 arriva SICURIX con gli eroi e applica il METODO81+ passo per passo -> 10-11 risoluzione ordinata -> 12 finale). HEADER in alto: SICURIX (mantello, medaglione arancione '81+', bussola) che presenta in un fumetto; grande titolo 'SICURIX TALES'; sottotitolo 'ACQUA/RIFIUTI: Pericolo vs Soluzione con Metodo 81+'; legenda 3 voci (verde Sicurezza, rosso Rischio, blu 81+ Soluzione); fila di EROI coi nomi: PRIVACIX, BLINKIX, CHEFIX, LUXPECTORIX, SCUDIX, ROBOTIX81. FOOTER in basso: grande 'Prima vedi. Poi sistemi.'; banner scudo verde 'PROTEGGIAMO. PREVENIAMO. MIGLIORIAMO.' e triangolo rosso 'DISATTENZIONE. RISCHI. COSTI. CAOS.'; logo '81+' + '81plus.net'. TRAMA (usa questi eventi come vignette; se sono meno di 10 aggiungi vignette di contesto, dialogo e reazione per arrivare a 10-12): 1) VIBRIX causa il pericolo 'Stress' (Stress Lavoro-Correlato); poi PRIVACIX+SICURIX applicano il METODO81+; 2) NONDPIX causa il pericolo 'Sorveglianza sanitaria' (Sorveglianza Sanitaria / Medico Competente); poi BLINKIX+SICURIX applicano il METODO81+; 3) ØTIX causa il pericolo 'Emergenze/Soccorso' (Addetto Primo Soccorso); poi CHEFIX+SICURIX applicano il METODO81+; 4) MULTIX causa il pericolo 'Registro' (Registro dei Trattamenti); poi LUXPECTORIX+SICURIX applicano il METODO81+; 5) SPYIX causa il pericolo 'Documento' (Informativa e Consensi); poi PRIVACIX+SICURIX applicano il METODO81+; 6) FRETTIX causa il pericolo 'Formazione' (Formazione Ambientale); poi SCUDIX+SICURIX applicano il METODO81+; 7) RUMORIX causa il pericolo 'Formazione base' (Formazione Generale Lavoratori); poi ROBOTIX81+SICURIX applicano il METODO81+; 8) OBLIVIX causa il pericolo 'Data breach' (Procedura Data Breach); poi SICURIX+SICURIX applicano il METODO81+; 9) VOLTIX causa il pericolo 'Ruolo/RLS' (Rappresentante Lavoratori Sicurezza (RLS)); poi PREPOSTIX+SICURIX applicano il METODO81+; 10) OBLIVIX causa il pericolo 'Rifiuti' (Gestione Rifiuti e Registro); poi SICURIX+SICURIX applicano il METODO81+; 11) VIBRIX causa il pericolo 'Rischio biologico' (Rischio Biologico); poi DOCUMIX+SICURIX applicano il METODO81+. PALETTE BRAND ESCLUSIVA: nero #05050A, bianco panna, arancione #FF6A1A/#E8501A; ROSSO solo per 'PERICOLO', VERDE per la checklist 'Metodo 81+'. Logo '81+' ben visibile in OGNI vignetta. REGOLA STORIA: SICURIX NON agisce mai da solo - in OGNI vignetta di soluzione si fa AIUTARE dai suoi colleghi EROI (lavoro di squadra, ognuno col suo ruolo). TESTO: didascalie e fumetti MOLTO BREVI (1-4 parole), GRANDI, centrati, in ITALIANO con ORTOGRAFIA PERFETTA, senza parole inventate, lettere doppie errate o testo tagliato. CATTIVI (coerenti col canone): VIBRIX, NONDPIX, ØTIX, MULTIX, SPYIX, FRETTIX, RUMORIX, OBLIVIX, VOLTIX. EROI: PRIVACIX, BLINKIX, CHEFIX, LUXPECTORIX, SCUDIX, ROBOTIX81, SICURIX, PREPOSTIX, DOCUMIX. NEGATIVE: nessun marchio LEGO reale, nessun personaggio protetto (Asterix ecc.), niente gore/horror, niente claim assoluti ('rischio zero','garantito','zero multe').",In Acqua/Rifiuti c'e' un obbligo che in tanti scoprono solo con la sanzione,"In Acqua/Rifiuti non e' 'se' arriva il controllo, e' 'quando'. Sei pronto?

In acqua/rifiuti gli adempimenti obbligatori non aspettano: Stress, Sorveglianza sanitaria, Emergenze/Soccorso, Registro, Documento, Formazione, Formazione base, Data breach, Ruolo/RLS, Rifiuti, Rischio biologico. In questa pagina TALES OF SICURIX il PERICOLO prende forma... e il METODO81+ lo rimette in ordine, passo dopo passo. Immagina la scena: prima il caos, poi la checklist che sistema tutto. La regola c'e' gia': tu falla lavorare per te.
👉 Iscriviti al corso: Rischio stress lavoro correlato -> https://81plus.net/?corso=rischio-stress-lavoro-correlato
▶️ YouTube: youtube.com/@sicurissimo
Contenuto informativo. Prima vedi. Poi sistemi. 81plus.net",Rischio stress lavoro correlato,https://81plus.net/?corso=rischio-stress-lavoro-correlato,#TalesOfSicurix #SICURIX #Metodo81 #81plus #Sicurissimo #Sicurezza #Privacy #Ambientale #SicurezzaSulLavoro,SICURIX_TALES_390009_11_9_6_16_15_21_1_19_4_20_14.webp,https://drive.google.com/drive/folders/1hICKXdl9JTZBL1pemG19oE_661z-EH_k,IMG_ERR
56.22.02,Alloggio/Ristorazione,I,Privacy+HACCP+Sicurezza,10,Nomina Incaricati/Responsabili | Piano di Sanificazione | Stress Lavoro-Correlato | Rintracciabilita ed Etichettatura | Documento Valutazione Rischi (DVR) | Rappresentante Lavoratori Sicurezza (RLS) | Uso e Formazione DPI | RSPP / Datore di Lavoro RSPP | Gestione Allergeni | Formazione GDPR,GDPR art.28-29 | Reg.CE 852/2004 | D.Lgs81/08 art.28 | Reg.CE 178/2002 | D.Lgs81/08 art.47 | D.Lgs81/08 art.77 | D.Lgs81/08 art.34 | Reg.UE 1169/2011 | GDPR art.32,"BLINKIX>LEAKIX, SICURIX>CROSSIX, PRIVACIX>RISKIX, PRIVACIX>SPORCKIX, HYGIENIX>SCHIACCIX, PREPOSTIX>POLVERIX, SCUDIX>RUMORIX, SICURIX>SEGNALEX, TRACCIX>SCADUTIX, CIFRIX>RISKIX","Crea una PAGINA A FUMETTI a STORIA COMPLETA, verticale A4 (1024x1536), QUALITA' EDITORIALE DA STAMPA, stile ufficiale 'SICURIX TALES' IDENTICO alle immagini di riferimento allegate (stessi personaggi a mattoncini 3D, stessa impaginazione, stessi colori, stesse rese): minifigure espressive, ambientazioni ricche e dettagliate del settore, luci morbide, profondita', bordi vignetta netti. IMPAGINAZIONE OBBLIGATORIA: da 10 a 12 VIGNETTE numerate che raccontano UNA STORIA con arco narrativo completo (1 situazione normale -> 2-4 arrivano i pericoli coi cattivi -> 5-6 tensione/conseguenza -> 7-9 arriva SICURIX con gli eroi e applica il METODO81+ passo per passo -> 10-11 risoluzione ordinata -> 12 finale). HEADER in alto: SICURIX (mantello, medaglione arancione '81+', bussola) che presenta in un fumetto; grande titolo 'SICURIX TALES'; sottotitolo 'ALLOGGIO/RISTORAZIONE: Pericolo vs Soluzione con Metodo 81+'; legenda 3 voci (verde Sicurezza, rosso Rischio, blu 81+ Soluzione); fila di EROI coi nomi: BLINKIX, SICURIX, PRIVACIX, HYGIENIX, PREPOSTIX, SCUDIX. FOOTER in basso: grande 'Prima vedi. Poi sistemi.'; banner scudo verde 'PROTEGGIAMO. PREVENIAMO. MIGLIORIAMO.' e triangolo rosso 'DISATTENZIONE. RISCHI. COSTI. CAOS.'; logo '81+' + '81plus.net'. TRAMA (usa questi eventi come vignette; se sono meno di 10 aggiungi vignette di contesto, dialogo e reazione per arrivare a 10-12): 1) LEAKIX causa il pericolo 'Nomine' (Nomina Incaricati/Responsabili); poi BLINKIX+SICURIX applicano il METODO81+; 2) CROSSIX causa il pericolo 'Sanificazione' (Piano di Sanificazione); poi SICURIX+SICURIX applicano il METODO81+; 3) RISKIX causa il pericolo 'Stress' (Stress Lavoro-Correlato); poi PRIVACIX+SICURIX applicano il METODO81+; 4) SPORCKIX causa il pericolo 'Rintracciabilita' (Rintracciabilita ed Etichettatura); poi PRIVACIX+SICURIX applicano il METODO81+; 5) SCHIACCIX causa il pericolo 'Documento' (Documento Valutazione Rischi (DVR)); poi HYGIENIX+SICURIX applicano il METODO81+; 6) POLVERIX causa il pericolo 'Ruolo/RLS' (Rappresentante Lavoratori Sicurezza (RLS)); poi PREPOSTIX+SICURIX applicano il METODO81+; 7) RUMORIX causa il pericolo 'DPI' (Uso e Formazione DPI); poi SCUDIX+SICURIX applicano il METODO81+; 8) SEGNALEX causa il pericolo 'Ruolo/RSPP' (RSPP / Datore di Lavoro RSPP); poi SICURIX+SICURIX applicano il METODO81+; 9) SCADUTIX causa il pericolo 'Allergeni' (Gestione Allergeni); poi TRACCIX+SICURIX applicano il METODO81+; 10) RISKIX causa il pericolo 'Formazione' (Formazione GDPR); poi CIFRIX+SICURIX applicano il METODO81+. PALETTE BRAND ESCLUSIVA: nero #05050A, bianco panna, arancione #FF6A1A/#E8501A; ROSSO solo per 'PERICOLO', VERDE per la checklist 'Metodo 81+'. Logo '81+' ben visibile in OGNI vignetta. REGOLA STORIA: SICURIX NON agisce mai da solo - in OGNI vignetta di soluzione si fa AIUTARE dai suoi colleghi EROI (lavoro di squadra, ognuno col suo ruolo). TESTO: didascalie e fumetti MOLTO BREVI (1-4 parole), GRANDI, centrati, in ITALIANO con ORTOGRAFIA PERFETTA, senza parole inventate, lettere doppie errate o testo tagliato. CATTIVI (coerenti col canone): LEAKIX, CROSSIX, RISKIX, SPORCKIX, SCHIACCIX, POLVERIX, RUMORIX, SEGNALEX, SCADUTIX. EROI: BLINKIX, SICURIX, PRIVACIX, HYGIENIX, PREPOSTIX, SCUDIX, TRACCIX, CIFRIX. NEGATIVE: nessun marchio LEGO reale, nessun personaggio protetto (Asterix ecc.), niente gore/horror, niente claim assoluti ('rischio zero','garantito','zero multe').",Quello che l'ispettore controlla per primo in Alloggio/Ristorazione (e quasi nessuno lo sa),"In Alloggio/Ristorazione non e' 'se' arriva il controllo, e' 'quando'. Sei pronto?

In alloggio/ristorazione gli adempimenti obbligatori non aspettano: Nomine, Sanificazione, Stress, Rintracciabilita, Documento, Ruolo/RLS, DPI, Ruolo/RSPP, Allergeni, Formazione. In questa pagina TALES OF SICURIX il PERICOLO prende forma... e il METODO81+ lo rimette in ordine, passo dopo passo. Immagina la scena: prima il caos, poi la checklist che sistema tutto. Mettere ordine ora costa poco. Rimediare dopo costa caro.
👉 Iscriviti al corso: Corso privacy destinato ai lavoratori -> https://81plus.net/?corso=corso-privacy-destinato-ai-lavoratori
▶️ YouTube: youtube.com/@sicurissimo
Contenuto informativo. Prima vedi. Poi sistemi. 81plus.net",Corso privacy destinato ai lavoratori,https://81plus.net/?corso=corso-privacy-destinato-ai-lavoratori,#TalesOfSicurix #SICURIX #Metodo81 #81plus #Sicurissimo #Privacy #HACCP #Sicurezza #SicurezzaSulLavoro,SICURIX_TALES_562202_21_14_11_15_0_4_8_5_18_22.webp,https://drive.google.com/drive/folders/1hICKXdl9JTZBL1pemG19oE_661z-EH_k,IMG_ERR
16.23.01,Manifattura,C,Ambientale+Privacy+Sicurezza+HACCP,11,Gestione Rifiuti e Registro | Informativa e Consensi | Uso e Formazione DPI | Registro dei Trattamenti | Rappresentante Lavoratori Sicurezza (RLS) | Sorveglianza Sanitaria / Medico Competente | Addetto Antincendio | Piano di Sanificazione | Rischio Rumore | Formazione Generale Lavoratori | RSPP / Datore di Lavoro RSPP,D.Lgs152/06 | GDPR art.13 | D.Lgs81/08 art.77 | GDPR art.30 | D.Lgs81/08 art.47 | D.Lgs81/08 art.41 | DM 2/9/2021 | Reg.CE 852/2004 | D.Lgs81/08 Tit.VIII | Accordo Stato-Regioni | D.Lgs81/08 art.34,"LUXPECTORIX>FRETTIX, PRIVACIX>CAOSIX, BLINKIX>FUMIX, LUXPECTORIX>PHISHIX, FORMIX>VOLTIX, BLINKIX>IMPROVVISIX, CHECKIX>VOLTIX, CHECKIX>FRETTIX, SICURIX>CADUTIX, TRACCIX>MULTIX, PREPOSTIX>CHIMIKIX","Crea una PAGINA A FUMETTI a STORIA COMPLETA, verticale A4 (1024x1536), QUALITA' EDITORIALE DA STAMPA, stile ufficiale 'SICURIX TALES' IDENTICO alle immagini di riferimento allegate (stessi personaggi a mattoncini 3D, stessa impaginazione, stessi colori, stesse rese): minifigure espressive, ambientazioni ricche e dettagliate del settore, luci morbide, profondita', bordi vignetta netti. IMPAGINAZIONE OBBLIGATORIA: da 10 a 12 VIGNETTE numerate che raccontano UNA STORIA con arco narrativo completo (1 situazione normale -> 2-4 arrivano i pericoli coi cattivi -> 5-6 tensione/conseguenza -> 7-9 arriva SICURIX con gli eroi e applica il METODO81+ passo per passo -> 10-11 risoluzione ordinata -> 12 finale). HEADER in alto: SICURIX (mantello, medaglione arancione '81+', bussola) che presenta in un fumetto; grande titolo 'SICURIX TALES'; sottotitolo 'MANIFATTURA: Pericolo vs Soluzione con Metodo 81+'; legenda 3 voci (verde Sicurezza, rosso Rischio, blu 81+ Soluzione); fila di EROI coi nomi: LUXPECTORIX, PRIVACIX, BLINKIX, FORMIX, CHECKIX, SICURIX. FOOTER in basso: grande 'Prima vedi. Poi sistemi.'; banner scudo verde 'PROTEGGIAMO. PREVENIAMO. MIGLIORIAMO.' e triangolo rosso 'DISATTENZIONE. RISCHI. COSTI. CAOS.'; logo '81+' + '81plus.net'. TRAMA (usa questi eventi come vignette; se sono meno di 10 aggiungi vignette di contesto, dialogo e reazione per arrivare a 10-12): 1) FRETTIX causa il pericolo 'Rifiuti' (Gestione Rifiuti e Registro); poi LUXPECTORIX+SICURIX applicano il METODO81+; 2) CAOSIX causa il pericolo 'Documento' (Informativa e Consensi); poi PRIVACIX+SICURIX applicano il METODO81+; 3) FUMIX causa il pericolo 'DPI' (Uso e Formazione DPI); poi BLINKIX+SICURIX applicano il METODO81+; 4) PHISHIX causa il pericolo 'Registro' (Registro dei Trattamenti); poi LUXPECTORIX+SICURIX applicano il METODO81+; 5) VOLTIX causa il pericolo 'Ruolo/RLS' (Rappresentante Lavoratori Sicurezza (RLS)); poi FORMIX+SICURIX applicano il METODO81+; 6) IMPROVVISIX causa il pericolo 'Sorveglianza sanitaria' (Sorveglianza Sanitaria / Medico Competente); poi BLINKIX+SICURIX applicano il METODO81+; 7) VOLTIX causa il pericolo 'Emergenze/Incendio' (Addetto Antincendio); poi CHECKIX+SICURIX applicano il METODO81+; 8) FRETTIX causa il pericolo 'Sanificazione' (Piano di Sanificazione); poi CHECKIX+SICURIX applicano il METODO81+; 9) CADUTIX causa il pericolo 'Rumore' (Rischio Rumore); poi SICURIX+SICURIX applicano il METODO81+; 10) MULTIX causa il pericolo 'Formazione base' (Formazione Generale Lavoratori); poi TRACCIX+SICURIX applicano il METODO81+; 11) CHIMIKIX causa il pericolo 'Ruolo/RSPP' (RSPP / Datore di Lavoro RSPP); poi PREPOSTIX+SICURIX applicano il METODO81+. PALETTE BRAND ESCLUSIVA: nero #05050A, bianco panna, arancione #FF6A1A/#E8501A; ROSSO solo per 'PERICOLO', VERDE per la checklist 'Metodo 81+'. Logo '81+' ben visibile in OGNI vignetta. REGOLA STORIA: SICURIX NON agisce mai da solo - in OGNI vignetta di soluzione si fa AIUTARE dai suoi colleghi EROI (lavoro di squadra, ognuno col suo ruolo). TESTO: didascalie e fumetti MOLTO BREVI (1-4 parole), GRANDI, centrati, in ITALIANO con ORTOGRAFIA PERFETTA, senza parole inventate, lettere doppie errate o testo tagliato. CATTIVI (coerenti col canone): FRETTIX, CAOSIX, FUMIX, PHISHIX, VOLTIX, IMPROVVISIX, CADUTIX, MULTIX, CHIMIKIX. EROI: LUXPECTORIX, PRIVACIX, BLINKIX, FORMIX, CHECKIX, SICURIX, TRACCIX, PREPOSTIX. NEGATIVE: nessun marchio LEGO reale, nessun personaggio protetto (Asterix ecc.), niente gore/horror, niente claim assoluti ('rischio zero','garantito','zero multe').",Manifattura: 3 minuti oggi o un problema enorme domani. Scegli tu.,"In Manifattura non e' 'se' arriva il controllo, e' 'quando'. Sei pronto?

In manifattura gli adempimenti obbligatori non aspettano: Rifiuti, Documento, DPI, Registro, Ruolo/RLS, Sorveglianza sanitaria, Emergenze/Incendio, Sanificazione, Rumore, Formazione base, Ruolo/RSPP. In questa pagina TALES OF SICURIX il PERICOLO prende forma... e il METODO81+ lo rimette in ordine, passo dopo passo. Immagina la scena: prima il caos, poi la checklist che sistema tutto. Chi si mette in regola prima, dorme meglio dopo.
👉 Iscriviti al corso: Formazione integrativa lavoratore 4 ore – gestione e smaltimento rifiuti -> https://81plus.net/?corso=formazione-integrativa-lavoratore-4-ore-gestione-e-smaltimen
▶️ YouTube: youtube.com/@sicurissimo
Contenuto informativo. Prima vedi. Poi sistemi. 81plus.net",Formazione integrativa lavoratore 4 ore – gestione e smaltimento rifiuti,https://81plus.net/?corso=formazione-integrativa-lavoratore-4-ore-gestione-e-smaltimen,#TalesOfSicurix #SICURIX #Metodo81 #81plus #Sicurissimo #Ambientale #Privacy #Sicurezza #HACCP #SicurezzaSulLavoro,SICURIX_TALES_162301_26_21_8_22_4_9_7_16_12_1_5.webp,https://drive.google.com/drive/folders/1hICKXdl9JTZBL1pemG19oE_661z-EH_k,IMG_ERR
33.20.05,Manifattura,C,Privacy+Sicurezza+HACCP+Ambientale,12,Registro dei Trattamenti | Uso e Formazione DPI | Formazione Generale Lavoratori | Controllo Temperature e Celle | Manuale HACCP di Autocontrollo | Corso Alimentarista | Movimentazione Manuale Carichi | Gestione Allergeni | Formazione Specifica (rischio alto) | Rappresentante Lavoratori Sicurezza (RLS) | Nomina Incaricati/Responsabili | Gestione Rifiuti e Registro,GDPR art.30 | D.Lgs81/08 art.77 | Accordo Stato-Regioni | Reg.CE 852/2004 | D.Lgs81/08 Tit.VI | Reg.UE 1169/2011 | D.Lgs81/08 art.47 | GDPR art.28-29 | D.Lgs152/06,"SICURIX>PHISHIX, PRIVACIX>NONDPIX, CIFRIX>NONDPIX, PREPOSTIX>TEMPORIX, CHECKIX>OBLIVIX, PREPOSTIX>TEMPORIX, TRACCIX>CHIMIKIX, PREPOSTIX>TEMPORIX, CIFRIX>FRETTIX, PREPOSTIX>ØTIX, BLINKIX>OBLIVIX, CIFRIX>IMPROVVISIX","Crea una PAGINA A FUMETTI a STORIA COMPLETA, verticale A4 (1024x1536), QUALITA' EDITORIALE DA STAMPA, stile ufficiale 'SICURIX TALES' IDENTICO alle immagini di riferimento allegate (stessi personaggi a mattoncini 3D, stessa impaginazione, stessi colori, stesse rese): minifigure espressive, ambientazioni ricche e dettagliate del settore, luci morbide, profondita', bordi vignetta netti. IMPAGINAZIONE OBBLIGATORIA: da 10 a 12 VIGNETTE numerate che raccontano UNA STORIA con arco narrativo completo (1 situazione normale -> 2-4 arrivano i pericoli coi cattivi -> 5-6 tensione/conseguenza -> 7-9 arriva SICURIX con gli eroi e applica il METODO81+ passo per passo -> 10-11 risoluzione ordinata -> 12 finale). HEADER in alto: SICURIX (mantello, medaglione arancione '81+', bussola) che presenta in un fumetto; grande titolo 'SICURIX TALES'; sottotitolo 'MANIFATTURA: Pericolo vs Soluzione con Metodo 81+'; legenda 3 voci (verde Sicurezza, rosso Rischio, blu 81+ Soluzione); fila di EROI coi nomi: SICURIX, PRIVACIX, CIFRIX, PREPOSTIX, CHECKIX, TRACCIX. FOOTER in basso: grande 'Prima vedi. Poi sistemi.'; banner scudo verde 'PROTEGGIAMO. PREVENIAMO. MIGLIORIAMO.' e triangolo rosso 'DISATTENZIONE. RISCHI. COSTI. CAOS.'; logo '81+' + '81plus.net'. TRAMA (usa questi eventi come vignette; se sono meno di 10 aggiungi vignette di contesto, dialogo e reazione per arrivare a 10-12): 1) PHISHIX causa il pericolo 'Registro' (Registro dei Trattamenti); poi SICURIX+SICURIX applicano il METODO81+; 2) NONDPIX causa il pericolo 'DPI' (Uso e Formazione DPI); poi PRIVACIX+SICURIX applicano il METODO81+; 3) NONDPIX causa il pericolo 'Formazione base' (Formazione Generale Lavoratori); poi CIFRIX+SICURIX applicano il METODO81+; 4) TEMPORIX causa il pericolo 'Temperature' (Controllo Temperature e Celle); poi PREPOSTIX+SICURIX applicano il METODO81+; 5) OBLIVIX causa il pericolo 'Documento' (Manuale HACCP di Autocontrollo); poi CHECKIX+SICURIX applicano il METODO81+; 6) TEMPORIX causa il pericolo 'Corso' (Corso Alimentarista); poi PREPOSTIX+SICURIX applicano il METODO81+; 7) CHIMIKIX causa il pericolo 'MMC' (Movimentazione Manuale Carichi); poi TRACCIX+SICURIX applicano il METODO81+; 8) TEMPORIX causa il pericolo 'Allergeni' (Gestione Allergeni); poi PREPOSTIX+SICURIX applicano il METODO81+; 9) FRETTIX causa il pericolo 'Formazione specifica' (Formazione Specifica (rischio alto)); poi CIFRIX+SICURIX applicano il METODO81+; 10) ØTIX causa il pericolo 'Ruolo/RLS' (Rappresentante Lavoratori Sicurezza (RLS)); poi PREPOSTIX+SICURIX applicano il METODO81+; 11) OBLIVIX causa il pericolo 'Nomine' (Nomina Incaricati/Responsabili); poi BLINKIX+SICURIX applicano il METODO81+; 12) IMPROVVISIX causa il pericolo 'Rifiuti' (Gestione Rifiuti e Registro); poi CIFRIX+SICURIX applicano il METODO81+. PALETTE BRAND ESCLUSIVA: nero #05050A, bianco panna, arancione #FF6A1A/#E8501A; ROSSO solo per 'PERICOLO', VERDE per la checklist 'Metodo 81+'. Logo '81+' ben visibile in OGNI vignetta. REGOLA STORIA: SICURIX NON agisce mai da solo - in OGNI vignetta di soluzione si fa AIUTARE dai suoi colleghi EROI (lavoro di squadra, ognuno col suo ruolo). TESTO: didascalie e fumetti MOLTO BREVI (1-4 parole), GRANDI, centrati, in ITALIANO con ORTOGRAFIA PERFETTA, senza parole inventate, lettere doppie errate o testo tagliato. CATTIVI (coerenti col canone): PHISHIX, NONDPIX, TEMPORIX, OBLIVIX, CHIMIKIX, FRETTIX, ØTIX, IMPROVVISIX. EROI: SICURIX, PRIVACIX, CIFRIX, PREPOSTIX, CHECKIX, TRACCIX, BLINKIX. NEGATIVE: nessun marchio LEGO reale, nessun personaggio protetto (Asterix ecc.), niente gore/horror, niente claim assoluti ('rischio zero','garantito','zero multe').",Quello che l'ispettore controlla per primo in Manifattura (e quasi nessuno lo sa),"In Manifattura c'e' un obbligo che in tanti scoprono solo con la sanzione

In manifattura gli adempimenti obbligatori non aspettano: Registro, DPI, Formazione base, Temperature, Documento, Corso, MMC, Allergeni, Formazione specifica, Ruolo/RLS, Nomine, Rifiuti. In questa pagina TALES OF SICURIX il PERICOLO prende forma... e il METODO81+ lo rimette in ordine, passo dopo passo. Immagina la scena: prima il caos, poi la checklist che sistema tutto. Chi si mette in regola prima, dorme meglio dopo.
👉 Iscriviti al corso: Corso privacy destinato ai lavoratori -> https://81plus.net/?corso=corso-privacy-destinato-ai-lavoratori
▶️ YouTube: youtube.com/@sicurissimo
Contenuto informativo. Prima vedi. Poi sistemi. 81plus.net",Corso privacy destinato ai lavoratori,https://81plus.net/?corso=corso-privacy-destinato-ai-lavoratori,#TalesOfSicurix #SICURIX #Metodo81 #81plus #Sicurissimo #Privacy #Sicurezza #HACCP #Ambientale #SicurezzaSulLavoro,SICURIX_TALES_332005_22_8_1_18_14_15_10_20_2_4_23_26.webp,https://drive.google.com/drive/folders/1hICKXdl9JTZBL1pemG19oE_661z-EH_k,IMG_ERR
52.31.00,Trasporti/Magazzino,H,Sicurezza+Ambientale+Privacy,10,Rappresentante Lavoratori Sicurezza (RLS) | Formazione Ambientale | Uso e Formazione DPI | Movimentazione Manuale Carichi | Rischio Rumore | Gestione Rifiuti e Registro | Formazione Generale Lavoratori | Sorveglianza Sanitaria / Medico Competente | Documento Valutazione Rischi (DVR) | Procedura Data Breach,D.Lgs81/08 art.47 | D.Lgs152/06 | D.Lgs81/08 art.77 | D.Lgs81/08 Tit.VI | D.Lgs81/08 Tit.VIII | Accordo Stato-Regioni | D.Lgs81/08 art.41 | D.Lgs81/08 art.28 | GDPR art.33-34,"BLINKIX>IMPROVVISIX, DOCUMIX>RISKIX, PRIVACIX>RUMORIX, CIFRIX>CHIMIKIX, HYGIENIX>TAGLIX, HYGIENIX>FRETTIX, CIFRIX>SEGNALEX, CIFRIX>CHIMIKIX, SCUDIX>ØTIX, CHECKIX>HACKIX","Crea una PAGINA A FUMETTI a STORIA COMPLETA, verticale A4 (1024x1536), QUALITA' EDITORIALE DA STAMPA, stile ufficiale 'SICURIX TALES' IDENTICO alle immagini di riferimento allegate (stessi personaggi a mattoncini 3D, stessa impaginazione, stessi colori, stesse rese): minifigure espressive, ambientazioni ricche e dettagliate del settore, luci morbide, profondita', bordi vignetta netti. IMPAGINAZIONE OBBLIGATORIA: da 10 a 12 VIGNETTE numerate che raccontano UNA STORIA con arco narrativo completo (1 situazione normale -> 2-4 arrivano i pericoli coi cattivi -> 5-6 tensione/conseguenza -> 7-9 arriva SICURIX con gli eroi e applica il METODO81+ passo per passo -> 10-11 risoluzione ordinata -> 12 finale). HEADER in alto: SICURIX (mantello, medaglione arancione '81+', bussola) che presenta in un fumetto; grande titolo 'SICURIX TALES'; sottotitolo 'TRASPORTI/MAGAZZINO: Pericolo vs Soluzione con Metodo 81+'; legenda 3 voci (verde Sicurezza, rosso Rischio, blu 81+ Soluzione); fila di EROI coi nomi: BLINKIX, DOCUMIX, PRIVACIX, CIFRIX, HYGIENIX, SCUDIX. FOOTER in basso: grande 'Prima vedi. Poi sistemi.'; banner scudo verde 'PROTEGGIAMO. PREVENIAMO. MIGLIORIAMO.' e triangolo rosso 'DISATTENZIONE. RISCHI. COSTI. CAOS.'; logo '81+' + '81plus.net'. TRAMA (usa questi eventi come vignette; se sono meno di 10 aggiungi vignette di contesto, dialogo e reazione per arrivare a 10-12): 1) IMPROVVISIX causa il pericolo 'Ruolo/RLS' (Rappresentante Lavoratori Sicurezza (RLS)); poi BLINKIX+SICURIX applicano il METODO81+; 2) RISKIX causa il pericolo 'Formazione' (Formazione Ambientale); poi DOCUMIX+SICURIX applicano il METODO81+; 3) RUMORIX causa il pericolo 'DPI' (Uso e Formazione DPI); poi PRIVACIX+SICURIX applicano il METODO81+; 4) CHIMIKIX causa il pericolo 'MMC' (Movimentazione Manuale Carichi); poi CIFRIX+SICURIX applicano il METODO81+; 5) TAGLIX causa il pericolo 'Rumore' (Rischio Rumore); poi HYGIENIX+SICURIX applicano il METODO81+; 6) FRETTIX causa il pericolo 'Rifiuti' (Gestione Rifiuti e Registro); poi HYGIENIX+SICURIX applicano il METODO81+; 7) SEGNALEX causa il pericolo 'Formazione base' (Formazione Generale Lavoratori); poi CIFRIX+SICURIX applicano il METODO81+; 8) CHIMIKIX causa il pericolo 'Sorveglianza sanitaria' (Sorveglianza Sanitaria / Medico Competente); poi CIFRIX+SICURIX applicano il METODO81+; 9) ØTIX causa il pericolo 'Documento' (Documento Valutazione Rischi (DVR)); poi SCUDIX+SICURIX applicano il METODO81+; 10) HACKIX causa il pericolo 'Data breach' (Procedura Data Breach); poi CHECKIX+SICURIX applicano il METODO81+. PALETTE BRAND ESCLUSIVA: nero #05050A, bianco panna, arancione #FF6A1A/#E8501A; ROSSO solo per 'PERICOLO', VERDE per la checklist 'Metodo 81+'. Logo '81+' ben visibile in OGNI vignetta. REGOLA STORIA: SICURIX NON agisce mai da solo - in OGNI vignetta di soluzione si fa AIUTARE dai suoi colleghi EROI (lavoro di squadra, ognuno col suo ruolo). TESTO: didascalie e fumetti MOLTO BREVI (1-4 parole), GRANDI, centrati, in ITALIANO con ORTOGRAFIA PERFETTA, senza parole inventate, lettere doppie errate o testo tagliato. CATTIVI (coerenti col canone): IMPROVVISIX, RISKIX, RUMORIX, CHIMIKIX, TAGLIX, FRETTIX, SEGNALEX, ØTIX, HACKIX. EROI: BLINKIX, DOCUMIX, PRIVACIX, CIFRIX, HYGIENIX, SCUDIX, CHECKIX. NEGATIVE: nessun marchio LEGO reale, nessun personaggio protetto (Asterix ecc.), niente gore/horror, niente claim assoluti ('rischio zero','garantito','zero multe').",La differenza tra chi in Trasporti/Magazzino dorme sereno e chi trema al controllo,"Trasporti/Magazzino: 3 minuti oggi o un problema enorme domani. Scegli tu.

In trasporti/magazzino gli adempimenti obbligatori non aspettano: Ruolo/RLS, Formazione, DPI, MMC, Rumore, Rifiuti, Formazione base, Sorveglianza sanitaria, Documento, Data breach. In questa pagina TALES OF SICURIX il PERICOLO prende forma... e il METODO81+ lo rimette in ordine, passo dopo passo. Immagina la scena: prima il caos, poi la checklist che sistema tutto. Non e' burocrazia: e' la tua tranquillita.
👉 Iscriviti al corso: Corso RLS -> https://81plus.net/?corso=corso-rls
▶️ YouTube: youtube.com/@sicurissimo
Contenuto informativo. Prima vedi. Poi sistemi. 81plus.net",Corso RLS,https://81plus.net/?corso=corso-rls,#TalesOfSicurix #SICURIX #Metodo81 #81plus #Sicurissimo #Sicurezza #Ambientale #Privacy #SicurezzaSulLavoro,SICURIX_TALES_523100_4_21_8_10_12_20_1_9_0_19.webp,https://drive.google.com/drive/folders/1hICKXdl9JTZBL1pemG19oE_661z-EH_k,IMG_ERR
63.92.00,Finanza/Assicurazioni,K,Sicurezza+Privacy,10,Documento Valutazione Rischi (DVR) | Procedura Data Breach | Nomina Incaricati/Responsabili | Addetto Primo Soccorso | RSPP / Datore di Lavoro RSPP | Uso e Formazione DPI | Formazione Specifica (rischio basso) | Addetto Antincendio | Rappresentante Lavoratori Sicurezza (RLS) | Informativa e Consensi,D.Lgs81/08 art.28 | GDPR art.33-34 | GDPR art.28-29 | DM 388/2003 | D.Lgs81/08 art.34 | D.Lgs81/08 art.77 | Accordo Stato-Regioni | DM 2/9/2021 | D.Lgs81/08 art.47 | GDPR art.13,"CONSENSIX>SEGNALEX, DOCUMIX>IMPROVVISIX, CHECKIX>PHISHIX, HYGIENIX>FRETTIX, ROBOTIX81>ØTIX, CIFRIX>CAOSIX, HYGIENIX>SOTTOVALUTIX, BLINKIX>RUMORIX, SICURIX>RUMORIX, CIFRIX>SPYIX","Crea una PAGINA A FUMETTI a STORIA COMPLETA, verticale A4 (1024x1536), QUALITA' EDITORIALE DA STAMPA, stile ufficiale 'SICURIX TALES' IDENTICO alle immagini di riferimento allegate (stessi personaggi a mattoncini 3D, stessa impaginazione, stessi colori, stesse rese): minifigure espressive, ambientazioni ricche e dettagliate del settore, luci morbide, profondita', bordi vignetta netti. IMPAGINAZIONE OBBLIGATORIA: da 10 a 12 VIGNETTE numerate che raccontano UNA STORIA con arco narrativo completo (1 situazione normale -> 2-4 arrivano i pericoli coi cattivi -> 5-6 tensione/conseguenza -> 7-9 arriva SICURIX con gli eroi e applica il METODO81+ passo per passo -> 10-11 risoluzione ordinata -> 12 finale). HEADER in alto: SICURIX (mantello, medaglione arancione '81+', bussola) che presenta in un fumetto; grande titolo 'SICURIX TALES'; sottotitolo 'FINANZA/ASSICURAZIONI: Pericolo vs Soluzione con Metodo 81+'; legenda 3 voci (verde Sicurezza, rosso Rischio, blu 81+ Soluzione); fila di EROI coi nomi: CONSENSIX, DOCUMIX, CHECKIX, HYGIENIX, ROBOTIX81, CIFRIX. FOOTER in basso: grande 'Prima vedi. Poi sistemi.'; banner scudo verde 'PROTEGGIAMO. PREVENIAMO. MIGLIORIAMO.' e triangolo rosso 'DISATTENZIONE. RISCHI. COSTI. CAOS.'; logo '81+' + '81plus.net'. TRAMA (usa questi eventi come vignette; se sono meno di 10 aggiungi vignette di contesto, dialogo e reazione per arrivare a 10-12): 1) SEGNALEX causa il pericolo 'Documento' (Documento Valutazione Rischi (DVR)); poi CONSENSIX+SICURIX applicano il METODO81+; 2) IMPROVVISIX causa il pericolo 'Data breach' (Procedura Data Breach); poi DOCUMIX+SICURIX applicano il METODO81+; 3) PHISHIX causa il pericolo 'Nomine' (Nomina Incaricati/Responsabili); poi CHECKIX+SICURIX applicano il METODO81+; 4) FRETTIX causa il pericolo 'Emergenze/Soccorso' (Addetto Primo Soccorso); poi HYGIENIX+SICURIX applicano il METODO81+; 5) ØTIX causa il pericolo 'Ruolo/RSPP' (RSPP / Datore di Lavoro RSPP); poi ROBOTIX81+SICURIX applicano il METODO81+; 6) CAOSIX causa il pericolo 'DPI' (Uso e Formazione DPI); poi CIFRIX+SICURIX applicano il METODO81+; 7) SOTTOVALUTIX causa il pericolo 'Formazione specifica' (Formazione Specifica (rischio basso)); poi HYGIENIX+SICURIX applicano il METODO81+; 8) RUMORIX causa il pericolo 'Emergenze/Incendio' (Addetto Antincendio); poi BLINKIX+SICURIX applicano il METODO81+; 9) RUMORIX causa il pericolo 'Ruolo/RLS' (Rappresentante Lavoratori Sicurezza (RLS)); poi SICURIX+SICURIX applicano il METODO81+; 10) SPYIX causa il pericolo 'Documento' (Informativa e Consensi); poi CIFRIX+SICURIX applicano il METODO81+. PALETTE BRAND ESCLUSIVA: nero #05050A, bianco panna, arancione #FF6A1A/#E8501A; ROSSO solo per 'PERICOLO', VERDE per la checklist 'Metodo 81+'. Logo '81+' ben visibile in OGNI vignetta. REGOLA STORIA: SICURIX NON agisce mai da solo - in OGNI vignetta di soluzione si fa AIUTARE dai suoi colleghi EROI (lavoro di squadra, ognuno col suo ruolo). TESTO: didascalie e fumetti MOLTO BREVI (1-4 parole), GRANDI, centrati, in ITALIANO con ORTOGRAFIA PERFETTA, senza parole inventate, lettere doppie errate o testo tagliato. CATTIVI (coerenti col canone): SEGNALEX, IMPROVVISIX, PHISHIX, FRETTIX, ØTIX, CAOSIX, SOTTOVALUTIX, RUMORIX, SPYIX. EROI: CONSENSIX, DOCUMIX, CHECKIX, HYGIENIX, ROBOTIX81, CIFRIX, BLINKIX, SICURIX. NEGATIVE: nessun marchio LEGO reale, nessun personaggio protetto (Asterix ecc.), niente gore/horror, niente claim assoluti ('rischio zero','garantito','zero multe').","In Finanza/Assicurazioni non e' 'se' arriva il controllo, e' 'quando'. Sei pronto?","In Finanza/Assicurazioni non e' 'se' arriva il controllo, e' 'quando'. Sei pronto?

In finanza/assicurazioni gli adempimenti obbligatori non aspettano: Documento, Data breach, Nomine, Emergenze/Soccorso, Ruolo/RSPP, DPI, Formazione specifica, Emergenze/Incendio, Ruolo/RLS. In questa pagina TALES OF SICURIX il PERICOLO prende forma... e il METODO81+ lo rimette in ordine, passo dopo passo. Immagina la scena: prima il caos, poi la checklist che sistema tutto. La regola c'e' gia': tu falla lavorare per te.
👉 Iscriviti al corso: Corso lavoratore parte GENERALE 4 ore -> https://81plus.net/?corso=corso-lavoratore-parte-generale-4-ore
▶️ YouTube: youtube.com/@sicurissimo
Contenuto informativo. Prima vedi. Poi sistemi. 81plus.net",Corso lavoratore parte GENERALE 4 ore,https://81plus.net/?corso=corso-lavoratore-parte-generale-4-ore,#TalesOfSicurix #SICURIX #Metodo81 #81plus #Sicurissimo #Sicurezza #Privacy #SicurezzaSulLavoro,SICURIX_TALES_639200_0_13_11_6_5_8_2_7_4_9.webp,https://drive.google.com/drive/folders/1hICKXdl9JTZBL1pemG19oE_661z-EH_k,IMG_ERR
16.21.00,Manifattura,C,Ambientale+HACCP+Sicurezza+Privacy,10,Gestione Rifiuti e Registro | Manuale HACCP di Autocontrollo | Addetto Antincendio | RSPP / Datore di Lavoro RSPP | Registro dei Trattamenti | Informativa e Consensi | Formazione GDPR | Gestione Allergeni | Piano di Sanificazione | Corso Alimentarista,D.Lgs152/06 | Reg.CE 852/2004 | DM 2/9/2021 | D.Lgs81/08 art.34 | GDPR art.30 | GDPR art.13 | GDPR art.32 | Reg.UE 1169/2011,"CIFRIX>IMPROVVISIX, SICURIX>CAOSIX, FORMIX>RISKIX, PREPOSTIX>CADUTIX, CIFRIX>OBLIVIX, CIFRIX>PERMISSIONIX, LUXPECTORIX>RISKIX, ROBOTIX81>DOSAGIX, ROBOTIX81>SCADUTIX, CHECKIX>IMPROVVISIX","Crea una PAGINA A FUMETTI a STORIA COMPLETA, verticale A4 (1024x1536), QUALITA' EDITORIALE DA STAMPA, stile ufficiale 'SICURIX TALES' IDENTICO alle immagini di riferimento allegate (stessi personaggi a mattoncini 3D, stessa impaginazione, stessi colori, stesse rese): minifigure espressive, ambientazioni ricche e dettagliate del settore, luci morbide, profondita', bordi vignetta netti. IMPAGINAZIONE OBBLIGATORIA: da 10 a 12 VIGNETTE numerate che raccontano UNA STORIA con arco narrativo completo (1 situazione normale -> 2-4 arrivano i pericoli coi cattivi -> 5-6 tensione/conseguenza -> 7-9 arriva SICURIX con gli eroi e applica il METODO81+ passo per passo -> 10-11 risoluzione ordinata -> 12 finale). HEADER in alto: SICURIX (mantello, medaglione arancione '81+', bussola) che presenta in un fumetto; grande titolo 'SICURIX TALES'; sottotitolo 'MANIFATTURA: Pericolo vs Soluzione con Metodo 81+'; legenda 3 voci (verde Sicurezza, rosso Rischio, blu 81+ Soluzione); fila di EROI coi nomi: CIFRIX, SICURIX, FORMIX, PREPOSTIX, LUXPECTORIX, ROBOTIX81. FOOTER in basso: grande 'Prima vedi. Poi sistemi.'; banner scudo verde 'PROTEGGIAMO. PREVENIAMO. MIGLIORIAMO.' e triangolo rosso 'DISATTENZIONE. RISCHI. COSTI. CAOS.'; logo '81+' + '81plus.net'. TRAMA (usa questi eventi come vignette; se sono meno di 10 aggiungi vignette di contesto, dialogo e reazione per arrivare a 10-12): 1) IMPROVVISIX causa il pericolo 'Rifiuti' (Gestione Rifiuti e Registro); poi CIFRIX+SICURIX applicano il METODO81+; 2) CAOSIX causa il pericolo 'Documento' (Manuale HACCP di Autocontrollo); poi SICURIX+SICURIX applicano il METODO81+; 3) RISKIX causa il pericolo 'Emergenze/Incendio' (Addetto Antincendio); poi FORMIX+SICURIX applicano il METODO81+; 4) CADUTIX causa il pericolo 'Ruolo/RSPP' (RSPP / Datore di Lavoro RSPP); poi PREPOSTIX+SICURIX applicano il METODO81+; 5) OBLIVIX causa il pericolo 'Registro' (Registro dei Trattamenti); poi CIFRIX+SICURIX applicano il METODO81+; 6) PERMISSIONIX causa il pericolo 'Documento' (Informativa e Consensi); poi CIFRIX+SICURIX applicano il METODO81+; 7) RISKIX causa il pericolo 'Formazione' (Formazione GDPR); poi LUXPECTORIX+SICURIX applicano il METODO81+; 8) DOSAGIX causa il pericolo 'Allergeni' (Gestione Allergeni); poi ROBOTIX81+SICURIX applicano il METODO81+; 9) SCADUTIX causa il pericolo 'Sanificazione' (Piano di Sanificazione); poi ROBOTIX81+SICURIX applicano il METODO81+; 10) IMPROVVISIX causa il pericolo 'Corso' (Corso Alimentarista); poi CHECKIX+SICURIX applicano il METODO81+. PALETTE BRAND ESCLUSIVA: nero #05050A, bianco panna, arancione #FF6A1A/#E8501A; ROSSO solo per 'PERICOLO', VERDE per la checklist 'Metodo 81+'. Logo '81+' ben visibile in OGNI vignetta. REGOLA STORIA: SICURIX NON agisce mai da solo - in OGNI vignetta di soluzione si fa AIUTARE dai suoi colleghi EROI (lavoro di squadra, ognuno col suo ruolo). TESTO: didascalie e fumetti MOLTO BREVI (1-4 parole), GRANDI, centrati, in ITALIANO con ORTOGRAFIA PERFETTA, senza parole inventate, lettere doppie errate o testo tagliato. CATTIVI (coerenti col canone): IMPROVVISIX, CAOSIX, RISKIX, CADUTIX, OBLIVIX, PERMISSIONIX, DOSAGIX, SCADUTIX. EROI: CIFRIX, SICURIX, FORMIX, PREPOSTIX, LUXPECTORIX, ROBOTIX81, CHECKIX. NEGATIVE: nessun marchio LEGO reale, nessun personaggio protetto (Asterix ecc.), niente gore/horror, niente claim assoluti ('rischio zero','garantito','zero multe').",Manifattura: 3 minuti oggi o un problema enorme domani. Scegli tu.,"In Manifattura c'e' un obbligo che in tanti scoprono solo con la sanzione

In manifattura gli adempimenti obbligatori non aspettano: Rifiuti, Documento, Emergenze/Incendio, Ruolo/RSPP, Registro, Formazione, Allergeni, Sanificazione, Corso. In questa pagina TALES OF SICURIX il PERICOLO prende forma... e il METODO81+ lo rimette in ordine, passo dopo passo. Immagina la scena: prima il caos, poi la checklist che sistema tutto. Non e' burocrazia: e' la tua tranquillita.
👉 Iscriviti al corso: Formazione integrativa lavoratore 4 ore – gestione e smaltimento rifiuti -> https://81plus.net/?corso=formazione-integrativa-lavoratore-4-ore-gestione-e-smaltimen
▶️ YouTube: youtube.com/@sicurissimo
Contenuto informativo. Prima vedi. Poi sistemi. 81plus.net",Formazione integrativa lavoratore 4 ore – gestione e smaltimento rifiuti,https://81plus.net/?corso=formazione-integrativa-lavoratore-4-ore-gestione-e-smaltimen,#TalesOfSicurix #SICURIX #Metodo81 #81plus #Sicurissimo #Ambientale #HACCP #Sicurezza #Privacy #SicurezzaSulLavoro,SICURIX_TALES_162100_26_14_7_5_22_21_24_20_16_15.webp,https://drive.google.com/drive/folders/1hICKXdl9JTZBL1pemG19oE_661z-EH_k,IMG_ERR
25.53.00,Manifattura,C,Privacy+Sicurezza+HACCP+Ambientale,11,Formazione GDPR | Rappresentante Lavoratori Sicurezza (RLS) | Registro dei Trattamenti | Rischio Rumore | Piano di Sanificazione | Formazione Specifica (rischio alto) | Manuale HACCP di Autocontrollo | Uso e Formazione DPI | Corso Alimentarista | Addetto Antincendio | Formazione Ambientale,GDPR art.32 | D.Lgs81/08 art.47 | GDPR art.30 | D.Lgs81/08 Tit.VIII | Reg.CE 852/2004 | Accordo Stato-Regioni | D.Lgs81/08 art.77 | DM 2/9/2021 | D.Lgs152/06,"CONSENSIX>SPYIX, CHEFIX>FRETTIX, HYGIENIX>PERMISSIONIX, CHEFIX>CAOSIX, SICURIX>OBLIVIX, PREPOSTIX>NONDPIX, CHEFIX>ACQUAIX, SICURIX>VOLTIX, HYGIENIX>TEMPORIX, FORMIX>TAGLIX, CIFRIX>OBLIVIX","Crea una PAGINA A FUMETTI a STORIA COMPLETA, verticale A4 (1024x1536), QUALITA' EDITORIALE DA STAMPA, stile ufficiale 'SICURIX TALES' IDENTICO alle immagini di riferimento allegate (stessi personaggi a mattoncini 3D, stessa impaginazione, stessi colori, stesse rese): minifigure espressive, ambientazioni ricche e dettagliate del settore, luci morbide, profondita', bordi vignetta netti. IMPAGINAZIONE OBBLIGATORIA: da 10 a 12 VIGNETTE numerate che raccontano UNA STORIA con arco narrativo completo (1 situazione normale -> 2-4 arrivano i pericoli coi cattivi -> 5-6 tensione/conseguenza -> 7-9 arriva SICURIX con gli eroi e applica il METODO81+ passo per passo -> 10-11 risoluzione ordinata -> 12 finale). HEADER in alto: SICURIX (mantello, medaglione arancione '81+', bussola) che presenta in un fumetto; grande titolo 'SICURIX TALES'; sottotitolo 'MANIFATTURA: Pericolo vs Soluzione con Metodo 81+'; legenda 3 voci (verde Sicurezza, rosso Rischio, blu 81+ Soluzione); fila di EROI coi nomi: CONSENSIX, CHEFIX, HYGIENIX, SICURIX, PREPOSTIX, FORMIX. FOOTER in basso: grande 'Prima vedi. Poi sistemi.'; banner scudo verde 'PROTEGGIAMO. PREVENIAMO. MIGLIORIAMO.' e triangolo rosso 'DISATTENZIONE. RISCHI. COSTI. CAOS.'; logo '81+' + '81plus.net'. TRAMA (usa questi eventi come vignette; se sono meno di 10 aggiungi vignette di contesto, dialogo e reazione per arrivare a 10-12): 1) SPYIX causa il pericolo 'Formazione' (Formazione GDPR); poi CONSENSIX+SICURIX applicano il METODO81+; 2) FRETTIX causa il pericolo 'Ruolo/RLS' (Rappresentante Lavoratori Sicurezza (RLS)); poi CHEFIX+SICURIX applicano il METODO81+; 3) PERMISSIONIX causa il pericolo 'Registro' (Registro dei Trattamenti); poi HYGIENIX+SICURIX applicano il METODO81+; 4) CAOSIX causa il pericolo 'Rumore' (Rischio Rumore); poi CHEFIX+SICURIX applicano il METODO81+; 5) OBLIVIX causa il pericolo 'Sanificazione' (Piano di Sanificazione); poi SICURIX+SICURIX applicano il METODO81+; 6) NONDPIX causa il pericolo 'Formazione specifica' (Formazione Specifica (rischio alto)); poi PREPOSTIX+SICURIX applicano il METODO81+; 7) ACQUAIX causa il pericolo 'Documento' (Manuale HACCP di Autocontrollo); poi CHEFIX+SICURIX applicano il METODO81+; 8) VOLTIX causa il pericolo 'DPI' (Uso e Formazione DPI); poi SICURIX+SICURIX applicano il METODO81+; 9) TEMPORIX causa il pericolo 'Corso' (Corso Alimentarista); poi HYGIENIX+SICURIX applicano il METODO81+; 10) TAGLIX causa il pericolo 'Emergenze/Incendio' (Addetto Antincendio); poi FORMIX+SICURIX applicano il METODO81+; 11) OBLIVIX causa il pericolo 'Formazione' (Formazione Ambientale); poi CIFRIX+SICURIX applicano il METODO81+. PALETTE BRAND ESCLUSIVA: nero #05050A, bianco panna, arancione #FF6A1A/#E8501A; ROSSO solo per 'PERICOLO', VERDE per la checklist 'Metodo 81+'. Logo '81+' ben visibile in OGNI vignetta. REGOLA STORIA: SICURIX NON agisce mai da solo - in OGNI vignetta di soluzione si fa AIUTARE dai suoi colleghi EROI (lavoro di squadra, ognuno col suo ruolo). TESTO: didascalie e fumetti MOLTO BREVI (1-4 parole), GRANDI, centrati, in ITALIANO con ORTOGRAFIA PERFETTA, senza parole inventate, lettere doppie errate o testo tagliato. CATTIVI (coerenti col canone): SPYIX, FRETTIX, PERMISSIONIX, CAOSIX, OBLIVIX, NONDPIX, ACQUAIX, VOLTIX, TEMPORIX, TAGLIX. EROI: CONSENSIX, CHEFIX, HYGIENIX, SICURIX, PREPOSTIX, FORMIX, CIFRIX. NEGATIVE: nessun marchio LEGO reale, nessun personaggio protetto (Asterix ecc.), niente gore/horror, niente claim assoluti ('rischio zero','garantito','zero multe').",La differenza tra chi in Manifattura dorme sereno e chi trema al controllo,"Manifattura: 3 minuti oggi o un problema enorme domani. Scegli tu.

In manifattura gli adempimenti obbligatori non aspettano: Formazione, Ruolo/RLS, Registro, Rumore, Sanificazione, Formazione specifica, Documento, DPI, Corso, Emergenze/Incendio. In questa pagina TALES OF SICURIX il PERICOLO prende forma... e il METODO81+ lo rimette in ordine, passo dopo passo. Immagina la scena: prima il caos, poi la checklist che sistema tutto. La regola c'e' gia': tu falla lavorare per te.
👉 Iscriviti al corso: GDPR 2016/679: privacy e trattamento dei dati personali -> https://81plus.net/?corso=gdpr-2016-679-privacy-e-trattamento-dei-dati-personali
▶️ YouTube: youtube.com/@sicurissimo
Contenuto informativo. Prima vedi. Poi sistemi. 81plus.net",GDPR 2016/679: privacy e trattamento dei dati personali,https://81plus.net/?corso=gdpr-2016-679-privacy-e-trattamento-dei-dati-personali,#TalesOfSicurix #SICURIX #Metodo81 #81plus #Sicurissimo #Privacy #Sicurezza #HACCP #Ambientale #SicurezzaSulLavoro,SICURIX_TALES_255300_24_4_22_12_16_2_14_8_15_7_27.webp,https://drive.google.com/drive/folders/1hICKXdl9JTZBL1pemG19oE_661z-EH_k,IMG_ERR
25.63.11,Manifattura,C,Sicurezza+Privacy+HACCP+Ambientale,10,Addetto Primo Soccorso | Nomina Incaricati/Responsabili | Lotta agli Infestanti (Pest Control) | Attrezzature e Macchine | Controllo Temperature e Celle | Gestione Rifiuti e Registro | Rischio Rumore | Formazione Specifica (rischio alto) | Sorveglianza Sanitaria / Medico Competente | Formazione Generale Lavoratori,DM 388/2003 | GDPR art.28-29 | Reg.CE 852/2004 | D.Lgs81/08 Tit.III | D.Lgs152/06 | D.Lgs81/08 Tit.VIII | Accordo Stato-Regioni | D.Lgs81/08 art.41,"CONSENSIX>TAGLIX, CHEFIX>FRETTIX, HYGIENIX>CAOSIX, CHEFIX>OBLIVIX, ROBOTIX81>OBLIVIX, CHECKIX>MULTIX, CIFRIX>FUMIX, HYGIENIX>POLVERIX, CONSENSIX>SOTTOVALUTIX, SICURIX>MULTIX","Crea una PAGINA A FUMETTI a STORIA COMPLETA, verticale A4 (1024x1536), QUALITA' EDITORIALE DA STAMPA, stile ufficiale 'SICURIX TALES' IDENTICO alle immagini di riferimento allegate (stessi personaggi a mattoncini 3D, stessa impaginazione, stessi colori, stesse rese): minifigure espressive, ambientazioni ricche e dettagliate del settore, luci morbide, profondita', bordi vignetta netti. IMPAGINAZIONE OBBLIGATORIA: da 10 a 12 VIGNETTE numerate che raccontano UNA STORIA con arco narrativo completo (1 situazione normale -> 2-4 arrivano i pericoli coi cattivi -> 5-6 tensione/conseguenza -> 7-9 arriva SICURIX con gli eroi e applica il METODO81+ passo per passo -> 10-11 risoluzione ordinata -> 12 finale). HEADER in alto: SICURIX (mantello, medaglione arancione '81+', bussola) che presenta in un fumetto; grande titolo 'SICURIX TALES'; sottotitolo 'MANIFATTURA: Pericolo vs Soluzione con Metodo 81+'; legenda 3 voci (verde Sicurezza, rosso Rischio, blu 81+ Soluzione); fila di EROI coi nomi: CONSENSIX, CHEFIX, HYGIENIX, ROBOTIX81, CHECKIX, CIFRIX. FOOTER in basso: grande 'Prima vedi. Poi sistemi.'; banner scudo verde 'PROTEGGIAMO. PREVENIAMO. MIGLIORIAMO.' e triangolo rosso 'DISATTENZIONE. RISCHI. COSTI. CAOS.'; logo '81+' + '81plus.net'. TRAMA (usa questi eventi come vignette; se sono meno di 10 aggiungi vignette di contesto, dialogo e reazione per arrivare a 10-12): 1) TAGLIX causa il pericolo 'Emergenze/Soccorso' (Addetto Primo Soccorso); poi CONSENSIX+SICURIX applicano il METODO81+; 2) FRETTIX causa il pericolo 'Nomine' (Nomina Incaricati/Responsabili); poi CHEFIX+SICURIX applicano il METODO81+; 3) CAOSIX causa il pericolo 'Infestanti' (Lotta agli Infestanti (Pest Control)); poi HYGIENIX+SICURIX applicano il METODO81+; 4) OBLIVIX causa il pericolo 'Attrezzature' (Attrezzature e Macchine); poi CHEFIX+SICURIX applicano il METODO81+; 5) OBLIVIX causa il pericolo 'Temperature' (Controllo Temperature e Celle); poi ROBOTIX81+SICURIX applicano il METODO81+; 6) MULTIX causa il pericolo 'Rifiuti' (Gestione Rifiuti e Registro); poi CHECKIX+SICURIX applicano il METODO81+; 7) FUMIX causa il pericolo 'Rumore' (Rischio Rumore); poi CIFRIX+SICURIX applicano il METODO81+; 8) POLVERIX causa il pericolo 'Formazione specifica' (Formazione Specifica (rischio alto)); poi HYGIENIX+SICURIX applicano il METODO81+; 9) SOTTOVALUTIX causa il pericolo 'Sorveglianza sanitaria' (Sorveglianza Sanitaria / Medico Competente); poi CONSENSIX+SICURIX applicano il METODO81+; 10) MULTIX causa il pericolo 'Formazione base' (Formazione Generale Lavoratori); poi SICURIX+SICURIX applicano il METODO81+. PALETTE BRAND ESCLUSIVA: nero #05050A, bianco panna, arancione #FF6A1A/#E8501A; ROSSO solo per 'PERICOLO', VERDE per la checklist 'Metodo 81+'. Logo '81+' ben visibile in OGNI vignetta. REGOLA STORIA: SICURIX NON agisce mai da solo - in OGNI vignetta di soluzione si fa AIUTARE dai suoi colleghi EROI (lavoro di squadra, ognuno col suo ruolo). TESTO: didascalie e fumetti MOLTO BREVI (1-4 parole), GRANDI, centrati, in ITALIANO con ORTOGRAFIA PERFETTA, senza parole inventate, lettere doppie errate o testo tagliato. CATTIVI (coerenti col canone): TAGLIX, FRETTIX, CAOSIX, OBLIVIX, MULTIX, FUMIX, POLVERIX, SOTTOVALUTIX. EROI: CONSENSIX, CHEFIX, HYGIENIX, ROBOTIX81, CHECKIX, CIFRIX, SICURIX. NEGATIVE: nessun marchio LEGO reale, nessun personaggio protetto (Asterix ecc.), niente gore/horror, niente claim assoluti ('rischio zero','garantito','zero multe').",In Manifattura c'e' un obbligo che in tanti scoprono solo con la sanzione,"In Manifattura non e' 'se' arriva il controllo, e' 'quando'. Sei pronto?

In manifattura gli adempimenti obbligatori non aspettano: Emergenze/Soccorso, Nomine, Infestanti, Attrezzature, Temperature, Rifiuti, Rumore, Formazione specifica, Sorveglianza sanitaria, Formazione base. In questa pagina TALES OF SICURIX il PERICOLO prende forma... e il METODO81+ lo rimette in ordine, passo dopo passo. Immagina la scena: prima il caos, poi la checklist che sistema tutto. Chi si mette in regola prima, dorme meglio dopo.
👉 Iscriviti al corso: Corso Primo Soccorso (A-B-C) -> https://81plus.net/?corso=corso-primo-soccorso-a-b-c
▶️ YouTube: youtube.com/@sicurissimo
Contenuto informativo. Prima vedi. Poi sistemi. 81plus.net",Corso Primo Soccorso (A-B-C),https://81plus.net/?corso=corso-primo-soccorso-a-b-c,#TalesOfSicurix #SICURIX #Metodo81 #81plus #Sicurissimo #Sicurezza #Privacy #HACCP #Ambientale #SicurezzaSulLavoro,SICURIX_TALES_256311_6_23_19_13_18_26_12_2_9_1.webp,https://drive.google.com/drive/folders/1hICKXdl9JTZBL1pemG19oE_661z-EH_k,IMG_ERR
33.20.06,Manifattura,C,Sicurezza+HACCP+Privacy+Ambientale,11,Addetto Antincendio | Stress Lavoro-Correlato | Rintracciabilita ed Etichettatura | Attrezzature e Macchine | Procedura Data Breach | Manuale HACCP di Autocontrollo | Formazione Ambientale | Rischio Rumore | Formazione Specifica (rischio alto) | Gestione Allergeni | Gestione Rifiuti e Registro,DM 2/9/2021 | D.Lgs81/08 art.28 | Reg.CE 178/2002 | D.Lgs81/08 Tit.III | GDPR art.33-34 | Reg.CE 852/2004 | D.Lgs152/06 | D.Lgs81/08 Tit.VIII | Accordo Stato-Regioni | Reg.UE 1169/2011,"ROBOTIX81>FRETTIX, BLINKIX>CADUTIX, SICURIX>CAOSIX, FORMIX>VIBRIX, HYGIENIX>PHISHIX, LUXPECTORIX>OBLIVIX, CIFRIX>IMPROVVISIX, PREPOSTIX>SCIVOLIX, CHEFIX>CHIMIKIX, SCUDIX>MULTIX, CIFRIX>RISKIX","Crea una PAGINA A FUMETTI a STORIA COMPLETA, verticale A4 (1024x1536), QUALITA' EDITORIALE DA STAMPA, stile ufficiale 'SICURIX TALES' IDENTICO alle immagini di riferimento allegate (stessi personaggi a mattoncini 3D, stessa impaginazione, stessi colori, stesse rese): minifigure espressive, ambientazioni ricche e dettagliate del settore, luci morbide, profondita', bordi vignetta netti. IMPAGINAZIONE OBBLIGATORIA: da 10 a 12 VIGNETTE numerate che raccontano UNA STORIA con arco narrativo completo (1 situazione normale -> 2-4 arrivano i pericoli coi cattivi -> 5-6 tensione/conseguenza -> 7-9 arriva SICURIX con gli eroi e applica il METODO81+ passo per passo -> 10-11 risoluzione ordinata -> 12 finale). HEADER in alto: SICURIX (mantello, medaglione arancione '81+', bussola) che presenta in un fumetto; grande titolo 'SICURIX TALES'; sottotitolo 'MANIFATTURA: Pericolo vs Soluzione con Metodo 81+'; legenda 3 voci (verde Sicurezza, rosso Rischio, blu 81+ Soluzione); fila di EROI coi nomi: ROBOTIX81, BLINKIX, SICURIX, FORMIX, HYGIENIX, LUXPECTORIX. FOOTER in basso: grande 'Prima vedi. Poi sistemi.'; banner scudo verde 'PROTEGGIAMO. PREVENIAMO. MIGLIORIAMO.' e triangolo rosso 'DISATTENZIONE. RISCHI. COSTI. CAOS.'; logo '81+' + '81plus.net'. TRAMA (usa questi eventi come vignette; se sono meno di 10 aggiungi vignette di contesto, dialogo e reazione per arrivare a 10-12): 1) FRETTIX causa il pericolo 'Emergenze/Incendio' (Addetto Antincendio); poi ROBOTIX81+SICURIX applicano il METODO81+; 2) CADUTIX causa il pericolo 'Stress' (Stress Lavoro-Correlato); poi BLINKIX+SICURIX applicano il METODO81+; 3) CAOSIX causa il pericolo 'Rintracciabilita' (Rintracciabilita ed Etichettatura); poi SICURIX+SICURIX applicano il METODO81+; 4) VIBRIX causa il pericolo 'Attrezzature' (Attrezzature e Macchine); poi FORMIX+SICURIX applicano il METODO81+; 5) PHISHIX causa il pericolo 'Data breach' (Procedura Data Breach); poi HYGIENIX+SICURIX applicano il METODO81+; 6) OBLIVIX causa il pericolo 'Documento' (Manuale HACCP di Autocontrollo); poi LUXPECTORIX+SICURIX applicano il METODO81+; 7) IMPROVVISIX causa il pericolo 'Formazione' (Formazione Ambientale); poi CIFRIX+SICURIX applicano il METODO81+; 8) SCIVOLIX causa il pericolo 'Rumore' (Rischio Rumore); poi PREPOSTIX+SICURIX applicano il METODO81+; 9) CHIMIKIX causa il pericolo 'Formazione specifica' (Formazione Specifica (rischio alto)); poi CHEFIX+SICURIX applicano il METODO81+; 10) MULTIX causa il pericolo 'Allergeni' (Gestione Allergeni); poi SCUDIX+SICURIX applicano il METODO81+; 11) RISKIX causa il pericolo 'Rifiuti' (Gestione Rifiuti e Registro); poi CIFRIX+SICURIX applicano il METODO81+. PALETTE BRAND ESCLUSIVA: nero #05050A, bianco panna, arancione #FF6A1A/#E8501A; ROSSO solo per 'PERICOLO', VERDE per la checklist 'Metodo 81+'. Logo '81+' ben visibile in OGNI vignetta. REGOLA STORIA: SICURIX NON agisce mai da solo - in OGNI vignetta di soluzione si fa AIUTARE dai suoi colleghi EROI (lavoro di squadra, ognuno col suo ruolo). TESTO: didascalie e fumetti MOLTO BREVI (1-4 parole), GRANDI, centrati, in ITALIANO con ORTOGRAFIA PERFETTA, senza parole inventate, lettere doppie errate o testo tagliato. CATTIVI (coerenti col canone): FRETTIX, CADUTIX, CAOSIX, VIBRIX, PHISHIX, OBLIVIX, IMPROVVISIX, SCIVOLIX, CHIMIKIX, MULTIX, RISKIX. EROI: ROBOTIX81, BLINKIX, SICURIX, FORMIX, HYGIENIX, LUXPECTORIX, CIFRIX, PREPOSTIX, CHEFIX, SCUDIX. NEGATIVE: nessun marchio LEGO reale, nessun personaggio protetto (Asterix ecc.), niente gore/horror, niente claim assoluti ('rischio zero','garantito','zero multe').",La differenza tra chi in Manifattura dorme sereno e chi trema al controllo,"Manifattura: 3 minuti oggi o un problema enorme domani. Scegli tu.

In manifattura gli adempimenti obbligatori non aspettano: Emergenze/Incendio, Stress, Rintracciabilita, Attrezzature, Data breach, Documento, Formazione, Rumore, Formazione specifica, Allergeni, Rifiuti. In questa pagina TALES OF SICURIX il PERICOLO prende forma... e il METODO81+ lo rimette in ordine, passo dopo passo. Immagina la scena: prima il caos, poi la checklist che sistema tutto. Non e' burocrazia: e' la tua tranquillita.
👉 Iscriviti al corso: Corso antincendio livello 1 -> https://81plus.net/?corso=corso-antincendio-livello-1
▶️ YouTube: youtube.com/@sicurissimo
Contenuto informativo. Prima vedi. Poi sistemi. 81plus.net",Corso antincendio livello 1,https://81plus.net/?corso=corso-antincendio-livello-1,#TalesOfSicurix #SICURIX #Metodo81 #81plus #Sicurissimo #Sicurezza #HACCP #Privacy #Ambientale #SicurezzaSulLavoro,SICURIX_TALES_332006_7_11_18_14_26_15_28_13_2_21_27.webp,https://drive.google.com/drive/folders/1hICKXdl9JTZBL1pemG19oE_661z-EH_k,IMG_ERR
01.16.00,Agricoltura,A,Sicurezza+HACCP+Privacy,12,Formazione Preposto | Piano di Sanificazione | Registro dei Trattamenti | Uso e Formazione DPI | Trattori e Macchine Agricole | RSPP / Datore di Lavoro RSPP | Formazione Specifica (rischio alto) | Controllo Temperature e Celle | Sorveglianza Sanitaria / Medico Competente | Informativa e Consensi | Lotta agli Infestanti (Pest Control) | Attrezzature e Macchine,D.Lgs81/08 art.37 | Reg.CE 852/2004 | GDPR art.30 | D.Lgs81/08 art.77 | Accordo Stato-Regioni | D.Lgs81/08 art.34 | D.Lgs81/08 art.41 | GDPR art.13 | D.Lgs81/08 Tit.III,"CHECKIX>BIOXIX, BLINKIX>RISKIX, SICURIX>PHISHIX, BLINKIX>SEGNALEX, HYGIENIX>POLVERIX, TRACCIX>TAGLIX, CHEFIX>RISKIX, CHEFIX>CAOSIX, CONSENSIX>CHIMIKIX, PRIVACIX>FRETTIX, FORMIX>FRETTIX, CIFRIX>RISKIX","Crea una PAGINA A FUMETTI a STORIA COMPLETA, verticale A4 (1024x1536), QUALITA' EDITORIALE DA STAMPA, stile ufficiale 'SICURIX TALES' IDENTICO alle immagini di riferimento allegate (stessi personaggi a mattoncini 3D, stessa impaginazione, stessi colori, stesse rese): minifigure espressive, ambientazioni ricche e dettagliate del settore, luci morbide, profondita', bordi vignetta netti. IMPAGINAZIONE OBBLIGATORIA: da 10 a 12 VIGNETTE numerate che raccontano UNA STORIA con arco narrativo completo (1 situazione normale -> 2-4 arrivano i pericoli coi cattivi -> 5-6 tensione/conseguenza -> 7-9 arriva SICURIX con gli eroi e applica il METODO81+ passo per passo -> 10-11 risoluzione ordinata -> 12 finale). HEADER in alto: SICURIX (mantello, medaglione arancione '81+', bussola) che presenta in un fumetto; grande titolo 'SICURIX TALES'; sottotitolo 'AGRICOLTURA: Pericolo vs Soluzione con Metodo 81+'; legenda 3 voci (verde Sicurezza, rosso Rischio, blu 81+ Soluzione); fila di EROI coi nomi: CHECKIX, BLINKIX, SICURIX, HYGIENIX, TRACCIX, CHEFIX. FOOTER in basso: grande 'Prima vedi. Poi sistemi.'; banner scudo verde 'PROTEGGIAMO. PREVENIAMO. MIGLIORIAMO.' e triangolo rosso 'DISATTENZIONE. RISCHI. COSTI. CAOS.'; logo '81+' + '81plus.net'. TRAMA (usa questi eventi come vignette; se sono meno di 10 aggiungi vignette di contesto, dialogo e reazione per arrivare a 10-12): 1) BIOXIX causa il pericolo 'Ruolo/Preposto' (Formazione Preposto); poi CHECKIX+SICURIX applicano il METODO81+; 2) RISKIX causa il pericolo 'Sanificazione' (Piano di Sanificazione); poi BLINKIX+SICURIX applicano il METODO81+; 3) PHISHIX causa il pericolo 'Registro' (Registro dei Trattamenti); poi SICURIX+SICURIX applicano il METODO81+; 4) SEGNALEX causa il pericolo 'DPI' (Uso e Formazione DPI); poi BLINKIX+SICURIX applicano il METODO81+; 5) POLVERIX causa il pericolo 'Macchine agricole' (Trattori e Macchine Agricole); poi HYGIENIX+SICURIX applicano il METODO81+; 6) TAGLIX causa il pericolo 'Ruolo/RSPP' (RSPP / Datore di Lavoro RSPP); poi TRACCIX+SICURIX applicano il METODO81+; 7) RISKIX causa il pericolo 'Formazione specifica' (Formazione Specifica (rischio alto)); poi CHEFIX+SICURIX applicano il METODO81+; 8) CAOSIX causa il pericolo 'Temperature' (Controllo Temperature e Celle); poi CHEFIX+SICURIX applicano il METODO81+; 9) CHIMIKIX causa il pericolo 'Sorveglianza sanitaria' (Sorveglianza Sanitaria / Medico Competente); poi CONSENSIX+SICURIX applicano il METODO81+; 10) FRETTIX causa il pericolo 'Documento' (Informativa e Consensi); poi PRIVACIX+SICURIX applicano il METODO81+; 11) FRETTIX causa il pericolo 'Infestanti' (Lotta agli Infestanti (Pest Control)); poi FORMIX+SICURIX applicano il METODO81+; 12) RISKIX causa il pericolo 'Attrezzature' (Attrezzature e Macchine); poi CIFRIX+SICURIX applicano il METODO81+. PALETTE BRAND ESCLUSIVA: nero #05050A, bianco panna, arancione #FF6A1A/#E8501A; ROSSO solo per 'PERICOLO', VERDE per la checklist 'Metodo 81+'. Logo '81+' ben visibile in OGNI vignetta. REGOLA STORIA: SICURIX NON agisce mai da solo - in OGNI vignetta di soluzione si fa AIUTARE dai suoi colleghi EROI (lavoro di squadra, ognuno col suo ruolo). TESTO: didascalie e fumetti MOLTO BREVI (1-4 parole), GRANDI, centrati, in ITALIANO con ORTOGRAFIA PERFETTA, senza parole inventate, lettere doppie errate o testo tagliato. CATTIVI (coerenti col canone): BIOXIX, RISKIX, PHISHIX, SEGNALEX, POLVERIX, TAGLIX, CAOSIX, CHIMIKIX, FRETTIX. EROI: CHECKIX, BLINKIX, SICURIX, HYGIENIX, TRACCIX, CHEFIX, CONSENSIX, PRIVACIX, FORMIX, CIFRIX. NEGATIVE: nessun marchio LEGO reale, nessun personaggio protetto (Asterix ecc.), niente gore/horror, niente claim assoluti ('rischio zero','garantito','zero multe').",La differenza tra chi in Agricoltura dorme sereno e chi trema al controllo,"La differenza tra chi in Agricoltura dorme sereno e chi trema al controllo

In agricoltura gli adempimenti obbligatori non aspettano: Ruolo/Preposto, Sanificazione, Registro, DPI, Macchine agricole, Ruolo/RSPP, Formazione specifica, Temperature, Sorveglianza sanitaria, Documento, Infestanti, Attrezzature. In questa pagina TALES OF SICURIX il PERICOLO prende forma... e il METODO81+ lo rimette in ordine, passo dopo passo. Immagina la scena: prima il caos, poi la checklist che sistema tutto. Non e' burocrazia: e' la tua tranquillita.
👉 Iscriviti al corso: Corso per Preposto -> https://81plus.net/?corso=corso-per-preposto
▶️ YouTube: youtube.com/@sicurissimo
Contenuto informativo. Prima vedi. Poi sistemi. 81plus.net",Corso per Preposto,https://81plus.net/?corso=corso-per-preposto,#TalesOfSicurix #SICURIX #Metodo81 #81plus #Sicurissimo #Sicurezza #HACCP #Privacy #SicurezzaSulLavoro,SICURIX_TALES_011600_3_17_23_8_14_5_2_19_9_22_20_13.webp,https://drive.google.com/drive/folders/1hICKXdl9JTZBL1pemG19oE_661z-EH_k,IMG_ERR
25.62.00,Manifattura,C,Sicurezza+Privacy+Ambientale,11,Movimentazione Manuale Carichi | Nomina Incaricati/Responsabili | RSPP / Datore di Lavoro RSPP | Formazione Generale Lavoratori | Stress Lavoro-Correlato | Procedura Data Breach | Registro dei Trattamenti | Formazione GDPR | Rischio Rumore | Formazione Ambientale | Addetto Antincendio,D.Lgs81/08 Tit.VI | GDPR art.28-29 | D.Lgs81/08 art.34 | Accordo Stato-Regioni | D.Lgs81/08 art.28 | GDPR art.33-34 | GDPR art.30 | GDPR art.32 | D.Lgs81/08 Tit.VIII | D.Lgs152/06 | DM 2/9/2021,"ROBOTIX81>SEGNALEX, SICURIX>PERMISSIONIX, PRIVACIX>SCHIACCIX, CONSENSIX>FRETTIX, PREPOSTIX>VOLTIX, ROBOTIX81>CAOSIX, CHECKIX>PHISHIX, PRIVACIX>LEAKIX, TRACCIX>SCHIACCIX, HYGIENIX>MULTIX, HYGIENIX>IMPROVVISIX","Crea una PAGINA A FUMETTI a STORIA COMPLETA, verticale A4 (1024x1536), QUALITA' EDITORIALE DA STAMPA, stile ufficiale 'SICURIX TALES' IDENTICO alle immagini di riferimento allegate (stessi personaggi a mattoncini 3D, stessa impaginazione, stessi colori, stesse rese): minifigure espressive, ambientazioni ricche e dettagliate del settore, luci morbide, profondita', bordi vignetta netti. IMPAGINAZIONE OBBLIGATORIA: da 10 a 12 VIGNETTE numerate che raccontano UNA STORIA con arco narrativo completo (1 situazione normale -> 2-4 arrivano i pericoli coi cattivi -> 5-6 tensione/conseguenza -> 7-9 arriva SICURIX con gli eroi e applica il METODO81+ passo per passo -> 10-11 risoluzione ordinata -> 12 finale). HEADER in alto: SICURIX (mantello, medaglione arancione '81+', bussola) che presenta in un fumetto; grande titolo 'SICURIX TALES'; sottotitolo 'MANIFATTURA: Pericolo vs Soluzione con Metodo 81+'; legenda 3 voci (verde Sicurezza, rosso Rischio, blu 81+ Soluzione); fila di EROI coi nomi: ROBOTIX81, SICURIX, PRIVACIX, CONSENSIX, PREPOSTIX, CHECKIX. FOOTER in basso: grande 'Prima vedi. Poi sistemi.'; banner scudo verde 'PROTEGGIAMO. PREVENIAMO. MIGLIORIAMO.' e triangolo rosso 'DISATTENZIONE. RISCHI. COSTI. CAOS.'; logo '81+' + '81plus.net'. TRAMA (usa questi eventi come vignette; se sono meno di 10 aggiungi vignette di contesto, dialogo e reazione per arrivare a 10-12): 1) SEGNALEX causa il pericolo 'MMC' (Movimentazione Manuale Carichi); poi ROBOTIX81+SICURIX applicano il METODO81+; 2) PERMISSIONIX causa il pericolo 'Nomine' (Nomina Incaricati/Responsabili); poi SICURIX+SICURIX applicano il METODO81+; 3) SCHIACCIX causa il pericolo 'Ruolo/RSPP' (RSPP / Datore di Lavoro RSPP); poi PRIVACIX+SICURIX applicano il METODO81+; 4) FRETTIX causa il pericolo 'Formazione base' (Formazione Generale Lavoratori); poi CONSENSIX+SICURIX applicano il METODO81+; 5) VOLTIX causa il pericolo 'Stress' (Stress Lavoro-Correlato); poi PREPOSTIX+SICURIX applicano il METODO81+; 6) CAOSIX causa il pericolo 'Data breach' (Procedura Data Breach); poi ROBOTIX81+SICURIX applicano il METODO81+; 7) PHISHIX causa il pericolo 'Registro' (Registro dei Trattamenti); poi CHECKIX+SICURIX applicano il METODO81+; 8) LEAKIX causa il pericolo 'Formazione' (Formazione GDPR); poi PRIVACIX+SICURIX applicano il METODO81+; 9) SCHIACCIX causa il pericolo 'Rumore' (Rischio Rumore); poi TRACCIX+SICURIX applicano il METODO81+; 10) MULTIX causa il pericolo 'Formazione' (Formazione Ambientale); poi HYGIENIX+SICURIX applicano il METODO81+; 11) IMPROVVISIX causa il pericolo 'Emergenze/Incendio' (Addetto Antincendio); poi HYGIENIX+SICURIX applicano il METODO81+. PALETTE BRAND ESCLUSIVA: nero #05050A, bianco panna, arancione #FF6A1A/#E8501A; ROSSO solo per 'PERICOLO', VERDE per la checklist 'Metodo 81+'. Logo '81+' ben visibile in OGNI vignetta. REGOLA STORIA: SICURIX NON agisce mai da solo - in OGNI vignetta di soluzione si fa AIUTARE dai suoi colleghi EROI (lavoro di squadra, ognuno col suo ruolo). TESTO: didascalie e fumetti MOLTO BREVI (1-4 parole), GRANDI, centrati, in ITALIANO con ORTOGRAFIA PERFETTA, senza parole inventate, lettere doppie errate o testo tagliato. CATTIVI (coerenti col canone): SEGNALEX, PERMISSIONIX, SCHIACCIX, FRETTIX, VOLTIX, CAOSIX, PHISHIX, LEAKIX, MULTIX, IMPROVVISIX. EROI: ROBOTIX81, SICURIX, PRIVACIX, CONSENSIX, PREPOSTIX, CHECKIX, TRACCIX, HYGIENIX. NEGATIVE: nessun marchio LEGO reale, nessun personaggio protetto (Asterix ecc.), niente gore/horror, niente claim assoluti ('rischio zero','garantito','zero multe').",Manifattura: 3 minuti oggi o un problema enorme domani. Scegli tu.,"La differenza tra chi in Manifattura dorme sereno e chi trema al controllo

In manifattura gli adempimenti obbligatori non aspettano: MMC, Nomine, Ruolo/RSPP, Formazione base, Stress, Data breach, Registro, Formazione, Rumore, Emergenze/Incendio. In questa pagina TALES OF SICURIX il PERICOLO prende forma... e il METODO81+ lo rimette in ordine, passo dopo passo. Immagina la scena: prima il caos, poi la checklist che sistema tutto. Non e' burocrazia: e' la tua tranquillita.
👉 Iscriviti al corso: Corso RSPP Datore di Lavoro : Movimentazione manuale carichi -> https://81plus.net/?corso=corso-rspp-datore-di-lavoro-movimentazione-manuale-carichi
▶️ YouTube: youtube.com/@sicurissimo
Contenuto informativo. Prima vedi. Poi sistemi. 81plus.net",Corso RSPP Datore di Lavoro : Movimentazione manuale carichi,https://81plus.net/?corso=corso-rspp-datore-di-lavoro-movimentazione-manuale-carichi,#TalesOfSicurix #SICURIX #Metodo81 #81plus #Sicurissimo #Sicurezza #Privacy #Ambientale #SicurezzaSulLavoro,SICURIX_TALES_256200_10_23_5_1_11_25_22_24_12_27_7.webp,https://drive.google.com/drive/folders/1hICKXdl9JTZBL1pemG19oE_661z-EH_k,IMG_ERR
35.22.00,Energia,D,Sicurezza+Ambientale+Privacy,10,RSPP / Datore di Lavoro RSPP | Formazione Specifica (rischio alto) | Formazione Ambientale | Rischio Rumore | Formazione Preposto | Uso e Formazione DPI | Rappresentante Lavoratori Sicurezza (RLS) | Informativa e Consensi | Movimentazione Manuale Carichi | Documento Valutazione Rischi (DVR),D.Lgs81/08 art.34 | Accordo Stato-Regioni | D.Lgs152/06 | D.Lgs81/08 Tit.VIII | D.Lgs81/08 art.37 | D.Lgs81/08 art.77 | D.Lgs81/08 art.47 | GDPR art.13 | D.Lgs81/08 Tit.VI | D.Lgs81/08 art.28,"BLINKIX>MULTIX, CIFRIX>SEGNALEX, SICURIX>FRETTIX, DOCUMIX>POLVERIX, CHECKIX>SCHIACCIX, TRACCIX>CADUTIX, CHECKIX>POLVERIX, CHECKIX>PHISHIX, FORMIX>NONDPIX, HYGIENIX>SCHIACCIX","Crea una PAGINA A FUMETTI a STORIA COMPLETA, verticale A4 (1024x1536), QUALITA' EDITORIALE DA STAMPA, stile ufficiale 'SICURIX TALES' IDENTICO alle immagini di riferimento allegate (stessi personaggi a mattoncini 3D, stessa impaginazione, stessi colori, stesse rese): minifigure espressive, ambientazioni ricche e dettagliate del settore, luci morbide, profondita', bordi vignetta netti. IMPAGINAZIONE OBBLIGATORIA: da 10 a 12 VIGNETTE numerate che raccontano UNA STORIA con arco narrativo completo (1 situazione normale -> 2-4 arrivano i pericoli coi cattivi -> 5-6 tensione/conseguenza -> 7-9 arriva SICURIX con gli eroi e applica il METODO81+ passo per passo -> 10-11 risoluzione ordinata -> 12 finale). HEADER in alto: SICURIX (mantello, medaglione arancione '81+', bussola) che presenta in un fumetto; grande titolo 'SICURIX TALES'; sottotitolo 'ENERGIA: Pericolo vs Soluzione con Metodo 81+'; legenda 3 voci (verde Sicurezza, rosso Rischio, blu 81+ Soluzione); fila di EROI coi nomi: BLINKIX, CIFRIX, SICURIX, DOCUMIX, CHECKIX, TRACCIX. FOOTER in basso: grande 'Prima vedi. Poi sistemi.'; banner scudo verde 'PROTEGGIAMO. PREVENIAMO. MIGLIORIAMO.' e triangolo rosso 'DISATTENZIONE. RISCHI. COSTI. CAOS.'; logo '81+' + '81plus.net'. TRAMA (usa questi eventi come vignette; se sono meno di 10 aggiungi vignette di contesto, dialogo e reazione per arrivare a 10-12): 1) MULTIX causa il pericolo 'Ruolo/RSPP' (RSPP / Datore di Lavoro RSPP); poi BLINKIX+SICURIX applicano il METODO81+; 2) SEGNALEX causa il pericolo 'Formazione specifica' (Formazione Specifica (rischio alto)); poi CIFRIX+SICURIX applicano il METODO81+; 3) FRETTIX causa il pericolo 'Formazione' (Formazione Ambientale); poi SICURIX+SICURIX applicano il METODO81+; 4) POLVERIX causa il pericolo 'Rumore' (Rischio Rumore); poi DOCUMIX+SICURIX applicano il METODO81+; 5) SCHIACCIX causa il pericolo 'Ruolo/Preposto' (Formazione Preposto); poi CHECKIX+SICURIX applicano il METODO81+; 6) CADUTIX causa il pericolo 'DPI' (Uso e Formazione DPI); poi TRACCIX+SICURIX applicano il METODO81+; 7) POLVERIX causa il pericolo 'Ruolo/RLS' (Rappresentante Lavoratori Sicurezza (RLS)); poi CHECKIX+SICURIX applicano il METODO81+; 8) PHISHIX causa il pericolo 'Documento' (Informativa e Consensi); poi CHECKIX+SICURIX applicano il METODO81+; 9) NONDPIX causa il pericolo 'MMC' (Movimentazione Manuale Carichi); poi FORMIX+SICURIX applicano il METODO81+; 10) SCHIACCIX causa il pericolo 'Documento' (Documento Valutazione Rischi (DVR)); poi HYGIENIX+SICURIX applicano il METODO81+. PALETTE BRAND ESCLUSIVA: nero #05050A, bianco panna, arancione #FF6A1A/#E8501A; ROSSO solo per 'PERICOLO', VERDE per la checklist 'Metodo 81+'. Logo '81+' ben visibile in OGNI vignetta. REGOLA STORIA: SICURIX NON agisce mai da solo - in OGNI vignetta di soluzione si fa AIUTARE dai suoi colleghi EROI (lavoro di squadra, ognuno col suo ruolo). TESTO: didascalie e fumetti MOLTO BREVI (1-4 parole), GRANDI, centrati, in ITALIANO con ORTOGRAFIA PERFETTA, senza parole inventate, lettere doppie errate o testo tagliato. CATTIVI (coerenti col canone): MULTIX, SEGNALEX, FRETTIX, POLVERIX, SCHIACCIX, CADUTIX, PHISHIX, NONDPIX. EROI: BLINKIX, CIFRIX, SICURIX, DOCUMIX, CHECKIX, TRACCIX, FORMIX, HYGIENIX. NEGATIVE: nessun marchio LEGO reale, nessun personaggio protetto (Asterix ecc.), niente gore/horror, niente claim assoluti ('rischio zero','garantito','zero multe').",La differenza tra chi in Energia dorme sereno e chi trema al controllo,"Quello che l'ispettore controlla per primo in Energia (e quasi nessuno lo sa)

In energia gli adempimenti obbligatori non aspettano: Ruolo/RSPP, Formazione specifica, Formazione, Rumore, Ruolo/Preposto, DPI, Ruolo/RLS, Documento, MMC. In questa pagina TALES OF SICURIX il PERICOLO prende forma... e il METODO81+ lo rimette in ordine, passo dopo passo. Immagina la scena: prima il caos, poi la checklist che sistema tutto. Chi si mette in regola prima, dorme meglio dopo.
👉 Iscriviti al corso: RSPP Datore di Lavoro modulo 1 e 2 -> https://81plus.net/?corso=rspp-datore-di-lavoro-modulo-1-e-2
▶️ YouTube: youtube.com/@sicurissimo
Contenuto informativo. Prima vedi. Poi sistemi. 81plus.net",RSPP Datore di Lavoro modulo 1 e 2,https://81plus.net/?corso=rspp-datore-di-lavoro-modulo-1-e-2,#TalesOfSicurix #SICURIX #Metodo81 #81plus #Sicurissimo #Sicurezza #Ambientale #Privacy #SicurezzaSulLavoro,SICURIX_TALES_352200_5_2_20_12_3_8_4_14_10_0.webp,https://drive.google.com/drive/folders/1hICKXdl9JTZBL1pemG19oE_661z-EH_k,IMG_ERR
46.32.11,Commercio,G,Privacy+Sicurezza+HACCP,12,Informativa e Consensi | Nomina Incaricati/Responsabili | Formazione Generale Lavoratori | Stress Lavoro-Correlato | Sorveglianza Sanitaria / Medico Competente | Uso e Formazione DPI | Procedura Data Breach | Movimentazione Manuale Carichi | Registro dei Trattamenti | RSPP / Datore di Lavoro RSPP | Rappresentante Lavoratori Sicurezza (RLS) | Corso Alimentarista,GDPR art.13 | GDPR art.28-29 | Accordo Stato-Regioni | D.Lgs81/08 art.28 | D.Lgs81/08 art.41 | D.Lgs81/08 art.77 | GDPR art.33-34 | D.Lgs81/08 Tit.VI | GDPR art.30 | D.Lgs81/08 art.34 | D.Lgs81/08 art.47 | Reg.CE 852/2004,"DOCUMIX>OBLIVIX, BLINKIX>CANCELIX, CONSENSIX>FUMIX, TRACCIX>RUMORIX, CHECKIX>FRETTIX, LUXPECTORIX>RUMORIX, CIFRIX>HACKIX, PRIVACIX>FRETTIX, DOCUMIX>OBLIVIX, CHEFIX>OBLIVIX, CHECKIX>ØTIX, SCUDIX>MESCOLIX","Crea una PAGINA A FUMETTI a STORIA COMPLETA, verticale A4 (1024x1536), QUALITA' EDITORIALE DA STAMPA, stile ufficiale 'SICURIX TALES' IDENTICO alle immagini di riferimento allegate (stessi personaggi a mattoncini 3D, stessa impaginazione, stessi colori, stesse rese): minifigure espressive, ambientazioni ricche e dettagliate del settore, luci morbide, profondita', bordi vignetta netti. IMPAGINAZIONE OBBLIGATORIA: da 10 a 12 VIGNETTE numerate che raccontano UNA STORIA con arco narrativo completo (1 situazione normale -> 2-4 arrivano i pericoli coi cattivi -> 5-6 tensione/conseguenza -> 7-9 arriva SICURIX con gli eroi e applica il METODO81+ passo per passo -> 10-11 risoluzione ordinata -> 12 finale). HEADER in alto: SICURIX (mantello, medaglione arancione '81+', bussola) che presenta in un fumetto; grande titolo 'SICURIX TALES'; sottotitolo 'COMMERCIO: Pericolo vs Soluzione con Metodo 81+'; legenda 3 voci (verde Sicurezza, rosso Rischio, blu 81+ Soluzione); fila di EROI coi nomi: DOCUMIX, BLINKIX, CONSENSIX, TRACCIX, CHECKIX, LUXPECTORIX. FOOTER in basso: grande 'Prima vedi. Poi sistemi.'; banner scudo verde 'PROTEGGIAMO. PREVENIAMO. MIGLIORIAMO.' e triangolo rosso 'DISATTENZIONE. RISCHI. COSTI. CAOS.'; logo '81+' + '81plus.net'. TRAMA (usa questi eventi come vignette; se sono meno di 10 aggiungi vignette di contesto, dialogo e reazione per arrivare a 10-12): 1) OBLIVIX causa il pericolo 'Documento' (Informativa e Consensi); poi DOCUMIX+SICURIX applicano il METODO81+; 2) CANCELIX causa il pericolo 'Nomine' (Nomina Incaricati/Responsabili); poi BLINKIX+SICURIX applicano il METODO81+; 3) FUMIX causa il pericolo 'Formazione base' (Formazione Generale Lavoratori); poi CONSENSIX+SICURIX applicano il METODO81+; 4) RUMORIX causa il pericolo 'Stress' (Stress Lavoro-Correlato); poi TRACCIX+SICURIX applicano il METODO81+; 5) FRETTIX causa il pericolo 'Sorveglianza sanitaria' (Sorveglianza Sanitaria / Medico Competente); poi CHECKIX+SICURIX applicano il METODO81+; 6) RUMORIX causa il pericolo 'DPI' (Uso e Formazione DPI); poi LUXPECTORIX+SICURIX applicano il METODO81+; 7) HACKIX causa il pericolo 'Data breach' (Procedura Data Breach); poi CIFRIX+SICURIX applicano il METODO81+; 8) FRETTIX causa il pericolo 'MMC' (Movimentazione Manuale Carichi); poi PRIVACIX+SICURIX applicano il METODO81+; 9) OBLIVIX causa il pericolo 'Registro' (Registro dei Trattamenti); poi DOCUMIX+SICURIX applicano il METODO81+; 10) OBLIVIX causa il pericolo 'Ruolo/RSPP' (RSPP / Datore di Lavoro RSPP); poi CHEFIX+SICURIX applicano il METODO81+; 11) ØTIX causa il pericolo 'Ruolo/RLS' (Rappresentante Lavoratori Sicurezza (RLS)); poi CHECKIX+SICURIX applicano il METODO81+; 12) MESCOLIX causa il pericolo 'Corso' (Corso Alimentarista); poi SCUDIX+SICURIX applicano il METODO81+. PALETTE BRAND ESCLUSIVA: nero #05050A, bianco panna, arancione #FF6A1A/#E8501A; ROSSO solo per 'PERICOLO', VERDE per la checklist 'Metodo 81+'. Logo '81+' ben visibile in OGNI vignetta. REGOLA STORIA: SICURIX NON agisce mai da solo - in OGNI vignetta di soluzione si fa AIUTARE dai suoi colleghi EROI (lavoro di squadra, ognuno col suo ruolo). TESTO: didascalie e fumetti MOLTO BREVI (1-4 parole), GRANDI, centrati, in ITALIANO con ORTOGRAFIA PERFETTA, senza parole inventate, lettere doppie errate o testo tagliato. CATTIVI (coerenti col canone): OBLIVIX, CANCELIX, FUMIX, RUMORIX, FRETTIX, HACKIX, ØTIX, MESCOLIX. EROI: DOCUMIX, BLINKIX, CONSENSIX, TRACCIX, CHECKIX, LUXPECTORIX, CIFRIX, PRIVACIX, CHEFIX, SCUDIX. NEGATIVE: nessun marchio LEGO reale, nessun personaggio protetto (Asterix ecc.), niente gore/horror, niente claim assoluti ('rischio zero','garantito','zero multe').",In Commercio c'e' un obbligo che in tanti scoprono solo con la sanzione,"In Commercio non e' 'se' arriva il controllo, e' 'quando'. Sei pronto?

In commercio gli adempimenti obbligatori non aspettano: Documento, Nomine, Formazione base, Stress, Sorveglianza sanitaria, DPI, Data breach, MMC, Registro, Ruolo/RSPP, Ruolo/RLS, Corso. In questa pagina TALES OF SICURIX il PERICOLO prende forma... e il METODO81+ lo rimette in ordine, passo dopo passo. Immagina la scena: prima il caos, poi la checklist che sistema tutto. Non e' burocrazia: e' la tua tranquillita.
👉 Iscriviti al corso: Corso privacy destinato ai lavoratori -> https://81plus.net/?corso=corso-privacy-destinato-ai-lavoratori
▶️ YouTube: youtube.com/@sicurissimo
Contenuto informativo. Prima vedi. Poi sistemi. 81plus.net",Corso privacy destinato ai lavoratori,https://81plus.net/?corso=corso-privacy-destinato-ai-lavoratori,#TalesOfSicurix #SICURIX #Metodo81 #81plus #Sicurissimo #Privacy #Sicurezza #HACCP #SicurezzaSulLavoro,SICURIX_TALES_463211_19_21_1_11_9_8_23_10_20_5_4_13.webp,https://drive.google.com/drive/folders/1hICKXdl9JTZBL1pemG19oE_661z-EH_k,IMG_ERR
30.91.11,Manifattura,C,HACCP+Ambientale+Sicurezza+Privacy,12,Piano di Sanificazione | Gestione Rifiuti e Registro | Formazione Ambientale | Attrezzature e Macchine | Rischio Rumore | Gestione Allergeni | Informativa e Consensi | Formazione GDPR | Stress Lavoro-Correlato | Rappresentante Lavoratori Sicurezza (RLS) | Formazione Specifica (rischio alto) | Documento Valutazione Rischi (DVR),Reg.CE 852/2004 | D.Lgs152/06 | D.Lgs81/08 Tit.III | D.Lgs81/08 Tit.VIII | Reg.UE 1169/2011 | GDPR art.13 | GDPR art.32 | D.Lgs81/08 art.28 | D.Lgs81/08 art.47 | Accordo Stato-Regioni,"LUXPECTORIX>FRETTIX, PRIVACIX>OBLIVIX, SCUDIX>MULTIX, HYGIENIX>MULTIX, PREPOSTIX>NONDPIX, DOCUMIX>SCADUTIX, SCUDIX>PHISHIX, CHECKIX>MULTIX, CONSENSIX>RISKIX, CIFRIX>RISKIX, CHEFIX>FRETTIX, HYGIENIX>RUMORIX","Crea una PAGINA A FUMETTI a STORIA COMPLETA, verticale A4 (1024x1536), QUALITA' EDITORIALE DA STAMPA, stile ufficiale 'SICURIX TALES' IDENTICO alle immagini di riferimento allegate (stessi personaggi a mattoncini 3D, stessa impaginazione, stessi colori, stesse rese): minifigure espressive, ambientazioni ricche e dettagliate del settore, luci morbide, profondita', bordi vignetta netti. IMPAGINAZIONE OBBLIGATORIA: da 10 a 12 VIGNETTE numerate che raccontano UNA STORIA con arco narrativo completo (1 situazione normale -> 2-4 arrivano i pericoli coi cattivi -> 5-6 tensione/conseguenza -> 7-9 arriva SICURIX con gli eroi e applica il METODO81+ passo per passo -> 10-11 risoluzione ordinata -> 12 finale). HEADER in alto: SICURIX (mantello, medaglione arancione '81+', bussola) che presenta in un fumetto; grande titolo 'SICURIX TALES'; sottotitolo 'MANIFATTURA: Pericolo vs Soluzione con Metodo 81+'; legenda 3 voci (verde Sicurezza, rosso Rischio, blu 81+ Soluzione); fila di EROI coi nomi: LUXPECTORIX, PRIVACIX, SCUDIX, HYGIENIX, PREPOSTIX, DOCUMIX. FOOTER in basso: grande 'Prima vedi. Poi sistemi.'; banner scudo verde 'PROTEGGIAMO. PREVENIAMO. MIGLIORIAMO.' e triangolo rosso 'DISATTENZIONE. RISCHI. COSTI. CAOS.'; logo '81+' + '81plus.net'. TRAMA (usa questi eventi come vignette; se sono meno di 10 aggiungi vignette di contesto, dialogo e reazione per arrivare a 10-12): 1) FRETTIX causa il pericolo 'Sanificazione' (Piano di Sanificazione); poi LUXPECTORIX+SICURIX applicano il METODO81+; 2) OBLIVIX causa il pericolo 'Rifiuti' (Gestione Rifiuti e Registro); poi PRIVACIX+SICURIX applicano il METODO81+; 3) MULTIX causa il pericolo 'Formazione' (Formazione Ambientale); poi SCUDIX+SICURIX applicano il METODO81+; 4) MULTIX causa il pericolo 'Attrezzature' (Attrezzature e Macchine); poi HYGIENIX+SICURIX applicano il METODO81+; 5) NONDPIX causa il pericolo 'Rumore' (Rischio Rumore); poi PREPOSTIX+SICURIX applicano il METODO81+; 6) SCADUTIX causa il pericolo 'Allergeni' (Gestione Allergeni); poi DOCUMIX+SICURIX applicano il METODO81+; 7) PHISHIX causa il pericolo 'Documento' (Informativa e Consensi); poi SCUDIX+SICURIX applicano il METODO81+; 8) MULTIX causa il pericolo 'Formazione' (Formazione GDPR); poi CHECKIX+SICURIX applicano il METODO81+; 9) RISKIX causa il pericolo 'Stress' (Stress Lavoro-Correlato); poi CONSENSIX+SICURIX applicano il METODO81+; 10) RISKIX causa il pericolo 'Ruolo/RLS' (Rappresentante Lavoratori Sicurezza (RLS)); poi CIFRIX+SICURIX applicano il METODO81+; 11) FRETTIX causa il pericolo 'Formazione specifica' (Formazione Specifica (rischio alto)); poi CHEFIX+SICURIX applicano il METODO81+; 12) RUMORIX causa il pericolo 'Documento' (Documento Valutazione Rischi (DVR)); poi HYGIENIX+SICURIX applicano il METODO81+. PALETTE BRAND ESCLUSIVA: nero #05050A, bianco panna, arancione #FF6A1A/#E8501A; ROSSO solo per 'PERICOLO', VERDE per la checklist 'Metodo 81+'. Logo '81+' ben visibile in OGNI vignetta. REGOLA STORIA: SICURIX NON agisce mai da solo - in OGNI vignetta di soluzione si fa AIUTARE dai suoi colleghi EROI (lavoro di squadra, ognuno col suo ruolo). TESTO: didascalie e fumetti MOLTO BREVI (1-4 parole), GRANDI, centrati, in ITALIANO con ORTOGRAFIA PERFETTA, senza parole inventate, lettere doppie errate o testo tagliato. CATTIVI (coerenti col canone): FRETTIX, OBLIVIX, MULTIX, NONDPIX, SCADUTIX, PHISHIX, RISKIX, RUMORIX. EROI: LUXPECTORIX, PRIVACIX, SCUDIX, HYGIENIX, PREPOSTIX, DOCUMIX, CHECKIX, CONSENSIX, CIFRIX, CHEFIX. NEGATIVE: nessun marchio LEGO reale, nessun personaggio protetto (Asterix ecc.), niente gore/horror, niente claim assoluti ('rischio zero','garantito','zero multe').",In Manifattura c'e' un obbligo che in tanti scoprono solo con la sanzione,"In Manifattura c'e' un obbligo che in tanti scoprono solo con la sanzione

In manifattura gli adempimenti obbligatori non aspettano: Sanificazione, Rifiuti, Formazione, Attrezzature, Rumore, Allergeni, Documento, Stress, Ruolo/RLS, Formazione specifica. In questa pagina TALES OF SICURIX il PERICOLO prende forma... e il METODO81+ lo rimette in ordine, passo dopo passo. Immagina la scena: prima il caos, poi la checklist che sistema tutto. Mettere ordine ora costa poco. Rimediare dopo costa caro.
👉 Iscriviti al corso: Corso per addetto operazioni di pulizia e sanificazione aziendale rischio Covid-19 -> https://81plus.net/?corso=corso-per-addetto-operazioni-di-pulizia-e-sanificazione-azie
▶️ YouTube: youtube.com/@sicurissimo
Contenuto informativo. Prima vedi. Poi sistemi. 81plus.net",Corso per addetto operazioni di pulizia e sanificazione aziendale rischio Covid-19,https://81plus.net/?corso=corso-per-addetto-operazioni-di-pulizia-e-sanificazione-azie,#TalesOfSicurix #SICURIX #Metodo81 #81plus #Sicurissimo #HACCP #Ambientale #Sicurezza #Privacy #SicurezzaSulLavoro,SICURIX_TALES_309111_16_26_27_13_12_20_21_24_11_4_2_0.webp,https://drive.google.com/drive/folders/1hICKXdl9JTZBL1pemG19oE_661z-EH_k,IMG_ERR
46.11.03,Commercio,G,Sicurezza+Privacy,12,Rappresentante Lavoratori Sicurezza (RLS) | Addetto Primo Soccorso | Procedura Data Breach | Sorveglianza Sanitaria / Medico Competente | Formazione Specifica (rischio medio) | Registro dei Trattamenti | Formazione Preposto | Nomina Incaricati/Responsabili | Movimentazione Manuale Carichi | Uso e Formazione DPI | Formazione GDPR | Addetto Antincendio,D.Lgs81/08 art.47 | DM 388/2003 | GDPR art.33-34 | D.Lgs81/08 art.41 | Accordo Stato-Regioni | GDPR art.30 | D.Lgs81/08 art.37 | GDPR art.28-29 | D.Lgs81/08 Tit.VI | D.Lgs81/08 art.77 | GDPR art.32 | DM 2/9/2021,"FORMIX>FUMIX, SCUDIX>VIBRIX, TRACCIX>CANCELIX, PRIVACIX>TAGLIX, PREPOSTIX>POLVERIX, HYGIENIX>IMPROVVISIX, CHEFIX>VOLTIX, CIFRIX>SPYIX, CHECKIX>FUMIX, CONSENSIX>TAGLIX, CHEFIX>HACKIX, LUXPECTORIX>SEGNALEX","Crea una PAGINA A FUMETTI a STORIA COMPLETA, verticale A4 (1024x1536), QUALITA' EDITORIALE DA STAMPA, stile ufficiale 'SICURIX TALES' IDENTICO alle immagini di riferimento allegate (stessi personaggi a mattoncini 3D, stessa impaginazione, stessi colori, stesse rese): minifigure espressive, ambientazioni ricche e dettagliate del settore, luci morbide, profondita', bordi vignetta netti. IMPAGINAZIONE OBBLIGATORIA: da 10 a 12 VIGNETTE numerate che raccontano UNA STORIA con arco narrativo completo (1 situazione normale -> 2-4 arrivano i pericoli coi cattivi -> 5-6 tensione/conseguenza -> 7-9 arriva SICURIX con gli eroi e applica il METODO81+ passo per passo -> 10-11 risoluzione ordinata -> 12 finale). HEADER in alto: SICURIX (mantello, medaglione arancione '81+', bussola) che presenta in un fumetto; grande titolo 'SICURIX TALES'; sottotitolo 'COMMERCIO: Pericolo vs Soluzione con Metodo 81+'; legenda 3 voci (verde Sicurezza, rosso Rischio, blu 81+ Soluzione); fila di EROI coi nomi: FORMIX, SCUDIX, TRACCIX, PRIVACIX, PREPOSTIX, HYGIENIX. FOOTER in basso: grande 'Prima vedi. Poi sistemi.'; banner scudo verde 'PROTEGGIAMO. PREVENIAMO. MIGLIORIAMO.' e triangolo rosso 'DISATTENZIONE. RISCHI. COSTI. CAOS.'; logo '81+' + '81plus.net'. TRAMA (usa questi eventi come vignette; se sono meno di 10 aggiungi vignette di contesto, dialogo e reazione per arrivare a 10-12): 1) FUMIX causa il pericolo 'Ruolo/RLS' (Rappresentante Lavoratori Sicurezza (RLS)); poi FORMIX+SICURIX applicano il METODO81+; 2) VIBRIX causa il pericolo 'Emergenze/Soccorso' (Addetto Primo Soccorso); poi SCUDIX+SICURIX applicano il METODO81+; 3) CANCELIX causa il pericolo 'Data breach' (Procedura Data Breach); poi TRACCIX+SICURIX applicano il METODO81+; 4) TAGLIX causa il pericolo 'Sorveglianza sanitaria' (Sorveglianza Sanitaria / Medico Competente); poi PRIVACIX+SICURIX applicano il METODO81+; 5) POLVERIX causa il pericolo 'Formazione specifica' (Formazione Specifica (rischio medio)); poi PREPOSTIX+SICURIX applicano il METODO81+; 6) IMPROVVISIX causa il pericolo 'Registro' (Registro dei Trattamenti); poi HYGIENIX+SICURIX applicano il METODO81+; 7) VOLTIX causa il pericolo 'Ruolo/Preposto' (Formazione Preposto); poi CHEFIX+SICURIX applicano il METODO81+; 8) SPYIX causa il pericolo 'Nomine' (Nomina Incaricati/Responsabili); poi CIFRIX+SICURIX applicano il METODO81+; 9) FUMIX causa il pericolo 'MMC' (Movimentazione Manuale Carichi); poi CHECKIX+SICURIX applicano il METODO81+; 10) TAGLIX causa il pericolo 'DPI' (Uso e Formazione DPI); poi CONSENSIX+SICURIX applicano il METODO81+; 11) HACKIX causa il pericolo 'Formazione' (Formazione GDPR); poi CHEFIX+SICURIX applicano il METODO81+; 12) SEGNALEX causa il pericolo 'Emergenze/Incendio' (Addetto Antincendio); poi LUXPECTORIX+SICURIX applicano il METODO81+. PALETTE BRAND ESCLUSIVA: nero #05050A, bianco panna, arancione #FF6A1A/#E8501A; ROSSO solo per 'PERICOLO', VERDE per la checklist 'Metodo 81+'. Logo '81+' ben visibile in OGNI vignetta. REGOLA STORIA: SICURIX NON agisce mai da solo - in OGNI vignetta di soluzione si fa AIUTARE dai suoi colleghi EROI (lavoro di squadra, ognuno col suo ruolo). TESTO: didascalie e fumetti MOLTO BREVI (1-4 parole), GRANDI, centrati, in ITALIANO con ORTOGRAFIA PERFETTA, senza parole inventate, lettere doppie errate o testo tagliato. CATTIVI (coerenti col canone): FUMIX, VIBRIX, CANCELIX, TAGLIX, POLVERIX, IMPROVVISIX, VOLTIX, SPYIX, HACKIX, SEGNALEX. EROI: FORMIX, SCUDIX, TRACCIX, PRIVACIX, PREPOSTIX, HYGIENIX, CHEFIX, CIFRIX, CHECKIX, CONSENSIX, LUXPECTORIX. NEGATIVE: nessun marchio LEGO reale, nessun personaggio protetto (Asterix ecc.), niente gore/horror, niente claim assoluti ('rischio zero','garantito','zero multe').",Commercio: 3 minuti oggi o un problema enorme domani. Scegli tu.,"In Commercio non e' 'se' arriva il controllo, e' 'quando'. Sei pronto?

In commercio gli adempimenti obbligatori non aspettano: Ruolo/RLS, Emergenze/Soccorso, Data breach, Sorveglianza sanitaria, Formazione specifica, Registro, Ruolo/Preposto, Nomine, MMC, DPI, Formazione, Emergenze/Incendio. In questa pagina TALES OF SICURIX il PERICOLO prende forma... e il METODO81+ lo rimette in ordine, passo dopo passo. Immagina la scena: prima il caos, poi la checklist che sistema tutto. Chi si mette in regola prima, dorme meglio dopo.
👉 Iscriviti al corso: Corso RLS -> https://81plus.net/?corso=corso-rls
▶️ YouTube: youtube.com/@sicurissimo
Contenuto informativo. Prima vedi. Poi sistemi. 81plus.net",Corso RLS,https://81plus.net/?corso=corso-rls,#TalesOfSicurix #SICURIX #Metodo81 #81plus #Sicurissimo #Sicurezza #Privacy #SicurezzaSulLavoro,SICURIX_TALES_461103_4_6_23_9_2_20_3_21_10_8_22_7.webp,https://drive.google.com/drive/folders/1hICKXdl9JTZBL1pemG19oE_661z-EH_k,IMG_ERR
43.22.07,Costruzioni,F,Ambientale+Privacy+Sicurezza,10,Formazione Ambientale | Nomina Incaricati/Responsabili | Documento Valutazione Rischi (DVR) | Lavori in Quota e Ponteggi | Gestione Rifiuti e Registro | Addetto Antincendio | Registro dei Trattamenti | Formazione Specifica (rischio alto) | Stress Lavoro-Correlato | Uso e Formazione DPI,D.Lgs152/06 | GDPR art.28-29 | D.Lgs81/08 art.28 | D.Lgs81/08 Tit.IV | DM 2/9/2021 | GDPR art.30 | Accordo Stato-Regioni | D.Lgs81/08 art.77,"CHEFIX>CAOSIX, BLINKIX>HACKIX, CHEFIX>OBLIVIX, FORMIX>NONDPIX, HYGIENIX>IMPROVVISIX, DOCUMIX>SCHIACCIX, FORMIX>LEAKIX, CHECKIX>MULTIX, SCUDIX>RISKIX, CHEFIX>CAOSIX","Crea una PAGINA A FUMETTI a STORIA COMPLETA, verticale A4 (1024x1536), QUALITA' EDITORIALE DA STAMPA, stile ufficiale 'SICURIX TALES' IDENTICO alle immagini di riferimento allegate (stessi personaggi a mattoncini 3D, stessa impaginazione, stessi colori, stesse rese): minifigure espressive, ambientazioni ricche e dettagliate del settore, luci morbide, profondita', bordi vignetta netti. IMPAGINAZIONE OBBLIGATORIA: da 10 a 12 VIGNETTE numerate che raccontano UNA STORIA con arco narrativo completo (1 situazione normale -> 2-4 arrivano i pericoli coi cattivi -> 5-6 tensione/conseguenza -> 7-9 arriva SICURIX con gli eroi e applica il METODO81+ passo per passo -> 10-11 risoluzione ordinata -> 12 finale). HEADER in alto: SICURIX (mantello, medaglione arancione '81+', bussola) che presenta in un fumetto; grande titolo 'SICURIX TALES'; sottotitolo 'COSTRUZIONI: Pericolo vs Soluzione con Metodo 81+'; legenda 3 voci (verde Sicurezza, rosso Rischio, blu 81+ Soluzione); fila di EROI coi nomi: CHEFIX, BLINKIX, FORMIX, HYGIENIX, DOCUMIX, CHECKIX. FOOTER in basso: grande 'Prima vedi. Poi sistemi.'; banner scudo verde 'PROTEGGIAMO. PREVENIAMO. MIGLIORIAMO.' e triangolo rosso 'DISATTENZIONE. RISCHI. COSTI. CAOS.'; logo '81+' + '81plus.net'. TRAMA (usa questi eventi come vignette; se sono meno di 10 aggiungi vignette di contesto, dialogo e reazione per arrivare a 10-12): 1) CAOSIX causa il pericolo 'Formazione' (Formazione Ambientale); poi CHEFIX+SICURIX applicano il METODO81+; 2) HACKIX causa il pericolo 'Nomine' (Nomina Incaricati/Responsabili); poi BLINKIX+SICURIX applicano il METODO81+; 3) OBLIVIX causa il pericolo 'Documento' (Documento Valutazione Rischi (DVR)); poi CHEFIX+SICURIX applicano il METODO81+; 4) NONDPIX causa il pericolo 'Lavori in quota' (Lavori in Quota e Ponteggi); poi FORMIX+SICURIX applicano il METODO81+; 5) IMPROVVISIX causa il pericolo 'Rifiuti' (Gestione Rifiuti e Registro); poi HYGIENIX+SICURIX applicano il METODO81+; 6) SCHIACCIX causa il pericolo 'Emergenze/Incendio' (Addetto Antincendio); poi DOCUMIX+SICURIX applicano il METODO81+; 7) LEAKIX causa il pericolo 'Registro' (Registro dei Trattamenti); poi FORMIX+SICURIX applicano il METODO81+; 8) MULTIX causa il pericolo 'Formazione specifica' (Formazione Specifica (rischio alto)); poi CHECKIX+SICURIX applicano il METODO81+; 9) RISKIX causa il pericolo 'Stress' (Stress Lavoro-Correlato); poi SCUDIX+SICURIX applicano il METODO81+; 10) CAOSIX causa il pericolo 'DPI' (Uso e Formazione DPI); poi CHEFIX+SICURIX applicano il METODO81+. PALETTE BRAND ESCLUSIVA: nero #05050A, bianco panna, arancione #FF6A1A/#E8501A; ROSSO solo per 'PERICOLO', VERDE per la checklist 'Metodo 81+'. Logo '81+' ben visibile in OGNI vignetta. REGOLA STORIA: SICURIX NON agisce mai da solo - in OGNI vignetta di soluzione si fa AIUTARE dai suoi colleghi EROI (lavoro di squadra, ognuno col suo ruolo). TESTO: didascalie e fumetti MOLTO BREVI (1-4 parole), GRANDI, centrati, in ITALIANO con ORTOGRAFIA PERFETTA, senza parole inventate, lettere doppie errate o testo tagliato. CATTIVI (coerenti col canone): CAOSIX, HACKIX, OBLIVIX, NONDPIX, IMPROVVISIX, SCHIACCIX, LEAKIX, MULTIX, RISKIX. EROI: CHEFIX, BLINKIX, FORMIX, HYGIENIX, DOCUMIX, CHECKIX, SCUDIX. NEGATIVE: nessun marchio LEGO reale, nessun personaggio protetto (Asterix ecc.), niente gore/horror, niente claim assoluti ('rischio zero','garantito','zero multe').","In Costruzioni non e' 'se' arriva il controllo, e' 'quando'. Sei pronto?","Quello che l'ispettore controlla per primo in Costruzioni (e quasi nessuno lo sa)

In costruzioni gli adempimenti obbligatori non aspettano: Formazione, Nomine, Documento, Lavori in quota, Rifiuti, Emergenze/Incendio, Registro, Formazione specifica, Stress, DPI. In questa pagina TALES OF SICURIX il PERICOLO prende forma... e il METODO81+ lo rimette in ordine, passo dopo passo. Immagina la scena: prima il caos, poi la checklist che sistema tutto. La regola c'e' gia': tu falla lavorare per te.
👉 Iscriviti al corso: Preposto incaricato alla gestione ambientale nei cantieri - 16 ore -> https://81plus.net/?corso=preposto-incaricato-alla-gestione-ambientale-nei-cantieri-16
▶️ YouTube: youtube.com/@sicurissimo
Contenuto informativo. Prima vedi. Poi sistemi. 81plus.net",Preposto incaricato alla gestione ambientale nei cantieri - 16 ore,https://81plus.net/?corso=preposto-incaricato-alla-gestione-ambientale-nei-cantieri-16,#TalesOfSicurix #SICURIX #Metodo81 #81plus #Sicurissimo #Ambientale #Privacy #Sicurezza #SicurezzaSulLavoro,SICURIX_TALES_432207_22_18_0_14_21_7_17_2_11_8.webp,https://drive.google.com/drive/folders/1hICKXdl9JTZBL1pemG19oE_661z-EH_k,IMG_ERR
56.12.01,Alloggio/Ristorazione,I,HACCP+Privacy+Sicurezza,12,Manuale HACCP di Autocontrollo | Formazione GDPR | Procedura Data Breach | Rintracciabilita ed Etichettatura | Addetto Primo Soccorso | Gestione Allergeni | Movimentazione Manuale Carichi | Videosorveglianza a norma | Registro dei Trattamenti | Formazione Preposto | Stress Lavoro-Correlato | Addetto Antincendio,Reg.CE 852/2004 | GDPR art.32 | GDPR art.33-34 | Reg.CE 178/2002 | DM 388/2003 | Reg.UE 1169/2011 | D.Lgs81/08 Tit.VI | Provv.Garante | GDPR art.30 | D.Lgs81/08 art.37 | D.Lgs81/08 art.28 | DM 2/9/2021,"CONSENSIX>SCADUTIX, CIFRIX>CAOSIX, CONSENSIX>LEAKIX, DOCUMIX>OBLIVIX, FORMIX>POLVERIX, CONSENSIX>ACQUAIX, SCUDIX>RUMORIX, BLINKIX>PERMISSIONIX, CHEFIX>RISKIX, PREPOSTIX>ØTIX, ROBOTIX81>RISKIX, SICURIX>POLVERIX","Crea una PAGINA A FUMETTI a STORIA COMPLETA, verticale A4 (1024x1536), QUALITA' EDITORIALE DA STAMPA, stile ufficiale 'SICURIX TALES' IDENTICO alle immagini di riferimento allegate (stessi personaggi a mattoncini 3D, stessa impaginazione, stessi colori, stesse rese): minifigure espressive, ambientazioni ricche e dettagliate del settore, luci morbide, profondita', bordi vignetta netti. IMPAGINAZIONE OBBLIGATORIA: da 10 a 12 VIGNETTE numerate che raccontano UNA STORIA con arco narrativo completo (1 situazione normale -> 2-4 arrivano i pericoli coi cattivi -> 5-6 tensione/conseguenza -> 7-9 arriva SICURIX con gli eroi e applica il METODO81+ passo per passo -> 10-11 risoluzione ordinata -> 12 finale). HEADER in alto: SICURIX (mantello, medaglione arancione '81+', bussola) che presenta in un fumetto; grande titolo 'SICURIX TALES'; sottotitolo 'ALLOGGIO/RISTORAZIONE: Pericolo vs Soluzione con Metodo 81+'; legenda 3 voci (verde Sicurezza, rosso Rischio, blu 81+ Soluzione); fila di EROI coi nomi: CONSENSIX, CIFRIX, DOCUMIX, FORMIX, SCUDIX, BLINKIX. FOOTER in basso: grande 'Prima vedi. Poi sistemi.'; banner scudo verde 'PROTEGGIAMO. PREVENIAMO. MIGLIORIAMO.' e triangolo rosso 'DISATTENZIONE. RISCHI. COSTI. CAOS.'; logo '81+' + '81plus.net'. TRAMA (usa questi eventi come vignette; se sono meno di 10 aggiungi vignette di contesto, dialogo e reazione per arrivare a 10-12): 1) SCADUTIX causa il pericolo 'Documento' (Manuale HACCP di Autocontrollo); poi CONSENSIX+SICURIX applicano il METODO81+; 2) CAOSIX causa il pericolo 'Formazione' (Formazione GDPR); poi CIFRIX+SICURIX applicano il METODO81+; 3) LEAKIX causa il pericolo 'Data breach' (Procedura Data Breach); poi CONSENSIX+SICURIX applicano il METODO81+; 4) OBLIVIX causa il pericolo 'Rintracciabilita' (Rintracciabilita ed Etichettatura); poi DOCUMIX+SICURIX applicano il METODO81+; 5) POLVERIX causa il pericolo 'Emergenze/Soccorso' (Addetto Primo Soccorso); poi FORMIX+SICURIX applicano il METODO81+; 6) ACQUAIX causa il pericolo 'Allergeni' (Gestione Allergeni); poi CONSENSIX+SICURIX applicano il METODO81+; 7) RUMORIX causa il pericolo 'MMC' (Movimentazione Manuale Carichi); poi SCUDIX+SICURIX applicano il METODO81+; 8) PERMISSIONIX causa il pericolo 'Videosorveglianza' (Videosorveglianza a norma); poi BLINKIX+SICURIX applicano il METODO81+; 9) RISKIX causa il pericolo 'Registro' (Registro dei Trattamenti); poi CHEFIX+SICURIX applicano il METODO81+; 10) ØTIX causa il pericolo 'Ruolo/Preposto' (Formazione Preposto); poi PREPOSTIX+SICURIX applicano il METODO81+; 11) RISKIX causa il pericolo 'Stress' (Stress Lavoro-Correlato); poi ROBOTIX81+SICURIX applicano il METODO81+; 12) POLVERIX causa il pericolo 'Emergenze/Incendio' (Addetto Antincendio); poi SICURIX+SICURIX applicano il METODO81+. PALETTE BRAND ESCLUSIVA: nero #05050A, bianco panna, arancione #FF6A1A/#E8501A; ROSSO solo per 'PERICOLO', VERDE per la checklist 'Metodo 81+'. Logo '81+' ben visibile in OGNI vignetta. REGOLA STORIA: SICURIX NON agisce mai da solo - in OGNI vignetta di soluzione si fa AIUTARE dai suoi colleghi EROI (lavoro di squadra, ognuno col suo ruolo). TESTO: didascalie e fumetti MOLTO BREVI (1-4 parole), GRANDI, centrati, in ITALIANO con ORTOGRAFIA PERFETTA, senza parole inventate, lettere doppie errate o testo tagliato. CATTIVI (coerenti col canone): SCADUTIX, CAOSIX, LEAKIX, OBLIVIX, POLVERIX, ACQUAIX, RUMORIX, PERMISSIONIX, RISKIX, ØTIX. EROI: CONSENSIX, CIFRIX, DOCUMIX, FORMIX, SCUDIX, BLINKIX, CHEFIX, PREPOSTIX, ROBOTIX81, SICURIX. NEGATIVE: nessun marchio LEGO reale, nessun personaggio protetto (Asterix ecc.), niente gore/horror, niente claim assoluti ('rischio zero','garantito','zero multe').",La differenza tra chi in Alloggio/Ristorazione dorme sereno e chi trema al controllo,"In Alloggio/Ristorazione c'e' un obbligo che in tanti scoprono solo con la sanzione

In alloggio/ristorazione gli adempimenti obbligatori non aspettano: Documento, Formazione, Data breach, Rintracciabilita, Emergenze/Soccorso, Allergeni, MMC, Videosorveglianza, Registro, Ruolo/Preposto, Stress, Emergenze/Incendio. In questa pagina TALES OF SICURIX il PERICOLO prende forma... e il METODO81+ lo rimette in ordine, passo dopo passo. Immagina la scena: prima il caos, poi la checklist che sistema tutto. La regola c'e' gia': tu falla lavorare per te.
👉 Iscriviti al corso: Manuale autocontrollo alimentare -> https://81plus.net/?corso=manuale-autocontrollo-alimentare
▶️ YouTube: youtube.com/@sicurissimo
Contenuto informativo. Prima vedi. Poi sistemi. 81plus.net",Manuale autocontrollo alimentare,https://81plus.net/?corso=manuale-autocontrollo-alimentare,#TalesOfSicurix #SICURIX #Metodo81 #81plus #Sicurissimo #HACCP #Privacy #Sicurezza #SicurezzaSulLavoro,SICURIX_TALES_561201_12_22_23_15_6_18_10_24_20_3_11_7.webp,https://drive.google.com/drive/folders/1hICKXdl9JTZBL1pemG19oE_661z-EH_k,IMG_ERR
49.31.02,Trasporti/Magazzino,H,Sicurezza+Privacy+Ambientale,12,Formazione Specifica (rischio alto) | RSPP / Datore di Lavoro RSPP | Attrezzature e Macchine | Rischio Rumore | Procedura Data Breach | Documento Valutazione Rischi (DVR) | Addetto Antincendio | Gestione Rifiuti e Registro | Formazione GDPR | Movimentazione Manuale Carichi | Sorveglianza Sanitaria / Medico Competente | Addetto Primo Soccorso,Accordo Stato-Regioni | D.Lgs81/08 art.34 | D.Lgs81/08 Tit.III | D.Lgs81/08 Tit.VIII | GDPR art.33-34 | D.Lgs81/08 art.28 | DM 2/9/2021 | D.Lgs152/06 | GDPR art.32 | D.Lgs81/08 Tit.VI | D.Lgs81/08 art.41 | DM 388/2003,"TRACCIX>CADUTIX, LUXPECTORIX>NONDPIX, SICURIX>CADUTIX, BLINKIX>NONDPIX, SCUDIX>HACKIX, PRIVACIX>OBLIVIX, PREPOSTIX>OBLIVIX, ROBOTIX81>CAOSIX, CHEFIX>IMPROVVISIX, CIFRIX>OBLIVIX, ROBOTIX81>SCHIACCIX, SICURIX>POLVERIX","Crea una PAGINA A FUMETTI a STORIA COMPLETA, verticale A4 (1024x1536), QUALITA' EDITORIALE DA STAMPA, stile ufficiale 'SICURIX TALES' IDENTICO alle immagini di riferimento allegate (stessi personaggi a mattoncini 3D, stessa impaginazione, stessi colori, stesse rese): minifigure espressive, ambientazioni ricche e dettagliate del settore, luci morbide, profondita', bordi vignetta netti. IMPAGINAZIONE OBBLIGATORIA: da 10 a 12 VIGNETTE numerate che raccontano UNA STORIA con arco narrativo completo (1 situazione normale -> 2-4 arrivano i pericoli coi cattivi -> 5-6 tensione/conseguenza -> 7-9 arriva SICURIX con gli eroi e applica il METODO81+ passo per passo -> 10-11 risoluzione ordinata -> 12 finale). HEADER in alto: SICURIX (mantello, medaglione arancione '81+', bussola) che presenta in un fumetto; grande titolo 'SICURIX TALES'; sottotitolo 'TRASPORTI/MAGAZZINO: Pericolo vs Soluzione con Metodo 81+'; legenda 3 voci (verde Sicurezza, rosso Rischio, blu 81+ Soluzione); fila di EROI coi nomi: TRACCIX, LUXPECTORIX, SICURIX, BLINKIX, SCUDIX, PRIVACIX. FOOTER in basso: grande 'Prima vedi. Poi sistemi.'; banner scudo verde 'PROTEGGIAMO. PREVENIAMO. MIGLIORIAMO.' e triangolo rosso 'DISATTENZIONE. RISCHI. COSTI. CAOS.'; logo '81+' + '81plus.net'. TRAMA (usa questi eventi come vignette; se sono meno di 10 aggiungi vignette di contesto, dialogo e reazione per arrivare a 10-12): 1) CADUTIX causa il pericolo 'Formazione specifica' (Formazione Specifica (rischio alto)); poi TRACCIX+SICURIX applicano il METODO81+; 2) NONDPIX causa il pericolo 'Ruolo/RSPP' (RSPP / Datore di Lavoro RSPP); poi LUXPECTORIX+SICURIX applicano il METODO81+; 3) CADUTIX causa il pericolo 'Attrezzature' (Attrezzature e Macchine); poi SICURIX+SICURIX applicano il METODO81+; 4) NONDPIX causa il pericolo 'Rumore' (Rischio Rumore); poi BLINKIX+SICURIX applicano il METODO81+; 5) HACKIX causa il pericolo 'Data breach' (Procedura Data Breach); poi SCUDIX+SICURIX applicano il METODO81+; 6) OBLIVIX causa il pericolo 'Documento' (Documento Valutazione Rischi (DVR)); poi PRIVACIX+SICURIX applicano il METODO81+; 7) OBLIVIX causa il pericolo 'Emergenze/Incendio' (Addetto Antincendio); poi PREPOSTIX+SICURIX applicano il METODO81+; 8) CAOSIX causa il pericolo 'Rifiuti' (Gestione Rifiuti e Registro); poi ROBOTIX81+SICURIX applicano il METODO81+; 9) IMPROVVISIX causa il pericolo 'Formazione' (Formazione GDPR); poi CHEFIX+SICURIX applicano il METODO81+; 10) OBLIVIX causa il pericolo 'MMC' (Movimentazione Manuale Carichi); poi CIFRIX+SICURIX applicano il METODO81+; 11) SCHIACCIX causa il pericolo 'Sorveglianza sanitaria' (Sorveglianza Sanitaria / Medico Competente); poi ROBOTIX81+SICURIX applicano il METODO81+; 12) POLVERIX causa il pericolo 'Emergenze/Soccorso' (Addetto Primo Soccorso); poi SICURIX+SICURIX applicano il METODO81+. PALETTE BRAND ESCLUSIVA: nero #05050A, bianco panna, arancione #FF6A1A/#E8501A; ROSSO solo per 'PERICOLO', VERDE per la checklist 'Metodo 81+'. Logo '81+' ben visibile in OGNI vignetta. REGOLA STORIA: SICURIX NON agisce mai da solo - in OGNI vignetta di soluzione si fa AIUTARE dai suoi colleghi EROI (lavoro di squadra, ognuno col suo ruolo). TESTO: didascalie e fumetti MOLTO BREVI (1-4 parole), GRANDI, centrati, in ITALIANO con ORTOGRAFIA PERFETTA, senza parole inventate, lettere doppie errate o testo tagliato. CATTIVI (coerenti col canone): CADUTIX, NONDPIX, HACKIX, OBLIVIX, CAOSIX, IMPROVVISIX, SCHIACCIX, POLVERIX. EROI: TRACCIX, LUXPECTORIX, SICURIX, BLINKIX, SCUDIX, PRIVACIX, PREPOSTIX, ROBOTIX81, CHEFIX, CIFRIX. NEGATIVE: nessun marchio LEGO reale, nessun personaggio protetto (Asterix ecc.), niente gore/horror, niente claim assoluti ('rischio zero','garantito','zero multe').",In Trasporti/Magazzino c'e' un obbligo che in tanti scoprono solo con la sanzione,"Quello che l'ispettore controlla per primo in Trasporti/Magazzino (e quasi nessuno lo sa)

In trasporti/magazzino gli adempimenti obbligatori non aspettano: Formazione specifica, Ruolo/RSPP, Attrezzature, Rumore, Data breach, Documento, Emergenze/Incendio, Rifiuti, Formazione, MMC, Sorveglianza sanitaria, Emergenze/Soccorso. In questa pagina TALES OF SICURIX il PERICOLO prende forma... e il METODO81+ lo rimette in ordine, passo dopo passo. Immagina la scena: prima il caos, poi la checklist che sistema tutto. La regola c'e' gia': tu falla lavorare per te.
👉 Iscriviti al corso: Corso lavoratore parte GENERALE 4 ore -> https://81plus.net/?corso=corso-lavoratore-parte-generale-4-ore
▶️ YouTube: youtube.com/@sicurissimo
Contenuto informativo. Prima vedi. Poi sistemi. 81plus.net",Corso lavoratore parte GENERALE 4 ore,https://81plus.net/?corso=corso-lavoratore-parte-generale-4-ore,#TalesOfSicurix #SICURIX #Metodo81 #81plus #Sicurissimo #Sicurezza #Privacy #Ambientale #SicurezzaSulLavoro,SICURIX_TALES_493102_2_5_13_12_19_0_7_20_18_10_9_6.webp,https://drive.google.com/drive/folders/1hICKXdl9JTZBL1pemG19oE_661z-EH_k,IMG_ERR
23.32.00,Manifattura,C,Sicurezza+Privacy+Ambientale+HACCP,10,Rischio Rumore | Formazione GDPR | Formazione Ambientale | RSPP / Datore di Lavoro RSPP | Documento Valutazione Rischi (DVR) | Rintracciabilita ed Etichettatura | Addetto Antincendio | Formazione Generale Lavoratori | Registro dei Trattamenti | Lavori in Quota e Ponteggi,D.Lgs81/08 Tit.VIII | GDPR art.32 | D.Lgs152/06 | D.Lgs81/08 art.34 | D.Lgs81/08 art.28 | Reg.CE 178/2002 | DM 2/9/2021 | Accordo Stato-Regioni | GDPR art.30 | D.Lgs81/08 Tit.IV,"PRIVACIX>SOTTOVALUTIX, DOCUMIX>CANCELIX, LUXPECTORIX>CAOSIX, CIFRIX>FUMIX, ROBOTIX81>FUMIX, CHEFIX>MESCOLIX, CHECKIX>MULTIX, FORMIX>FUMIX, HYGIENIX>SPYIX, ROBOTIX81>CADUTIX","Crea una PAGINA A FUMETTI a STORIA COMPLETA, verticale A4 (1024x1536), QUALITA' EDITORIALE DA STAMPA, stile ufficiale 'SICURIX TALES' IDENTICO alle immagini di riferimento allegate (stessi personaggi a mattoncini 3D, stessa impaginazione, stessi colori, stesse rese): minifigure espressive, ambientazioni ricche e dettagliate del settore, luci morbide, profondita', bordi vignetta netti. IMPAGINAZIONE OBBLIGATORIA: da 10 a 12 VIGNETTE numerate che raccontano UNA STORIA con arco narrativo completo (1 situazione normale -> 2-4 arrivano i pericoli coi cattivi -> 5-6 tensione/conseguenza -> 7-9 arriva SICURIX con gli eroi e applica il METODO81+ passo per passo -> 10-11 risoluzione ordinata -> 12 finale). HEADER in alto: SICURIX (mantello, medaglione arancione '81+', bussola) che presenta in un fumetto; grande titolo 'SICURIX TALES'; sottotitolo 'MANIFATTURA: Pericolo vs Soluzione con Metodo 81+'; legenda 3 voci (verde Sicurezza, rosso Rischio, blu 81+ Soluzione); fila di EROI coi nomi: PRIVACIX, DOCUMIX, LUXPECTORIX, CIFRIX, ROBOTIX81, CHEFIX. FOOTER in basso: grande 'Prima vedi. Poi sistemi.'; banner scudo verde 'PROTEGGIAMO. PREVENIAMO. MIGLIORIAMO.' e triangolo rosso 'DISATTENZIONE. RISCHI. COSTI. CAOS.'; logo '81+' + '81plus.net'. TRAMA (usa questi eventi come vignette; se sono meno di 10 aggiungi vignette di contesto, dialogo e reazione per arrivare a 10-12): 1) SOTTOVALUTIX causa il pericolo 'Rumore' (Rischio Rumore); poi PRIVACIX+SICURIX applicano il METODO81+; 2) CANCELIX causa il pericolo 'Formazione' (Formazione GDPR); poi DOCUMIX+SICURIX applicano il METODO81+; 3) CAOSIX causa il pericolo 'Formazione' (Formazione Ambientale); poi LUXPECTORIX+SICURIX applicano il METODO81+; 4) FUMIX causa il pericolo 'Ruolo/RSPP' (RSPP / Datore di Lavoro RSPP); poi CIFRIX+SICURIX applicano il METODO81+; 5) FUMIX causa il pericolo 'Documento' (Documento Valutazione Rischi (DVR)); poi ROBOTIX81+SICURIX applicano il METODO81+; 6) MESCOLIX causa il pericolo 'Rintracciabilita' (Rintracciabilita ed Etichettatura); poi CHEFIX+SICURIX applicano il METODO81+; 7) MULTIX causa il pericolo 'Emergenze/Incendio' (Addetto Antincendio); poi CHECKIX+SICURIX applicano il METODO81+; 8) FUMIX causa il pericolo 'Formazione base' (Formazione Generale Lavoratori); poi FORMIX+SICURIX applicano il METODO81+; 9) SPYIX causa il pericolo 'Registro' (Registro dei Trattamenti); poi HYGIENIX+SICURIX applicano il METODO81+; 10) CADUTIX causa il pericolo 'Lavori in quota' (Lavori in Quota e Ponteggi); poi ROBOTIX81+SICURIX applicano il METODO81+. PALETTE BRAND ESCLUSIVA: nero #05050A, bianco panna, arancione #FF6A1A/#E8501A; ROSSO solo per 'PERICOLO', VERDE per la checklist 'Metodo 81+'. Logo '81+' ben visibile in OGNI vignetta. REGOLA STORIA: SICURIX NON agisce mai da solo - in OGNI vignetta di soluzione si fa AIUTARE dai suoi colleghi EROI (lavoro di squadra, ognuno col suo ruolo). TESTO: didascalie e fumetti MOLTO BREVI (1-4 parole), GRANDI, centrati, in ITALIANO con ORTOGRAFIA PERFETTA, senza parole inventate, lettere doppie errate o testo tagliato. CATTIVI (coerenti col canone): SOTTOVALUTIX, CANCELIX, CAOSIX, FUMIX, MESCOLIX, MULTIX, SPYIX, CADUTIX. EROI: PRIVACIX, DOCUMIX, LUXPECTORIX, CIFRIX, ROBOTIX81, CHEFIX, CHECKIX, FORMIX, HYGIENIX. NEGATIVE: nessun marchio LEGO reale, nessun personaggio protetto (Asterix ecc.), niente gore/horror, niente claim assoluti ('rischio zero','garantito','zero multe').",La differenza tra chi in Manifattura dorme sereno e chi trema al controllo,"Quello che l'ispettore controlla per primo in Manifattura (e quasi nessuno lo sa)

In manifattura gli adempimenti obbligatori non aspettano: Rumore, Formazione, Ruolo/RSPP, Documento, Rintracciabilita, Emergenze/Incendio, Formazione base, Registro, Lavori in quota. In questa pagina TALES OF SICURIX il PERICOLO prende forma... e il METODO81+ lo rimette in ordine, passo dopo passo. Immagina la scena: prima il caos, poi la checklist che sistema tutto. Non e' burocrazia: e' la tua tranquillita.
👉 Iscriviti al corso: Corso RSPP Datore di Lavoro : rischio rumore -> https://81plus.net/?corso=corso-rspp-datore-di-lavoro-rischio-rumore
▶️ YouTube: youtube.com/@sicurissimo
Contenuto informativo. Prima vedi. Poi sistemi. 81plus.net",Corso RSPP Datore di Lavoro : rischio rumore,https://81plus.net/?corso=corso-rspp-datore-di-lavoro-rischio-rumore,#TalesOfSicurix #SICURIX #Metodo81 #81plus #Sicurissimo #Sicurezza #Privacy #Ambientale #HACCP #SicurezzaSulLavoro,SICURIX_TALES_233200_12_25_28_5_0_18_7_1_23_14.webp,https://drive.google.com/drive/folders/1hICKXdl9JTZBL1pemG19oE_661z-EH_k,IMG_ERR
46.18.92,Commercio,G,HACCP+Sicurezza+Privacy,12,Rintracciabilita ed Etichettatura | Documento Valutazione Rischi (DVR) | Procedura Data Breach | RSPP / Datore di Lavoro RSPP | Gestione Allergeni | Formazione Specifica (rischio medio) | Piano di Sanificazione | Rappresentante Lavoratori Sicurezza (RLS) | Manuale HACCP di Autocontrollo | Uso e Formazione DPI | Informativa e Consensi | Nomina Incaricati/Responsabili,Reg.CE 178/2002 | D.Lgs81/08 art.28 | GDPR art.33-34 | D.Lgs81/08 art.34 | Reg.UE 1169/2011 | Accordo Stato-Regioni | Reg.CE 852/2004 | D.Lgs81/08 art.47 | D.Lgs81/08 art.77 | GDPR art.13 | GDPR art.28-29,"SCUDIX>CAOSIX, PRIVACIX>ØTIX, CIFRIX>MULTIX, CHEFIX>CAOSIX, FORMIX>DOSAGIX, PREPOSTIX>RUMORIX, CONSENSIX>DOSAGIX, TRACCIX>BIOXIX, CONSENSIX>OBLIVIX, CHEFIX>SCHIACCIX, CIFRIX>PHISHIX, DOCUMIX>CAOSIX","Crea una PAGINA A FUMETTI a STORIA COMPLETA, verticale A4 (1024x1536), QUALITA' EDITORIALE DA STAMPA, stile ufficiale 'SICURIX TALES' IDENTICO alle immagini di riferimento allegate (stessi personaggi a mattoncini 3D, stessa impaginazione, stessi colori, stesse rese): minifigure espressive, ambientazioni ricche e dettagliate del settore, luci morbide, profondita', bordi vignetta netti. IMPAGINAZIONE OBBLIGATORIA: da 10 a 12 VIGNETTE numerate che raccontano UNA STORIA con arco narrativo completo (1 situazione normale -> 2-4 arrivano i pericoli coi cattivi -> 5-6 tensione/conseguenza -> 7-9 arriva SICURIX con gli eroi e applica il METODO81+ passo per passo -> 10-11 risoluzione ordinata -> 12 finale). HEADER in alto: SICURIX (mantello, medaglione arancione '81+', bussola) che presenta in un fumetto; grande titolo 'SICURIX TALES'; sottotitolo 'COMMERCIO: Pericolo vs Soluzione con Metodo 81+'; legenda 3 voci (verde Sicurezza, rosso Rischio, blu 81+ Soluzione); fila di EROI coi nomi: SCUDIX, PRIVACIX, CIFRIX, CHEFIX, FORMIX, PREPOSTIX. FOOTER in basso: grande 'Prima vedi. Poi sistemi.'; banner scudo verde 'PROTEGGIAMO. PREVENIAMO. MIGLIORIAMO.' e triangolo rosso 'DISATTENZIONE. RISCHI. COSTI. CAOS.'; logo '81+' + '81plus.net'. TRAMA (usa questi eventi come vignette; se sono meno di 10 aggiungi vignette di contesto, dialogo e reazione per arrivare a 10-12): 1) CAOSIX causa il pericolo 'Rintracciabilita' (Rintracciabilita ed Etichettatura); poi SCUDIX+SICURIX applicano il METODO81+; 2) ØTIX causa il pericolo 'Documento' (Documento Valutazione Rischi (DVR)); poi PRIVACIX+SICURIX applicano il METODO81+; 3) MULTIX causa il pericolo 'Data breach' (Procedura Data Breach); poi CIFRIX+SICURIX applicano il METODO81+; 4) CAOSIX causa il pericolo 'Ruolo/RSPP' (RSPP / Datore di Lavoro RSPP); poi CHEFIX+SICURIX applicano il METODO81+; 5) DOSAGIX causa il pericolo 'Allergeni' (Gestione Allergeni); poi FORMIX+SICURIX applicano il METODO81+; 6) RUMORIX causa il pericolo 'Formazione specifica' (Formazione Specifica (rischio medio)); poi PREPOSTIX+SICURIX applicano il METODO81+; 7) DOSAGIX causa il pericolo 'Sanificazione' (Piano di Sanificazione); poi CONSENSIX+SICURIX applicano il METODO81+; 8) BIOXIX causa il pericolo 'Ruolo/RLS' (Rappresentante Lavoratori Sicurezza (RLS)); poi TRACCIX+SICURIX applicano il METODO81+; 9) OBLIVIX causa il pericolo 'Documento' (Manuale HACCP di Autocontrollo); poi CONSENSIX+SICURIX applicano il METODO81+; 10) SCHIACCIX causa il pericolo 'DPI' (Uso e Formazione DPI); poi CHEFIX+SICURIX applicano il METODO81+; 11) PHISHIX causa il pericolo 'Documento' (Informativa e Consensi); poi CIFRIX+SICURIX applicano il METODO81+; 12) CAOSIX causa il pericolo 'Nomine' (Nomina Incaricati/Responsabili); poi DOCUMIX+SICURIX applicano il METODO81+. PALETTE BRAND ESCLUSIVA: nero #05050A, bianco panna, arancione #FF6A1A/#E8501A; ROSSO solo per 'PERICOLO', VERDE per la checklist 'Metodo 81+'. Logo '81+' ben visibile in OGNI vignetta. REGOLA STORIA: SICURIX NON agisce mai da solo - in OGNI vignetta di soluzione si fa AIUTARE dai suoi colleghi EROI (lavoro di squadra, ognuno col suo ruolo). TESTO: didascalie e fumetti MOLTO BREVI (1-4 parole), GRANDI, centrati, in ITALIANO con ORTOGRAFIA PERFETTA, senza parole inventate, lettere doppie errate o testo tagliato. CATTIVI (coerenti col canone): CAOSIX, ØTIX, MULTIX, DOSAGIX, RUMORIX, BIOXIX, OBLIVIX, SCHIACCIX, PHISHIX. EROI: SCUDIX, PRIVACIX, CIFRIX, CHEFIX, FORMIX, PREPOSTIX, CONSENSIX, TRACCIX, DOCUMIX. NEGATIVE: nessun marchio LEGO reale, nessun personaggio protetto (Asterix ecc.), niente gore/horror, niente claim assoluti ('rischio zero','garantito','zero multe').",Commercio: 3 minuti oggi o un problema enorme domani. Scegli tu.,"In Commercio c'e' un obbligo che in tanti scoprono solo con la sanzione

In commercio gli adempimenti obbligatori non aspettano: Rintracciabilita, Documento, Data breach, Ruolo/RSPP, Allergeni, Formazione specifica, Sanificazione, Ruolo/RLS, DPI, Nomine. In questa pagina TALES OF SICURIX il PERICOLO prende forma... e il METODO81+ lo rimette in ordine, passo dopo passo. Immagina la scena: prima il caos, poi la checklist che sistema tutto. La regola c'e' gia': tu falla lavorare per te.
👉 Iscriviti al corso: Manuale di rintracciabilità -> https://81plus.net/?corso=manuale-di-rintracciabilit
▶️ YouTube: youtube.com/@sicurissimo
Contenuto informativo. Prima vedi. Poi sistemi. 81plus.net",Manuale di rintracciabilità,https://81plus.net/?corso=manuale-di-rintracciabilit,#TalesOfSicurix #SICURIX #Metodo81 #81plus #Sicurissimo #HACCP #Sicurezza #Privacy #SicurezzaSulLavoro,SICURIX_TALES_461892_15_0_23_5_18_2_14_4_12_8_19_21.webp,https://drive.google.com/drive/folders/1hICKXdl9JTZBL1pemG19oE_661z-EH_k,IMG_ERR
47.21.01,Commercio,G,Sicurezza+HACCP+Privacy,10,Documento Valutazione Rischi (DVR) | Uso e Formazione DPI | Controllo Temperature e Celle | Corso Alimentarista | Lotta agli Infestanti (Pest Control) | Formazione GDPR | Movimentazione Manuale Carichi | Informativa e Consensi | Procedura Data Breach | Videosorveglianza a norma,D.Lgs81/08 art.28 | D.Lgs81/08 art.77 | Reg.CE 852/2004 | GDPR art.32 | D.Lgs81/08 Tit.VI | GDPR art.13 | GDPR art.33-34 | Provv.Garante,"TRACCIX>POLVERIX, CIFRIX>POLVERIX, SICURIX>IMPROVVISIX, DOCUMIX>MESCOLIX, CIFRIX>CAOSIX, CHECKIX>RISKIX, SCUDIX>ØTIX, CHECKIX>IMPROVVISIX, PREPOSTIX>OBLIVIX, PREPOSTIX>OBLIVIX","Crea una PAGINA A FUMETTI a STORIA COMPLETA, verticale A4 (1024x1536), QUALITA' EDITORIALE DA STAMPA, stile ufficiale 'SICURIX TALES' IDENTICO alle immagini di riferimento allegate (stessi personaggi a mattoncini 3D, stessa impaginazione, stessi colori, stesse rese): minifigure espressive, ambientazioni ricche e dettagliate del settore, luci morbide, profondita', bordi vignetta netti. IMPAGINAZIONE OBBLIGATORIA: da 10 a 12 VIGNETTE numerate che raccontano UNA STORIA con arco narrativo completo (1 situazione normale -> 2-4 arrivano i pericoli coi cattivi -> 5-6 tensione/conseguenza -> 7-9 arriva SICURIX con gli eroi e applica il METODO81+ passo per passo -> 10-11 risoluzione ordinata -> 12 finale). HEADER in alto: SICURIX (mantello, medaglione arancione '81+', bussola) che presenta in un fumetto; grande titolo 'SICURIX TALES'; sottotitolo 'COMMERCIO: Pericolo vs Soluzione con Metodo 81+'; legenda 3 voci (verde Sicurezza, rosso Rischio, blu 81+ Soluzione); fila di EROI coi nomi: TRACCIX, CIFRIX, SICURIX, DOCUMIX, CHECKIX, SCUDIX. FOOTER in basso: grande 'Prima vedi. Poi sistemi.'; banner scudo verde 'PROTEGGIAMO. PREVENIAMO. MIGLIORIAMO.' e triangolo rosso 'DISATTENZIONE. RISCHI. COSTI. CAOS.'; logo '81+' + '81plus.net'. TRAMA (usa questi eventi come vignette; se sono meno di 10 aggiungi vignette di contesto, dialogo e reazione per arrivare a 10-12): 1) POLVERIX causa il pericolo 'Documento' (Documento Valutazione Rischi (DVR)); poi TRACCIX+SICURIX applicano il METODO81+; 2) POLVERIX causa il pericolo 'DPI' (Uso e Formazione DPI); poi CIFRIX+SICURIX applicano il METODO81+; 3) IMPROVVISIX causa il pericolo 'Temperature' (Controllo Temperature e Celle); poi SICURIX+SICURIX applicano il METODO81+; 4) MESCOLIX causa il pericolo 'Corso' (Corso Alimentarista); poi DOCUMIX+SICURIX applicano il METODO81+; 5) CAOSIX causa il pericolo 'Infestanti' (Lotta agli Infestanti (Pest Control)); poi CIFRIX+SICURIX applicano il METODO81+; 6) RISKIX causa il pericolo 'Formazione' (Formazione GDPR); poi CHECKIX+SICURIX applicano il METODO81+; 7) ØTIX causa il pericolo 'MMC' (Movimentazione Manuale Carichi); poi SCUDIX+SICURIX applicano il METODO81+; 8) IMPROVVISIX causa il pericolo 'Documento' (Informativa e Consensi); poi CHECKIX+SICURIX applicano il METODO81+; 9) OBLIVIX causa il pericolo 'Data breach' (Procedura Data Breach); poi PREPOSTIX+SICURIX applicano il METODO81+; 10) OBLIVIX causa il pericolo 'Videosorveglianza' (Videosorveglianza a norma); poi PREPOSTIX+SICURIX applicano il METODO81+. PALETTE BRAND ESCLUSIVA: nero #05050A, bianco panna, arancione #FF6A1A/#E8501A; ROSSO solo per 'PERICOLO', VERDE per la checklist 'Metodo 81+'. Logo '81+' ben visibile in OGNI vignetta. REGOLA STORIA: SICURIX NON agisce mai da solo - in OGNI vignetta di soluzione si fa AIUTARE dai suoi colleghi EROI (lavoro di squadra, ognuno col suo ruolo). TESTO: didascalie e fumetti MOLTO BREVI (1-4 parole), GRANDI, centrati, in ITALIANO con ORTOGRAFIA PERFETTA, senza parole inventate, lettere doppie errate o testo tagliato. CATTIVI (coerenti col canone): POLVERIX, IMPROVVISIX, MESCOLIX, CAOSIX, RISKIX, ØTIX, OBLIVIX. EROI: TRACCIX, CIFRIX, SICURIX, DOCUMIX, CHECKIX, SCUDIX, PREPOSTIX. NEGATIVE: nessun marchio LEGO reale, nessun personaggio protetto (Asterix ecc.), niente gore/horror, niente claim assoluti ('rischio zero','garantito','zero multe').",Commercio: 3 minuti oggi o un problema enorme domani. Scegli tu.,"In Commercio non e' 'se' arriva il controllo, e' 'quando'. Sei pronto?

In commercio gli adempimenti obbligatori non aspettano: Documento, DPI, Temperature, Corso, Infestanti, Formazione, MMC, Data breach, Videosorveglianza. In questa pagina TALES OF SICURIX il PERICOLO prende forma... e il METODO81+ lo rimette in ordine, passo dopo passo. Immagina la scena: prima il caos, poi la checklist che sistema tutto. Non e' burocrazia: e' la tua tranquillita.
👉 Iscriviti al corso: Corso lavoratore parte GENERALE 4 ore -> https://81plus.net/?corso=corso-lavoratore-parte-generale-4-ore
▶️ YouTube: youtube.com/@sicurissimo
Contenuto informativo. Prima vedi. Poi sistemi. 81plus.net",Corso lavoratore parte GENERALE 4 ore,https://81plus.net/?corso=corso-lavoratore-parte-generale-4-ore,#TalesOfSicurix #SICURIX #Metodo81 #81plus #Sicurissimo #Sicurezza #HACCP #Privacy #SicurezzaSulLavoro,SICURIX_TALES_472101_0_8_16_13_17_22_10_19_23_24.webp,https://drive.google.com/drive/folders/1hICKXdl9JTZBL1pemG19oE_661z-EH_k,IMG_ERR
30.20.00,Manifattura,C,Sicurezza+HACCP+Privacy,10,Addetto Primo Soccorso | Controllo Temperature e Celle | Formazione GDPR | Sorveglianza Sanitaria / Medico Competente | Lotta agli Infestanti (Pest Control) | Informativa e Consensi | Formazione Specifica (rischio alto) | Nomina Incaricati/Responsabili | Manuale HACCP di Autocontrollo | Documento Valutazione Rischi (DVR),DM 388/2003 | Reg.CE 852/2004 | GDPR art.32 | D.Lgs81/08 art.41 | GDPR art.13 | Accordo Stato-Regioni | GDPR art.28-29 | D.Lgs81/08 art.28,"SICURIX>POLVERIX, HYGIENIX>SCADUTIX, FORMIX>FRETTIX, CHEFIX>CHIMIKIX, ROBOTIX81>SPORCKIX, PRIVACIX>SPYIX, CIFRIX>SCIVOLIX, FORMIX>CANCELIX, DOCUMIX>CROSSIX, HYGIENIX>RUMORIX","Crea una PAGINA A FUMETTI a STORIA COMPLETA, verticale A4 (1024x1536), QUALITA' EDITORIALE DA STAMPA, stile ufficiale 'SICURIX TALES' IDENTICO alle immagini di riferimento allegate (stessi personaggi a mattoncini 3D, stessa impaginazione, stessi colori, stesse rese): minifigure espressive, ambientazioni ricche e dettagliate del settore, luci morbide, profondita', bordi vignetta netti. IMPAGINAZIONE OBBLIGATORIA: da 10 a 12 VIGNETTE numerate che raccontano UNA STORIA con arco narrativo completo (1 situazione normale -> 2-4 arrivano i pericoli coi cattivi -> 5-6 tensione/conseguenza -> 7-9 arriva SICURIX con gli eroi e applica il METODO81+ passo per passo -> 10-11 risoluzione ordinata -> 12 finale). HEADER in alto: SICURIX (mantello, medaglione arancione '81+', bussola) che presenta in un fumetto; grande titolo 'SICURIX TALES'; sottotitolo 'MANIFATTURA: Pericolo vs Soluzione con Metodo 81+'; legenda 3 voci (verde Sicurezza, rosso Rischio, blu 81+ Soluzione); fila di EROI coi nomi: SICURIX, HYGIENIX, FORMIX, CHEFIX, ROBOTIX81, PRIVACIX. FOOTER in basso: grande 'Prima vedi. Poi sistemi.'; banner scudo verde 'PROTEGGIAMO. PREVENIAMO. MIGLIORIAMO.' e triangolo rosso 'DISATTENZIONE. RISCHI. COSTI. CAOS.'; logo '81+' + '81plus.net'. TRAMA (usa questi eventi come vignette; se sono meno di 10 aggiungi vignette di contesto, dialogo e reazione per arrivare a 10-12): 1) POLVERIX causa il pericolo 'Emergenze/Soccorso' (Addetto Primo Soccorso); poi SICURIX+SICURIX applicano il METODO81+; 2) SCADUTIX causa il pericolo 'Temperature' (Controllo Temperature e Celle); poi HYGIENIX+SICURIX applicano il METODO81+; 3) FRETTIX causa il pericolo 'Formazione' (Formazione GDPR); poi FORMIX+SICURIX applicano il METODO81+; 4) CHIMIKIX causa il pericolo 'Sorveglianza sanitaria' (Sorveglianza Sanitaria / Medico Competente); poi CHEFIX+SICURIX applicano il METODO81+; 5) SPORCKIX causa il pericolo 'Infestanti' (Lotta agli Infestanti (Pest Control)); poi ROBOTIX81+SICURIX applicano il METODO81+; 6) SPYIX causa il pericolo 'Documento' (Informativa e Consensi); poi PRIVACIX+SICURIX applicano il METODO81+; 7) SCIVOLIX causa il pericolo 'Formazione specifica' (Formazione Specifica (rischio alto)); poi CIFRIX+SICURIX applicano il METODO81+; 8) CANCELIX causa il pericolo 'Nomine' (Nomina Incaricati/Responsabili); poi FORMIX+SICURIX applicano il METODO81+; 9) CROSSIX causa il pericolo 'Documento' (Manuale HACCP di Autocontrollo); poi DOCUMIX+SICURIX applicano il METODO81+; 10) RUMORIX causa il pericolo 'Documento' (Documento Valutazione Rischi (DVR)); poi HYGIENIX+SICURIX applicano il METODO81+. PALETTE BRAND ESCLUSIVA: nero #05050A, bianco panna, arancione #FF6A1A/#E8501A; ROSSO solo per 'PERICOLO', VERDE per la checklist 'Metodo 81+'. Logo '81+' ben visibile in OGNI vignetta. REGOLA STORIA: SICURIX NON agisce mai da solo - in OGNI vignetta di soluzione si fa AIUTARE dai suoi colleghi EROI (lavoro di squadra, ognuno col suo ruolo). TESTO: didascalie e fumetti MOLTO BREVI (1-4 parole), GRANDI, centrati, in ITALIANO con ORTOGRAFIA PERFETTA, senza parole inventate, lettere doppie errate o testo tagliato. CATTIVI (coerenti col canone): POLVERIX, SCADUTIX, FRETTIX, CHIMIKIX, SPORCKIX, SPYIX, SCIVOLIX, CANCELIX, CROSSIX, RUMORIX. EROI: SICURIX, HYGIENIX, FORMIX, CHEFIX, ROBOTIX81, PRIVACIX, CIFRIX, DOCUMIX. NEGATIVE: nessun marchio LEGO reale, nessun personaggio protetto (Asterix ecc.), niente gore/horror, niente claim assoluti ('rischio zero','garantito','zero multe').",Manifattura: 3 minuti oggi o un problema enorme domani. Scegli tu.,"La differenza tra chi in Manifattura dorme sereno e chi trema al controllo

In manifattura gli adempimenti obbligatori non aspettano: Emergenze/Soccorso, Temperature, Formazione, Sorveglianza sanitaria, Infestanti, Documento, Formazione specifica, Nomine. In questa pagina TALES OF SICURIX il PERICOLO prende forma... e il METODO81+ lo rimette in ordine, passo dopo passo. Immagina la scena: prima il caos, poi la checklist che sistema tutto. Non e' burocrazia: e' la tua tranquillita.
👉 Iscriviti al corso: Corso Primo Soccorso (A-B-C) -> https://81plus.net/?corso=corso-primo-soccorso-a-b-c
▶️ YouTube: youtube.com/@sicurissimo
Contenuto informativo. Prima vedi. Poi sistemi. 81plus.net",Corso Primo Soccorso (A-B-C),https://81plus.net/?corso=corso-primo-soccorso-a-b-c,#TalesOfSicurix #SICURIX #Metodo81 #81plus #Sicurissimo #Sicurezza #HACCP #Privacy #SicurezzaSulLavoro,SICURIX_TALES_302000_6_19_25_9_20_22_2_24_15_0.webp,https://drive.google.com/drive/folders/1hICKXdl9JTZBL1pemG19oE_661z-EH_k,IMG_ERR
56.11.22,Alloggio/Ristorazione,I,Sicurezza+HACCP+Privacy,10,Addetto Primo Soccorso | Controllo Temperature e Celle | Rintracciabilita ed Etichettatura | Formazione Generale Lavoratori | Uso e Formazione DPI | Stress Lavoro-Correlato | Registro dei Trattamenti | Sorveglianza Sanitaria / Medico Competente | Rappresentante Lavoratori Sicurezza (RLS) | Piano di Sanificazione,DM 388/2003 | Reg.CE 852/2004 | Reg.CE 178/2002 | Accordo Stato-Regioni | D.Lgs81/08 art.77 | D.Lgs81/08 art.28 | GDPR art.30 | D.Lgs81/08 art.41 | D.Lgs81/08 art.47,"SICURIX>CAOSIX, CHEFIX>ACQUAIX, SICURIX>ACQUAIX, PRIVACIX>BIOXIX, CHECKIX>MULTIX, DOCUMIX>CAOSIX, LUXPECTORIX>SPYIX, FORMIX>FUMIX, DOCUMIX>SCHIACCIX, HYGIENIX>MULTIX","Crea una PAGINA A FUMETTI a STORIA COMPLETA, verticale A4 (1024x1536), QUALITA' EDITORIALE DA STAMPA, stile ufficiale 'SICURIX TALES' IDENTICO alle immagini di riferimento allegate (stessi personaggi a mattoncini 3D, stessa impaginazione, stessi colori, stesse rese): minifigure espressive, ambientazioni ricche e dettagliate del settore, luci morbide, profondita', bordi vignetta netti. IMPAGINAZIONE OBBLIGATORIA: da 10 a 12 VIGNETTE numerate che raccontano UNA STORIA con arco narrativo completo (1 situazione normale -> 2-4 arrivano i pericoli coi cattivi -> 5-6 tensione/conseguenza -> 7-9 arriva SICURIX con gli eroi e applica il METODO81+ passo per passo -> 10-11 risoluzione ordinata -> 12 finale). HEADER in alto: SICURIX (mantello, medaglione arancione '81+', bussola) che presenta in un fumetto; grande titolo 'SICURIX TALES'; sottotitolo 'ALLOGGIO/RISTORAZIONE: Pericolo vs Soluzione con Metodo 81+'; legenda 3 voci (verde Sicurezza, rosso Rischio, blu 81+ Soluzione); fila di EROI coi nomi: SICURIX, CHEFIX, PRIVACIX, CHECKIX, DOCUMIX, LUXPECTORIX. FOOTER in basso: grande 'Prima vedi. Poi sistemi.'; banner scudo verde 'PROTEGGIAMO. PREVENIAMO. MIGLIORIAMO.' e triangolo rosso 'DISATTENZIONE. RISCHI. COSTI. CAOS.'; logo '81+' + '81plus.net'. TRAMA (usa questi eventi come vignette; se sono meno di 10 aggiungi vignette di contesto, dialogo e reazione per arrivare a 10-12): 1) CAOSIX causa il pericolo 'Emergenze/Soccorso' (Addetto Primo Soccorso); poi SICURIX+SICURIX applicano il METODO81+; 2) ACQUAIX causa il pericolo 'Temperature' (Controllo Temperature e Celle); poi CHEFIX+SICURIX applicano il METODO81+; 3) ACQUAIX causa il pericolo 'Rintracciabilita' (Rintracciabilita ed Etichettatura); poi SICURIX+SICURIX applicano il METODO81+; 4) BIOXIX causa il pericolo 'Formazione base' (Formazione Generale Lavoratori); poi PRIVACIX+SICURIX applicano il METODO81+; 5) MULTIX causa il pericolo 'DPI' (Uso e Formazione DPI); poi CHECKIX+SICURIX applicano il METODO81+; 6) CAOSIX causa il pericolo 'Stress' (Stress Lavoro-Correlato); poi DOCUMIX+SICURIX applicano il METODO81+; 7) SPYIX causa il pericolo 'Registro' (Registro dei Trattamenti); poi LUXPECTORIX+SICURIX applicano il METODO81+; 8) FUMIX causa il pericolo 'Sorveglianza sanitaria' (Sorveglianza Sanitaria / Medico Competente); poi FORMIX+SICURIX applicano il METODO81+; 9) SCHIACCIX causa il pericolo 'Ruolo/RLS' (Rappresentante Lavoratori Sicurezza (RLS)); poi DOCUMIX+SICURIX applicano il METODO81+; 10) MULTIX causa il pericolo 'Sanificazione' (Piano di Sanificazione); poi HYGIENIX+SICURIX applicano il METODO81+. PALETTE BRAND ESCLUSIVA: nero #05050A, bianco panna, arancione #FF6A1A/#E8501A; ROSSO solo per 'PERICOLO', VERDE per la checklist 'Metodo 81+'. Logo '81+' ben visibile in OGNI vignetta. REGOLA STORIA: SICURIX NON agisce mai da solo - in OGNI vignetta di soluzione si fa AIUTARE dai suoi colleghi EROI (lavoro di squadra, ognuno col suo ruolo). TESTO: didascalie e fumetti MOLTO BREVI (1-4 parole), GRANDI, centrati, in ITALIANO con ORTOGRAFIA PERFETTA, senza parole inventate, lettere doppie errate o testo tagliato. CATTIVI (coerenti col canone): CAOSIX, ACQUAIX, BIOXIX, MULTIX, SPYIX, FUMIX, SCHIACCIX. EROI: SICURIX, CHEFIX, PRIVACIX, CHECKIX, DOCUMIX, LUXPECTORIX, FORMIX, HYGIENIX. NEGATIVE: nessun marchio LEGO reale, nessun personaggio protetto (Asterix ecc.), niente gore/horror, niente claim assoluti ('rischio zero','garantito','zero multe').",La differenza tra chi in Alloggio/Ristorazione dorme sereno e chi trema al controllo,"Alloggio/Ristorazione: 3 minuti oggi o un problema enorme domani. Scegli tu.

In alloggio/ristorazione gli adempimenti obbligatori non aspettano: Emergenze/Soccorso, Temperature, Rintracciabilita, Formazione base, DPI, Stress, Registro, Sorveglianza sanitaria, Ruolo/RLS, Sanificazione. In questa pagina TALES OF SICURIX il PERICOLO prende forma... e il METODO81+ lo rimette in ordine, passo dopo passo. Immagina la scena: prima il caos, poi la checklist che sistema tutto. Non e' burocrazia: e' la tua tranquillita.
👉 Iscriviti al corso: Corso Primo Soccorso (A-B-C) -> https://81plus.net/?corso=corso-primo-soccorso-a-b-c
▶️ YouTube: youtube.com/@sicurissimo
Contenuto informativo. Prima vedi. Poi sistemi. 81plus.net",Corso Primo Soccorso (A-B-C),https://81plus.net/?corso=corso-primo-soccorso-a-b-c,#TalesOfSicurix #SICURIX #Metodo81 #81plus #Sicurissimo #Sicurezza #HACCP #Privacy #SicurezzaSulLavoro,SICURIX_TALES_561122_6_16_15_1_8_11_20_9_4_14.webp,https://drive.google.com/drive/folders/1hICKXdl9JTZBL1pemG19oE_661z-EH_k,IMG_ERR
26.70.11,Manifattura,C,Sicurezza+HACCP+Privacy,10,Formazione Preposto | Documento Valutazione Rischi (DVR) | Stress Lavoro-Correlato | Corso Alimentarista | Uso e Formazione DPI | Attrezzature e Macchine | Informativa e Consensi | Procedura Data Breach | Formazione Specifica (rischio alto) | Lotta agli Infestanti (Pest Control),D.Lgs81/08 art.37 | D.Lgs81/08 art.28 | Reg.CE 852/2004 | D.Lgs81/08 art.77 | D.Lgs81/08 Tit.III | GDPR art.13 | GDPR art.33-34 | Accordo Stato-Regioni,"SCUDIX>CAOSIX, PRIVACIX>ØTIX, ROBOTIX81>SCHIACCIX, HYGIENIX>OBLIVIX, CIFRIX>SCIVOLIX, CHEFIX>VIBRIX, LUXPECTORIX>HACKIX, PRIVACIX>PHISHIX, SICURIX>RUMORIX, TRACCIX>MESCOLIX","Crea una PAGINA A FUMETTI a STORIA COMPLETA, verticale A4 (1024x1536), QUALITA' EDITORIALE DA STAMPA, stile ufficiale 'SICURIX TALES' IDENTICO alle immagini di riferimento allegate (stessi personaggi a mattoncini 3D, stessa impaginazione, stessi colori, stesse rese): minifigure espressive, ambientazioni ricche e dettagliate del settore, luci morbide, profondita', bordi vignetta netti. IMPAGINAZIONE OBBLIGATORIA: da 10 a 12 VIGNETTE numerate che raccontano UNA STORIA con arco narrativo completo (1 situazione normale -> 2-4 arrivano i pericoli coi cattivi -> 5-6 tensione/conseguenza -> 7-9 arriva SICURIX con gli eroi e applica il METODO81+ passo per passo -> 10-11 risoluzione ordinata -> 12 finale). HEADER in alto: SICURIX (mantello, medaglione arancione '81+', bussola) che presenta in un fumetto; grande titolo 'SICURIX TALES'; sottotitolo 'MANIFATTURA: Pericolo vs Soluzione con Metodo 81+'; legenda 3 voci (verde Sicurezza, rosso Rischio, blu 81+ Soluzione); fila di EROI coi nomi: SCUDIX, PRIVACIX, ROBOTIX81, HYGIENIX, CIFRIX, CHEFIX. FOOTER in basso: grande 'Prima vedi. Poi sistemi.'; banner scudo verde 'PROTEGGIAMO. PREVENIAMO. MIGLIORIAMO.' e triangolo rosso 'DISATTENZIONE. RISCHI. COSTI. CAOS.'; logo '81+' + '81plus.net'. TRAMA (usa questi eventi come vignette; se sono meno di 10 aggiungi vignette di contesto, dialogo e reazione per arrivare a 10-12): 1) CAOSIX causa il pericolo 'Ruolo/Preposto' (Formazione Preposto); poi SCUDIX+SICURIX applicano il METODO81+; 2) ØTIX causa il pericolo 'Documento' (Documento Valutazione Rischi (DVR)); poi PRIVACIX+SICURIX applicano il METODO81+; 3) SCHIACCIX causa il pericolo 'Stress' (Stress Lavoro-Correlato); poi ROBOTIX81+SICURIX applicano il METODO81+; 4) OBLIVIX causa il pericolo 'Corso' (Corso Alimentarista); poi HYGIENIX+SICURIX applicano il METODO81+; 5) SCIVOLIX causa il pericolo 'DPI' (Uso e Formazione DPI); poi CIFRIX+SICURIX applicano il METODO81+; 6) VIBRIX causa il pericolo 'Attrezzature' (Attrezzature e Macchine); poi CHEFIX+SICURIX applicano il METODO81+; 7) HACKIX causa il pericolo 'Documento' (Informativa e Consensi); poi LUXPECTORIX+SICURIX applicano il METODO81+; 8) PHISHIX causa il pericolo 'Data breach' (Procedura Data Breach); poi PRIVACIX+SICURIX applicano il METODO81+; 9) RUMORIX causa il pericolo 'Formazione specifica' (Formazione Specifica (rischio alto)); poi SICURIX+SICURIX applicano il METODO81+; 10) MESCOLIX causa il pericolo 'Infestanti' (Lotta agli Infestanti (Pest Control)); poi TRACCIX+SICURIX applicano il METODO81+. PALETTE BRAND ESCLUSIVA: nero #05050A, bianco panna, arancione #FF6A1A/#E8501A; ROSSO solo per 'PERICOLO', VERDE per la checklist 'Metodo 81+'. Logo '81+' ben visibile in OGNI vignetta. REGOLA STORIA: SICURIX NON agisce mai da solo - in OGNI vignetta di soluzione si fa AIUTARE dai suoi colleghi EROI (lavoro di squadra, ognuno col suo ruolo). TESTO: didascalie e fumetti MOLTO BREVI (1-4 parole), GRANDI, centrati, in ITALIANO con ORTOGRAFIA PERFETTA, senza parole inventate, lettere doppie errate o testo tagliato. CATTIVI (coerenti col canone): CAOSIX, ØTIX, SCHIACCIX, OBLIVIX, SCIVOLIX, VIBRIX, HACKIX, PHISHIX, RUMORIX, MESCOLIX. EROI: SCUDIX, PRIVACIX, ROBOTIX81, HYGIENIX, CIFRIX, CHEFIX, LUXPECTORIX, SICURIX, TRACCIX. NEGATIVE: nessun marchio LEGO reale, nessun personaggio protetto (Asterix ecc.), niente gore/horror, niente claim assoluti ('rischio zero','garantito','zero multe').",In Manifattura c'e' un obbligo che in tanti scoprono solo con la sanzione,"La differenza tra chi in Manifattura dorme sereno e chi trema al controllo

In manifattura gli adempimenti obbligatori non aspettano: Ruolo/Preposto, Documento, Stress, Corso, DPI, Attrezzature, Data breach, Formazione specifica, Infestanti. In questa pagina TALES OF SICURIX il PERICOLO prende forma... e il METODO81+ lo rimette in ordine, passo dopo passo. Immagina la scena: prima il caos, poi la checklist che sistema tutto. Non e' burocrazia: e' la tua tranquillita.
👉 Iscriviti al corso: Corso per Preposto -> https://81plus.net/?corso=corso-per-preposto
▶️ YouTube: youtube.com/@sicurissimo
Contenuto informativo. Prima vedi. Poi sistemi. 81plus.net",Corso per Preposto,https://81plus.net/?corso=corso-per-preposto,#TalesOfSicurix #SICURIX #Metodo81 #81plus #Sicurissimo #Sicurezza #HACCP #Privacy #SicurezzaSulLavoro,SICURIX_TALES_267011_3_0_11_15_8_13_21_25_2_19.webp,https://drive.google.com/drive/folders/1hICKXdl9JTZBL1pemG19oE_661z-EH_k,IMG_ERR
79.11.00,PA,O,Sicurezza+Privacy,12,Uso e Formazione DPI | Informativa e Consensi | Stress Lavoro-Correlato | Valutazione d'Impatto (DPIA) | RSPP / Datore di Lavoro RSPP | Procedura Data Breach | Rappresentante Lavoratori Sicurezza (RLS) | Formazione Preposto | Documento Valutazione Rischi (DVR) | Formazione GDPR | Movimentazione Manuale Carichi | Formazione Specifica (rischio medio),D.Lgs81/08 art.77 | GDPR art.13 | D.Lgs81/08 art.28 | GDPR art.35 | D.Lgs81/08 art.34 | GDPR art.33-34 | D.Lgs81/08 art.47 | D.Lgs81/08 art.37 | GDPR art.32 | D.Lgs81/08 Tit.VI | Accordo Stato-Regioni,"CHECKIX>CADUTIX, TRACCIX>MULTIX, LUXPECTORIX>OBLIVIX, SICURIX>HACKIX, HYGIENIX>MULTIX, PRIVACIX>MULTIX, BLINKIX>VIBRIX, TRACCIX>FRETTIX, ROBOTIX81>TAGLIX, SCUDIX>HACKIX, BLINKIX>SOTTOVALUTIX, CONSENSIX>NONDPIX","Crea una PAGINA A FUMETTI a STORIA COMPLETA, verticale A4 (1024x1536), QUALITA' EDITORIALE DA STAMPA, stile ufficiale 'SICURIX TALES' IDENTICO alle immagini di riferimento allegate (stessi personaggi a mattoncini 3D, stessa impaginazione, stessi colori, stesse rese): minifigure espressive, ambientazioni ricche e dettagliate del settore, luci morbide, profondita', bordi vignetta netti. IMPAGINAZIONE OBBLIGATORIA: da 10 a 12 VIGNETTE numerate che raccontano UNA STORIA con arco narrativo completo (1 situazione normale -> 2-4 arrivano i pericoli coi cattivi -> 5-6 tensione/conseguenza -> 7-9 arriva SICURIX con gli eroi e applica il METODO81+ passo per passo -> 10-11 risoluzione ordinata -> 12 finale). HEADER in alto: SICURIX (mantello, medaglione arancione '81+', bussola) che presenta in un fumetto; grande titolo 'SICURIX TALES'; sottotitolo 'PA: Pericolo vs Soluzione con Metodo 81+'; legenda 3 voci (verde Sicurezza, rosso Rischio, blu 81+ Soluzione); fila di EROI coi nomi: CHECKIX, TRACCIX, LUXPECTORIX, SICURIX, HYGIENIX, PRIVACIX. FOOTER in basso: grande 'Prima vedi. Poi sistemi.'; banner scudo verde 'PROTEGGIAMO. PREVENIAMO. MIGLIORIAMO.' e triangolo rosso 'DISATTENZIONE. RISCHI. COSTI. CAOS.'; logo '81+' + '81plus.net'. TRAMA (usa questi eventi come vignette; se sono meno di 10 aggiungi vignette di contesto, dialogo e reazione per arrivare a 10-12): 1) CADUTIX causa il pericolo 'DPI' (Uso e Formazione DPI); poi CHECKIX+SICURIX applicano il METODO81+; 2) MULTIX causa il pericolo 'Documento' (Informativa e Consensi); poi TRACCIX+SICURIX applicano il METODO81+; 3) OBLIVIX causa il pericolo 'Stress' (Stress Lavoro-Correlato); poi LUXPECTORIX+SICURIX applicano il METODO81+; 4) HACKIX causa il pericolo 'DPIA' (Valutazione d'Impatto (DPIA)); poi SICURIX+SICURIX applicano il METODO81+; 5) MULTIX causa il pericolo 'Ruolo/RSPP' (RSPP / Datore di Lavoro RSPP); poi HYGIENIX+SICURIX applicano il METODO81+; 6) MULTIX causa il pericolo 'Data breach' (Procedura Data Breach); poi PRIVACIX+SICURIX applicano il METODO81+; 7) VIBRIX causa il pericolo 'Ruolo/RLS' (Rappresentante Lavoratori Sicurezza (RLS)); poi BLINKIX+SICURIX applicano il METODO81+; 8) FRETTIX causa il pericolo 'Ruolo/Preposto' (Formazione Preposto); poi TRACCIX+SICURIX applicano il METODO81+; 9) TAGLIX causa il pericolo 'Documento' (Documento Valutazione Rischi (DVR)); poi ROBOTIX81+SICURIX applicano il METODO81+; 10) HACKIX causa il pericolo 'Formazione' (Formazione GDPR); poi SCUDIX+SICURIX applicano il METODO81+; 11) SOTTOVALUTIX causa il pericolo 'MMC' (Movimentazione Manuale Carichi); poi BLINKIX+SICURIX applicano il METODO81+; 12) NONDPIX causa il pericolo 'Formazione specifica' (Formazione Specifica (rischio medio)); poi CONSENSIX+SICURIX applicano il METODO81+. PALETTE BRAND ESCLUSIVA: nero #05050A, bianco panna, arancione #FF6A1A/#E8501A; ROSSO solo per 'PERICOLO', VERDE per la checklist 'Metodo 81+'. Logo '81+' ben visibile in OGNI vignetta. REGOLA STORIA: SICURIX NON agisce mai da solo - in OGNI vignetta di soluzione si fa AIUTARE dai suoi colleghi EROI (lavoro di squadra, ognuno col suo ruolo). TESTO: didascalie e fumetti MOLTO BREVI (1-4 parole), GRANDI, centrati, in ITALIANO con ORTOGRAFIA PERFETTA, senza parole inventate, lettere doppie errate o testo tagliato. CATTIVI (coerenti col canone): CADUTIX, MULTIX, OBLIVIX, HACKIX, VIBRIX, FRETTIX, TAGLIX, SOTTOVALUTIX, NONDPIX. EROI: CHECKIX, TRACCIX, LUXPECTORIX, SICURIX, HYGIENIX, PRIVACIX, BLINKIX, ROBOTIX81, SCUDIX, CONSENSIX. NEGATIVE: nessun marchio LEGO reale, nessun personaggio protetto (Asterix ecc.), niente gore/horror, niente claim assoluti ('rischio zero','garantito','zero multe').",Quello che l'ispettore controlla per primo in PA (e quasi nessuno lo sa),"PA: 3 minuti oggi o un problema enorme domani. Scegli tu.

In pa gli adempimenti obbligatori non aspettano: DPI, Documento, Stress, DPIA, Ruolo/RSPP, Data breach, Ruolo/RLS, Ruolo/Preposto, Formazione, MMC, Formazione specifica. In questa pagina TALES OF SICURIX il PERICOLO prende forma... e il METODO81+ lo rimette in ordine, passo dopo passo. Immagina la scena: prima il caos, poi la checklist che sistema tutto. La regola c'e' gia': tu falla lavorare per te.
👉 Iscriviti al corso: Corso Lavori in Quota e DPI Anticaduta -> https://81plus.net/?corso=corso-lavori-in-quota-e-dpi-anticaduta
▶️ YouTube: youtube.com/@sicurissimo
Contenuto informativo. Prima vedi. Poi sistemi. 81plus.net",Corso Lavori in Quota e DPI Anticaduta,https://81plus.net/?corso=corso-lavori-in-quota-e-dpi-anticaduta,#TalesOfSicurix #SICURIX #Metodo81 #81plus #Sicurissimo #Sicurezza #Privacy #SicurezzaSulLavoro,SICURIX_TALES_791100_8_12_11_18_5_16_4_3_0_15_10_2.webp,https://drive.google.com/drive/folders/1hICKXdl9JTZBL1pemG19oE_661z-EH_k,IMG_ERR
52.26.01,Trasporti/Magazzino,H,Ambientale+Sicurezza+Privacy,10,Gestione Rifiuti e Registro | Addetto Primo Soccorso | Movimentazione Manuale Carichi | Attrezzature e Macchine | Sorveglianza Sanitaria / Medico Competente | Rappresentante Lavoratori Sicurezza (RLS) | Formazione Ambientale | Addetto Antincendio | Formazione Preposto | Formazione GDPR,D.Lgs152/06 | DM 388/2003 | D.Lgs81/08 Tit.VI | D.Lgs81/08 Tit.III | D.Lgs81/08 art.41 | D.Lgs81/08 art.47 | DM 2/9/2021 | D.Lgs81/08 art.37 | GDPR art.32,"DOCUMIX>MULTIX, PRIVACIX>CADUTIX, FORMIX>NONDPIX, BLINKIX>BIOXIX, PRIVACIX>OBLIVIX, SICURIX>CADUTIX, PREPOSTIX>MULTIX, LUXPECTORIX>SCHIACCIX, SICURIX>VOLTIX, ROBOTIX81>HACKIX","Crea una PAGINA A FUMETTI a STORIA COMPLETA, verticale A4 (1024x1536), QUALITA' EDITORIALE DA STAMPA, stile ufficiale 'SICURIX TALES' IDENTICO alle immagini di riferimento allegate (stessi personaggi a mattoncini 3D, stessa impaginazione, stessi colori, stesse rese): minifigure espressive, ambientazioni ricche e dettagliate del settore, luci morbide, profondita', bordi vignetta netti. IMPAGINAZIONE OBBLIGATORIA: da 10 a 12 VIGNETTE numerate che raccontano UNA STORIA con arco narrativo completo (1 situazione normale -> 2-4 arrivano i pericoli coi cattivi -> 5-6 tensione/conseguenza -> 7-9 arriva SICURIX con gli eroi e applica il METODO81+ passo per passo -> 10-11 risoluzione ordinata -> 12 finale). HEADER in alto: SICURIX (mantello, medaglione arancione '81+', bussola) che presenta in un fumetto; grande titolo 'SICURIX TALES'; sottotitolo 'TRASPORTI/MAGAZZINO: Pericolo vs Soluzione con Metodo 81+'; legenda 3 voci (verde Sicurezza, rosso Rischio, blu 81+ Soluzione); fila di EROI coi nomi: DOCUMIX, PRIVACIX, FORMIX, BLINKIX, SICURIX, PREPOSTIX. FOOTER in basso: grande 'Prima vedi. Poi sistemi.'; banner scudo verde 'PROTEGGIAMO. PREVENIAMO. MIGLIORIAMO.' e triangolo rosso 'DISATTENZIONE. RISCHI. COSTI. CAOS.'; logo '81+' + '81plus.net'. TRAMA (usa questi eventi come vignette; se sono meno di 10 aggiungi vignette di contesto, dialogo e reazione per arrivare a 10-12): 1) MULTIX causa il pericolo 'Rifiuti' (Gestione Rifiuti e Registro); poi DOCUMIX+SICURIX applicano il METODO81+; 2) CADUTIX causa il pericolo 'Emergenze/Soccorso' (Addetto Primo Soccorso); poi PRIVACIX+SICURIX applicano il METODO81+; 3) NONDPIX causa il pericolo 'MMC' (Movimentazione Manuale Carichi); poi FORMIX+SICURIX applicano il METODO81+; 4) BIOXIX causa il pericolo 'Attrezzature' (Attrezzature e Macchine); poi BLINKIX+SICURIX applicano il METODO81+; 5) OBLIVIX causa il pericolo 'Sorveglianza sanitaria' (Sorveglianza Sanitaria / Medico Competente); poi PRIVACIX+SICURIX applicano il METODO81+; 6) CADUTIX causa il pericolo 'Ruolo/RLS' (Rappresentante Lavoratori Sicurezza (RLS)); poi SICURIX+SICURIX applicano il METODO81+; 7) MULTIX causa il pericolo 'Formazione' (Formazione Ambientale); poi PREPOSTIX+SICURIX applicano il METODO81+; 8) SCHIACCIX causa il pericolo 'Emergenze/Incendio' (Addetto Antincendio); poi LUXPECTORIX+SICURIX applicano il METODO81+; 9) VOLTIX causa il pericolo 'Ruolo/Preposto' (Formazione Preposto); poi SICURIX+SICURIX applicano il METODO81+; 10) HACKIX causa il pericolo 'Formazione' (Formazione GDPR); poi ROBOTIX81+SICURIX applicano il METODO81+. PALETTE BRAND ESCLUSIVA: nero #05050A, bianco panna, arancione #FF6A1A/#E8501A; ROSSO solo per 'PERICOLO', VERDE per la checklist 'Metodo 81+'. Logo '81+' ben visibile in OGNI vignetta. REGOLA STORIA: SICURIX NON agisce mai da solo - in OGNI vignetta di soluzione si fa AIUTARE dai suoi colleghi EROI (lavoro di squadra, ognuno col suo ruolo). TESTO: didascalie e fumetti MOLTO BREVI (1-4 parole), GRANDI, centrati, in ITALIANO con ORTOGRAFIA PERFETTA, senza parole inventate, lettere doppie errate o testo tagliato. CATTIVI (coerenti col canone): MULTIX, CADUTIX, NONDPIX, BIOXIX, OBLIVIX, SCHIACCIX, VOLTIX, HACKIX. EROI: DOCUMIX, PRIVACIX, FORMIX, BLINKIX, SICURIX, PREPOSTIX, LUXPECTORIX, ROBOTIX81. NEGATIVE: nessun marchio LEGO reale, nessun personaggio protetto (Asterix ecc.), niente gore/horror, niente claim assoluti ('rischio zero','garantito','zero multe').",In Trasporti/Magazzino c'e' un obbligo che in tanti scoprono solo con la sanzione,"La differenza tra chi in Trasporti/Magazzino dorme sereno e chi trema al controllo

In trasporti/magazzino gli adempimenti obbligatori non aspettano: Rifiuti, Emergenze/Soccorso, MMC, Attrezzature, Sorveglianza sanitaria, Ruolo/RLS, Formazione, Emergenze/Incendio, Ruolo/Preposto. In questa pagina TALES OF SICURIX il PERICOLO prende forma... e il METODO81+ lo rimette in ordine, passo dopo passo. Immagina la scena: prima il caos, poi la checklist che sistema tutto. Mettere ordine ora costa poco. Rimediare dopo costa caro.
👉 Iscriviti al corso: Formazione integrativa lavoratore 4 ore – gestione e smaltimento rifiuti -> https://81plus.net/?corso=formazione-integrativa-lavoratore-4-ore-gestione-e-smaltimen
▶️ YouTube: youtube.com/@sicurissimo
Contenuto informativo. Prima vedi. Poi sistemi. 81plus.net",Formazione integrativa lavoratore 4 ore – gestione e smaltimento rifiuti,https://81plus.net/?corso=formazione-integrativa-lavoratore-4-ore-gestione-e-smaltimen,#TalesOfSicurix #SICURIX #Metodo81 #81plus #Sicurissimo #Ambientale #Sicurezza #Privacy #SicurezzaSulLavoro,SICURIX_TALES_522601_19_6_10_13_9_4_20_7_3_17.webp,https://drive.google.com/drive/folders/1hICKXdl9JTZBL1pemG19oE_661z-EH_k,IMG_ERR
88.10.00,Arte/Sport,R,Privacy+Sicurezza+HACCP,10,Registro dei Trattamenti | Addetto Primo Soccorso | Formazione Generale Lavoratori | Informativa e Consensi | Stress Lavoro-Correlato | Sorveglianza Sanitaria / Medico Competente | Formazione GDPR | Rappresentante Lavoratori Sicurezza (RLS) | Rintracciabilita ed Etichettatura | Addetto Antincendio,GDPR art.30 | DM 388/2003 | Accordo Stato-Regioni | GDPR art.13 | D.Lgs81/08 art.28 | D.Lgs81/08 art.41 | GDPR art.32 | D.Lgs81/08 art.47 | Reg.CE 178/2002 | DM 2/9/2021,"FORMIX>RISKIX, FORMIX>CADUTIX, FORMIX>ØTIX, SCUDIX>PHISHIX, TRACCIX>SCIVOLIX, PRIVACIX>POLVERIX, DOCUMIX>MULTIX, CIFRIX>FRETTIX, PREPOSTIX>CAOSIX, SICURIX>IMPROVVISIX","Crea una PAGINA A FUMETTI a STORIA COMPLETA, verticale A4 (1024x1536), QUALITA' EDITORIALE DA STAMPA, stile ufficiale 'SICURIX TALES' IDENTICO alle immagini di riferimento allegate (stessi personaggi a mattoncini 3D, stessa impaginazione, stessi colori, stesse rese): minifigure espressive, ambientazioni ricche e dettagliate del settore, luci morbide, profondita', bordi vignetta netti. IMPAGINAZIONE OBBLIGATORIA: da 10 a 12 VIGNETTE numerate che raccontano UNA STORIA con arco narrativo completo (1 situazione normale -> 2-4 arrivano i pericoli coi cattivi -> 5-6 tensione/conseguenza -> 7-9 arriva SICURIX con gli eroi e applica il METODO81+ passo per passo -> 10-11 risoluzione ordinata -> 12 finale). HEADER in alto: SICURIX (mantello, medaglione arancione '81+', bussola) che presenta in un fumetto; grande titolo 'SICURIX TALES'; sottotitolo 'ARTE/SPORT: Pericolo vs Soluzione con Metodo 81+'; legenda 3 voci (verde Sicurezza, rosso Rischio, blu 81+ Soluzione); fila di EROI coi nomi: FORMIX, SCUDIX, TRACCIX, PRIVACIX, DOCUMIX, CIFRIX. FOOTER in basso: grande 'Prima vedi. Poi sistemi.'; banner scudo verde 'PROTEGGIAMO. PREVENIAMO. MIGLIORIAMO.' e triangolo rosso 'DISATTENZIONE. RISCHI. COSTI. CAOS.'; logo '81+' + '81plus.net'. TRAMA (usa questi eventi come vignette; se sono meno di 10 aggiungi vignette di contesto, dialogo e reazione per arrivare a 10-12): 1) RISKIX causa il pericolo 'Registro' (Registro dei Trattamenti); poi FORMIX+SICURIX applicano il METODO81+; 2) CADUTIX causa il pericolo 'Emergenze/Soccorso' (Addetto Primo Soccorso); poi FORMIX+SICURIX applicano il METODO81+; 3) ØTIX causa il pericolo 'Formazione base' (Formazione Generale Lavoratori); poi FORMIX+SICURIX applicano il METODO81+; 4) PHISHIX causa il pericolo 'Documento' (Informativa e Consensi); poi SCUDIX+SICURIX applicano il METODO81+; 5) SCIVOLIX causa il pericolo 'Stress' (Stress Lavoro-Correlato); poi TRACCIX+SICURIX applicano il METODO81+; 6) POLVERIX causa il pericolo 'Sorveglianza sanitaria' (Sorveglianza Sanitaria / Medico Competente); poi PRIVACIX+SICURIX applicano il METODO81+; 7) MULTIX causa il pericolo 'Formazione' (Formazione GDPR); poi DOCUMIX+SICURIX applicano il METODO81+; 8) FRETTIX causa il pericolo 'Ruolo/RLS' (Rappresentante Lavoratori Sicurezza (RLS)); poi CIFRIX+SICURIX applicano il METODO81+; 9) CAOSIX causa il pericolo 'Rintracciabilita' (Rintracciabilita ed Etichettatura); poi PREPOSTIX+SICURIX applicano il METODO81+; 10) IMPROVVISIX causa il pericolo 'Emergenze/Incendio' (Addetto Antincendio); poi SICURIX+SICURIX applicano il METODO81+. PALETTE BRAND ESCLUSIVA: nero #05050A, bianco panna, arancione #FF6A1A/#E8501A; ROSSO solo per 'PERICOLO', VERDE per la checklist 'Metodo 81+'. Logo '81+' ben visibile in OGNI vignetta. REGOLA STORIA: SICURIX NON agisce mai da solo - in OGNI vignetta di soluzione si fa AIUTARE dai suoi colleghi EROI (lavoro di squadra, ognuno col suo ruolo). TESTO: didascalie e fumetti MOLTO BREVI (1-4 parole), GRANDI, centrati, in ITALIANO con ORTOGRAFIA PERFETTA, senza parole inventate, lettere doppie errate o testo tagliato. CATTIVI (coerenti col canone): RISKIX, CADUTIX, ØTIX, PHISHIX, SCIVOLIX, POLVERIX, MULTIX, FRETTIX, CAOSIX, IMPROVVISIX. EROI: FORMIX, SCUDIX, TRACCIX, PRIVACIX, DOCUMIX, CIFRIX, PREPOSTIX, SICURIX. NEGATIVE: nessun marchio LEGO reale, nessun personaggio protetto (Asterix ecc.), niente gore/horror, niente claim assoluti ('rischio zero','garantito','zero multe').",Quello che l'ispettore controlla per primo in Arte/Sport (e quasi nessuno lo sa),"In Arte/Sport c'e' un obbligo che in tanti scoprono solo con la sanzione

In arte/sport gli adempimenti obbligatori non aspettano: Registro, Emergenze/Soccorso, Formazione base, Documento, Stress, Sorveglianza sanitaria, Formazione, Ruolo/RLS, Rintracciabilita, Emergenze/Incendio. In questa pagina TALES OF SICURIX il PERICOLO prende forma... e il METODO81+ lo rimette in ordine, passo dopo passo. Immagina la scena: prima il caos, poi la checklist che sistema tutto. Chi si mette in regola prima, dorme meglio dopo.
👉 Iscriviti al corso: Corso privacy destinato ai lavoratori -> https://81plus.net/?corso=corso-privacy-destinato-ai-lavoratori
▶️ YouTube: youtube.com/@sicurissimo
Contenuto informativo. Prima vedi. Poi sistemi. 81plus.net",Corso privacy destinato ai lavoratori,https://81plus.net/?corso=corso-privacy-destinato-ai-lavoratori,#TalesOfSicurix #SICURIX #Metodo81 #81plus #Sicurissimo #Privacy #Sicurezza #HACCP #SicurezzaSulLavoro,SICURIX_TALES_881000_20_6_1_19_11_9_22_4_15_7.webp,https://drive.google.com/drive/folders/1hICKXdl9JTZBL1pemG19oE_661z-EH_k,IMG_ERR
20.59.99,Manifattura,C,Sicurezza+HACCP+Privacy+Ambientale,11,Documento Valutazione Rischi (DVR) | Controllo Temperature e Celle | Formazione Specifica (rischio alto) | Registro dei Trattamenti | Movimentazione Manuale Carichi | Rischio Rumore | Stress Lavoro-Correlato | Gestione Rifiuti e Registro | Sorveglianza Sanitaria / Medico Competente | Nomina Incaricati/Responsabili | Rintracciabilita ed Etichettatura,D.Lgs81/08 art.28 | Reg.CE 852/2004 | Accordo Stato-Regioni | GDPR art.30 | D.Lgs81/08 Tit.VI | D.Lgs81/08 Tit.VIII | D.Lgs152/06 | D.Lgs81/08 art.41 | GDPR art.28-29 | Reg.CE 178/2002,"TRACCIX>IMPROVVISIX, SICURIX>SPORCKIX, PRIVACIX>BIOXIX, SICURIX>SPYIX, PREPOSTIX>FUMIX, CHECKIX>CHIMIKIX, CHECKIX>FUMIX, FORMIX>MULTIX, BLINKIX>OBLIVIX, ROBOTIX81>RISKIX, ROBOTIX81>CROSSIX","Crea una PAGINA A FUMETTI a STORIA COMPLETA, verticale A4 (1024x1536), QUALITA' EDITORIALE DA STAMPA, stile ufficiale 'SICURIX TALES' IDENTICO alle immagini di riferimento allegate (stessi personaggi a mattoncini 3D, stessa impaginazione, stessi colori, stesse rese): minifigure espressive, ambientazioni ricche e dettagliate del settore, luci morbide, profondita', bordi vignetta netti. IMPAGINAZIONE OBBLIGATORIA: da 10 a 12 VIGNETTE numerate che raccontano UNA STORIA con arco narrativo completo (1 situazione normale -> 2-4 arrivano i pericoli coi cattivi -> 5-6 tensione/conseguenza -> 7-9 arriva SICURIX con gli eroi e applica il METODO81+ passo per passo -> 10-11 risoluzione ordinata -> 12 finale). HEADER in alto: SICURIX (mantello, medaglione arancione '81+', bussola) che presenta in un fumetto; grande titolo 'SICURIX TALES'; sottotitolo 'MANIFATTURA: Pericolo vs Soluzione con Metodo 81+'; legenda 3 voci (verde Sicurezza, rosso Rischio, blu 81+ Soluzione); fila di EROI coi nomi: TRACCIX, SICURIX, PRIVACIX, PREPOSTIX, CHECKIX, FORMIX. FOOTER in basso: grande 'Prima vedi. Poi sistemi.'; banner scudo verde 'PROTEGGIAMO. PREVENIAMO. MIGLIORIAMO.' e triangolo rosso 'DISATTENZIONE. RISCHI. COSTI. CAOS.'; logo '81+' + '81plus.net'. TRAMA (usa questi eventi come vignette; se sono meno di 10 aggiungi vignette di contesto, dialogo e reazione per arrivare a 10-12): 1) IMPROVVISIX causa il pericolo 'Documento' (Documento Valutazione Rischi (DVR)); poi TRACCIX+SICURIX applicano il METODO81+; 2) SPORCKIX causa il pericolo 'Temperature' (Controllo Temperature e Celle); poi SICURIX+SICURIX applicano il METODO81+; 3) BIOXIX causa il pericolo 'Formazione specifica' (Formazione Specifica (rischio alto)); poi PRIVACIX+SICURIX applicano il METODO81+; 4) SPYIX causa il pericolo 'Registro' (Registro dei Trattamenti); poi SICURIX+SICURIX applicano il METODO81+; 5) FUMIX causa il pericolo 'MMC' (Movimentazione Manuale Carichi); poi PREPOSTIX+SICURIX applicano il METODO81+; 6) CHIMIKIX causa il pericolo 'Rumore' (Rischio Rumore); poi CHECKIX+SICURIX applicano il METODO81+; 7) FUMIX causa il pericolo 'Stress' (Stress Lavoro-Correlato); poi CHECKIX+SICURIX applicano il METODO81+; 8) MULTIX causa il pericolo 'Rifiuti' (Gestione Rifiuti e Registro); poi FORMIX+SICURIX applicano il METODO81+; 9) OBLIVIX causa il pericolo 'Sorveglianza sanitaria' (Sorveglianza Sanitaria / Medico Competente); poi BLINKIX+SICURIX applicano il METODO81+; 10) RISKIX causa il pericolo 'Nomine' (Nomina Incaricati/Responsabili); poi ROBOTIX81+SICURIX applicano il METODO81+; 11) CROSSIX causa il pericolo 'Rintracciabilita' (Rintracciabilita ed Etichettatura); poi ROBOTIX81+SICURIX applicano il METODO81+. PALETTE BRAND ESCLUSIVA: nero #05050A, bianco panna, arancione #FF6A1A/#E8501A; ROSSO solo per 'PERICOLO', VERDE per la checklist 'Metodo 81+'. Logo '81+' ben visibile in OGNI vignetta. REGOLA STORIA: SICURIX NON agisce mai da solo - in OGNI vignetta di soluzione si fa AIUTARE dai suoi colleghi EROI (lavoro di squadra, ognuno col suo ruolo). TESTO: didascalie e fumetti MOLTO BREVI (1-4 parole), GRANDI, centrati, in ITALIANO con ORTOGRAFIA PERFETTA, senza parole inventate, lettere doppie errate o testo tagliato. CATTIVI (coerenti col canone): IMPROVVISIX, SPORCKIX, BIOXIX, SPYIX, FUMIX, CHIMIKIX, MULTIX, OBLIVIX, RISKIX, CROSSIX. EROI: TRACCIX, SICURIX, PRIVACIX, PREPOSTIX, CHECKIX, FORMIX, BLINKIX, ROBOTIX81. NEGATIVE: nessun marchio LEGO reale, nessun personaggio protetto (Asterix ecc.), niente gore/horror, niente claim assoluti ('rischio zero','garantito','zero multe').",Manifattura: 3 minuti oggi o un problema enorme domani. Scegli tu.,"In Manifattura non e' 'se' arriva il controllo, e' 'quando'. Sei pronto?

In manifattura gli adempimenti obbligatori non aspettano: Documento, Temperature, Formazione specifica, Registro, MMC, Rumore, Stress, Rifiuti, Sorveglianza sanitaria, Nomine, Rintracciabilita. In questa pagina TALES OF SICURIX il PERICOLO prende forma... e il METODO81+ lo rimette in ordine, passo dopo passo. Immagina la scena: prima il caos, poi la checklist che sistema tutto. Non e' burocrazia: e' la tua tranquillita.
👉 Iscriviti al corso: Corso lavoratore parte GENERALE 4 ore -> https://81plus.net/?corso=corso-lavoratore-parte-generale-4-ore
▶️ YouTube: youtube.com/@sicurissimo
Contenuto informativo. Prima vedi. Poi sistemi. 81plus.net",Corso lavoratore parte GENERALE 4 ore,https://81plus.net/?corso=corso-lavoratore-parte-generale-4-ore,#TalesOfSicurix #SICURIX #Metodo81 #81plus #Sicurissimo #Sicurezza #HACCP #Privacy #Ambientale #SicurezzaSulLavoro,SICURIX_TALES_205999_0_19_2_23_10_12_11_27_9_24_18.webp,https://drive.google.com/drive/folders/1hICKXdl9JTZBL1pemG19oE_661z-EH_k,IMG_ERR
74.12.09,Servizi alle imprese,N,Sicurezza+Privacy,12,Uso e Formazione DPI | Addetto Antincendio | Addetto Primo Soccorso | Informativa e Consensi | Formazione GDPR | Rappresentante Lavoratori Sicurezza (RLS) | Formazione Specifica (rischio basso) | Documento Valutazione Rischi (DVR) | Formazione Preposto | Formazione Generale Lavoratori | Registro dei Trattamenti | RSPP / Datore di Lavoro RSPP,D.Lgs81/08 art.77 | DM 2/9/2021 | DM 388/2003 | GDPR art.13 | GDPR art.32 | D.Lgs81/08 art.47 | Accordo Stato-Regioni | D.Lgs81/08 art.28 | D.Lgs81/08 art.37 | GDPR art.30 | D.Lgs81/08 art.34,"ROBOTIX81>SEGNALEX, CHEFIX>CAOSIX, SICURIX>SOTTOVALUTIX, SICURIX>CAOSIX, ROBOTIX81>CAOSIX, CHECKIX>NONDPIX, PRIVACIX>RUMORIX, SCUDIX>NONDPIX, CHEFIX>CAOSIX, LUXPECTORIX>OBLIVIX, CHECKIX>CAOSIX, CIFRIX>POLVERIX","Crea una PAGINA A FUMETTI a STORIA COMPLETA, verticale A4 (1024x1536), QUALITA' EDITORIALE DA STAMPA, stile ufficiale 'SICURIX TALES' IDENTICO alle immagini di riferimento allegate (stessi personaggi a mattoncini 3D, stessa impaginazione, stessi colori, stesse rese): minifigure espressive, ambientazioni ricche e dettagliate del settore, luci morbide, profondita', bordi vignetta netti. IMPAGINAZIONE OBBLIGATORIA: da 10 a 12 VIGNETTE numerate che raccontano UNA STORIA con arco narrativo completo (1 situazione normale -> 2-4 arrivano i pericoli coi cattivi -> 5-6 tensione/conseguenza -> 7-9 arriva SICURIX con gli eroi e applica il METODO81+ passo per passo -> 10-11 risoluzione ordinata -> 12 finale). HEADER in alto: SICURIX (mantello, medaglione arancione '81+', bussola) che presenta in un fumetto; grande titolo 'SICURIX TALES'; sottotitolo 'SERVIZI ALLE IMPRESE: Pericolo vs Soluzione con Metodo 81+'; legenda 3 voci (verde Sicurezza, rosso Rischio, blu 81+ Soluzione); fila di EROI coi nomi: ROBOTIX81, CHEFIX, SICURIX, CHECKIX, PRIVACIX, SCUDIX. FOOTER in basso: grande 'Prima vedi. Poi sistemi.'; banner scudo verde 'PROTEGGIAMO. PREVENIAMO. MIGLIORIAMO.' e triangolo rosso 'DISATTENZIONE. RISCHI. COSTI. CAOS.'; logo '81+' + '81plus.net'. TRAMA (usa questi eventi come vignette; se sono meno di 10 aggiungi vignette di contesto, dialogo e reazione per arrivare a 10-12): 1) SEGNALEX causa il pericolo 'DPI' (Uso e Formazione DPI); poi ROBOTIX81+SICURIX applicano il METODO81+; 2) CAOSIX causa il pericolo 'Emergenze/Incendio' (Addetto Antincendio); poi CHEFIX+SICURIX applicano il METODO81+; 3) SOTTOVALUTIX causa il pericolo 'Emergenze/Soccorso' (Addetto Primo Soccorso); poi SICURIX+SICURIX applicano il METODO81+; 4) CAOSIX causa il pericolo 'Documento' (Informativa e Consensi); poi SICURIX+SICURIX applicano il METODO81+; 5) CAOSIX causa il pericolo 'Formazione' (Formazione GDPR); poi ROBOTIX81+SICURIX applicano il METODO81+; 6) NONDPIX causa il pericolo 'Ruolo/RLS' (Rappresentante Lavoratori Sicurezza (RLS)); poi CHECKIX+SICURIX applicano il METODO81+; 7) RUMORIX causa il pericolo 'Formazione specifica' (Formazione Specifica (rischio basso)); poi PRIVACIX+SICURIX applicano il METODO81+; 8) NONDPIX causa il pericolo 'Documento' (Documento Valutazione Rischi (DVR)); poi SCUDIX+SICURIX applicano il METODO81+; 9) CAOSIX causa il pericolo 'Ruolo/Preposto' (Formazione Preposto); poi CHEFIX+SICURIX applicano il METODO81+; 10) OBLIVIX causa il pericolo 'Formazione base' (Formazione Generale Lavoratori); poi LUXPECTORIX+SICURIX applicano il METODO81+; 11) CAOSIX causa il pericolo 'Registro' (Registro dei Trattamenti); poi CHECKIX+SICURIX applicano il METODO81+; 12) POLVERIX causa il pericolo 'Ruolo/RSPP' (RSPP / Datore di Lavoro RSPP); poi CIFRIX+SICURIX applicano il METODO81+. PALETTE BRAND ESCLUSIVA: nero #05050A, bianco panna, arancione #FF6A1A/#E8501A; ROSSO solo per 'PERICOLO', VERDE per la checklist 'Metodo 81+'. Logo '81+' ben visibile in OGNI vignetta. REGOLA STORIA: SICURIX NON agisce mai da solo - in OGNI vignetta di soluzione si fa AIUTARE dai suoi colleghi EROI (lavoro di squadra, ognuno col suo ruolo). TESTO: didascalie e fumetti MOLTO BREVI (1-4 parole), GRANDI, centrati, in ITALIANO con ORTOGRAFIA PERFETTA, senza parole inventate, lettere doppie errate o testo tagliato. CATTIVI (coerenti col canone): SEGNALEX, CAOSIX, SOTTOVALUTIX, NONDPIX, RUMORIX, OBLIVIX, POLVERIX. EROI: ROBOTIX81, CHEFIX, SICURIX, CHECKIX, PRIVACIX, SCUDIX, LUXPECTORIX, CIFRIX. NEGATIVE: nessun marchio LEGO reale, nessun personaggio protetto (Asterix ecc.), niente gore/horror, niente claim assoluti ('rischio zero','garantito','zero multe').",In Servizi alle imprese c'e' un obbligo che in tanti scoprono solo con la sanzione,"In Servizi alle imprese non e' 'se' arriva il controllo, e' 'quando'. Sei pronto?

In servizi alle imprese gli adempimenti obbligatori non aspettano: DPI, Emergenze/Incendio, Emergenze/Soccorso, Documento, Formazione, Ruolo/RLS, Formazione specifica, Ruolo/Preposto, Formazione base, Registro, Ruolo/RSPP. In questa pagina TALES OF SICURIX il PERICOLO prende forma... e il METODO81+ lo rimette in ordine, passo dopo passo. Immagina la scena: prima il caos, poi la checklist che sistema tutto. Non e' burocrazia: e' la tua tranquillita.
👉 Iscriviti al corso: Corso Lavori in Quota e DPI Anticaduta -> https://81plus.net/?corso=corso-lavori-in-quota-e-dpi-anticaduta
▶️ YouTube: youtube.com/@sicurissimo
Contenuto informativo. Prima vedi. Poi sistemi. 81plus.net",Corso Lavori in Quota e DPI Anticaduta,https://81plus.net/?corso=corso-lavori-in-quota-e-dpi-anticaduta,#TalesOfSicurix #SICURIX #Metodo81 #81plus #Sicurissimo #Sicurezza #Privacy #SicurezzaSulLavoro,SICURIX_TALES_741209_8_7_6_9_12_4_2_0_3_1_10_5.webp,https://drive.google.com/drive/folders/1hICKXdl9JTZBL1pemG19oE_661z-EH_k,IMG_ERR
33.15.00,Manifattura,C,Sicurezza+Privacy+HACCP,11,Documento Valutazione Rischi (DVR) | Procedura Data Breach | Corso Alimentarista | Rappresentante Lavoratori Sicurezza (RLS) | Stress Lavoro-Correlato | Formazione Specifica (rischio alto) | Attrezzature e Macchine | Rintracciabilita ed Etichettatura | Formazione Preposto | Controllo Temperature e Celle | Addetto Antincendio,D.Lgs81/08 art.28 | GDPR art.33-34 | Reg.CE 852/2004 | D.Lgs81/08 art.47 | Accordo Stato-Regioni | D.Lgs81/08 Tit.III | Reg.CE 178/2002 | D.Lgs81/08 art.37 | DM 2/9/2021,"BLINKIX>RUMORIX, SICURIX>SPYIX, FORMIX>RISKIX, DOCUMIX>RUMORIX, TRACCIX>IMPROVVISIX, LUXPECTORIX>SCIVOLIX, TRACCIX>FRETTIX, LUXPECTORIX>SCADUTIX, LUXPECTORIX>MULTIX, DOCUMIX>CROSSIX, CHECKIX>BIOXIX","Crea una PAGINA A FUMETTI a STORIA COMPLETA, verticale A4 (1024x1536), QUALITA' EDITORIALE DA STAMPA, stile ufficiale 'SICURIX TALES' IDENTICO alle immagini di riferimento allegate (stessi personaggi a mattoncini 3D, stessa impaginazione, stessi colori, stesse rese): minifigure espressive, ambientazioni ricche e dettagliate del settore, luci morbide, profondita', bordi vignetta netti. IMPAGINAZIONE OBBLIGATORIA: da 10 a 12 VIGNETTE numerate che raccontano UNA STORIA con arco narrativo completo (1 situazione normale -> 2-4 arrivano i pericoli coi cattivi -> 5-6 tensione/conseguenza -> 7-9 arriva SICURIX con gli eroi e applica il METODO81+ passo per passo -> 10-11 risoluzione ordinata -> 12 finale). HEADER in alto: SICURIX (mantello, medaglione arancione '81+', bussola) che presenta in un fumetto; grande titolo 'SICURIX TALES'; sottotitolo 'MANIFATTURA: Pericolo vs Soluzione con Metodo 81+'; legenda 3 voci (verde Sicurezza, rosso Rischio, blu 81+ Soluzione); fila di EROI coi nomi: BLINKIX, SICURIX, FORMIX, DOCUMIX, TRACCIX, LUXPECTORIX. FOOTER in basso: grande 'Prima vedi. Poi sistemi.'; banner scudo verde 'PROTEGGIAMO. PREVENIAMO. MIGLIORIAMO.' e triangolo rosso 'DISATTENZIONE. RISCHI. COSTI. CAOS.'; logo '81+' + '81plus.net'. TRAMA (usa questi eventi come vignette; se sono meno di 10 aggiungi vignette di contesto, dialogo e reazione per arrivare a 10-12): 1) RUMORIX causa il pericolo 'Documento' (Documento Valutazione Rischi (DVR)); poi BLINKIX+SICURIX applicano il METODO81+; 2) SPYIX causa il pericolo 'Data breach' (Procedura Data Breach); poi SICURIX+SICURIX applicano il METODO81+; 3) RISKIX causa il pericolo 'Corso' (Corso Alimentarista); poi FORMIX+SICURIX applicano il METODO81+; 4) RUMORIX causa il pericolo 'Ruolo/RLS' (Rappresentante Lavoratori Sicurezza (RLS)); poi DOCUMIX+SICURIX applicano il METODO81+; 5) IMPROVVISIX causa il pericolo 'Stress' (Stress Lavoro-Correlato); poi TRACCIX+SICURIX applicano il METODO81+; 6) SCIVOLIX causa il pericolo 'Formazione specifica' (Formazione Specifica (rischio alto)); poi LUXPECTORIX+SICURIX applicano il METODO81+; 7) FRETTIX causa il pericolo 'Attrezzature' (Attrezzature e Macchine); poi TRACCIX+SICURIX applicano il METODO81+; 8) SCADUTIX causa il pericolo 'Rintracciabilita' (Rintracciabilita ed Etichettatura); poi LUXPECTORIX+SICURIX applicano il METODO81+; 9) MULTIX causa il pericolo 'Ruolo/Preposto' (Formazione Preposto); poi LUXPECTORIX+SICURIX applicano il METODO81+; 10) CROSSIX causa il pericolo 'Temperature' (Controllo Temperature e Celle); poi DOCUMIX+SICURIX applicano il METODO81+; 11) BIOXIX causa il pericolo 'Emergenze/Incendio' (Addetto Antincendio); poi CHECKIX+SICURIX applicano il METODO81+. PALETTE BRAND ESCLUSIVA: nero #05050A, bianco panna, arancione #FF6A1A/#E8501A; ROSSO solo per 'PERICOLO', VERDE per la checklist 'Metodo 81+'. Logo '81+' ben visibile in OGNI vignetta. REGOLA STORIA: SICURIX NON agisce mai da solo - in OGNI vignetta di soluzione si fa AIUTARE dai suoi colleghi EROI (lavoro di squadra, ognuno col suo ruolo). TESTO: didascalie e fumetti MOLTO BREVI (1-4 parole), GRANDI, centrati, in ITALIANO con ORTOGRAFIA PERFETTA, senza parole inventate, lettere doppie errate o testo tagliato. CATTIVI (coerenti col canone): RUMORIX, SPYIX, RISKIX, IMPROVVISIX, SCIVOLIX, FRETTIX, SCADUTIX, MULTIX, CROSSIX, BIOXIX. EROI: BLINKIX, SICURIX, FORMIX, DOCUMIX, TRACCIX, LUXPECTORIX, CHECKIX. NEGATIVE: nessun marchio LEGO reale, nessun personaggio protetto (Asterix ecc.), niente gore/horror, niente claim assoluti ('rischio zero','garantito','zero multe').","In Manifattura non e' 'se' arriva il controllo, e' 'quando'. Sei pronto?","Manifattura: 3 minuti oggi o un problema enorme domani. Scegli tu.

In manifattura gli adempimenti obbligatori non aspettano: Documento, Data breach, Corso, Ruolo/RLS, Stress, Formazione specifica, Attrezzature, Rintracciabilita, Ruolo/Preposto, Temperature, Emergenze/Incendio. In questa pagina TALES OF SICURIX il PERICOLO prende forma... e il METODO81+ lo rimette in ordine, passo dopo passo. Immagina la scena: prima il caos, poi la checklist che sistema tutto. La regola c'e' gia': tu falla lavorare per te.
👉 Iscriviti al corso: Corso lavoratore parte GENERALE 4 ore -> https://81plus.net/?corso=corso-lavoratore-parte-generale-4-ore
▶️ YouTube: youtube.com/@sicurissimo
Contenuto informativo. Prima vedi. Poi sistemi. 81plus.net",Corso lavoratore parte GENERALE 4 ore,https://81plus.net/?corso=corso-lavoratore-parte-generale-4-ore,#TalesOfSicurix #SICURIX #Metodo81 #81plus #Sicurissimo #Sicurezza #Privacy #HACCP #SicurezzaSulLavoro,SICURIX_TALES_331500_0_25_15_4_11_2_13_17_3_18_7.webp,https://drive.google.com/drive/folders/1hICKXdl9JTZBL1pemG19oE_661z-EH_k,IMG_ERR
64.92.99,Immobiliare,L,Sicurezza+Privacy,11,Formazione Preposto | RSPP / Datore di Lavoro RSPP | Informativa e Consensi | Documento Valutazione Rischi (DVR) | Formazione Specifica (rischio basso) | Formazione Generale Lavoratori | Nomina Incaricati/Responsabili | Registro dei Trattamenti | Uso e Formazione DPI | Addetto Antincendio | Procedura Data Breach,D.Lgs81/08 art.37 | D.Lgs81/08 art.34 | GDPR art.13 | D.Lgs81/08 art.28 | Accordo Stato-Regioni | GDPR art.28-29 | GDPR art.30 | D.Lgs81/08 art.77 | DM 2/9/2021 | GDPR art.33-34,"PRIVACIX>SOTTOVALUTIX, PREPOSTIX>SCHIACCIX, CONSENSIX>SPYIX, SICURIX>CAOSIX, SICURIX>NONDPIX, HYGIENIX>MULTIX, LUXPECTORIX>MULTIX, CHEFIX>CAOSIX, CIFRIX>SEGNALEX, SCUDIX>VOLTIX, CHECKIX>OBLIVIX","Crea una PAGINA A FUMETTI a STORIA COMPLETA, verticale A4 (1024x1536), QUALITA' EDITORIALE DA STAMPA, stile ufficiale 'SICURIX TALES' IDENTICO alle immagini di riferimento allegate (stessi personaggi a mattoncini 3D, stessa impaginazione, stessi colori, stesse rese): minifigure espressive, ambientazioni ricche e dettagliate del settore, luci morbide, profondita', bordi vignetta netti. IMPAGINAZIONE OBBLIGATORIA: da 10 a 12 VIGNETTE numerate che raccontano UNA STORIA con arco narrativo completo (1 situazione normale -> 2-4 arrivano i pericoli coi cattivi -> 5-6 tensione/conseguenza -> 7-9 arriva SICURIX con gli eroi e applica il METODO81+ passo per passo -> 10-11 risoluzione ordinata -> 12 finale). HEADER in alto: SICURIX (mantello, medaglione arancione '81+', bussola) che presenta in un fumetto; grande titolo 'SICURIX TALES'; sottotitolo 'IMMOBILIARE: Pericolo vs Soluzione con Metodo 81+'; legenda 3 voci (verde Sicurezza, rosso Rischio, blu 81+ Soluzione); fila di EROI coi nomi: PRIVACIX, PREPOSTIX, CONSENSIX, SICURIX, HYGIENIX, LUXPECTORIX. FOOTER in basso: grande 'Prima vedi. Poi sistemi.'; banner scudo verde 'PROTEGGIAMO. PREVENIAMO. MIGLIORIAMO.' e triangolo rosso 'DISATTENZIONE. RISCHI. COSTI. CAOS.'; logo '81+' + '81plus.net'. TRAMA (usa questi eventi come vignette; se sono meno di 10 aggiungi vignette di contesto, dialogo e reazione per arrivare a 10-12): 1) SOTTOVALUTIX causa il pericolo 'Ruolo/Preposto' (Formazione Preposto); poi PRIVACIX+SICURIX applicano il METODO81+; 2) SCHIACCIX causa il pericolo 'Ruolo/RSPP' (RSPP / Datore di Lavoro RSPP); poi PREPOSTIX+SICURIX applicano il METODO81+; 3) SPYIX causa il pericolo 'Documento' (Informativa e Consensi); poi CONSENSIX+SICURIX applicano il METODO81+; 4) CAOSIX causa il pericolo 'Documento' (Documento Valutazione Rischi (DVR)); poi SICURIX+SICURIX applicano il METODO81+; 5) NONDPIX causa il pericolo 'Formazione specifica' (Formazione Specifica (rischio basso)); poi SICURIX+SICURIX applicano il METODO81+; 6) MULTIX causa il pericolo 'Formazione base' (Formazione Generale Lavoratori); poi HYGIENIX+SICURIX applicano il METODO81+; 7) MULTIX causa il pericolo 'Nomine' (Nomina Incaricati/Responsabili); poi LUXPECTORIX+SICURIX applicano il METODO81+; 8) CAOSIX causa il pericolo 'Registro' (Registro dei Trattamenti); poi CHEFIX+SICURIX applicano il METODO81+; 9) SEGNALEX causa il pericolo 'DPI' (Uso e Formazione DPI); poi CIFRIX+SICURIX applicano il METODO81+; 10) VOLTIX causa il pericolo 'Emergenze/Incendio' (Addetto Antincendio); poi SCUDIX+SICURIX applicano il METODO81+; 11) OBLIVIX causa il pericolo 'Data breach' (Procedura Data Breach); poi CHECKIX+SICURIX applicano il METODO81+. PALETTE BRAND ESCLUSIVA: nero #05050A, bianco panna, arancione #FF6A1A/#E8501A; ROSSO solo per 'PERICOLO', VERDE per la checklist 'Metodo 81+'. Logo '81+' ben visibile in OGNI vignetta. REGOLA STORIA: SICURIX NON agisce mai da solo - in OGNI vignetta di soluzione si fa AIUTARE dai suoi colleghi EROI (lavoro di squadra, ognuno col suo ruolo). TESTO: didascalie e fumetti MOLTO BREVI (1-4 parole), GRANDI, centrati, in ITALIANO con ORTOGRAFIA PERFETTA, senza parole inventate, lettere doppie errate o testo tagliato. CATTIVI (coerenti col canone): SOTTOVALUTIX, SCHIACCIX, SPYIX, CAOSIX, NONDPIX, MULTIX, SEGNALEX, VOLTIX, OBLIVIX. EROI: PRIVACIX, PREPOSTIX, CONSENSIX, SICURIX, HYGIENIX, LUXPECTORIX, CHEFIX, CIFRIX, SCUDIX, CHECKIX. NEGATIVE: nessun marchio LEGO reale, nessun personaggio protetto (Asterix ecc.), niente gore/horror, niente claim assoluti ('rischio zero','garantito','zero multe').",Immobiliare: 3 minuti oggi o un problema enorme domani. Scegli tu.,"Immobiliare: 3 minuti oggi o un problema enorme domani. Scegli tu.

In immobiliare gli adempimenti obbligatori non aspettano: Ruolo/Preposto, Ruolo/RSPP, Documento, Formazione specifica, Formazione base, Nomine, Registro, DPI, Emergenze/Incendio, Data breach. In questa pagina TALES OF SICURIX il PERICOLO prende forma... e il METODO81+ lo rimette in ordine, passo dopo passo. Immagina la scena: prima il caos, poi la checklist che sistema tutto. Chi si mette in regola prima, dorme meglio dopo.
👉 Iscriviti al corso: Corso per Preposto -> https://81plus.net/?corso=corso-per-preposto
▶️ YouTube: youtube.com/@sicurissimo
Contenuto informativo. Prima vedi. Poi sistemi. 81plus.net",Corso per Preposto,https://81plus.net/?corso=corso-per-preposto,#TalesOfSicurix #SICURIX #Metodo81 #81plus #Sicurissimo #Sicurezza #Privacy #SicurezzaSulLavoro,SICURIX_TALES_649299_3_5_9_0_2_1_11_10_8_7_13.webp,https://drive.google.com/drive/folders/1hICKXdl9JTZBL1pemG19oE_661z-EH_k,IMG_ERR
77.35.00,PA,O,Sicurezza+Privacy,10,Rappresentante Lavoratori Sicurezza (RLS) | Formazione Generale Lavoratori | Formazione Specifica (rischio medio) | Nomina DPO / RPD | Nomina Incaricati/Responsabili | Stress Lavoro-Correlato | Addetto Primo Soccorso | Procedura Data Breach | Informativa e Consensi | Addetto Antincendio,D.Lgs81/08 art.47 | Accordo Stato-Regioni | GDPR art.37 | GDPR art.28-29 | D.Lgs81/08 art.28 | DM 388/2003 | GDPR art.33-34 | GDPR art.13 | DM 2/9/2021,"SICURIX>POLVERIX, LUXPECTORIX>RUMORIX, PREPOSTIX>TAGLIX, BLINKIX>CANCELIX, PRIVACIX>CAOSIX, CIFRIX>VIBRIX, PRIVACIX>RISKIX, CHEFIX>SPYIX, CONSENSIX>MULTIX, TRACCIX>CAOSIX","Crea una PAGINA A FUMETTI a STORIA COMPLETA, verticale A4 (1024x1536), QUALITA' EDITORIALE DA STAMPA, stile ufficiale 'SICURIX TALES' IDENTICO alle immagini di riferimento allegate (stessi personaggi a mattoncini 3D, stessa impaginazione, stessi colori, stesse rese): minifigure espressive, ambientazioni ricche e dettagliate del settore, luci morbide, profondita', bordi vignetta netti. IMPAGINAZIONE OBBLIGATORIA: da 10 a 12 VIGNETTE numerate che raccontano UNA STORIA con arco narrativo completo (1 situazione normale -> 2-4 arrivano i pericoli coi cattivi -> 5-6 tensione/conseguenza -> 7-9 arriva SICURIX con gli eroi e applica il METODO81+ passo per passo -> 10-11 risoluzione ordinata -> 12 finale). HEADER in alto: SICURIX (mantello, medaglione arancione '81+', bussola) che presenta in un fumetto; grande titolo 'SICURIX TALES'; sottotitolo 'PA: Pericolo vs Soluzione con Metodo 81+'; legenda 3 voci (verde Sicurezza, rosso Rischio, blu 81+ Soluzione); fila di EROI coi nomi: SICURIX, LUXPECTORIX, PREPOSTIX, BLINKIX, PRIVACIX, CIFRIX. FOOTER in basso: grande 'Prima vedi. Poi sistemi.'; banner scudo verde 'PROTEGGIAMO. PREVENIAMO. MIGLIORIAMO.' e triangolo rosso 'DISATTENZIONE. RISCHI. COSTI. CAOS.'; logo '81+' + '81plus.net'. TRAMA (usa questi eventi come vignette; se sono meno di 10 aggiungi vignette di contesto, dialogo e reazione per arrivare a 10-12): 1) POLVERIX causa il pericolo 'Ruolo/RLS' (Rappresentante Lavoratori Sicurezza (RLS)); poi SICURIX+SICURIX applicano il METODO81+; 2) RUMORIX causa il pericolo 'Formazione base' (Formazione Generale Lavoratori); poi LUXPECTORIX+SICURIX applicano il METODO81+; 3) TAGLIX causa il pericolo 'Formazione specifica' (Formazione Specifica (rischio medio)); poi PREPOSTIX+SICURIX applicano il METODO81+; 4) CANCELIX causa il pericolo 'DPO' (Nomina DPO / RPD); poi BLINKIX+SICURIX applicano il METODO81+; 5) CAOSIX causa il pericolo 'Nomine' (Nomina Incaricati/Responsabili); poi PRIVACIX+SICURIX applicano il METODO81+; 6) VIBRIX causa il pericolo 'Stress' (Stress Lavoro-Correlato); poi CIFRIX+SICURIX applicano il METODO81+; 7) RISKIX causa il pericolo 'Emergenze/Soccorso' (Addetto Primo Soccorso); poi PRIVACIX+SICURIX applicano il METODO81+; 8) SPYIX causa il pericolo 'Data breach' (Procedura Data Breach); poi CHEFIX+SICURIX applicano il METODO81+; 9) MULTIX causa il pericolo 'Documento' (Informativa e Consensi); poi CONSENSIX+SICURIX applicano il METODO81+; 10) CAOSIX causa il pericolo 'Emergenze/Incendio' (Addetto Antincendio); poi TRACCIX+SICURIX applicano il METODO81+. PALETTE BRAND ESCLUSIVA: nero #05050A, bianco panna, arancione #FF6A1A/#E8501A; ROSSO solo per 'PERICOLO', VERDE per la checklist 'Metodo 81+'. Logo '81+' ben visibile in OGNI vignetta. REGOLA STORIA: SICURIX NON agisce mai da solo - in OGNI vignetta di soluzione si fa AIUTARE dai suoi colleghi EROI (lavoro di squadra, ognuno col suo ruolo). TESTO: didascalie e fumetti MOLTO BREVI (1-4 parole), GRANDI, centrati, in ITALIANO con ORTOGRAFIA PERFETTA, senza parole inventate, lettere doppie errate o testo tagliato. CATTIVI (coerenti col canone): POLVERIX, RUMORIX, TAGLIX, CANCELIX, CAOSIX, VIBRIX, RISKIX, SPYIX, MULTIX. EROI: SICURIX, LUXPECTORIX, PREPOSTIX, BLINKIX, PRIVACIX, CIFRIX, CHEFIX, CONSENSIX, TRACCIX. NEGATIVE: nessun marchio LEGO reale, nessun personaggio protetto (Asterix ecc.), niente gore/horror, niente claim assoluti ('rischio zero','garantito','zero multe').",La differenza tra chi in PA dorme sereno e chi trema al controllo,"In PA c'e' un obbligo che in tanti scoprono solo con la sanzione

In pa gli adempimenti obbligatori non aspettano: Ruolo/RLS, Formazione base, Formazione specifica, DPO, Nomine, Stress, Emergenze/Soccorso, Data breach, Documento, Emergenze/Incendio. In questa pagina TALES OF SICURIX il PERICOLO prende forma... e il METODO81+ lo rimette in ordine, passo dopo passo. Immagina la scena: prima il caos, poi la checklist che sistema tutto. Mettere ordine ora costa poco. Rimediare dopo costa caro.
👉 Iscriviti al corso: Corso RLS -> https://81plus.net/?corso=corso-rls
▶️ YouTube: youtube.com/@sicurissimo
Contenuto informativo. Prima vedi. Poi sistemi. 81plus.net",Corso RLS,https://81plus.net/?corso=corso-rls,#TalesOfSicurix #SICURIX #Metodo81 #81plus #Sicurissimo #Sicurezza #Privacy #SicurezzaSulLavoro,SICURIX_TALES_773500_4_1_2_17_14_11_6_16_12_7.webp,https://drive.google.com/drive/folders/1hICKXdl9JTZBL1pemG19oE_661z-EH_k,IMG_ERR
52.26.01,Trasporti/Magazzino,H,Ambientale+Sicurezza+Privacy,11,Gestione Rifiuti e Registro | Documento Valutazione Rischi (DVR) | Nomina Incaricati/Responsabili | Formazione Ambientale | Movimentazione Manuale Carichi | Informativa e Consensi | Sorveglianza Sanitaria / Medico Competente | RSPP / Datore di Lavoro RSPP | Formazione GDPR | Uso e Formazione DPI | Registro dei Trattamenti,D.Lgs152/06 | D.Lgs81/08 art.28 | GDPR art.28-29 | D.Lgs81/08 Tit.VI | GDPR art.13 | D.Lgs81/08 art.41 | D.Lgs81/08 art.34 | GDPR art.32 | D.Lgs81/08 art.77 | GDPR art.30,"CIFRIX>FRETTIX, FORMIX>CADUTIX, SICURIX>IMPROVVISIX, CONSENSIX>CAOSIX, BLINKIX>VIBRIX, CHECKIX>OBLIVIX, FORMIX>OBLIVIX, LUXPECTORIX>POLVERIX, TRACCIX>IMPROVVISIX, TRACCIX>CADUTIX, CONSENSIX>CANCELIX","Crea una PAGINA A FUMETTI a STORIA COMPLETA, verticale A4 (1024x1536), QUALITA' EDITORIALE DA STAMPA, stile ufficiale 'SICURIX TALES' IDENTICO alle immagini di riferimento allegate (stessi personaggi a mattoncini 3D, stessa impaginazione, stessi colori, stesse rese): minifigure espressive, ambientazioni ricche e dettagliate del settore, luci morbide, profondita', bordi vignetta netti. IMPAGINAZIONE OBBLIGATORIA: da 10 a 12 VIGNETTE numerate che raccontano UNA STORIA con arco narrativo completo (1 situazione normale -> 2-4 arrivano i pericoli coi cattivi -> 5-6 tensione/conseguenza -> 7-9 arriva SICURIX con gli eroi e applica il METODO81+ passo per passo -> 10-11 risoluzione ordinata -> 12 finale). HEADER in alto: SICURIX (mantello, medaglione arancione '81+', bussola) che presenta in un fumetto; grande titolo 'SICURIX TALES'; sottotitolo 'TRASPORTI/MAGAZZINO: Pericolo vs Soluzione con Metodo 81+'; legenda 3 voci (verde Sicurezza, rosso Rischio, blu 81+ Soluzione); fila di EROI coi nomi: CIFRIX, FORMIX, SICURIX, CONSENSIX, BLINKIX, CHECKIX. FOOTER in basso: grande 'Prima vedi. Poi sistemi.'; banner scudo verde 'PROTEGGIAMO. PREVENIAMO. MIGLIORIAMO.' e triangolo rosso 'DISATTENZIONE. RISCHI. COSTI. CAOS.'; logo '81+' + '81plus.net'. TRAMA (usa questi eventi come vignette; se sono meno di 10 aggiungi vignette di contesto, dialogo e reazione per arrivare a 10-12): 1) FRETTIX causa il pericolo 'Rifiuti' (Gestione Rifiuti e Registro); poi CIFRIX+SICURIX applicano il METODO81+; 2) CADUTIX causa il pericolo 'Documento' (Documento Valutazione Rischi (DVR)); poi FORMIX+SICURIX applicano il METODO81+; 3) IMPROVVISIX causa il pericolo 'Nomine' (Nomina Incaricati/Responsabili); poi SICURIX+SICURIX applicano il METODO81+; 4) CAOSIX causa il pericolo 'Formazione' (Formazione Ambientale); poi CONSENSIX+SICURIX applicano il METODO81+; 5) VIBRIX causa il pericolo 'MMC' (Movimentazione Manuale Carichi); poi BLINKIX+SICURIX applicano il METODO81+; 6) OBLIVIX causa il pericolo 'Documento' (Informativa e Consensi); poi CHECKIX+SICURIX applicano il METODO81+; 7) OBLIVIX causa il pericolo 'Sorveglianza sanitaria' (Sorveglianza Sanitaria / Medico Competente); poi FORMIX+SICURIX applicano il METODO81+; 8) POLVERIX causa il pericolo 'Ruolo/RSPP' (RSPP / Datore di Lavoro RSPP); poi LUXPECTORIX+SICURIX applicano il METODO81+; 9) IMPROVVISIX causa il pericolo 'Formazione' (Formazione GDPR); poi TRACCIX+SICURIX applicano il METODO81+; 10) CADUTIX causa il pericolo 'DPI' (Uso e Formazione DPI); poi TRACCIX+SICURIX applicano il METODO81+; 11) CANCELIX causa il pericolo 'Registro' (Registro dei Trattamenti); poi CONSENSIX+SICURIX applicano il METODO81+. PALETTE BRAND ESCLUSIVA: nero #05050A, bianco panna, arancione #FF6A1A/#E8501A; ROSSO solo per 'PERICOLO', VERDE per la checklist 'Metodo 81+'. Logo '81+' ben visibile in OGNI vignetta. REGOLA STORIA: SICURIX NON agisce mai da solo - in OGNI vignetta di soluzione si fa AIUTARE dai suoi colleghi EROI (lavoro di squadra, ognuno col suo ruolo). TESTO: didascalie e fumetti MOLTO BREVI (1-4 parole), GRANDI, centrati, in ITALIANO con ORTOGRAFIA PERFETTA, senza parole inventate, lettere doppie errate o testo tagliato. CATTIVI (coerenti col canone): FRETTIX, CADUTIX, IMPROVVISIX, CAOSIX, VIBRIX, OBLIVIX, POLVERIX, CANCELIX. EROI: CIFRIX, FORMIX, SICURIX, CONSENSIX, BLINKIX, CHECKIX, LUXPECTORIX, TRACCIX. NEGATIVE: nessun marchio LEGO reale, nessun personaggio protetto (Asterix ecc.), niente gore/horror, niente claim assoluti ('rischio zero','garantito','zero multe').",Quello che l'ispettore controlla per primo in Trasporti/Magazzino (e quasi nessuno lo sa),"Quello che l'ispettore controlla per primo in Trasporti/Magazzino (e quasi nessuno lo sa)

In trasporti/magazzino gli adempimenti obbligatori non aspettano: Rifiuti, Documento, Nomine, Formazione, MMC, Sorveglianza sanitaria, Ruolo/RSPP, DPI, Registro. In questa pagina TALES OF SICURIX il PERICOLO prende forma... e il METODO81+ lo rimette in ordine, passo dopo passo. Immagina la scena: prima il caos, poi la checklist che sistema tutto. Mettere ordine ora costa poco. Rimediare dopo costa caro.
👉 Iscriviti al corso: Formazione integrativa lavoratore 4 ore – gestione e smaltimento rifiuti -> https://81plus.net/?corso=formazione-integrativa-lavoratore-4-ore-gestione-e-smaltimen
▶️ YouTube: youtube.com/@sicurissimo
Contenuto informativo. Prima vedi. Poi sistemi. 81plus.net",Formazione integrativa lavoratore 4 ore – gestione e smaltimento rifiuti,https://81plus.net/?corso=formazione-integrativa-lavoratore-4-ore-gestione-e-smaltimen,#TalesOfSicurix #SICURIX #Metodo81 #81plus #Sicurissimo #Ambientale #Sicurezza #Privacy #SicurezzaSulLavoro,SICURIX_TALES_522601_19_0_16_20_10_14_9_5_17_8_15.webp,https://drive.google.com/drive/folders/1hICKXdl9JTZBL1pemG19oE_661z-EH_k,IMG_ERR
10.71.10,Manifattura,C,HACCP+Sicurezza+Privacy,10,Rintracciabilita ed Etichettatura | Documento Valutazione Rischi (DVR) | Lotta agli Infestanti (Pest Control) | Gestione Allergeni | Addetto Primo Soccorso | Rischio Rumore | Addetto Antincendio | Attrezzature e Macchine | Manuale HACCP di Autocontrollo | Formazione GDPR,Reg.CE 178/2002 | D.Lgs81/08 art.28 | Reg.CE 852/2004 | Reg.UE 1169/2011 | DM 388/2003 | D.Lgs81/08 Tit.VIII | DM 2/9/2021 | D.Lgs81/08 Tit.III | GDPR art.32,"LUXPECTORIX>SCADUTIX, CIFRIX>SCIVOLIX, SICURIX>CROSSIX, PRIVACIX>TEMPORIX, BLINKIX>CHIMIKIX, FORMIX>CADUTIX, HYGIENIX>CADUTIX, CONSENSIX>SEGNALEX, TRACCIX>CAOSIX, BLINKIX>IMPROVVISIX","Crea una PAGINA A FUMETTI a STORIA COMPLETA, verticale A4 (1024x1536), QUALITA' EDITORIALE DA STAMPA, stile ufficiale 'SICURIX TALES' IDENTICO alle immagini di riferimento allegate (stessi personaggi a mattoncini 3D, stessa impaginazione, stessi colori, stesse rese): minifigure espressive, ambientazioni ricche e dettagliate del settore, luci morbide, profondita', bordi vignetta netti. IMPAGINAZIONE OBBLIGATORIA: da 10 a 12 VIGNETTE numerate che raccontano UNA STORIA con arco narrativo completo (1 situazione normale -> 2-4 arrivano i pericoli coi cattivi -> 5-6 tensione/conseguenza -> 7-9 arriva SICURIX con gli eroi e applica il METODO81+ passo per passo -> 10-11 risoluzione ordinata -> 12 finale). HEADER in alto: SICURIX (mantello, medaglione arancione '81+', bussola) che presenta in un fumetto; grande titolo 'SICURIX TALES'; sottotitolo 'MANIFATTURA: Pericolo vs Soluzione con Metodo 81+'; legenda 3 voci (verde Sicurezza, rosso Rischio, blu 81+ Soluzione); fila di EROI coi nomi: LUXPECTORIX, CIFRIX, SICURIX, PRIVACIX, BLINKIX, FORMIX. FOOTER in basso: grande 'Prima vedi. Poi sistemi.'; banner scudo verde 'PROTEGGIAMO. PREVENIAMO. MIGLIORIAMO.' e triangolo rosso 'DISATTENZIONE. RISCHI. COSTI. CAOS.'; logo '81+' + '81plus.net'. TRAMA (usa questi eventi come vignette; se sono meno di 10 aggiungi vignette di contesto, dialogo e reazione per arrivare a 10-12): 1) SCADUTIX causa il pericolo 'Rintracciabilita' (Rintracciabilita ed Etichettatura); poi LUXPECTORIX+SICURIX applicano il METODO81+; 2) SCIVOLIX causa il pericolo 'Documento' (Documento Valutazione Rischi (DVR)); poi CIFRIX+SICURIX applicano il METODO81+; 3) CROSSIX causa il pericolo 'Infestanti' (Lotta agli Infestanti (Pest Control)); poi SICURIX+SICURIX applicano il METODO81+; 4) TEMPORIX causa il pericolo 'Allergeni' (Gestione Allergeni); poi PRIVACIX+SICURIX applicano il METODO81+; 5) CHIMIKIX causa il pericolo 'Emergenze/Soccorso' (Addetto Primo Soccorso); poi BLINKIX+SICURIX applicano il METODO81+; 6) CADUTIX causa il pericolo 'Rumore' (Rischio Rumore); poi FORMIX+SICURIX applicano il METODO81+; 7) CADUTIX causa il pericolo 'Emergenze/Incendio' (Addetto Antincendio); poi HYGIENIX+SICURIX applicano il METODO81+; 8) SEGNALEX causa il pericolo 'Attrezzature' (Attrezzature e Macchine); poi CONSENSIX+SICURIX applicano il METODO81+; 9) CAOSIX causa il pericolo 'Documento' (Manuale HACCP di Autocontrollo); poi TRACCIX+SICURIX applicano il METODO81+; 10) IMPROVVISIX causa il pericolo 'Formazione' (Formazione GDPR); poi BLINKIX+SICURIX applicano il METODO81+. PALETTE BRAND ESCLUSIVA: nero #05050A, bianco panna, arancione #FF6A1A/#E8501A; ROSSO solo per 'PERICOLO', VERDE per la checklist 'Metodo 81+'. Logo '81+' ben visibile in OGNI vignetta. REGOLA STORIA: SICURIX NON agisce mai da solo - in OGNI vignetta di soluzione si fa AIUTARE dai suoi colleghi EROI (lavoro di squadra, ognuno col suo ruolo). TESTO: didascalie e fumetti MOLTO BREVI (1-4 parole), GRANDI, centrati, in ITALIANO con ORTOGRAFIA PERFETTA, senza parole inventate, lettere doppie errate o testo tagliato. CATTIVI (coerenti col canone): SCADUTIX, SCIVOLIX, CROSSIX, TEMPORIX, CHIMIKIX, CADUTIX, SEGNALEX, CAOSIX, IMPROVVISIX. EROI: LUXPECTORIX, CIFRIX, SICURIX, PRIVACIX, BLINKIX, FORMIX, HYGIENIX, CONSENSIX, TRACCIX. NEGATIVE: nessun marchio LEGO reale, nessun personaggio protetto (Asterix ecc.), niente gore/horror, niente claim assoluti ('rischio zero','garantito','zero multe').",La differenza tra chi in Manifattura dorme sereno e chi trema al controllo,"Manifattura: 3 minuti oggi o un problema enorme domani. Scegli tu.

In manifattura gli adempimenti obbligatori non aspettano: Rintracciabilita, Documento, Infestanti, Allergeni, Emergenze/Soccorso, Rumore, Emergenze/Incendio, Attrezzature, Formazione. In questa pagina TALES OF SICURIX il PERICOLO prende forma... e il METODO81+ lo rimette in ordine, passo dopo passo. Immagina la scena: prima il caos, poi la checklist che sistema tutto. Chi si mette in regola prima, dorme meglio dopo.
👉 Iscriviti al corso: Manuale di rintracciabilità -> https://81plus.net/?corso=manuale-di-rintracciabilit
▶️ YouTube: youtube.com/@sicurissimo
Contenuto informativo. Prima vedi. Poi sistemi. 81plus.net",Manuale di rintracciabilità,https://81plus.net/?corso=manuale-di-rintracciabilit,#TalesOfSicurix #SICURIX #Metodo81 #81plus #Sicurissimo #HACCP #Sicurezza #Privacy #SicurezzaSulLavoro,SICURIX_TALES_107110_17_0_19_20_6_12_7_13_14_24.webp,https://drive.google.com/drive/folders/1hICKXdl9JTZBL1pemG19oE_661z-EH_k,IMG_ERR
28.24.00,Manifattura,C,HACCP+Sicurezza+Ambientale+Privacy,11,Lotta agli Infestanti (Pest Control) | Rischio Rumore | Formazione Specifica (rischio alto) | Gestione Rifiuti e Registro | Manuale HACCP di Autocontrollo | Stress Lavoro-Correlato | Uso e Formazione DPI | Formazione Generale Lavoratori | RSPP / Datore di Lavoro RSPP | Formazione GDPR | Documento Valutazione Rischi (DVR),Reg.CE 852/2004 | D.Lgs81/08 Tit.VIII | Accordo Stato-Regioni | D.Lgs152/06 | D.Lgs81/08 art.28 | D.Lgs81/08 art.77 | D.Lgs81/08 art.34 | GDPR art.32,"SCUDIX>CROSSIX, DOCUMIX>CADUTIX, HYGIENIX>MULTIX, SICURIX>OBLIVIX, BLINKIX>OBLIVIX, BLINKIX>BIOXIX, LUXPECTORIX>OBLIVIX, SCUDIX>NONDPIX, ROBOTIX81>RISKIX, HYGIENIX>CANCELIX, BLINKIX>SEGNALEX","Crea una PAGINA A FUMETTI a STORIA COMPLETA, verticale A4 (1024x1536), QUALITA' EDITORIALE DA STAMPA, stile ufficiale 'SICURIX TALES' IDENTICO alle immagini di riferimento allegate (stessi personaggi a mattoncini 3D, stessa impaginazione, stessi colori, stesse rese): minifigure espressive, ambientazioni ricche e dettagliate del settore, luci morbide, profondita', bordi vignetta netti. IMPAGINAZIONE OBBLIGATORIA: da 10 a 12 VIGNETTE numerate che raccontano UNA STORIA con arco narrativo completo (1 situazione normale -> 2-4 arrivano i pericoli coi cattivi -> 5-6 tensione/conseguenza -> 7-9 arriva SICURIX con gli eroi e applica il METODO81+ passo per passo -> 10-11 risoluzione ordinata -> 12 finale). HEADER in alto: SICURIX (mantello, medaglione arancione '81+', bussola) che presenta in un fumetto; grande titolo 'SICURIX TALES'; sottotitolo 'MANIFATTURA: Pericolo vs Soluzione con Metodo 81+'; legenda 3 voci (verde Sicurezza, rosso Rischio, blu 81+ Soluzione); fila di EROI coi nomi: SCUDIX, DOCUMIX, HYGIENIX, SICURIX, BLINKIX, LUXPECTORIX. FOOTER in basso: grande 'Prima vedi. Poi sistemi.'; banner scudo verde 'PROTEGGIAMO. PREVENIAMO. MIGLIORIAMO.' e triangolo rosso 'DISATTENZIONE. RISCHI. COSTI. CAOS.'; logo '81+' + '81plus.net'. TRAMA (usa questi eventi come vignette; se sono meno di 10 aggiungi vignette di contesto, dialogo e reazione per arrivare a 10-12): 1) CROSSIX causa il pericolo 'Infestanti' (Lotta agli Infestanti (Pest Control)); poi SCUDIX+SICURIX applicano il METODO81+; 2) CADUTIX causa il pericolo 'Rumore' (Rischio Rumore); poi DOCUMIX+SICURIX applicano il METODO81+; 3) MULTIX causa il pericolo 'Formazione specifica' (Formazione Specifica (rischio alto)); poi HYGIENIX+SICURIX applicano il METODO81+; 4) OBLIVIX causa il pericolo 'Rifiuti' (Gestione Rifiuti e Registro); poi SICURIX+SICURIX applicano il METODO81+; 5) OBLIVIX causa il pericolo 'Documento' (Manuale HACCP di Autocontrollo); poi BLINKIX+SICURIX applicano il METODO81+; 6) BIOXIX causa il pericolo 'Stress' (Stress Lavoro-Correlato); poi BLINKIX+SICURIX applicano il METODO81+; 7) OBLIVIX causa il pericolo 'DPI' (Uso e Formazione DPI); poi LUXPECTORIX+SICURIX applicano il METODO81+; 8) NONDPIX causa il pericolo 'Formazione base' (Formazione Generale Lavoratori); poi SCUDIX+SICURIX applicano il METODO81+; 9) RISKIX causa il pericolo 'Ruolo/RSPP' (RSPP / Datore di Lavoro RSPP); poi ROBOTIX81+SICURIX applicano il METODO81+; 10) CANCELIX causa il pericolo 'Formazione' (Formazione GDPR); poi HYGIENIX+SICURIX applicano il METODO81+; 11) SEGNALEX causa il pericolo 'Documento' (Documento Valutazione Rischi (DVR)); poi BLINKIX+SICURIX applicano il METODO81+. PALETTE BRAND ESCLUSIVA: nero #05050A, bianco panna, arancione #FF6A1A/#E8501A; ROSSO solo per 'PERICOLO', VERDE per la checklist 'Metodo 81+'. Logo '81+' ben visibile in OGNI vignetta. REGOLA STORIA: SICURIX NON agisce mai da solo - in OGNI vignetta di soluzione si fa AIUTARE dai suoi colleghi EROI (lavoro di squadra, ognuno col suo ruolo). TESTO: didascalie e fumetti MOLTO BREVI (1-4 parole), GRANDI, centrati, in ITALIANO con ORTOGRAFIA PERFETTA, senza parole inventate, lettere doppie errate o testo tagliato. CATTIVI (coerenti col canone): CROSSIX, CADUTIX, MULTIX, OBLIVIX, BIOXIX, NONDPIX, RISKIX, CANCELIX, SEGNALEX. EROI: SCUDIX, DOCUMIX, HYGIENIX, SICURIX, BLINKIX, LUXPECTORIX, ROBOTIX81. NEGATIVE: nessun marchio LEGO reale, nessun personaggio protetto (Asterix ecc.), niente gore/horror, niente claim assoluti ('rischio zero','garantito','zero multe').",La differenza tra chi in Manifattura dorme sereno e chi trema al controllo,"Manifattura: 3 minuti oggi o un problema enorme domani. Scegli tu.

In manifattura gli adempimenti obbligatori non aspettano: Infestanti, Rumore, Formazione specifica, Rifiuti, Documento, Stress, DPI, Formazione base, Ruolo/RSPP, Formazione. In questa pagina TALES OF SICURIX il PERICOLO prende forma... e il METODO81+ lo rimette in ordine, passo dopo passo. Immagina la scena: prima il caos, poi la checklist che sistema tutto. La regola c'e' gia': tu falla lavorare per te.
👉 Iscriviti al corso: Haccp - Corso responsabile industria alimentare -> https://81plus.net/?corso=haccp-corso-responsabile-industria-alimentare
▶️ YouTube: youtube.com/@sicurissimo
Contenuto informativo. Prima vedi. Poi sistemi. 81plus.net",Haccp - Corso responsabile industria alimentare,https://81plus.net/?corso=haccp-corso-responsabile-industria-alimentare,#TalesOfSicurix #SICURIX #Metodo81 #81plus #Sicurissimo #HACCP #Sicurezza #Ambientale #Privacy #SicurezzaSulLavoro,SICURIX_TALES_282400_19_12_2_26_14_11_8_1_5_24_0.webp,https://drive.google.com/drive/folders/1hICKXdl9JTZBL1pemG19oE_661z-EH_k,IMG_ERR
66.30.01,Immobiliare,L,Sicurezza+Privacy,11,Rappresentante Lavoratori Sicurezza (RLS) | Formazione GDPR | Addetto Antincendio | Nomina Incaricati/Responsabili | Addetto Primo Soccorso | Formazione Generale Lavoratori | Uso e Formazione DPI | Formazione Specifica (rischio basso) | Documento Valutazione Rischi (DVR) | RSPP / Datore di Lavoro RSPP | Registro dei Trattamenti,D.Lgs81/08 art.47 | GDPR art.32 | DM 2/9/2021 | GDPR art.28-29 | DM 388/2003 | Accordo Stato-Regioni | D.Lgs81/08 art.77 | D.Lgs81/08 art.28 | D.Lgs81/08 art.34 | GDPR art.30,"CONSENSIX>NONDPIX, SCUDIX>MULTIX, CHEFIX>FRETTIX, BLINKIX>RISKIX, FORMIX>BIOXIX, FORMIX>TAGLIX, ROBOTIX81>VIBRIX, ROBOTIX81>FUMIX, HYGIENIX>SCHIACCIX, HYGIENIX>ØTIX, LUXPECTORIX>CAOSIX","Crea una PAGINA A FUMETTI a STORIA COMPLETA, verticale A4 (1024x1536), QUALITA' EDITORIALE DA STAMPA, stile ufficiale 'SICURIX TALES' IDENTICO alle immagini di riferimento allegate (stessi personaggi a mattoncini 3D, stessa impaginazione, stessi colori, stesse rese): minifigure espressive, ambientazioni ricche e dettagliate del settore, luci morbide, profondita', bordi vignetta netti. IMPAGINAZIONE OBBLIGATORIA: da 10 a 12 VIGNETTE numerate che raccontano UNA STORIA con arco narrativo completo (1 situazione normale -> 2-4 arrivano i pericoli coi cattivi -> 5-6 tensione/conseguenza -> 7-9 arriva SICURIX con gli eroi e applica il METODO81+ passo per passo -> 10-11 risoluzione ordinata -> 12 finale). HEADER in alto: SICURIX (mantello, medaglione arancione '81+', bussola) che presenta in un fumetto; grande titolo 'SICURIX TALES'; sottotitolo 'IMMOBILIARE: Pericolo vs Soluzione con Metodo 81+'; legenda 3 voci (verde Sicurezza, rosso Rischio, blu 81+ Soluzione); fila di EROI coi nomi: CONSENSIX, SCUDIX, CHEFIX, BLINKIX, FORMIX, ROBOTIX81. FOOTER in basso: grande 'Prima vedi. Poi sistemi.'; banner scudo verde 'PROTEGGIAMO. PREVENIAMO. MIGLIORIAMO.' e triangolo rosso 'DISATTENZIONE. RISCHI. COSTI. CAOS.'; logo '81+' + '81plus.net'. TRAMA (usa questi eventi come vignette; se sono meno di 10 aggiungi vignette di contesto, dialogo e reazione per arrivare a 10-12): 1) NONDPIX causa il pericolo 'Ruolo/RLS' (Rappresentante Lavoratori Sicurezza (RLS)); poi CONSENSIX+SICURIX applicano il METODO81+; 2) MULTIX causa il pericolo 'Formazione' (Formazione GDPR); poi SCUDIX+SICURIX applicano il METODO81+; 3) FRETTIX causa il pericolo 'Emergenze/Incendio' (Addetto Antincendio); poi CHEFIX+SICURIX applicano il METODO81+; 4) RISKIX causa il pericolo 'Nomine' (Nomina Incaricati/Responsabili); poi BLINKIX+SICURIX applicano il METODO81+; 5) BIOXIX causa il pericolo 'Emergenze/Soccorso' (Addetto Primo Soccorso); poi FORMIX+SICURIX applicano il METODO81+; 6) TAGLIX causa il pericolo 'Formazione base' (Formazione Generale Lavoratori); poi FORMIX+SICURIX applicano il METODO81+; 7) VIBRIX causa il pericolo 'DPI' (Uso e Formazione DPI); poi ROBOTIX81+SICURIX applicano il METODO81+; 8) FUMIX causa il pericolo 'Formazione specifica' (Formazione Specifica (rischio basso)); poi ROBOTIX81+SICURIX applicano il METODO81+; 9) SCHIACCIX causa il pericolo 'Documento' (Documento Valutazione Rischi (DVR)); poi HYGIENIX+SICURIX applicano il METODO81+; 10) ØTIX causa il pericolo 'Ruolo/RSPP' (RSPP / Datore di Lavoro RSPP); poi HYGIENIX+SICURIX applicano il METODO81+; 11) CAOSIX causa il pericolo 'Registro' (Registro dei Trattamenti); poi LUXPECTORIX+SICURIX applicano il METODO81+. PALETTE BRAND ESCLUSIVA: nero #05050A, bianco panna, arancione #FF6A1A/#E8501A; ROSSO solo per 'PERICOLO', VERDE per la checklist 'Metodo 81+'. Logo '81+' ben visibile in OGNI vignetta. REGOLA STORIA: SICURIX NON agisce mai da solo - in OGNI vignetta di soluzione si fa AIUTARE dai suoi colleghi EROI (lavoro di squadra, ognuno col suo ruolo). TESTO: didascalie e fumetti MOLTO BREVI (1-4 parole), GRANDI, centrati, in ITALIANO con ORTOGRAFIA PERFETTA, senza parole inventate, lettere doppie errate o testo tagliato. CATTIVI (coerenti col canone): NONDPIX, MULTIX, FRETTIX, RISKIX, BIOXIX, TAGLIX, VIBRIX, FUMIX, SCHIACCIX, ØTIX, CAOSIX. EROI: CONSENSIX, SCUDIX, CHEFIX, BLINKIX, FORMIX, ROBOTIX81, HYGIENIX, LUXPECTORIX. NEGATIVE: nessun marchio LEGO reale, nessun personaggio protetto (Asterix ecc.), niente gore/horror, niente claim assoluti ('rischio zero','garantito','zero multe').","In Immobiliare non e' 'se' arriva il controllo, e' 'quando'. Sei pronto?","Immobiliare: 3 minuti oggi o un problema enorme domani. Scegli tu.

In immobiliare gli adempimenti obbligatori non aspettano: Ruolo/RLS, Formazione, Emergenze/Incendio, Nomine, Emergenze/Soccorso, Formazione base, DPI, Formazione specifica, Documento, Ruolo/RSPP, Registro. In questa pagina TALES OF SICURIX il PERICOLO prende forma... e il METODO81+ lo rimette in ordine, passo dopo passo. Immagina la scena: prima il caos, poi la checklist che sistema tutto. Non e' burocrazia: e' la tua tranquillita.
👉 Iscriviti al corso: Corso RLS -> https://81plus.net/?corso=corso-rls
▶️ YouTube: youtube.com/@sicurissimo
Contenuto informativo. Prima vedi. Poi sistemi. 81plus.net",Corso RLS,https://81plus.net/?corso=corso-rls,#TalesOfSicurix #SICURIX #Metodo81 #81plus #Sicurissimo #Sicurezza #Privacy #SicurezzaSulLavoro,SICURIX_TALES_663001_4_12_7_11_6_1_8_2_0_5_10.webp,https://drive.google.com/drive/folders/1hICKXdl9JTZBL1pemG19oE_661z-EH_k,IMG_ERR
69.20.04,Servizi alle imprese,N,Sicurezza+Privacy,11,Formazione Specifica (rischio basso) | Registro dei Trattamenti | Nomina Incaricati/Responsabili | Rappresentante Lavoratori Sicurezza (RLS) | Uso e Formazione DPI | Procedura Data Breach | Formazione Preposto | Addetto Antincendio | Formazione GDPR | Addetto Primo Soccorso | Formazione Generale Lavoratori,Accordo Stato-Regioni | GDPR art.30 | GDPR art.28-29 | D.Lgs81/08 art.47 | D.Lgs81/08 art.77 | GDPR art.33-34 | D.Lgs81/08 art.37 | DM 2/9/2021 | GDPR art.32 | DM 388/2003,"FORMIX>IMPROVVISIX, FORMIX>OBLIVIX, DOCUMIX>SPYIX, SCUDIX>CADUTIX, PREPOSTIX>CADUTIX, PREPOSTIX>PERMISSIONIX, SICURIX>FUMIX, CHEFIX>SOTTOVALUTIX, TRACCIX>MULTIX, PREPOSTIX>NONDPIX, BLINKIX>CHIMIKIX","Crea una PAGINA A FUMETTI a STORIA COMPLETA, verticale A4 (1024x1536), QUALITA' EDITORIALE DA STAMPA, stile ufficiale 'SICURIX TALES' IDENTICO alle immagini di riferimento allegate (stessi personaggi a mattoncini 3D, stessa impaginazione, stessi colori, stesse rese): minifigure espressive, ambientazioni ricche e dettagliate del settore, luci morbide, profondita', bordi vignetta netti. IMPAGINAZIONE OBBLIGATORIA: da 10 a 12 VIGNETTE numerate che raccontano UNA STORIA con arco narrativo completo (1 situazione normale -> 2-4 arrivano i pericoli coi cattivi -> 5-6 tensione/conseguenza -> 7-9 arriva SICURIX con gli eroi e applica il METODO81+ passo per passo -> 10-11 risoluzione ordinata -> 12 finale). HEADER in alto: SICURIX (mantello, medaglione arancione '81+', bussola) che presenta in un fumetto; grande titolo 'SICURIX TALES'; sottotitolo 'SERVIZI ALLE IMPRESE: Pericolo vs Soluzione con Metodo 81+'; legenda 3 voci (verde Sicurezza, rosso Rischio, blu 81+ Soluzione); fila di EROI coi nomi: FORMIX, DOCUMIX, SCUDIX, PREPOSTIX, SICURIX, CHEFIX. FOOTER in basso: grande 'Prima vedi. Poi sistemi.'; banner scudo verde 'PROTEGGIAMO. PREVENIAMO. MIGLIORIAMO.' e triangolo rosso 'DISATTENZIONE. RISCHI. COSTI. CAOS.'; logo '81+' + '81plus.net'. TRAMA (usa questi eventi come vignette; se sono meno di 10 aggiungi vignette di contesto, dialogo e reazione per arrivare a 10-12): 1) IMPROVVISIX causa il pericolo 'Formazione specifica' (Formazione Specifica (rischio basso)); poi FORMIX+SICURIX applicano il METODO81+; 2) OBLIVIX causa il pericolo 'Registro' (Registro dei Trattamenti); poi FORMIX+SICURIX applicano il METODO81+; 3) SPYIX causa il pericolo 'Nomine' (Nomina Incaricati/Responsabili); poi DOCUMIX+SICURIX applicano il METODO81+; 4) CADUTIX causa il pericolo 'Ruolo/RLS' (Rappresentante Lavoratori Sicurezza (RLS)); poi SCUDIX+SICURIX applicano il METODO81+; 5) CADUTIX causa il pericolo 'DPI' (Uso e Formazione DPI); poi PREPOSTIX+SICURIX applicano il METODO81+; 6) PERMISSIONIX causa il pericolo 'Data breach' (Procedura Data Breach); poi PREPOSTIX+SICURIX applicano il METODO81+; 7) FUMIX causa il pericolo 'Ruolo/Preposto' (Formazione Preposto); poi SICURIX+SICURIX applicano il METODO81+; 8) SOTTOVALUTIX causa il pericolo 'Emergenze/Incendio' (Addetto Antincendio); poi CHEFIX+SICURIX applicano il METODO81+; 9) MULTIX causa il pericolo 'Formazione' (Formazione GDPR); poi TRACCIX+SICURIX applicano il METODO81+; 10) NONDPIX causa il pericolo 'Emergenze/Soccorso' (Addetto Primo Soccorso); poi PREPOSTIX+SICURIX applicano il METODO81+; 11) CHIMIKIX causa il pericolo 'Formazione base' (Formazione Generale Lavoratori); poi BLINKIX+SICURIX applicano il METODO81+. PALETTE BRAND ESCLUSIVA: nero #05050A, bianco panna, arancione #FF6A1A/#E8501A; ROSSO solo per 'PERICOLO', VERDE per la checklist 'Metodo 81+'. Logo '81+' ben visibile in OGNI vignetta. REGOLA STORIA: SICURIX NON agisce mai da solo - in OGNI vignetta di soluzione si fa AIUTARE dai suoi colleghi EROI (lavoro di squadra, ognuno col suo ruolo). TESTO: didascalie e fumetti MOLTO BREVI (1-4 parole), GRANDI, centrati, in ITALIANO con ORTOGRAFIA PERFETTA, senza parole inventate, lettere doppie errate o testo tagliato. CATTIVI (coerenti col canone): IMPROVVISIX, OBLIVIX, SPYIX, CADUTIX, PERMISSIONIX, FUMIX, SOTTOVALUTIX, MULTIX, NONDPIX, CHIMIKIX. EROI: FORMIX, DOCUMIX, SCUDIX, PREPOSTIX, SICURIX, CHEFIX, TRACCIX, BLINKIX. NEGATIVE: nessun marchio LEGO reale, nessun personaggio protetto (Asterix ecc.), niente gore/horror, niente claim assoluti ('rischio zero','garantito','zero multe').",Quello che l'ispettore controlla per primo in Servizi alle imprese (e quasi nessuno lo sa),"La differenza tra chi in Servizi alle imprese dorme sereno e chi trema al controllo

In servizi alle imprese gli adempimenti obbligatori non aspettano: Formazione specifica, Registro, Nomine, Ruolo/RLS, DPI, Data breach, Ruolo/Preposto, Emergenze/Incendio, Formazione, Emergenze/Soccorso, Formazione base. In questa pagina TALES OF SICURIX il PERICOLO prende forma... e il METODO81+ lo rimette in ordine, passo dopo passo. Immagina la scena: prima il caos, poi la checklist che sistema tutto. Non e' burocrazia: e' la tua tranquillita.
👉 Iscriviti al corso: Corso lavoratore parte GENERALE 4 ore -> https://81plus.net/?corso=corso-lavoratore-parte-generale-4-ore
▶️ YouTube: youtube.com/@sicurissimo
Contenuto informativo. Prima vedi. Poi sistemi. 81plus.net",Corso lavoratore parte GENERALE 4 ore,https://81plus.net/?corso=corso-lavoratore-parte-generale-4-ore,#TalesOfSicurix #SICURIX #Metodo81 #81plus #Sicurissimo #Sicurezza #Privacy #SicurezzaSulLavoro,SICURIX_TALES_692004_2_11_12_4_8_14_3_7_13_6_1.webp,https://drive.google.com/drive/folders/1hICKXdl9JTZBL1pemG19oE_661z-EH_k,IMG_ERR
47.69.12,Commercio,G,Sicurezza+HACCP+Privacy,10,Stress Lavoro-Correlato | Formazione Preposto | Rappresentante Lavoratori Sicurezza (RLS) | Formazione Specifica (rischio medio) | Lotta agli Infestanti (Pest Control) | Movimentazione Manuale Carichi | Manuale HACCP di Autocontrollo | Procedura Data Breach | Rintracciabilita ed Etichettatura | Uso e Formazione DPI,D.Lgs81/08 art.28 | D.Lgs81/08 art.37 | D.Lgs81/08 art.47 | Accordo Stato-Regioni | Reg.CE 852/2004 | D.Lgs81/08 Tit.VI | GDPR art.33-34 | Reg.CE 178/2002 | D.Lgs81/08 art.77,"CIFRIX>NONDPIX, CHEFIX>CADUTIX, DOCUMIX>IMPROVVISIX, FORMIX>SOTTOVALUTIX, DOCUMIX>IMPROVVISIX, DOCUMIX>CAOSIX, SICURIX>DOSAGIX, SICURIX>LEAKIX, DOCUMIX>OBLIVIX, FORMIX>CAOSIX","Crea una PAGINA A FUMETTI a STORIA COMPLETA, verticale A4 (1024x1536), QUALITA' EDITORIALE DA STAMPA, stile ufficiale 'SICURIX TALES' IDENTICO alle immagini di riferimento allegate (stessi personaggi a mattoncini 3D, stessa impaginazione, stessi colori, stesse rese): minifigure espressive, ambientazioni ricche e dettagliate del settore, luci morbide, profondita', bordi vignetta netti. IMPAGINAZIONE OBBLIGATORIA: da 10 a 12 VIGNETTE numerate che raccontano UNA STORIA con arco narrativo completo (1 situazione normale -> 2-4 arrivano i pericoli coi cattivi -> 5-6 tensione/conseguenza -> 7-9 arriva SICURIX con gli eroi e applica il METODO81+ passo per passo -> 10-11 risoluzione ordinata -> 12 finale). HEADER in alto: SICURIX (mantello, medaglione arancione '81+', bussola) che presenta in un fumetto; grande titolo 'SICURIX TALES'; sottotitolo 'COMMERCIO: Pericolo vs Soluzione con Metodo 81+'; legenda 3 voci (verde Sicurezza, rosso Rischio, blu 81+ Soluzione); fila di EROI coi nomi: CIFRIX, CHEFIX, DOCUMIX, FORMIX, SICURIX. FOOTER in basso: grande 'Prima vedi. Poi sistemi.'; banner scudo verde 'PROTEGGIAMO. PREVENIAMO. MIGLIORIAMO.' e triangolo rosso 'DISATTENZIONE. RISCHI. COSTI. CAOS.'; logo '81+' + '81plus.net'. TRAMA (usa questi eventi come vignette; se sono meno di 10 aggiungi vignette di contesto, dialogo e reazione per arrivare a 10-12): 1) NONDPIX causa il pericolo 'Stress' (Stress Lavoro-Correlato); poi CIFRIX+SICURIX applicano il METODO81+; 2) CADUTIX causa il pericolo 'Ruolo/Preposto' (Formazione Preposto); poi CHEFIX+SICURIX applicano il METODO81+; 3) IMPROVVISIX causa il pericolo 'Ruolo/RLS' (Rappresentante Lavoratori Sicurezza (RLS)); poi DOCUMIX+SICURIX applicano il METODO81+; 4) SOTTOVALUTIX causa il pericolo 'Formazione specifica' (Formazione Specifica (rischio medio)); poi FORMIX+SICURIX applicano il METODO81+; 5) IMPROVVISIX causa il pericolo 'Infestanti' (Lotta agli Infestanti (Pest Control)); poi DOCUMIX+SICURIX applicano il METODO81+; 6) CAOSIX causa il pericolo 'MMC' (Movimentazione Manuale Carichi); poi DOCUMIX+SICURIX applicano il METODO81+; 7) DOSAGIX causa il pericolo 'Documento' (Manuale HACCP di Autocontrollo); poi SICURIX+SICURIX applicano il METODO81+; 8) LEAKIX causa il pericolo 'Data breach' (Procedura Data Breach); poi SICURIX+SICURIX applicano il METODO81+; 9) OBLIVIX causa il pericolo 'Rintracciabilita' (Rintracciabilita ed Etichettatura); poi DOCUMIX+SICURIX applicano il METODO81+; 10) CAOSIX causa il pericolo 'DPI' (Uso e Formazione DPI); poi FORMIX+SICURIX applicano il METODO81+. PALETTE BRAND ESCLUSIVA: nero #05050A, bianco panna, arancione #FF6A1A/#E8501A; ROSSO solo per 'PERICOLO', VERDE per la checklist 'Metodo 81+'. Logo '81+' ben visibile in OGNI vignetta. REGOLA STORIA: SICURIX NON agisce mai da solo - in OGNI vignetta di soluzione si fa AIUTARE dai suoi colleghi EROI (lavoro di squadra, ognuno col suo ruolo). TESTO: didascalie e fumetti MOLTO BREVI (1-4 parole), GRANDI, centrati, in ITALIANO con ORTOGRAFIA PERFETTA, senza parole inventate, lettere doppie errate o testo tagliato. CATTIVI (coerenti col canone): NONDPIX, CADUTIX, IMPROVVISIX, SOTTOVALUTIX, CAOSIX, DOSAGIX, LEAKIX, OBLIVIX. EROI: CIFRIX, CHEFIX, DOCUMIX, FORMIX, SICURIX. NEGATIVE: nessun marchio LEGO reale, nessun personaggio protetto (Asterix ecc.), niente gore/horror, niente claim assoluti ('rischio zero','garantito','zero multe').",Commercio: 3 minuti oggi o un problema enorme domani. Scegli tu.,"La differenza tra chi in Commercio dorme sereno e chi trema al controllo

In commercio gli adempimenti obbligatori non aspettano: Stress, Ruolo/Preposto, Ruolo/RLS, Formazione specifica, Infestanti, MMC, Documento, Data breach, Rintracciabilita, DPI. In questa pagina TALES OF SICURIX il PERICOLO prende forma... e il METODO81+ lo rimette in ordine, passo dopo passo. Immagina la scena: prima il caos, poi la checklist che sistema tutto. Mettere ordine ora costa poco. Rimediare dopo costa caro.
👉 Iscriviti al corso: Rischio stress lavoro correlato -> https://81plus.net/?corso=rischio-stress-lavoro-correlato
▶️ YouTube: youtube.com/@sicurissimo
Contenuto informativo. Prima vedi. Poi sistemi. 81plus.net",Rischio stress lavoro correlato,https://81plus.net/?corso=rischio-stress-lavoro-correlato,#TalesOfSicurix #SICURIX #Metodo81 #81plus #Sicurissimo #Sicurezza #HACCP #Privacy #SicurezzaSulLavoro,SICURIX_TALES_476912_11_3_4_2_17_10_12_23_15_8.webp,https://drive.google.com/drive/folders/1hICKXdl9JTZBL1pemG19oE_661z-EH_k,IMG_ERR
47.53.11,Commercio,G,Sicurezza+Privacy+HACCP,10,Formazione Specifica (rischio medio) | Informativa e Consensi | Corso Alimentarista | Formazione GDPR | Procedura Data Breach | Stress Lavoro-Correlato | Addetto Primo Soccorso | Rintracciabilita ed Etichettatura | Controllo Temperature e Celle | Sorveglianza Sanitaria / Medico Competente,Accordo Stato-Regioni | GDPR art.13 | Reg.CE 852/2004 | GDPR art.32 | GDPR art.33-34 | D.Lgs81/08 art.28 | DM 388/2003 | Reg.CE 178/2002 | D.Lgs81/08 art.41,"PRIVACIX>VIBRIX, PREPOSTIX>CANCELIX, CHECKIX>CAOSIX, HYGIENIX>HACKIX, LUXPECTORIX>LEAKIX, LUXPECTORIX>POLVERIX, DOCUMIX>BIOXIX, TRACCIX>FRETTIX, CONSENSIX>CAOSIX, PREPOSTIX>NONDPIX","Crea una PAGINA A FUMETTI a STORIA COMPLETA, verticale A4 (1024x1536), QUALITA' EDITORIALE DA STAMPA, stile ufficiale 'SICURIX TALES' IDENTICO alle immagini di riferimento allegate (stessi personaggi a mattoncini 3D, stessa impaginazione, stessi colori, stesse rese): minifigure espressive, ambientazioni ricche e dettagliate del settore, luci morbide, profondita', bordi vignetta netti. IMPAGINAZIONE OBBLIGATORIA: da 10 a 12 VIGNETTE numerate che raccontano UNA STORIA con arco narrativo completo (1 situazione normale -> 2-4 arrivano i pericoli coi cattivi -> 5-6 tensione/conseguenza -> 7-9 arriva SICURIX con gli eroi e applica il METODO81+ passo per passo -> 10-11 risoluzione ordinata -> 12 finale). HEADER in alto: SICURIX (mantello, medaglione arancione '81+', bussola) che presenta in un fumetto; grande titolo 'SICURIX TALES'; sottotitolo 'COMMERCIO: Pericolo vs Soluzione con Metodo 81+'; legenda 3 voci (verde Sicurezza, rosso Rischio, blu 81+ Soluzione); fila di EROI coi nomi: PRIVACIX, PREPOSTIX, CHECKIX, HYGIENIX, LUXPECTORIX, DOCUMIX. FOOTER in basso: grande 'Prima vedi. Poi sistemi.'; banner scudo verde 'PROTEGGIAMO. PREVENIAMO. MIGLIORIAMO.' e triangolo rosso 'DISATTENZIONE. RISCHI. COSTI. CAOS.'; logo '81+' + '81plus.net'. TRAMA (usa questi eventi come vignette; se sono meno di 10 aggiungi vignette di contesto, dialogo e reazione per arrivare a 10-12): 1) VIBRIX causa il pericolo 'Formazione specifica' (Formazione Specifica (rischio medio)); poi PRIVACIX+SICURIX applicano il METODO81+; 2) CANCELIX causa il pericolo 'Documento' (Informativa e Consensi); poi PREPOSTIX+SICURIX applicano il METODO81+; 3) CAOSIX causa il pericolo 'Corso' (Corso Alimentarista); poi CHECKIX+SICURIX applicano il METODO81+; 4) HACKIX causa il pericolo 'Formazione' (Formazione GDPR); poi HYGIENIX+SICURIX applicano il METODO81+; 5) LEAKIX causa il pericolo 'Data breach' (Procedura Data Breach); poi LUXPECTORIX+SICURIX applicano il METODO81+; 6) POLVERIX causa il pericolo 'Stress' (Stress Lavoro-Correlato); poi LUXPECTORIX+SICURIX applicano il METODO81+; 7) BIOXIX causa il pericolo 'Emergenze/Soccorso' (Addetto Primo Soccorso); poi DOCUMIX+SICURIX applicano il METODO81+; 8) FRETTIX causa il pericolo 'Rintracciabilita' (Rintracciabilita ed Etichettatura); poi TRACCIX+SICURIX applicano il METODO81+; 9) CAOSIX causa il pericolo 'Temperature' (Controllo Temperature e Celle); poi CONSENSIX+SICURIX applicano il METODO81+; 10) NONDPIX causa il pericolo 'Sorveglianza sanitaria' (Sorveglianza Sanitaria / Medico Competente); poi PREPOSTIX+SICURIX applicano il METODO81+. PALETTE BRAND ESCLUSIVA: nero #05050A, bianco panna, arancione #FF6A1A/#E8501A; ROSSO solo per 'PERICOLO', VERDE per la checklist 'Metodo 81+'. Logo '81+' ben visibile in OGNI vignetta. REGOLA STORIA: SICURIX NON agisce mai da solo - in OGNI vignetta di soluzione si fa AIUTARE dai suoi colleghi EROI (lavoro di squadra, ognuno col suo ruolo). TESTO: didascalie e fumetti MOLTO BREVI (1-4 parole), GRANDI, centrati, in ITALIANO con ORTOGRAFIA PERFETTA, senza parole inventate, lettere doppie errate o testo tagliato. CATTIVI (coerenti col canone): VIBRIX, CANCELIX, CAOSIX, HACKIX, LEAKIX, POLVERIX, BIOXIX, FRETTIX, NONDPIX. EROI: PRIVACIX, PREPOSTIX, CHECKIX, HYGIENIX, LUXPECTORIX, DOCUMIX, TRACCIX, CONSENSIX. NEGATIVE: nessun marchio LEGO reale, nessun personaggio protetto (Asterix ecc.), niente gore/horror, niente claim assoluti ('rischio zero','garantito','zero multe').",In Commercio c'e' un obbligo che in tanti scoprono solo con la sanzione,"In Commercio non e' 'se' arriva il controllo, e' 'quando'. Sei pronto?

In commercio gli adempimenti obbligatori non aspettano: Formazione specifica, Documento, Corso, Formazione, Data breach, Stress, Emergenze/Soccorso, Rintracciabilita, Temperature, Sorveglianza sanitaria. In questa pagina TALES OF SICURIX il PERICOLO prende forma... e il METODO81+ lo rimette in ordine, passo dopo passo. Immagina la scena: prima il caos, poi la checklist che sistema tutto. Chi si mette in regola prima, dorme meglio dopo.
👉 Iscriviti al corso: Corso lavoratore parte GENERALE 4 ore -> https://81plus.net/?corso=corso-lavoratore-parte-generale-4-ore
▶️ YouTube: youtube.com/@sicurissimo
Contenuto informativo. Prima vedi. Poi sistemi. 81plus.net",Corso lavoratore parte GENERALE 4 ore,https://81plus.net/?corso=corso-lavoratore-parte-generale-4-ore,#TalesOfSicurix #SICURIX #Metodo81 #81plus #Sicurissimo #Sicurezza #Privacy #HACCP #SicurezzaSulLavoro,SICURIX_TALES_475311_2_19_13_22_23_11_6_15_16_9.webp,https://drive.google.com/drive/folders/1hICKXdl9JTZBL1pemG19oE_661z-EH_k,IMG_ERR
96.10.11,Famiglie datori,T,Privacy+Sicurezza,12,Nomina Incaricati/Responsabili | Documento Valutazione Rischi (DVR) | Registro dei Trattamenti | Informativa e Consensi | Formazione GDPR | Formazione Specifica (rischio basso) | Valutazione d'Impatto (DPIA) | Procedura Data Breach | RSPP / Datore di Lavoro RSPP | Uso e Formazione DPI | Rappresentante Lavoratori Sicurezza (RLS) | Addetto Antincendio,GDPR art.28-29 | D.Lgs81/08 art.28 | GDPR art.30 | GDPR art.13 | GDPR art.32 | Accordo Stato-Regioni | GDPR art.35 | GDPR art.33-34 | D.Lgs81/08 art.34 | D.Lgs81/08 art.77 | D.Lgs81/08 art.47 | DM 2/9/2021,"CHECKIX>RISKIX, ROBOTIX81>CAOSIX, CONSENSIX>SPYIX, CIFRIX>LEAKIX, ROBOTIX81>PERMISSIONIX, CONSENSIX>SCHIACCIX, CHECKIX>MULTIX, CHECKIX>OBLIVIX, BLINKIX>OBLIVIX, HYGIENIX>BIOXIX, TRACCIX>TAGLIX, CONSENSIX>RISKIX","Crea una PAGINA A FUMETTI a STORIA COMPLETA, verticale A4 (1024x1536), QUALITA' EDITORIALE DA STAMPA, stile ufficiale 'SICURIX TALES' IDENTICO alle immagini di riferimento allegate (stessi personaggi a mattoncini 3D, stessa impaginazione, stessi colori, stesse rese): minifigure espressive, ambientazioni ricche e dettagliate del settore, luci morbide, profondita', bordi vignetta netti. IMPAGINAZIONE OBBLIGATORIA: da 10 a 12 VIGNETTE numerate che raccontano UNA STORIA con arco narrativo completo (1 situazione normale -> 2-4 arrivano i pericoli coi cattivi -> 5-6 tensione/conseguenza -> 7-9 arriva SICURIX con gli eroi e applica il METODO81+ passo per passo -> 10-11 risoluzione ordinata -> 12 finale). HEADER in alto: SICURIX (mantello, medaglione arancione '81+', bussola) che presenta in un fumetto; grande titolo 'SICURIX TALES'; sottotitolo 'FAMIGLIE DATORI: Pericolo vs Soluzione con Metodo 81+'; legenda 3 voci (verde Sicurezza, rosso Rischio, blu 81+ Soluzione); fila di EROI coi nomi: CHECKIX, ROBOTIX81, CONSENSIX, CIFRIX, BLINKIX, HYGIENIX. FOOTER in basso: grande 'Prima vedi. Poi sistemi.'; banner scudo verde 'PROTEGGIAMO. PREVENIAMO. MIGLIORIAMO.' e triangolo rosso 'DISATTENZIONE. RISCHI. COSTI. CAOS.'; logo '81+' + '81plus.net'. TRAMA (usa questi eventi come vignette; se sono meno di 10 aggiungi vignette di contesto, dialogo e reazione per arrivare a 10-12): 1) RISKIX causa il pericolo 'Nomine' (Nomina Incaricati/Responsabili); poi CHECKIX+SICURIX applicano il METODO81+; 2) CAOSIX causa il pericolo 'Documento' (Documento Valutazione Rischi (DVR)); poi ROBOTIX81+SICURIX applicano il METODO81+; 3) SPYIX causa il pericolo 'Registro' (Registro dei Trattamenti); poi CONSENSIX+SICURIX applicano il METODO81+; 4) LEAKIX causa il pericolo 'Documento' (Informativa e Consensi); poi CIFRIX+SICURIX applicano il METODO81+; 5) PERMISSIONIX causa il pericolo 'Formazione' (Formazione GDPR); poi ROBOTIX81+SICURIX applicano il METODO81+; 6) SCHIACCIX causa il pericolo 'Formazione specifica' (Formazione Specifica (rischio basso)); poi CONSENSIX+SICURIX applicano il METODO81+; 7) MULTIX causa il pericolo 'DPIA' (Valutazione d'Impatto (DPIA)); poi CHECKIX+SICURIX applicano il METODO81+; 8) OBLIVIX causa il pericolo 'Data breach' (Procedura Data Breach); poi CHECKIX+SICURIX applicano il METODO81+; 9) OBLIVIX causa il pericolo 'Ruolo/RSPP' (RSPP / Datore di Lavoro RSPP); poi BLINKIX+SICURIX applicano il METODO81+; 10) BIOXIX causa il pericolo 'DPI' (Uso e Formazione DPI); poi HYGIENIX+SICURIX applicano il METODO81+; 11) TAGLIX causa il pericolo 'Ruolo/RLS' (Rappresentante Lavoratori Sicurezza (RLS)); poi TRACCIX+SICURIX applicano il METODO81+; 12) RISKIX causa il pericolo 'Emergenze/Incendio' (Addetto Antincendio); poi CONSENSIX+SICURIX applicano il METODO81+. PALETTE BRAND ESCLUSIVA: nero #05050A, bianco panna, arancione #FF6A1A/#E8501A; ROSSO solo per 'PERICOLO', VERDE per la checklist 'Metodo 81+'. Logo '81+' ben visibile in OGNI vignetta. REGOLA STORIA: SICURIX NON agisce mai da solo - in OGNI vignetta di soluzione si fa AIUTARE dai suoi colleghi EROI (lavoro di squadra, ognuno col suo ruolo). TESTO: didascalie e fumetti MOLTO BREVI (1-4 parole), GRANDI, centrati, in ITALIANO con ORTOGRAFIA PERFETTA, senza parole inventate, lettere doppie errate o testo tagliato. CATTIVI (coerenti col canone): RISKIX, CAOSIX, SPYIX, LEAKIX, PERMISSIONIX, SCHIACCIX, MULTIX, OBLIVIX, BIOXIX, TAGLIX. EROI: CHECKIX, ROBOTIX81, CONSENSIX, CIFRIX, BLINKIX, HYGIENIX, TRACCIX. NEGATIVE: nessun marchio LEGO reale, nessun personaggio protetto (Asterix ecc.), niente gore/horror, niente claim assoluti ('rischio zero','garantito','zero multe').",In Famiglie datori c'e' un obbligo che in tanti scoprono solo con la sanzione,"Quello che l'ispettore controlla per primo in Famiglie datori (e quasi nessuno lo sa)

In famiglie datori gli adempimenti obbligatori non aspettano: Nomine, Documento, Registro, Formazione, Formazione specifica, DPIA, Data breach, Ruolo/RSPP, DPI, Ruolo/RLS, Emergenze/Incendio. In questa pagina TALES OF SICURIX il PERICOLO prende forma... e il METODO81+ lo rimette in ordine, passo dopo passo. Immagina la scena: prima il caos, poi la checklist che sistema tutto. Mettere ordine ora costa poco. Rimediare dopo costa caro.
👉 Iscriviti al corso: Corso privacy destinato ai lavoratori -> https://81plus.net/?corso=corso-privacy-destinato-ai-lavoratori
▶️ YouTube: youtube.com/@sicurissimo
Contenuto informativo. Prima vedi. Poi sistemi. 81plus.net",Corso privacy destinato ai lavoratori,https://81plus.net/?corso=corso-privacy-destinato-ai-lavoratori,#TalesOfSicurix #SICURIX #Metodo81 #81plus #Sicurissimo #Privacy #Sicurezza #SicurezzaSulLavoro,SICURIX_TALES_961011_11_0_10_9_12_2_15_13_5_8_4_7.webp,https://drive.google.com/drive/folders/1hICKXdl9JTZBL1pemG19oE_661z-EH_k,IMG_ERR
46.90.00,Commercio,G,Privacy+Sicurezza+HACCP,10,Procedura Data Breach | Sorveglianza Sanitaria / Medico Competente | Gestione Allergeni | Registro dei Trattamenti | Videosorveglianza a norma | Addetto Antincendio | Rappresentante Lavoratori Sicurezza (RLS) | Addetto Primo Soccorso | Informativa e Consensi | Formazione Preposto,GDPR art.33-34 | D.Lgs81/08 art.41 | Reg.UE 1169/2011 | GDPR art.30 | Provv.Garante | DM 2/9/2021 | D.Lgs81/08 art.47 | DM 388/2003 | GDPR art.13 | D.Lgs81/08 art.37,"PREPOSTIX>LEAKIX, CHEFIX>TAGLIX, CIFRIX>SCADUTIX, HYGIENIX>HACKIX, HYGIENIX>LEAKIX, PREPOSTIX>RISKIX, HYGIENIX>CAOSIX, CHEFIX>SCIVOLIX, PRIVACIX>PHISHIX, LUXPECTORIX>POLVERIX","Crea una PAGINA A FUMETTI a STORIA COMPLETA, verticale A4 (1024x1536), QUALITA' EDITORIALE DA STAMPA, stile ufficiale 'SICURIX TALES' IDENTICO alle immagini di riferimento allegate (stessi personaggi a mattoncini 3D, stessa impaginazione, stessi colori, stesse rese): minifigure espressive, ambientazioni ricche e dettagliate del settore, luci morbide, profondita', bordi vignetta netti. IMPAGINAZIONE OBBLIGATORIA: da 10 a 12 VIGNETTE numerate che raccontano UNA STORIA con arco narrativo completo (1 situazione normale -> 2-4 arrivano i pericoli coi cattivi -> 5-6 tensione/conseguenza -> 7-9 arriva SICURIX con gli eroi e applica il METODO81+ passo per passo -> 10-11 risoluzione ordinata -> 12 finale). HEADER in alto: SICURIX (mantello, medaglione arancione '81+', bussola) che presenta in un fumetto; grande titolo 'SICURIX TALES'; sottotitolo 'COMMERCIO: Pericolo vs Soluzione con Metodo 81+'; legenda 3 voci (verde Sicurezza, rosso Rischio, blu 81+ Soluzione); fila di EROI coi nomi: PREPOSTIX, CHEFIX, CIFRIX, HYGIENIX, PRIVACIX, LUXPECTORIX. FOOTER in basso: grande 'Prima vedi. Poi sistemi.'; banner scudo verde 'PROTEGGIAMO. PREVENIAMO. MIGLIORIAMO.' e triangolo rosso 'DISATTENZIONE. RISCHI. COSTI. CAOS.'; logo '81+' + '81plus.net'. TRAMA (usa questi eventi come vignette; se sono meno di 10 aggiungi vignette di contesto, dialogo e reazione per arrivare a 10-12): 1) LEAKIX causa il pericolo 'Data breach' (Procedura Data Breach); poi PREPOSTIX+SICURIX applicano il METODO81+; 2) TAGLIX causa il pericolo 'Sorveglianza sanitaria' (Sorveglianza Sanitaria / Medico Competente); poi CHEFIX+SICURIX applicano il METODO81+; 3) SCADUTIX causa il pericolo 'Allergeni' (Gestione Allergeni); poi CIFRIX+SICURIX applicano il METODO81+; 4) HACKIX causa il pericolo 'Registro' (Registro dei Trattamenti); poi HYGIENIX+SICURIX applicano il METODO81+; 5) LEAKIX causa il pericolo 'Videosorveglianza' (Videosorveglianza a norma); poi HYGIENIX+SICURIX applicano il METODO81+; 6) RISKIX causa il pericolo 'Emergenze/Incendio' (Addetto Antincendio); poi PREPOSTIX+SICURIX applicano il METODO81+; 7) CAOSIX causa il pericolo 'Ruolo/RLS' (Rappresentante Lavoratori Sicurezza (RLS)); poi HYGIENIX+SICURIX applicano il METODO81+; 8) SCIVOLIX causa il pericolo 'Emergenze/Soccorso' (Addetto Primo Soccorso); poi CHEFIX+SICURIX applicano il METODO81+; 9) PHISHIX causa il pericolo 'Documento' (Informativa e Consensi); poi PRIVACIX+SICURIX applicano il METODO81+; 10) POLVERIX causa il pericolo 'Ruolo/Preposto' (Formazione Preposto); poi LUXPECTORIX+SICURIX applicano il METODO81+. PALETTE BRAND ESCLUSIVA: nero #05050A, bianco panna, arancione #FF6A1A/#E8501A; ROSSO solo per 'PERICOLO', VERDE per la checklist 'Metodo 81+'. Logo '81+' ben visibile in OGNI vignetta. REGOLA STORIA: SICURIX NON agisce mai da solo - in OGNI vignetta di soluzione si fa AIUTARE dai suoi colleghi EROI (lavoro di squadra, ognuno col suo ruolo). TESTO: didascalie e fumetti MOLTO BREVI (1-4 parole), GRANDI, centrati, in ITALIANO con ORTOGRAFIA PERFETTA, senza parole inventate, lettere doppie errate o testo tagliato. CATTIVI (coerenti col canone): LEAKIX, TAGLIX, SCADUTIX, HACKIX, RISKIX, CAOSIX, SCIVOLIX, PHISHIX, POLVERIX. EROI: PREPOSTIX, CHEFIX, CIFRIX, HYGIENIX, PRIVACIX, LUXPECTORIX. NEGATIVE: nessun marchio LEGO reale, nessun personaggio protetto (Asterix ecc.), niente gore/horror, niente claim assoluti ('rischio zero','garantito','zero multe').",Quello che l'ispettore controlla per primo in Commercio (e quasi nessuno lo sa),"In Commercio c'e' un obbligo che in tanti scoprono solo con la sanzione

In commercio gli adempimenti obbligatori non aspettano: Data breach, Sorveglianza sanitaria, Allergeni, Registro, Videosorveglianza, Emergenze/Incendio, Ruolo/RLS, Emergenze/Soccorso, Documento, Ruolo/Preposto. In questa pagina TALES OF SICURIX il PERICOLO prende forma... e il METODO81+ lo rimette in ordine, passo dopo passo. Immagina la scena: prima il caos, poi la checklist che sistema tutto. Chi si mette in regola prima, dorme meglio dopo.
👉 Iscriviti al corso: Corso privacy destinato ai lavoratori -> https://81plus.net/?corso=corso-privacy-destinato-ai-lavoratori
▶️ YouTube: youtube.com/@sicurissimo
Contenuto informativo. Prima vedi. Poi sistemi. 81plus.net",Corso privacy destinato ai lavoratori,https://81plus.net/?corso=corso-privacy-destinato-ai-lavoratori,#TalesOfSicurix #SICURIX #Metodo81 #81plus #Sicurissimo #Privacy #Sicurezza #HACCP #SicurezzaSulLavoro,SICURIX_TALES_469000_23_9_18_20_24_7_4_6_19_3.webp,https://drive.google.com/drive/folders/1hICKXdl9JTZBL1pemG19oE_661z-EH_k,IMG_ERR
49.33.20,Trasporti/Magazzino,H,Sicurezza+Privacy+Ambientale,12,Formazione Preposto | Formazione Generale Lavoratori | Movimentazione Manuale Carichi | Attrezzature e Macchine | Sorveglianza Sanitaria / Medico Competente | Carrellista / Muletto | Addetto Primo Soccorso | Informativa e Consensi | Rappresentante Lavoratori Sicurezza (RLS) | Formazione Ambientale | Uso e Formazione DPI | Addetto Antincendio,D.Lgs81/08 art.37 | Accordo Stato-Regioni | D.Lgs81/08 Tit.VI | D.Lgs81/08 Tit.III | D.Lgs81/08 art.41 | DM 388/2003 | GDPR art.13 | D.Lgs81/08 art.47 | D.Lgs152/06 | D.Lgs81/08 art.77 | DM 2/9/2021,"TRACCIX>FUMIX, BLINKIX>POLVERIX, BLINKIX>NONDPIX, CHECKIX>SCHIACCIX, SICURIX>RISKIX, HYGIENIX>SOTTOVALUTIX, PREPOSTIX>OBLIVIX, SICURIX>SPYIX, SCUDIX>VIBRIX, FORMIX>OBLIVIX, CIFRIX>CAOSIX, SCUDIX>POLVERIX","Crea una PAGINA A FUMETTI a STORIA COMPLETA, verticale A4 (1024x1536), QUALITA' EDITORIALE DA STAMPA, stile ufficiale 'SICURIX TALES' IDENTICO alle immagini di riferimento allegate (stessi personaggi a mattoncini 3D, stessa impaginazione, stessi colori, stesse rese): minifigure espressive, ambientazioni ricche e dettagliate del settore, luci morbide, profondita', bordi vignetta netti. IMPAGINAZIONE OBBLIGATORIA: da 10 a 12 VIGNETTE numerate che raccontano UNA STORIA con arco narrativo completo (1 situazione normale -> 2-4 arrivano i pericoli coi cattivi -> 5-6 tensione/conseguenza -> 7-9 arriva SICURIX con gli eroi e applica il METODO81+ passo per passo -> 10-11 risoluzione ordinata -> 12 finale). HEADER in alto: SICURIX (mantello, medaglione arancione '81+', bussola) che presenta in un fumetto; grande titolo 'SICURIX TALES'; sottotitolo 'TRASPORTI/MAGAZZINO: Pericolo vs Soluzione con Metodo 81+'; legenda 3 voci (verde Sicurezza, rosso Rischio, blu 81+ Soluzione); fila di EROI coi nomi: TRACCIX, BLINKIX, CHECKIX, SICURIX, HYGIENIX, PREPOSTIX. FOOTER in basso: grande 'Prima vedi. Poi sistemi.'; banner scudo verde 'PROTEGGIAMO. PREVENIAMO. MIGLIORIAMO.' e triangolo rosso 'DISATTENZIONE. RISCHI. COSTI. CAOS.'; logo '81+' + '81plus.net'. TRAMA (usa questi eventi come vignette; se sono meno di 10 aggiungi vignette di contesto, dialogo e reazione per arrivare a 10-12): 1) FUMIX causa il pericolo 'Ruolo/Preposto' (Formazione Preposto); poi TRACCIX+SICURIX applicano il METODO81+; 2) POLVERIX causa il pericolo 'Formazione base' (Formazione Generale Lavoratori); poi BLINKIX+SICURIX applicano il METODO81+; 3) NONDPIX causa il pericolo 'MMC' (Movimentazione Manuale Carichi); poi BLINKIX+SICURIX applicano il METODO81+; 4) SCHIACCIX causa il pericolo 'Attrezzature' (Attrezzature e Macchine); poi CHECKIX+SICURIX applicano il METODO81+; 5) RISKIX causa il pericolo 'Sorveglianza sanitaria' (Sorveglianza Sanitaria / Medico Competente); poi SICURIX+SICURIX applicano il METODO81+; 6) SOTTOVALUTIX causa il pericolo 'Carrelli' (Carrellista / Muletto); poi HYGIENIX+SICURIX applicano il METODO81+; 7) OBLIVIX causa il pericolo 'Emergenze/Soccorso' (Addetto Primo Soccorso); poi PREPOSTIX+SICURIX applicano il METODO81+; 8) SPYIX causa il pericolo 'Documento' (Informativa e Consensi); poi SICURIX+SICURIX applicano il METODO81+; 9) VIBRIX causa il pericolo 'Ruolo/RLS' (Rappresentante Lavoratori Sicurezza (RLS)); poi SCUDIX+SICURIX applicano il METODO81+; 10) OBLIVIX causa il pericolo 'Formazione' (Formazione Ambientale); poi FORMIX+SICURIX applicano il METODO81+; 11) CAOSIX causa il pericolo 'DPI' (Uso e Formazione DPI); poi CIFRIX+SICURIX applicano il METODO81+; 12) POLVERIX causa il pericolo 'Emergenze/Incendio' (Addetto Antincendio); poi SCUDIX+SICURIX applicano il METODO81+. PALETTE BRAND ESCLUSIVA: nero #05050A, bianco panna, arancione #FF6A1A/#E8501A; ROSSO solo per 'PERICOLO', VERDE per la checklist 'Metodo 81+'. Logo '81+' ben visibile in OGNI vignetta. REGOLA STORIA: SICURIX NON agisce mai da solo - in OGNI vignetta di soluzione si fa AIUTARE dai suoi colleghi EROI (lavoro di squadra, ognuno col suo ruolo). TESTO: didascalie e fumetti MOLTO BREVI (1-4 parole), GRANDI, centrati, in ITALIANO con ORTOGRAFIA PERFETTA, senza parole inventate, lettere doppie errate o testo tagliato. CATTIVI (coerenti col canone): FUMIX, POLVERIX, NONDPIX, SCHIACCIX, RISKIX, SOTTOVALUTIX, OBLIVIX, SPYIX, VIBRIX, CAOSIX. EROI: TRACCIX, BLINKIX, CHECKIX, SICURIX, HYGIENIX, PREPOSTIX, SCUDIX, FORMIX, CIFRIX. NEGATIVE: nessun marchio LEGO reale, nessun personaggio protetto (Asterix ecc.), niente gore/horror, niente claim assoluti ('rischio zero','garantito','zero multe').",La differenza tra chi in Trasporti/Magazzino dorme sereno e chi trema al controllo,"Quello che l'ispettore controlla per primo in Trasporti/Magazzino (e quasi nessuno lo sa)

In trasporti/magazzino gli adempimenti obbligatori non aspettano: Ruolo/Preposto, Formazione base, MMC, Attrezzature, Sorveglianza sanitaria, Carrelli, Emergenze/Soccorso, Documento, Ruolo/RLS, Formazione, DPI, Emergenze/Incendio. In questa pagina TALES OF SICURIX il PERICOLO prende forma... e il METODO81+ lo rimette in ordine, passo dopo passo. Immagina la scena: prima il caos, poi la checklist che sistema tutto. Mettere ordine ora costa poco. Rimediare dopo costa caro.
👉 Iscriviti al corso: Corso per Preposto -> https://81plus.net/?corso=corso-per-preposto
▶️ YouTube: youtube.com/@sicurissimo
Contenuto informativo. Prima vedi. Poi sistemi. 81plus.net",Corso per Preposto,https://81plus.net/?corso=corso-per-preposto,#TalesOfSicurix #SICURIX #Metodo81 #81plus #Sicurissimo #Sicurezza #Privacy #Ambientale #SicurezzaSulLavoro,SICURIX_TALES_493320_3_1_10_13_9_14_6_15_4_21_8_7.webp,https://drive.google.com/drive/folders/1hICKXdl9JTZBL1pemG19oE_661z-EH_k,IMG_ERR
32.99.30,Manifattura,C,Privacy+Sicurezza+HACCP+Ambientale,10,Formazione GDPR | Nomina Incaricati/Responsabili | Formazione Specifica (rischio alto) | Sorveglianza Sanitaria / Medico Competente | Manuale HACCP di Autocontrollo | Controllo Temperature e Celle | Rintracciabilita ed Etichettatura | Corso Alimentarista | Formazione Preposto | Formazione Ambientale,GDPR art.32 | GDPR art.28-29 | Accordo Stato-Regioni | D.Lgs81/08 art.41 | Reg.CE 852/2004 | Reg.CE 178/2002 | D.Lgs81/08 art.37 | D.Lgs152/06,"CIFRIX>FRETTIX, PRIVACIX>CAOSIX, PREPOSTIX>VOLTIX, SCUDIX>BIOXIX, ROBOTIX81>DOSAGIX, HYGIENIX>MULTIX, CIFRIX>MESCOLIX, LUXPECTORIX>ACQUAIX, HYGIENIX>RISKIX, CIFRIX>RISKIX","Crea una PAGINA A FUMETTI a STORIA COMPLETA, verticale A4 (1024x1536), QUALITA' EDITORIALE DA STAMPA, stile ufficiale 'SICURIX TALES' IDENTICO alle immagini di riferimento allegate (stessi personaggi a mattoncini 3D, stessa impaginazione, stessi colori, stesse rese): minifigure espressive, ambientazioni ricche e dettagliate del settore, luci morbide, profondita', bordi vignetta netti. IMPAGINAZIONE OBBLIGATORIA: da 10 a 12 VIGNETTE numerate che raccontano UNA STORIA con arco narrativo completo (1 situazione normale -> 2-4 arrivano i pericoli coi cattivi -> 5-6 tensione/conseguenza -> 7-9 arriva SICURIX con gli eroi e applica il METODO81+ passo per passo -> 10-11 risoluzione ordinata -> 12 finale). HEADER in alto: SICURIX (mantello, medaglione arancione '81+', bussola) che presenta in un fumetto; grande titolo 'SICURIX TALES'; sottotitolo 'MANIFATTURA: Pericolo vs Soluzione con Metodo 81+'; legenda 3 voci (verde Sicurezza, rosso Rischio, blu 81+ Soluzione); fila di EROI coi nomi: CIFRIX, PRIVACIX, PREPOSTIX, SCUDIX, ROBOTIX81, HYGIENIX. FOOTER in basso: grande 'Prima vedi. Poi sistemi.'; banner scudo verde 'PROTEGGIAMO. PREVENIAMO. MIGLIORIAMO.' e triangolo rosso 'DISATTENZIONE. RISCHI. COSTI. CAOS.'; logo '81+' + '81plus.net'. TRAMA (usa questi eventi come vignette; se sono meno di 10 aggiungi vignette di contesto, dialogo e reazione per arrivare a 10-12): 1) FRETTIX causa il pericolo 'Formazione' (Formazione GDPR); poi CIFRIX+SICURIX applicano il METODO81+; 2) CAOSIX causa il pericolo 'Nomine' (Nomina Incaricati/Responsabili); poi PRIVACIX+SICURIX applicano il METODO81+; 3) VOLTIX causa il pericolo 'Formazione specifica' (Formazione Specifica (rischio alto)); poi PREPOSTIX+SICURIX applicano il METODO81+; 4) BIOXIX causa il pericolo 'Sorveglianza sanitaria' (Sorveglianza Sanitaria / Medico Competente); poi SCUDIX+SICURIX applicano il METODO81+; 5) DOSAGIX causa il pericolo 'Documento' (Manuale HACCP di Autocontrollo); poi ROBOTIX81+SICURIX applicano il METODO81+; 6) MULTIX causa il pericolo 'Temperature' (Controllo Temperature e Celle); poi HYGIENIX+SICURIX applicano il METODO81+; 7) MESCOLIX causa il pericolo 'Rintracciabilita' (Rintracciabilita ed Etichettatura); poi CIFRIX+SICURIX applicano il METODO81+; 8) ACQUAIX causa il pericolo 'Corso' (Corso Alimentarista); poi LUXPECTORIX+SICURIX applicano il METODO81+; 9) RISKIX causa il pericolo 'Ruolo/Preposto' (Formazione Preposto); poi HYGIENIX+SICURIX applicano il METODO81+; 10) RISKIX causa il pericolo 'Formazione' (Formazione Ambientale); poi CIFRIX+SICURIX applicano il METODO81+. PALETTE BRAND ESCLUSIVA: nero #05050A, bianco panna, arancione #FF6A1A/#E8501A; ROSSO solo per 'PERICOLO', VERDE per la checklist 'Metodo 81+'. Logo '81+' ben visibile in OGNI vignetta. REGOLA STORIA: SICURIX NON agisce mai da solo - in OGNI vignetta di soluzione si fa AIUTARE dai suoi colleghi EROI (lavoro di squadra, ognuno col suo ruolo). TESTO: didascalie e fumetti MOLTO BREVI (1-4 parole), GRANDI, centrati, in ITALIANO con ORTOGRAFIA PERFETTA, senza parole inventate, lettere doppie errate o testo tagliato. CATTIVI (coerenti col canone): FRETTIX, CAOSIX, VOLTIX, BIOXIX, DOSAGIX, MULTIX, MESCOLIX, ACQUAIX, RISKIX. EROI: CIFRIX, PRIVACIX, PREPOSTIX, SCUDIX, ROBOTIX81, HYGIENIX, LUXPECTORIX. NEGATIVE: nessun marchio LEGO reale, nessun personaggio protetto (Asterix ecc.), niente gore/horror, niente claim assoluti ('rischio zero','garantito','zero multe').",Manifattura: 3 minuti oggi o un problema enorme domani. Scegli tu.,"Quello che l'ispettore controlla per primo in Manifattura (e quasi nessuno lo sa)

In manifattura gli adempimenti obbligatori non aspettano: Formazione, Nomine, Formazione specifica, Sorveglianza sanitaria, Documento, Temperature, Rintracciabilita, Corso, Ruolo/Preposto. In questa pagina TALES OF SICURIX il PERICOLO prende forma... e il METODO81+ lo rimette in ordine, passo dopo passo. Immagina la scena: prima il caos, poi la checklist che sistema tutto. Chi si mette in regola prima, dorme meglio dopo.
👉 Iscriviti al corso: GDPR 2016/679: privacy e trattamento dei dati personali -> https://81plus.net/?corso=gdpr-2016-679-privacy-e-trattamento-dei-dati-personali
▶️ YouTube: youtube.com/@sicurissimo
Contenuto informativo. Prima vedi. Poi sistemi. 81plus.net",GDPR 2016/679: privacy e trattamento dei dati personali,https://81plus.net/?corso=gdpr-2016-679-privacy-e-trattamento-dei-dati-personali,#TalesOfSicurix #SICURIX #Metodo81 #81plus #Sicurissimo #Privacy #Sicurezza #HACCP #Ambientale #SicurezzaSulLavoro,SICURIX_TALES_329930_24_23_2_9_14_18_17_15_3_27.webp,https://drive.google.com/drive/folders/1hICKXdl9JTZBL1pemG19oE_661z-EH_k,IMG_ERR
21.20.01,Manifattura,C,Privacy+HACCP+Sicurezza+Ambientale,10,Informativa e Consensi | Piano di Sanificazione | Uso e Formazione DPI | Procedura Data Breach | Attrezzature e Macchine | Rappresentante Lavoratori Sicurezza (RLS) | Formazione Ambientale | RSPP / Datore di Lavoro RSPP | Addetto Antincendio | Gestione Rifiuti e Registro,GDPR art.13 | Reg.CE 852/2004 | D.Lgs81/08 art.77 | GDPR art.33-34 | D.Lgs81/08 Tit.III | D.Lgs81/08 art.47 | D.Lgs152/06 | D.Lgs81/08 art.34 | DM 2/9/2021,"HYGIENIX>SPYIX, SICURIX>MESCOLIX, ROBOTIX81>RUMORIX, CONSENSIX>IMPROVVISIX, CHEFIX>VIBRIX, CHEFIX>ØTIX, DOCUMIX>OBLIVIX, LUXPECTORIX>OBLIVIX, CIFRIX>RISKIX, CHECKIX>CAOSIX","Crea una PAGINA A FUMETTI a STORIA COMPLETA, verticale A4 (1024x1536), QUALITA' EDITORIALE DA STAMPA, stile ufficiale 'SICURIX TALES' IDENTICO alle immagini di riferimento allegate (stessi personaggi a mattoncini 3D, stessa impaginazione, stessi colori, stesse rese): minifigure espressive, ambientazioni ricche e dettagliate del settore, luci morbide, profondita', bordi vignetta netti. IMPAGINAZIONE OBBLIGATORIA: da 10 a 12 VIGNETTE numerate che raccontano UNA STORIA con arco narrativo completo (1 situazione normale -> 2-4 arrivano i pericoli coi cattivi -> 5-6 tensione/conseguenza -> 7-9 arriva SICURIX con gli eroi e applica il METODO81+ passo per passo -> 10-11 risoluzione ordinata -> 12 finale). HEADER in alto: SICURIX (mantello, medaglione arancione '81+', bussola) che presenta in un fumetto; grande titolo 'SICURIX TALES'; sottotitolo 'MANIFATTURA: Pericolo vs Soluzione con Metodo 81+'; legenda 3 voci (verde Sicurezza, rosso Rischio, blu 81+ Soluzione); fila di EROI coi nomi: HYGIENIX, SICURIX, ROBOTIX81, CONSENSIX, CHEFIX, DOCUMIX. FOOTER in basso: grande 'Prima vedi. Poi sistemi.'; banner scudo verde 'PROTEGGIAMO. PREVENIAMO. MIGLIORIAMO.' e triangolo rosso 'DISATTENZIONE. RISCHI. COSTI. CAOS.'; logo '81+' + '81plus.net'. TRAMA (usa questi eventi come vignette; se sono meno di 10 aggiungi vignette di contesto, dialogo e reazione per arrivare a 10-12): 1) SPYIX causa il pericolo 'Documento' (Informativa e Consensi); poi HYGIENIX+SICURIX applicano il METODO81+; 2) MESCOLIX causa il pericolo 'Sanificazione' (Piano di Sanificazione); poi SICURIX+SICURIX applicano il METODO81+; 3) RUMORIX causa il pericolo 'DPI' (Uso e Formazione DPI); poi ROBOTIX81+SICURIX applicano il METODO81+; 4) IMPROVVISIX causa il pericolo 'Data breach' (Procedura Data Breach); poi CONSENSIX+SICURIX applicano il METODO81+; 5) VIBRIX causa il pericolo 'Attrezzature' (Attrezzature e Macchine); poi CHEFIX+SICURIX applicano il METODO81+; 6) ØTIX causa il pericolo 'Ruolo/RLS' (Rappresentante Lavoratori Sicurezza (RLS)); poi CHEFIX+SICURIX applicano il METODO81+; 7) OBLIVIX causa il pericolo 'Formazione' (Formazione Ambientale); poi DOCUMIX+SICURIX applicano il METODO81+; 8) OBLIVIX causa il pericolo 'Ruolo/RSPP' (RSPP / Datore di Lavoro RSPP); poi LUXPECTORIX+SICURIX applicano il METODO81+; 9) RISKIX causa il pericolo 'Emergenze/Incendio' (Addetto Antincendio); poi CIFRIX+SICURIX applicano il METODO81+; 10) CAOSIX causa il pericolo 'Rifiuti' (Gestione Rifiuti e Registro); poi CHECKIX+SICURIX applicano il METODO81+. PALETTE BRAND ESCLUSIVA: nero #05050A, bianco panna, arancione #FF6A1A/#E8501A; ROSSO solo per 'PERICOLO', VERDE per la checklist 'Metodo 81+'. Logo '81+' ben visibile in OGNI vignetta. REGOLA STORIA: SICURIX NON agisce mai da solo - in OGNI vignetta di soluzione si fa AIUTARE dai suoi colleghi EROI (lavoro di squadra, ognuno col suo ruolo). TESTO: didascalie e fumetti MOLTO BREVI (1-4 parole), GRANDI, centrati, in ITALIANO con ORTOGRAFIA PERFETTA, senza parole inventate, lettere doppie errate o testo tagliato. CATTIVI (coerenti col canone): SPYIX, MESCOLIX, RUMORIX, IMPROVVISIX, VIBRIX, ØTIX, OBLIVIX, RISKIX, CAOSIX. EROI: HYGIENIX, SICURIX, ROBOTIX81, CONSENSIX, CHEFIX, DOCUMIX, LUXPECTORIX, CIFRIX, CHECKIX. NEGATIVE: nessun marchio LEGO reale, nessun personaggio protetto (Asterix ecc.), niente gore/horror, niente claim assoluti ('rischio zero','garantito','zero multe').",In Manifattura c'e' un obbligo che in tanti scoprono solo con la sanzione,"In Manifattura non e' 'se' arriva il controllo, e' 'quando'. Sei pronto?

In manifattura gli adempimenti obbligatori non aspettano: Documento, Sanificazione, DPI, Data breach, Attrezzature, Ruolo/RLS, Formazione, Ruolo/RSPP, Emergenze/Incendio, Rifiuti. In questa pagina TALES OF SICURIX il PERICOLO prende forma... e il METODO81+ lo rimette in ordine, passo dopo passo. Immagina la scena: prima il caos, poi la checklist che sistema tutto. Chi si mette in regola prima, dorme meglio dopo.
👉 Iscriviti al corso: Corso privacy destinato ai lavoratori -> https://81plus.net/?corso=corso-privacy-destinato-ai-lavoratori
▶️ YouTube: youtube.com/@sicurissimo
Contenuto informativo. Prima vedi. Poi sistemi. 81plus.net",Corso privacy destinato ai lavoratori,https://81plus.net/?corso=corso-privacy-destinato-ai-lavoratori,#TalesOfSicurix #SICURIX #Metodo81 #81plus #Sicurissimo #Privacy #HACCP #Sicurezza #Ambientale #SicurezzaSulLavoro,SICURIX_TALES_212001_21_16_8_25_13_4_27_5_7_26.webp,https://drive.google.com/drive/folders/1hICKXdl9JTZBL1pemG19oE_661z-EH_k,IMG_ERR
24.52.00,Manifattura,C,Sicurezza+Privacy+HACCP,10,Formazione Generale Lavoratori | Addetto Primo Soccorso | Registro dei Trattamenti | Formazione Preposto | Procedura Data Breach | Nomina Incaricati/Responsabili | Movimentazione Manuale Carichi | Piano di Sanificazione | Stress Lavoro-Correlato | Rintracciabilita ed Etichettatura,Accordo Stato-Regioni | DM 388/2003 | GDPR art.30 | D.Lgs81/08 art.37 | GDPR art.33-34 | GDPR art.28-29 | D.Lgs81/08 Tit.VI | Reg.CE 852/2004 | D.Lgs81/08 art.28 | Reg.CE 178/2002,"HYGIENIX>CADUTIX, CONSENSIX>CHIMIKIX, SICURIX>SPYIX, LUXPECTORIX>FUMIX, CONSENSIX>SPYIX, SICURIX>PHISHIX, HYGIENIX>SEGNALEX, DOCUMIX>CAOSIX, TRACCIX>SCIVOLIX, CIFRIX>CAOSIX","Crea una PAGINA A FUMETTI a STORIA COMPLETA, verticale A4 (1024x1536), QUALITA' EDITORIALE DA STAMPA, stile ufficiale 'SICURIX TALES' IDENTICO alle immagini di riferimento allegate (stessi personaggi a mattoncini 3D, stessa impaginazione, stessi colori, stesse rese): minifigure espressive, ambientazioni ricche e dettagliate del settore, luci morbide, profondita', bordi vignetta netti. IMPAGINAZIONE OBBLIGATORIA: da 10 a 12 VIGNETTE numerate che raccontano UNA STORIA con arco narrativo completo (1 situazione normale -> 2-4 arrivano i pericoli coi cattivi -> 5-6 tensione/conseguenza -> 7-9 arriva SICURIX con gli eroi e applica il METODO81+ passo per passo -> 10-11 risoluzione ordinata -> 12 finale). HEADER in alto: SICURIX (mantello, medaglione arancione '81+', bussola) che presenta in un fumetto; grande titolo 'SICURIX TALES'; sottotitolo 'MANIFATTURA: Pericolo vs Soluzione con Metodo 81+'; legenda 3 voci (verde Sicurezza, rosso Rischio, blu 81+ Soluzione); fila di EROI coi nomi: HYGIENIX, CONSENSIX, SICURIX, LUXPECTORIX, DOCUMIX, TRACCIX. FOOTER in basso: grande 'Prima vedi. Poi sistemi.'; banner scudo verde 'PROTEGGIAMO. PREVENIAMO. MIGLIORIAMO.' e triangolo rosso 'DISATTENZIONE. RISCHI. COSTI. CAOS.'; logo '81+' + '81plus.net'. TRAMA (usa questi eventi come vignette; se sono meno di 10 aggiungi vignette di contesto, dialogo e reazione per arrivare a 10-12): 1) CADUTIX causa il pericolo 'Formazione base' (Formazione Generale Lavoratori); poi HYGIENIX+SICURIX applicano il METODO81+; 2) CHIMIKIX causa il pericolo 'Emergenze/Soccorso' (Addetto Primo Soccorso); poi CONSENSIX+SICURIX applicano il METODO81+; 3) SPYIX causa il pericolo 'Registro' (Registro dei Trattamenti); poi SICURIX+SICURIX applicano il METODO81+; 4) FUMIX causa il pericolo 'Ruolo/Preposto' (Formazione Preposto); poi LUXPECTORIX+SICURIX applicano il METODO81+; 5) SPYIX causa il pericolo 'Data breach' (Procedura Data Breach); poi CONSENSIX+SICURIX applicano il METODO81+; 6) PHISHIX causa il pericolo 'Nomine' (Nomina Incaricati/Responsabili); poi SICURIX+SICURIX applicano il METODO81+; 7) SEGNALEX causa il pericolo 'MMC' (Movimentazione Manuale Carichi); poi HYGIENIX+SICURIX applicano il METODO81+; 8) CAOSIX causa il pericolo 'Sanificazione' (Piano di Sanificazione); poi DOCUMIX+SICURIX applicano il METODO81+; 9) SCIVOLIX causa il pericolo 'Stress' (Stress Lavoro-Correlato); poi TRACCIX+SICURIX applicano il METODO81+; 10) CAOSIX causa il pericolo 'Rintracciabilita' (Rintracciabilita ed Etichettatura); poi CIFRIX+SICURIX applicano il METODO81+. PALETTE BRAND ESCLUSIVA: nero #05050A, bianco panna, arancione #FF6A1A/#E8501A; ROSSO solo per 'PERICOLO', VERDE per la checklist 'Metodo 81+'. Logo '81+' ben visibile in OGNI vignetta. REGOLA STORIA: SICURIX NON agisce mai da solo - in OGNI vignetta di soluzione si fa AIUTARE dai suoi colleghi EROI (lavoro di squadra, ognuno col suo ruolo). TESTO: didascalie e fumetti MOLTO BREVI (1-4 parole), GRANDI, centrati, in ITALIANO con ORTOGRAFIA PERFETTA, senza parole inventate, lettere doppie errate o testo tagliato. CATTIVI (coerenti col canone): CADUTIX, CHIMIKIX, SPYIX, FUMIX, PHISHIX, SEGNALEX, CAOSIX, SCIVOLIX. EROI: HYGIENIX, CONSENSIX, SICURIX, LUXPECTORIX, DOCUMIX, TRACCIX, CIFRIX. NEGATIVE: nessun marchio LEGO reale, nessun personaggio protetto (Asterix ecc.), niente gore/horror, niente claim assoluti ('rischio zero','garantito','zero multe').",Manifattura: 3 minuti oggi o un problema enorme domani. Scegli tu.,"La differenza tra chi in Manifattura dorme sereno e chi trema al controllo

In manifattura gli adempimenti obbligatori non aspettano: Formazione base, Emergenze/Soccorso, Registro, Ruolo/Preposto, Data breach, Nomine, MMC, Sanificazione, Stress, Rintracciabilita. In questa pagina TALES OF SICURIX il PERICOLO prende forma... e il METODO81+ lo rimette in ordine, passo dopo passo. Immagina la scena: prima il caos, poi la checklist che sistema tutto. Chi si mette in regola prima, dorme meglio dopo.
👉 Iscriviti al corso: Corso lavoratore parte GENERALE 4 ore -> https://81plus.net/?corso=corso-lavoratore-parte-generale-4-ore
▶️ YouTube: youtube.com/@sicurissimo
Contenuto informativo. Prima vedi. Poi sistemi. 81plus.net",Corso lavoratore parte GENERALE 4 ore,https://81plus.net/?corso=corso-lavoratore-parte-generale-4-ore,#TalesOfSicurix #SICURIX #Metodo81 #81plus #Sicurissimo #Sicurezza #Privacy #HACCP #SicurezzaSulLavoro,SICURIX_TALES_245200_1_6_22_3_25_23_10_16_11_17.webp,https://drive.google.com/drive/folders/1hICKXdl9JTZBL1pemG19oE_661z-EH_k,IMG_ERR
43.22.03,Costruzioni,F,Ambientale+Sicurezza+Privacy,11,Gestione Rifiuti e Registro | Documento Valutazione Rischi (DVR) | Procedura Data Breach | Rappresentante Lavoratori Sicurezza (RLS) | Formazione Generale Lavoratori | Lavori in Quota e Ponteggi | Sorveglianza Sanitaria / Medico Competente | Registro dei Trattamenti | Stress Lavoro-Correlato | Addetto Antincendio | Rischio Elettrico (PES/PAV),D.Lgs152/06 | D.Lgs81/08 art.28 | GDPR art.33-34 | D.Lgs81/08 art.47 | Accordo Stato-Regioni | D.Lgs81/08 Tit.IV | D.Lgs81/08 art.41 | GDPR art.30 | DM 2/9/2021 | CEI 11-27,"PREPOSTIX>CAOSIX, PREPOSTIX>FRETTIX, BLINKIX>PERMISSIONIX, SCUDIX>FRETTIX, ROBOTIX81>RISKIX, HYGIENIX>BIOXIX, SCUDIX>FUMIX, PRIVACIX>MULTIX, PRIVACIX>RUMORIX, CHEFIX>IMPROVVISIX, SCUDIX>FUMIX","Crea una PAGINA A FUMETTI a STORIA COMPLETA, verticale A4 (1024x1536), QUALITA' EDITORIALE DA STAMPA, stile ufficiale 'SICURIX TALES' IDENTICO alle immagini di riferimento allegate (stessi personaggi a mattoncini 3D, stessa impaginazione, stessi colori, stesse rese): minifigure espressive, ambientazioni ricche e dettagliate del settore, luci morbide, profondita', bordi vignetta netti. IMPAGINAZIONE OBBLIGATORIA: da 10 a 12 VIGNETTE numerate che raccontano UNA STORIA con arco narrativo completo (1 situazione normale -> 2-4 arrivano i pericoli coi cattivi -> 5-6 tensione/conseguenza -> 7-9 arriva SICURIX con gli eroi e applica il METODO81+ passo per passo -> 10-11 risoluzione ordinata -> 12 finale). HEADER in alto: SICURIX (mantello, medaglione arancione '81+', bussola) che presenta in un fumetto; grande titolo 'SICURIX TALES'; sottotitolo 'COSTRUZIONI: Pericolo vs Soluzione con Metodo 81+'; legenda 3 voci (verde Sicurezza, rosso Rischio, blu 81+ Soluzione); fila di EROI coi nomi: PREPOSTIX, BLINKIX, SCUDIX, ROBOTIX81, HYGIENIX, PRIVACIX. FOOTER in basso: grande 'Prima vedi. Poi sistemi.'; banner scudo verde 'PROTEGGIAMO. PREVENIAMO. MIGLIORIAMO.' e triangolo rosso 'DISATTENZIONE. RISCHI. COSTI. CAOS.'; logo '81+' + '81plus.net'. TRAMA (usa questi eventi come vignette; se sono meno di 10 aggiungi vignette di contesto, dialogo e reazione per arrivare a 10-12): 1) CAOSIX causa il pericolo 'Rifiuti' (Gestione Rifiuti e Registro); poi PREPOSTIX+SICURIX applicano il METODO81+; 2) FRETTIX causa il pericolo 'Documento' (Documento Valutazione Rischi (DVR)); poi PREPOSTIX+SICURIX applicano il METODO81+; 3) PERMISSIONIX causa il pericolo 'Data breach' (Procedura Data Breach); poi BLINKIX+SICURIX applicano il METODO81+; 4) FRETTIX causa il pericolo 'Ruolo/RLS' (Rappresentante Lavoratori Sicurezza (RLS)); poi SCUDIX+SICURIX applicano il METODO81+; 5) RISKIX causa il pericolo 'Formazione base' (Formazione Generale Lavoratori); poi ROBOTIX81+SICURIX applicano il METODO81+; 6) BIOXIX causa il pericolo 'Lavori in quota' (Lavori in Quota e Ponteggi); poi HYGIENIX+SICURIX applicano il METODO81+; 7) FUMIX causa il pericolo 'Sorveglianza sanitaria' (Sorveglianza Sanitaria / Medico Competente); poi SCUDIX+SICURIX applicano il METODO81+; 8) MULTIX causa il pericolo 'Registro' (Registro dei Trattamenti); poi PRIVACIX+SICURIX applicano il METODO81+; 9) RUMORIX causa il pericolo 'Stress' (Stress Lavoro-Correlato); poi PRIVACIX+SICURIX applicano il METODO81+; 10) IMPROVVISIX causa il pericolo 'Emergenze/Incendio' (Addetto Antincendio); poi CHEFIX+SICURIX applicano il METODO81+; 11) FUMIX causa il pericolo 'Rischio elettrico' (Rischio Elettrico (PES/PAV)); poi SCUDIX+SICURIX applicano il METODO81+. PALETTE BRAND ESCLUSIVA: nero #05050A, bianco panna, arancione #FF6A1A/#E8501A; ROSSO solo per 'PERICOLO', VERDE per la checklist 'Metodo 81+'. Logo '81+' ben visibile in OGNI vignetta. REGOLA STORIA: SICURIX NON agisce mai da solo - in OGNI vignetta di soluzione si fa AIUTARE dai suoi colleghi EROI (lavoro di squadra, ognuno col suo ruolo). TESTO: didascalie e fumetti MOLTO BREVI (1-4 parole), GRANDI, centrati, in ITALIANO con ORTOGRAFIA PERFETTA, senza parole inventate, lettere doppie errate o testo tagliato. CATTIVI (coerenti col canone): CAOSIX, FRETTIX, PERMISSIONIX, RISKIX, BIOXIX, FUMIX, MULTIX, RUMORIX, IMPROVVISIX. EROI: PREPOSTIX, BLINKIX, SCUDIX, ROBOTIX81, HYGIENIX, PRIVACIX, CHEFIX. NEGATIVE: nessun marchio LEGO reale, nessun personaggio protetto (Asterix ecc.), niente gore/horror, niente claim assoluti ('rischio zero','garantito','zero multe').",Costruzioni: 3 minuti oggi o un problema enorme domani. Scegli tu.,"La differenza tra chi in Costruzioni dorme sereno e chi trema al controllo

In costruzioni gli adempimenti obbligatori non aspettano: Rifiuti, Documento, Data breach, Ruolo/RLS, Formazione base, Lavori in quota, Sorveglianza sanitaria, Registro, Stress, Emergenze/Incendio, Rischio elettrico. In questa pagina TALES OF SICURIX il PERICOLO prende forma... e il METODO81+ lo rimette in ordine, passo dopo passo. Immagina la scena: prima il caos, poi la checklist che sistema tutto. La regola c'e' gia': tu falla lavorare per te.
👉 Iscriviti al corso: Formazione integrativa lavoratore 4 ore – gestione e smaltimento rifiuti -> https://81plus.net/?corso=formazione-integrativa-lavoratore-4-ore-gestione-e-smaltimen
▶️ YouTube: youtube.com/@sicurissimo
Contenuto informativo. Prima vedi. Poi sistemi. 81plus.net",Formazione integrativa lavoratore 4 ore – gestione e smaltimento rifiuti,https://81plus.net/?corso=formazione-integrativa-lavoratore-4-ore-gestione-e-smaltimen,#TalesOfSicurix #SICURIX #Metodo81 #81plus #Sicurissimo #Ambientale #Sicurezza #Privacy #SicurezzaSulLavoro,SICURIX_TALES_432203_21_0_20_4_1_14_9_17_11_7_15.webp,https://drive.google.com/drive/folders/1hICKXdl9JTZBL1pemG19oE_661z-EH_k,IMG_ERR
96.99.99,Famiglie datori,T,Privacy+Sicurezza,12,Registro dei Trattamenti | Formazione GDPR | Uso e Formazione DPI | Informativa e Consensi | Addetto Antincendio | Nomina Incaricati/Responsabili | Addetto Primo Soccorso | Formazione Preposto | Procedura Data Breach | Rappresentante Lavoratori Sicurezza (RLS) | RSPP / Datore di Lavoro RSPP | Documento Valutazione Rischi (DVR),GDPR art.30 | GDPR art.32 | D.Lgs81/08 art.77 | GDPR art.13 | DM 2/9/2021 | GDPR art.28-29 | DM 388/2003 | D.Lgs81/08 art.37 | GDPR art.33-34 | D.Lgs81/08 art.47 | D.Lgs81/08 art.34 | D.Lgs81/08 art.28,"SCUDIX>PERMISSIONIX, ROBOTIX81>RISKIX, TRACCIX>SCIVOLIX, FORMIX>CANCELIX, DOCUMIX>SCHIACCIX, DOCUMIX>FRETTIX, FORMIX>ØTIX, HYGIENIX>SOTTOVALUTIX, FORMIX>FRETTIX, DOCUMIX>SCIVOLIX, PRIVACIX>ØTIX, PRIVACIX>RUMORIX","Crea una PAGINA A FUMETTI a STORIA COMPLETA, verticale A4 (1024x1536), QUALITA' EDITORIALE DA STAMPA, stile ufficiale 'SICURIX TALES' IDENTICO alle immagini di riferimento allegate (stessi personaggi a mattoncini 3D, stessa impaginazione, stessi colori, stesse rese): minifigure espressive, ambientazioni ricche e dettagliate del settore, luci morbide, profondita', bordi vignetta netti. IMPAGINAZIONE OBBLIGATORIA: da 10 a 12 VIGNETTE numerate che raccontano UNA STORIA con arco narrativo completo (1 situazione normale -> 2-4 arrivano i pericoli coi cattivi -> 5-6 tensione/conseguenza -> 7-9 arriva SICURIX con gli eroi e applica il METODO81+ passo per passo -> 10-11 risoluzione ordinata -> 12 finale). HEADER in alto: SICURIX (mantello, medaglione arancione '81+', bussola) che presenta in un fumetto; grande titolo 'SICURIX TALES'; sottotitolo 'FAMIGLIE DATORI: Pericolo vs Soluzione con Metodo 81+'; legenda 3 voci (verde Sicurezza, rosso Rischio, blu 81+ Soluzione); fila di EROI coi nomi: SCUDIX, ROBOTIX81, TRACCIX, FORMIX, DOCUMIX, HYGIENIX. FOOTER in basso: grande 'Prima vedi. Poi sistemi.'; banner scudo verde 'PROTEGGIAMO. PREVENIAMO. MIGLIORIAMO.' e triangolo rosso 'DISATTENZIONE. RISCHI. COSTI. CAOS.'; logo '81+' + '81plus.net'. TRAMA (usa questi eventi come vignette; se sono meno di 10 aggiungi vignette di contesto, dialogo e reazione per arrivare a 10-12): 1) PERMISSIONIX causa il pericolo 'Registro' (Registro dei Trattamenti); poi SCUDIX+SICURIX applicano il METODO81+; 2) RISKIX causa il pericolo 'Formazione' (Formazione GDPR); poi ROBOTIX81+SICURIX applicano il METODO81+; 3) SCIVOLIX causa il pericolo 'DPI' (Uso e Formazione DPI); poi TRACCIX+SICURIX applicano il METODO81+; 4) CANCELIX causa il pericolo 'Documento' (Informativa e Consensi); poi FORMIX+SICURIX applicano il METODO81+; 5) SCHIACCIX causa il pericolo 'Emergenze/Incendio' (Addetto Antincendio); poi DOCUMIX+SICURIX applicano il METODO81+; 6) FRETTIX causa il pericolo 'Nomine' (Nomina Incaricati/Responsabili); poi DOCUMIX+SICURIX applicano il METODO81+; 7) ØTIX causa il pericolo 'Emergenze/Soccorso' (Addetto Primo Soccorso); poi FORMIX+SICURIX applicano il METODO81+; 8) SOTTOVALUTIX causa il pericolo 'Ruolo/Preposto' (Formazione Preposto); poi HYGIENIX+SICURIX applicano il METODO81+; 9) FRETTIX causa il pericolo 'Data breach' (Procedura Data Breach); poi FORMIX+SICURIX applicano il METODO81+; 10) SCIVOLIX causa il pericolo 'Ruolo/RLS' (Rappresentante Lavoratori Sicurezza (RLS)); poi DOCUMIX+SICURIX applicano il METODO81+; 11) ØTIX causa il pericolo 'Ruolo/RSPP' (RSPP / Datore di Lavoro RSPP); poi PRIVACIX+SICURIX applicano il METODO81+; 12) RUMORIX causa il pericolo 'Documento' (Documento Valutazione Rischi (DVR)); poi PRIVACIX+SICURIX applicano il METODO81+. PALETTE BRAND ESCLUSIVA: nero #05050A, bianco panna, arancione #FF6A1A/#E8501A; ROSSO solo per 'PERICOLO', VERDE per la checklist 'Metodo 81+'. Logo '81+' ben visibile in OGNI vignetta. REGOLA STORIA: SICURIX NON agisce mai da solo - in OGNI vignetta di soluzione si fa AIUTARE dai suoi colleghi EROI (lavoro di squadra, ognuno col suo ruolo). TESTO: didascalie e fumetti MOLTO BREVI (1-4 parole), GRANDI, centrati, in ITALIANO con ORTOGRAFIA PERFETTA, senza parole inventate, lettere doppie errate o testo tagliato. CATTIVI (coerenti col canone): PERMISSIONIX, RISKIX, SCIVOLIX, CANCELIX, SCHIACCIX, FRETTIX, ØTIX, SOTTOVALUTIX, RUMORIX. EROI: SCUDIX, ROBOTIX81, TRACCIX, FORMIX, DOCUMIX, HYGIENIX, PRIVACIX. NEGATIVE: nessun marchio LEGO reale, nessun personaggio protetto (Asterix ecc.), niente gore/horror, niente claim assoluti ('rischio zero','garantito','zero multe').","In Famiglie datori non e' 'se' arriva il controllo, e' 'quando'. Sei pronto?","In Famiglie datori non e' 'se' arriva il controllo, e' 'quando'. Sei pronto?

In famiglie datori gli adempimenti obbligatori non aspettano: Registro, Formazione, DPI, Documento, Emergenze/Incendio, Nomine, Emergenze/Soccorso, Ruolo/Preposto, Data breach, Ruolo/RLS, Ruolo/RSPP. In questa pagina TALES OF SICURIX il PERICOLO prende forma... e il METODO81+ lo rimette in ordine, passo dopo passo. Immagina la scena: prima il caos, poi la checklist che sistema tutto. Chi si mette in regola prima, dorme meglio dopo.
👉 Iscriviti al corso: Corso privacy destinato ai lavoratori -> https://81plus.net/?corso=corso-privacy-destinato-ai-lavoratori
▶️ YouTube: youtube.com/@sicurissimo
Contenuto informativo. Prima vedi. Poi sistemi. 81plus.net",Corso privacy destinato ai lavoratori,https://81plus.net/?corso=corso-privacy-destinato-ai-lavoratori,#TalesOfSicurix #SICURIX #Metodo81 #81plus #Sicurissimo #Privacy #Sicurezza #SicurezzaSulLavoro,SICURIX_TALES_969999_10_12_8_9_7_11_6_3_13_4_5_0.webp,https://drive.google.com/drive/folders/1hICKXdl9JTZBL1pemG19oE_661z-EH_k,IMG_ERR
47.62.20,Commercio,G,Sicurezza+HACCP+Privacy,11,Formazione Generale Lavoratori | Piano di Sanificazione | Stress Lavoro-Correlato | Formazione GDPR | Gestione Allergeni | Rappresentante Lavoratori Sicurezza (RLS) | Lotta agli Infestanti (Pest Control) | Movimentazione Manuale Carichi | Nomina Incaricati/Responsabili | Registro dei Trattamenti | Corso Alimentarista,Accordo Stato-Regioni | Reg.CE 852/2004 | D.Lgs81/08 art.28 | GDPR art.32 | Reg.UE 1169/2011 | D.Lgs81/08 art.47 | D.Lgs81/08 Tit.VI | GDPR art.28-29 | GDPR art.30,"DOCUMIX>OBLIVIX, SICURIX>ACQUAIX, DOCUMIX>RISKIX, HYGIENIX>SPYIX, FORMIX>ACQUAIX, TRACCIX>MULTIX, SCUDIX>MESCOLIX, DOCUMIX>IMPROVVISIX, PRIVACIX>HACKIX, TRACCIX>HACKIX, PREPOSTIX>SPORCKIX","Crea una PAGINA A FUMETTI a STORIA COMPLETA, verticale A4 (1024x1536), QUALITA' EDITORIALE DA STAMPA, stile ufficiale 'SICURIX TALES' IDENTICO alle immagini di riferimento allegate (stessi personaggi a mattoncini 3D, stessa impaginazione, stessi colori, stesse rese): minifigure espressive, ambientazioni ricche e dettagliate del settore, luci morbide, profondita', bordi vignetta netti. IMPAGINAZIONE OBBLIGATORIA: da 10 a 12 VIGNETTE numerate che raccontano UNA STORIA con arco narrativo completo (1 situazione normale -> 2-4 arrivano i pericoli coi cattivi -> 5-6 tensione/conseguenza -> 7-9 arriva SICURIX con gli eroi e applica il METODO81+ passo per passo -> 10-11 risoluzione ordinata -> 12 finale). HEADER in alto: SICURIX (mantello, medaglione arancione '81+', bussola) che presenta in un fumetto; grande titolo 'SICURIX TALES'; sottotitolo 'COMMERCIO: Pericolo vs Soluzione con Metodo 81+'; legenda 3 voci (verde Sicurezza, rosso Rischio, blu 81+ Soluzione); fila di EROI coi nomi: DOCUMIX, SICURIX, HYGIENIX, FORMIX, TRACCIX, SCUDIX. FOOTER in basso: grande 'Prima vedi. Poi sistemi.'; banner scudo verde 'PROTEGGIAMO. PREVENIAMO. MIGLIORIAMO.' e triangolo rosso 'DISATTENZIONE. RISCHI. COSTI. CAOS.'; logo '81+' + '81plus.net'. TRAMA (usa questi eventi come vignette; se sono meno di 10 aggiungi vignette di contesto, dialogo e reazione per arrivare a 10-12): 1) OBLIVIX causa il pericolo 'Formazione base' (Formazione Generale Lavoratori); poi DOCUMIX+SICURIX applicano il METODO81+; 2) ACQUAIX causa il pericolo 'Sanificazione' (Piano di Sanificazione); poi SICURIX+SICURIX applicano il METODO81+; 3) RISKIX causa il pericolo 'Stress' (Stress Lavoro-Correlato); poi DOCUMIX+SICURIX applicano il METODO81+; 4) SPYIX causa il pericolo 'Formazione' (Formazione GDPR); poi HYGIENIX+SICURIX applicano il METODO81+; 5) ACQUAIX causa il pericolo 'Allergeni' (Gestione Allergeni); poi FORMIX+SICURIX applicano il METODO81+; 6) MULTIX causa il pericolo 'Ruolo/RLS' (Rappresentante Lavoratori Sicurezza (RLS)); poi TRACCIX+SICURIX applicano il METODO81+; 7) MESCOLIX causa il pericolo 'Infestanti' (Lotta agli Infestanti (Pest Control)); poi SCUDIX+SICURIX applicano il METODO81+; 8) IMPROVVISIX causa il pericolo 'MMC' (Movimentazione Manuale Carichi); poi DOCUMIX+SICURIX applicano il METODO81+; 9) HACKIX causa il pericolo 'Nomine' (Nomina Incaricati/Responsabili); poi PRIVACIX+SICURIX applicano il METODO81+; 10) HACKIX causa il pericolo 'Registro' (Registro dei Trattamenti); poi TRACCIX+SICURIX applicano il METODO81+; 11) SPORCKIX causa il pericolo 'Corso' (Corso Alimentarista); poi PREPOSTIX+SICURIX applicano il METODO81+. PALETTE BRAND ESCLUSIVA: nero #05050A, bianco panna, arancione #FF6A1A/#E8501A; ROSSO solo per 'PERICOLO', VERDE per la checklist 'Metodo 81+'. Logo '81+' ben visibile in OGNI vignetta. REGOLA STORIA: SICURIX NON agisce mai da solo - in OGNI vignetta di soluzione si fa AIUTARE dai suoi colleghi EROI (lavoro di squadra, ognuno col suo ruolo). TESTO: didascalie e fumetti MOLTO BREVI (1-4 parole), GRANDI, centrati, in ITALIANO con ORTOGRAFIA PERFETTA, senza parole inventate, lettere doppie errate o testo tagliato. CATTIVI (coerenti col canone): OBLIVIX, ACQUAIX, RISKIX, SPYIX, MULTIX, MESCOLIX, IMPROVVISIX, HACKIX, SPORCKIX. EROI: DOCUMIX, SICURIX, HYGIENIX, FORMIX, TRACCIX, SCUDIX, PRIVACIX, PREPOSTIX. NEGATIVE: nessun marchio LEGO reale, nessun personaggio protetto (Asterix ecc.), niente gore/horror, niente claim assoluti ('rischio zero','garantito','zero multe').",Quello che l'ispettore controlla per primo in Commercio (e quasi nessuno lo sa),"Commercio: 3 minuti oggi o un problema enorme domani. Scegli tu.

In commercio gli adempimenti obbligatori non aspettano: Formazione base, Sanificazione, Stress, Formazione, Allergeni, Ruolo/RLS, Infestanti, MMC, Nomine, Registro, Corso. In questa pagina TALES OF SICURIX il PERICOLO prende forma... e il METODO81+ lo rimette in ordine, passo dopo passo. Immagina la scena: prima il caos, poi la checklist che sistema tutto. Non e' burocrazia: e' la tua tranquillita.
👉 Iscriviti al corso: Corso lavoratore parte GENERALE 4 ore -> https://81plus.net/?corso=corso-lavoratore-parte-generale-4-ore
▶️ YouTube: youtube.com/@sicurissimo
Contenuto informativo. Prima vedi. Poi sistemi. 81plus.net",Corso lavoratore parte GENERALE 4 ore,https://81plus.net/?corso=corso-lavoratore-parte-generale-4-ore,#TalesOfSicurix #SICURIX #Metodo81 #81plus #Sicurissimo #Sicurezza #HACCP #Privacy #SicurezzaSulLavoro,SICURIX_TALES_476220_1_14_11_22_18_4_17_10_21_20_13.webp,https://drive.google.com/drive/folders/1hICKXdl9JTZBL1pemG19oE_661z-EH_k,IMG_ERR
10.72.00,Manifattura,C,Ambientale+Privacy+Sicurezza+HACCP,11,Gestione Rifiuti e Registro | Informativa e Consensi | Sorveglianza Sanitaria / Medico Competente | Registro dei Trattamenti | Addetto Antincendio | Rischio Rumore | Piano di Sanificazione | Stress Lavoro-Correlato | Rintracciabilita ed Etichettatura | Uso e Formazione DPI | Procedura Data Breach,D.Lgs152/06 | GDPR art.13 | D.Lgs81/08 art.41 | GDPR art.30 | DM 2/9/2021 | D.Lgs81/08 Tit.VIII | Reg.CE 852/2004 | D.Lgs81/08 art.28 | Reg.CE 178/2002 | D.Lgs81/08 art.77 | GDPR art.33-34,"CONSENSIX>FRETTIX, CONSENSIX>MULTIX, TRACCIX>OBLIVIX, SCUDIX>SPYIX, BLINKIX>NONDPIX, CHECKIX>FUMIX, SICURIX>FRETTIX, TRACCIX>CHIMIKIX, ROBOTIX81>IMPROVVISIX, SICURIX>SCIVOLIX, SCUDIX>FRETTIX","Crea una PAGINA A FUMETTI a STORIA COMPLETA, verticale A4 (1024x1536), QUALITA' EDITORIALE DA STAMPA, stile ufficiale 'SICURIX TALES' IDENTICO alle immagini di riferimento allegate (stessi personaggi a mattoncini 3D, stessa impaginazione, stessi colori, stesse rese): minifigure espressive, ambientazioni ricche e dettagliate del settore, luci morbide, profondita', bordi vignetta netti. IMPAGINAZIONE OBBLIGATORIA: da 10 a 12 VIGNETTE numerate che raccontano UNA STORIA con arco narrativo completo (1 situazione normale -> 2-4 arrivano i pericoli coi cattivi -> 5-6 tensione/conseguenza -> 7-9 arriva SICURIX con gli eroi e applica il METODO81+ passo per passo -> 10-11 risoluzione ordinata -> 12 finale). HEADER in alto: SICURIX (mantello, medaglione arancione '81+', bussola) che presenta in un fumetto; grande titolo 'SICURIX TALES'; sottotitolo 'MANIFATTURA: Pericolo vs Soluzione con Metodo 81+'; legenda 3 voci (verde Sicurezza, rosso Rischio, blu 81+ Soluzione); fila di EROI coi nomi: CONSENSIX, TRACCIX, SCUDIX, BLINKIX, CHECKIX, SICURIX. FOOTER in basso: grande 'Prima vedi. Poi sistemi.'; banner scudo verde 'PROTEGGIAMO. PREVENIAMO. MIGLIORIAMO.' e triangolo rosso 'DISATTENZIONE. RISCHI. COSTI. CAOS.'; logo '81+' + '81plus.net'. TRAMA (usa questi eventi come vignette; se sono meno di 10 aggiungi vignette di contesto, dialogo e reazione per arrivare a 10-12): 1) FRETTIX causa il pericolo 'Rifiuti' (Gestione Rifiuti e Registro); poi CONSENSIX+SICURIX applicano il METODO81+; 2) MULTIX causa il pericolo 'Documento' (Informativa e Consensi); poi CONSENSIX+SICURIX applicano il METODO81+; 3) OBLIVIX causa il pericolo 'Sorveglianza sanitaria' (Sorveglianza Sanitaria / Medico Competente); poi TRACCIX+SICURIX applicano il METODO81+; 4) SPYIX causa il pericolo 'Registro' (Registro dei Trattamenti); poi SCUDIX+SICURIX applicano il METODO81+; 5) NONDPIX causa il pericolo 'Emergenze/Incendio' (Addetto Antincendio); poi BLINKIX+SICURIX applicano il METODO81+; 6) FUMIX causa il pericolo 'Rumore' (Rischio Rumore); poi CHECKIX+SICURIX applicano il METODO81+; 7) FRETTIX causa il pericolo 'Sanificazione' (Piano di Sanificazione); poi SICURIX+SICURIX applicano il METODO81+; 8) CHIMIKIX causa il pericolo 'Stress' (Stress Lavoro-Correlato); poi TRACCIX+SICURIX applicano il METODO81+; 9) IMPROVVISIX causa il pericolo 'Rintracciabilita' (Rintracciabilita ed Etichettatura); poi ROBOTIX81+SICURIX applicano il METODO81+; 10) SCIVOLIX causa il pericolo 'DPI' (Uso e Formazione DPI); poi SICURIX+SICURIX applicano il METODO81+; 11) FRETTIX causa il pericolo 'Data breach' (Procedura Data Breach); poi SCUDIX+SICURIX applicano il METODO81+. PALETTE BRAND ESCLUSIVA: nero #05050A, bianco panna, arancione #FF6A1A/#E8501A; ROSSO solo per 'PERICOLO', VERDE per la checklist 'Metodo 81+'. Logo '81+' ben visibile in OGNI vignetta. REGOLA STORIA: SICURIX NON agisce mai da solo - in OGNI vignetta di soluzione si fa AIUTARE dai suoi colleghi EROI (lavoro di squadra, ognuno col suo ruolo). TESTO: didascalie e fumetti MOLTO BREVI (1-4 parole), GRANDI, centrati, in ITALIANO con ORTOGRAFIA PERFETTA, senza parole inventate, lettere doppie errate o testo tagliato. CATTIVI (coerenti col canone): FRETTIX, MULTIX, OBLIVIX, SPYIX, NONDPIX, FUMIX, CHIMIKIX, IMPROVVISIX, SCIVOLIX. EROI: CONSENSIX, TRACCIX, SCUDIX, BLINKIX, CHECKIX, SICURIX, ROBOTIX81. NEGATIVE: nessun marchio LEGO reale, nessun personaggio protetto (Asterix ecc.), niente gore/horror, niente claim assoluti ('rischio zero','garantito','zero multe').",La differenza tra chi in Manifattura dorme sereno e chi trema al controllo,"Manifattura: 3 minuti oggi o un problema enorme domani. Scegli tu.

In manifattura gli adempimenti obbligatori non aspettano: Rifiuti, Documento, Sorveglianza sanitaria, Registro, Emergenze/Incendio, Rumore, Sanificazione, Stress, Rintracciabilita, DPI, Data breach. In questa pagina TALES OF SICURIX il PERICOLO prende forma... e il METODO81+ lo rimette in ordine, passo dopo passo. Immagina la scena: prima il caos, poi la checklist che sistema tutto. Mettere ordine ora costa poco. Rimediare dopo costa caro.
👉 Iscriviti al corso: Formazione integrativa lavoratore 4 ore – gestione e smaltimento rifiuti -> https://81plus.net/?corso=formazione-integrativa-lavoratore-4-ore-gestione-e-smaltimen
▶️ YouTube: youtube.com/@sicurissimo
Contenuto informativo. Prima vedi. Poi sistemi. 81plus.net",Formazione integrativa lavoratore 4 ore – gestione e smaltimento rifiuti,https://81plus.net/?corso=formazione-integrativa-lavoratore-4-ore-gestione-e-smaltimen,#TalesOfSicurix #SICURIX #Metodo81 #81plus #Sicurissimo #Ambientale #Privacy #Sicurezza #HACCP #SicurezzaSulLavoro,SICURIX_TALES_107200_26_21_9_22_7_12_16_11_17_8_25.webp,https://drive.google.com/drive/folders/1hICKXdl9JTZBL1pemG19oE_661z-EH_k,IMG_ERR
55.30.02,Alloggio/Ristorazione,I,Privacy+Sicurezza+HACCP,11,Registro dei Trattamenti | Videosorveglianza a norma | Documento Valutazione Rischi (DVR) | Procedura Data Breach | Controllo Temperature e Celle | Formazione Specifica (rischio medio) | Sorveglianza Sanitaria / Medico Competente | Formazione GDPR | Addetto Primo Soccorso | Lotta agli Infestanti (Pest Control) | Gestione Allergeni,GDPR art.30 | Provv.Garante | D.Lgs81/08 art.28 | GDPR art.33-34 | Reg.CE 852/2004 | Accordo Stato-Regioni | D.Lgs81/08 art.41 | GDPR art.32 | DM 388/2003 | Reg.UE 1169/2011,"SICURIX>PHISHIX, CHECKIX>IMPROVVISIX, PREPOSTIX>RUMORIX, SICURIX>MULTIX, HYGIENIX>SCADUTIX, PREPOSTIX>FUMIX, SCUDIX>RISKIX, SCUDIX>FRETTIX, PREPOSTIX>SCIVOLIX, TRACCIX>MULTIX, ROBOTIX81>DOSAGIX","Crea una PAGINA A FUMETTI a STORIA COMPLETA, verticale A4 (1024x1536), QUALITA' EDITORIALE DA STAMPA, stile ufficiale 'SICURIX TALES' IDENTICO alle immagini di riferimento allegate (stessi personaggi a mattoncini 3D, stessa impaginazione, stessi colori, stesse rese): minifigure espressive, ambientazioni ricche e dettagliate del settore, luci morbide, profondita', bordi vignetta netti. IMPAGINAZIONE OBBLIGATORIA: da 10 a 12 VIGNETTE numerate che raccontano UNA STORIA con arco narrativo completo (1 situazione normale -> 2-4 arrivano i pericoli coi cattivi -> 5-6 tensione/conseguenza -> 7-9 arriva SICURIX con gli eroi e applica il METODO81+ passo per passo -> 10-11 risoluzione ordinata -> 12 finale). HEADER in alto: SICURIX (mantello, medaglione arancione '81+', bussola) che presenta in un fumetto; grande titolo 'SICURIX TALES'; sottotitolo 'ALLOGGIO/RISTORAZIONE: Pericolo vs Soluzione con Metodo 81+'; legenda 3 voci (verde Sicurezza, rosso Rischio, blu 81+ Soluzione); fila di EROI coi nomi: SICURIX, CHECKIX, PREPOSTIX, HYGIENIX, SCUDIX, TRACCIX. FOOTER in basso: grande 'Prima vedi. Poi sistemi.'; banner scudo verde 'PROTEGGIAMO. PREVENIAMO. MIGLIORIAMO.' e triangolo rosso 'DISATTENZIONE. RISCHI. COSTI. CAOS.'; logo '81+' + '81plus.net'. TRAMA (usa questi eventi come vignette; se sono meno di 10 aggiungi vignette di contesto, dialogo e reazione per arrivare a 10-12): 1) PHISHIX causa il pericolo 'Registro' (Registro dei Trattamenti); poi SICURIX+SICURIX applicano il METODO81+; 2) IMPROVVISIX causa il pericolo 'Videosorveglianza' (Videosorveglianza a norma); poi CHECKIX+SICURIX applicano il METODO81+; 3) RUMORIX causa il pericolo 'Documento' (Documento Valutazione Rischi (DVR)); poi PREPOSTIX+SICURIX applicano il METODO81+; 4) MULTIX causa il pericolo 'Data breach' (Procedura Data Breach); poi SICURIX+SICURIX applicano il METODO81+; 5) SCADUTIX causa il pericolo 'Temperature' (Controllo Temperature e Celle); poi HYGIENIX+SICURIX applicano il METODO81+; 6) FUMIX causa il pericolo 'Formazione specifica' (Formazione Specifica (rischio medio)); poi PREPOSTIX+SICURIX applicano il METODO81+; 7) RISKIX causa il pericolo 'Sorveglianza sanitaria' (Sorveglianza Sanitaria / Medico Competente); poi SCUDIX+SICURIX applicano il METODO81+; 8) FRETTIX causa il pericolo 'Formazione' (Formazione GDPR); poi SCUDIX+SICURIX applicano il METODO81+; 9) SCIVOLIX causa il pericolo 'Emergenze/Soccorso' (Addetto Primo Soccorso); poi PREPOSTIX+SICURIX applicano il METODO81+; 10) MULTIX causa il pericolo 'Infestanti' (Lotta agli Infestanti (Pest Control)); poi TRACCIX+SICURIX applicano il METODO81+; 11) DOSAGIX causa il pericolo 'Allergeni' (Gestione Allergeni); poi ROBOTIX81+SICURIX applicano il METODO81+. PALETTE BRAND ESCLUSIVA: nero #05050A, bianco panna, arancione #FF6A1A/#E8501A; ROSSO solo per 'PERICOLO', VERDE per la checklist 'Metodo 81+'. Logo '81+' ben visibile in OGNI vignetta. REGOLA STORIA: SICURIX NON agisce mai da solo - in OGNI vignetta di soluzione si fa AIUTARE dai suoi colleghi EROI (lavoro di squadra, ognuno col suo ruolo). TESTO: didascalie e fumetti MOLTO BREVI (1-4 parole), GRANDI, centrati, in ITALIANO con ORTOGRAFIA PERFETTA, senza parole inventate, lettere doppie errate o testo tagliato. CATTIVI (coerenti col canone): PHISHIX, IMPROVVISIX, RUMORIX, MULTIX, SCADUTIX, FUMIX, RISKIX, FRETTIX, SCIVOLIX, DOSAGIX. EROI: SICURIX, CHECKIX, PREPOSTIX, HYGIENIX, SCUDIX, TRACCIX, ROBOTIX81. NEGATIVE: nessun marchio LEGO reale, nessun personaggio protetto (Asterix ecc.), niente gore/horror, niente claim assoluti ('rischio zero','garantito','zero multe').","In Alloggio/Ristorazione non e' 'se' arriva il controllo, e' 'quando'. Sei pronto?","In Alloggio/Ristorazione non e' 'se' arriva il controllo, e' 'quando'. Sei pronto?

In alloggio/ristorazione gli adempimenti obbligatori non aspettano: Registro, Videosorveglianza, Documento, Data breach, Temperature, Formazione specifica, Sorveglianza sanitaria, Formazione, Emergenze/Soccorso, Infestanti, Allergeni. In questa pagina TALES OF SICURIX il PERICOLO prende forma... e il METODO81+ lo rimette in ordine, passo dopo passo. Immagina la scena: prima il caos, poi la checklist che sistema tutto. Chi si mette in regola prima, dorme meglio dopo.
👉 Iscriviti al corso: Corso privacy destinato ai lavoratori -> https://81plus.net/?corso=corso-privacy-destinato-ai-lavoratori
▶️ YouTube: youtube.com/@sicurissimo
Contenuto informativo. Prima vedi. Poi sistemi. 81plus.net",Corso privacy destinato ai lavoratori,https://81plus.net/?corso=corso-privacy-destinato-ai-lavoratori,#TalesOfSicurix #SICURIX #Metodo81 #81plus #Sicurissimo #Privacy #Sicurezza #HACCP #SicurezzaSulLavoro,SICURIX_TALES_553002_20_24_0_23_16_2_9_22_6_17_18.webp,https://drive.google.com/drive/folders/1hICKXdl9JTZBL1pemG19oE_661z-EH_k,IMG_ERR
47.69.11,Commercio,G,Privacy+Sicurezza+HACCP,10,Informativa e Consensi | Documento Valutazione Rischi (DVR) | Registro dei Trattamenti | Formazione Preposto | Lotta agli Infestanti (Pest Control) | Addetto Antincendio | Controllo Temperature e Celle | Videosorveglianza a norma | Formazione Generale Lavoratori | Piano di Sanificazione,GDPR art.13 | D.Lgs81/08 art.28 | GDPR art.30 | D.Lgs81/08 art.37 | Reg.CE 852/2004 | DM 2/9/2021 | Provv.Garante | Accordo Stato-Regioni,"CHECKIX>OBLIVIX, FORMIX>MULTIX, HYGIENIX>HACKIX, CIFRIX>VIBRIX, CONSENSIX>FRETTIX, SICURIX>RISKIX, CHECKIX>MESCOLIX, BLINKIX>HACKIX, HYGIENIX>SEGNALEX, CHEFIX>ACQUAIX","Crea una PAGINA A FUMETTI a STORIA COMPLETA, verticale A4 (1024x1536), QUALITA' EDITORIALE DA STAMPA, stile ufficiale 'SICURIX TALES' IDENTICO alle immagini di riferimento allegate (stessi personaggi a mattoncini 3D, stessa impaginazione, stessi colori, stesse rese): minifigure espressive, ambientazioni ricche e dettagliate del settore, luci morbide, profondita', bordi vignetta netti. IMPAGINAZIONE OBBLIGATORIA: da 10 a 12 VIGNETTE numerate che raccontano UNA STORIA con arco narrativo completo (1 situazione normale -> 2-4 arrivano i pericoli coi cattivi -> 5-6 tensione/conseguenza -> 7-9 arriva SICURIX con gli eroi e applica il METODO81+ passo per passo -> 10-11 risoluzione ordinata -> 12 finale). HEADER in alto: SICURIX (mantello, medaglione arancione '81+', bussola) che presenta in un fumetto; grande titolo 'SICURIX TALES'; sottotitolo 'COMMERCIO: Pericolo vs Soluzione con Metodo 81+'; legenda 3 voci (verde Sicurezza, rosso Rischio, blu 81+ Soluzione); fila di EROI coi nomi: CHECKIX, FORMIX, HYGIENIX, CIFRIX, CONSENSIX, SICURIX. FOOTER in basso: grande 'Prima vedi. Poi sistemi.'; banner scudo verde 'PROTEGGIAMO. PREVENIAMO. MIGLIORIAMO.' e triangolo rosso 'DISATTENZIONE. RISCHI. COSTI. CAOS.'; logo '81+' + '81plus.net'. TRAMA (usa questi eventi come vignette; se sono meno di 10 aggiungi vignette di contesto, dialogo e reazione per arrivare a 10-12): 1) OBLIVIX causa il pericolo 'Documento' (Informativa e Consensi); poi CHECKIX+SICURIX applicano il METODO81+; 2) MULTIX causa il pericolo 'Documento' (Documento Valutazione Rischi (DVR)); poi FORMIX+SICURIX applicano il METODO81+; 3) HACKIX causa il pericolo 'Registro' (Registro dei Trattamenti); poi HYGIENIX+SICURIX applicano il METODO81+; 4) VIBRIX causa il pericolo 'Ruolo/Preposto' (Formazione Preposto); poi CIFRIX+SICURIX applicano il METODO81+; 5) FRETTIX causa il pericolo 'Infestanti' (Lotta agli Infestanti (Pest Control)); poi CONSENSIX+SICURIX applicano il METODO81+; 6) RISKIX causa il pericolo 'Emergenze/Incendio' (Addetto Antincendio); poi SICURIX+SICURIX applicano il METODO81+; 7) MESCOLIX causa il pericolo 'Temperature' (Controllo Temperature e Celle); poi CHECKIX+SICURIX applicano il METODO81+; 8) HACKIX causa il pericolo 'Videosorveglianza' (Videosorveglianza a norma); poi BLINKIX+SICURIX applicano il METODO81+; 9) SEGNALEX causa il pericolo 'Formazione base' (Formazione Generale Lavoratori); poi HYGIENIX+SICURIX applicano il METODO81+; 10) ACQUAIX causa il pericolo 'Sanificazione' (Piano di Sanificazione); poi CHEFIX+SICURIX applicano il METODO81+. PALETTE BRAND ESCLUSIVA: nero #05050A, bianco panna, arancione #FF6A1A/#E8501A; ROSSO solo per 'PERICOLO', VERDE per la checklist 'Metodo 81+'. Logo '81+' ben visibile in OGNI vignetta. REGOLA STORIA: SICURIX NON agisce mai da solo - in OGNI vignetta di soluzione si fa AIUTARE dai suoi colleghi EROI (lavoro di squadra, ognuno col suo ruolo). TESTO: didascalie e fumetti MOLTO BREVI (1-4 parole), GRANDI, centrati, in ITALIANO con ORTOGRAFIA PERFETTA, senza parole inventate, lettere doppie errate o testo tagliato. CATTIVI (coerenti col canone): OBLIVIX, MULTIX, HACKIX, VIBRIX, FRETTIX, RISKIX, MESCOLIX, SEGNALEX, ACQUAIX. EROI: CHECKIX, FORMIX, HYGIENIX, CIFRIX, CONSENSIX, SICURIX, BLINKIX, CHEFIX. NEGATIVE: nessun marchio LEGO reale, nessun personaggio protetto (Asterix ecc.), niente gore/horror, niente claim assoluti ('rischio zero','garantito','zero multe').","In Commercio non e' 'se' arriva il controllo, e' 'quando'. Sei pronto?","In Commercio c'e' un obbligo che in tanti scoprono solo con la sanzione

In commercio gli adempimenti obbligatori non aspettano: Documento, Registro, Ruolo/Preposto, Infestanti, Emergenze/Incendio, Temperature, Videosorveglianza, Formazione base, Sanificazione. In questa pagina TALES OF SICURIX il PERICOLO prende forma... e il METODO81+ lo rimette in ordine, passo dopo passo. Immagina la scena: prima il caos, poi la checklist che sistema tutto. La regola c'e' gia': tu falla lavorare per te.
👉 Iscriviti al corso: Corso privacy destinato ai lavoratori -> https://81plus.net/?corso=corso-privacy-destinato-ai-lavoratori
▶️ YouTube: youtube.com/@sicurissimo
Contenuto informativo. Prima vedi. Poi sistemi. 81plus.net",Corso privacy destinato ai lavoratori,https://81plus.net/?corso=corso-privacy-destinato-ai-lavoratori,#TalesOfSicurix #SICURIX #Metodo81 #81plus #Sicurissimo #Privacy #Sicurezza #HACCP #SicurezzaSulLavoro,SICURIX_TALES_476911_19_0_20_3_17_7_16_24_1_14.webp,https://drive.google.com/drive/folders/1hICKXdl9JTZBL1pemG19oE_661z-EH_k,IMG_ERR
77.12.00,PA,O,Sicurezza+Privacy,12,Uso e Formazione DPI | Registro dei Trattamenti | Nomina Incaricati/Responsabili | Formazione Generale Lavoratori | Sorveglianza Sanitaria / Medico Competente | Nomina DPO / RPD | Informativa e Consensi | Movimentazione Manuale Carichi | RSPP / Datore di Lavoro RSPP | Procedura Data Breach | Addetto Antincendio | Formazione GDPR,D.Lgs81/08 art.77 | GDPR art.30 | GDPR art.28-29 | Accordo Stato-Regioni | D.Lgs81/08 art.41 | GDPR art.37 | GDPR art.13 | D.Lgs81/08 Tit.VI | D.Lgs81/08 art.34 | GDPR art.33-34 | DM 2/9/2021 | GDPR art.32,"FORMIX>SCIVOLIX, CONSENSIX>RISKIX, PRIVACIX>PHISHIX, CIFRIX>SCHIACCIX, SICURIX>SCIVOLIX, SCUDIX>OBLIVIX, CIFRIX>FRETTIX, ROBOTIX81>FUMIX, DOCUMIX>NONDPIX, FORMIX>CANCELIX, PREPOSTIX>FRETTIX, PRIVACIX>PERMISSIONIX","Crea una PAGINA A FUMETTI a STORIA COMPLETA, verticale A4 (1024x1536), QUALITA' EDITORIALE DA STAMPA, stile ufficiale 'SICURIX TALES' IDENTICO alle immagini di riferimento allegate (stessi personaggi a mattoncini 3D, stessa impaginazione, stessi colori, stesse rese): minifigure espressive, ambientazioni ricche e dettagliate del settore, luci morbide, profondita', bordi vignetta netti. IMPAGINAZIONE OBBLIGATORIA: da 10 a 12 VIGNETTE numerate che raccontano UNA STORIA con arco narrativo completo (1 situazione normale -> 2-4 arrivano i pericoli coi cattivi -> 5-6 tensione/conseguenza -> 7-9 arriva SICURIX con gli eroi e applica il METODO81+ passo per passo -> 10-11 risoluzione ordinata -> 12 finale). HEADER in alto: SICURIX (mantello, medaglione arancione '81+', bussola) che presenta in un fumetto; grande titolo 'SICURIX TALES'; sottotitolo 'PA: Pericolo vs Soluzione con Metodo 81+'; legenda 3 voci (verde Sicurezza, rosso Rischio, blu 81+ Soluzione); fila di EROI coi nomi: FORMIX, CONSENSIX, PRIVACIX, CIFRIX, SICURIX, SCUDIX. FOOTER in basso: grande 'Prima vedi. Poi sistemi.'; banner scudo verde 'PROTEGGIAMO. PREVENIAMO. MIGLIORIAMO.' e triangolo rosso 'DISATTENZIONE. RISCHI. COSTI. CAOS.'; logo '81+' + '81plus.net'. TRAMA (usa questi eventi come vignette; se sono meno di 10 aggiungi vignette di contesto, dialogo e reazione per arrivare a 10-12): 1) SCIVOLIX causa il pericolo 'DPI' (Uso e Formazione DPI); poi FORMIX+SICURIX applicano il METODO81+; 2) RISKIX causa il pericolo 'Registro' (Registro dei Trattamenti); poi CONSENSIX+SICURIX applicano il METODO81+; 3) PHISHIX causa il pericolo 'Nomine' (Nomina Incaricati/Responsabili); poi PRIVACIX+SICURIX applicano il METODO81+; 4) SCHIACCIX causa il pericolo 'Formazione base' (Formazione Generale Lavoratori); poi CIFRIX+SICURIX applicano il METODO81+; 5) SCIVOLIX causa il pericolo 'Sorveglianza sanitaria' (Sorveglianza Sanitaria / Medico Competente); poi SICURIX+SICURIX applicano il METODO81+; 6) OBLIVIX causa il pericolo 'DPO' (Nomina DPO / RPD); poi SCUDIX+SICURIX applicano il METODO81+; 7) FRETTIX causa il pericolo 'Documento' (Informativa e Consensi); poi CIFRIX+SICURIX applicano il METODO81+; 8) FUMIX causa il pericolo 'MMC' (Movimentazione Manuale Carichi); poi ROBOTIX81+SICURIX applicano il METODO81+; 9) NONDPIX causa il pericolo 'Ruolo/RSPP' (RSPP / Datore di Lavoro RSPP); poi DOCUMIX+SICURIX applicano il METODO81+; 10) CANCELIX causa il pericolo 'Data breach' (Procedura Data Breach); poi FORMIX+SICURIX applicano il METODO81+; 11) FRETTIX causa il pericolo 'Emergenze/Incendio' (Addetto Antincendio); poi PREPOSTIX+SICURIX applicano il METODO81+; 12) PERMISSIONIX causa il pericolo 'Formazione' (Formazione GDPR); poi PRIVACIX+SICURIX applicano il METODO81+. PALETTE BRAND ESCLUSIVA: nero #05050A, bianco panna, arancione #FF6A1A/#E8501A; ROSSO solo per 'PERICOLO', VERDE per la checklist 'Metodo 81+'. Logo '81+' ben visibile in OGNI vignetta. REGOLA STORIA: SICURIX NON agisce mai da solo - in OGNI vignetta di soluzione si fa AIUTARE dai suoi colleghi EROI (lavoro di squadra, ognuno col suo ruolo). TESTO: didascalie e fumetti MOLTO BREVI (1-4 parole), GRANDI, centrati, in ITALIANO con ORTOGRAFIA PERFETTA, senza parole inventate, lettere doppie errate o testo tagliato. CATTIVI (coerenti col canone): SCIVOLIX, RISKIX, PHISHIX, SCHIACCIX, OBLIVIX, FRETTIX, FUMIX, NONDPIX, CANCELIX, PERMISSIONIX. EROI: FORMIX, CONSENSIX, PRIVACIX, CIFRIX, SICURIX, SCUDIX, ROBOTIX81, DOCUMIX, PREPOSTIX. NEGATIVE: nessun marchio LEGO reale, nessun personaggio protetto (Asterix ecc.), niente gore/horror, niente claim assoluti ('rischio zero','garantito','zero multe').",In PA c'e' un obbligo che in tanti scoprono solo con la sanzione,"PA: 3 minuti oggi o un problema enorme domani. Scegli tu.

In pa gli adempimenti obbligatori non aspettano: DPI, Registro, Nomine, Formazione base, Sorveglianza sanitaria, DPO, Documento, MMC, Ruolo/RSPP, Data breach, Emergenze/Incendio, Formazione. In questa pagina TALES OF SICURIX il PERICOLO prende forma... e il METODO81+ lo rimette in ordine, passo dopo passo. Immagina la scena: prima il caos, poi la checklist che sistema tutto. La regola c'e' gia': tu falla lavorare per te.
👉 Iscriviti al corso: Corso Lavori in Quota e DPI Anticaduta -> https://81plus.net/?corso=corso-lavori-in-quota-e-dpi-anticaduta
▶️ YouTube: youtube.com/@sicurissimo
Contenuto informativo. Prima vedi. Poi sistemi. 81plus.net",Corso Lavori in Quota e DPI Anticaduta,https://81plus.net/?corso=corso-lavori-in-quota-e-dpi-anticaduta,#TalesOfSicurix #SICURIX #Metodo81 #81plus #Sicurissimo #Sicurezza #Privacy #SicurezzaSulLavoro,SICURIX_TALES_771200_8_13_14_1_9_17_12_10_5_16_7_15.webp,https://drive.google.com/drive/folders/1hICKXdl9JTZBL1pemG19oE_661z-EH_k,IMG_ERR
23.61.09,Manifattura,C,Sicurezza+Privacy,10,Uso e Formazione DPI | Registro dei Trattamenti | Addetto Primo Soccorso | Nomina Incaricati/Responsabili | RSPP / Datore di Lavoro RSPP | Addetto Antincendio | Informativa e Consensi | Documento Valutazione Rischi (DVR) | Formazione Generale Lavoratori | Rappresentante Lavoratori Sicurezza (RLS),D.Lgs81/08 art.77 | GDPR art.30 | DM 388/2003 | GDPR art.28-29 | D.Lgs81/08 art.34 | DM 2/9/2021 | GDPR art.13 | D.Lgs81/08 art.28 | Accordo Stato-Regioni | D.Lgs81/08 art.47,"PREPOSTIX>SEGNALEX, SICURIX>IMPROVVISIX, HYGIENIX>CAOSIX, FORMIX>CAOSIX, TRACCIX>MULTIX, PRIVACIX>SCIVOLIX, PREPOSTIX>MULTIX, CHEFIX>VIBRIX, BLINKIX>FRETTIX, CIFRIX>CHIMIKIX","Crea una PAGINA A FUMETTI a STORIA COMPLETA, verticale A4 (1024x1536), QUALITA' EDITORIALE DA STAMPA, stile ufficiale 'SICURIX TALES' IDENTICO alle immagini di riferimento allegate (stessi personaggi a mattoncini 3D, stessa impaginazione, stessi colori, stesse rese): minifigure espressive, ambientazioni ricche e dettagliate del settore, luci morbide, profondita', bordi vignetta netti. IMPAGINAZIONE OBBLIGATORIA: da 10 a 12 VIGNETTE numerate che raccontano UNA STORIA con arco narrativo completo (1 situazione normale -> 2-4 arrivano i pericoli coi cattivi -> 5-6 tensione/conseguenza -> 7-9 arriva SICURIX con gli eroi e applica il METODO81+ passo per passo -> 10-11 risoluzione ordinata -> 12 finale). HEADER in alto: SICURIX (mantello, medaglione arancione '81+', bussola) che presenta in un fumetto; grande titolo 'SICURIX TALES'; sottotitolo 'MANIFATTURA: Pericolo vs Soluzione con Metodo 81+'; legenda 3 voci (verde Sicurezza, rosso Rischio, blu 81+ Soluzione); fila di EROI coi nomi: PREPOSTIX, SICURIX, HYGIENIX, FORMIX, TRACCIX, PRIVACIX. FOOTER in basso: grande 'Prima vedi. Poi sistemi.'; banner scudo verde 'PROTEGGIAMO. PREVENIAMO. MIGLIORIAMO.' e triangolo rosso 'DISATTENZIONE. RISCHI. COSTI. CAOS.'; logo '81+' + '81plus.net'. TRAMA (usa questi eventi come vignette; se sono meno di 10 aggiungi vignette di contesto, dialogo e reazione per arrivare a 10-12): 1) SEGNALEX causa il pericolo 'DPI' (Uso e Formazione DPI); poi PREPOSTIX+SICURIX applicano il METODO81+; 2) IMPROVVISIX causa il pericolo 'Registro' (Registro dei Trattamenti); poi SICURIX+SICURIX applicano il METODO81+; 3) CAOSIX causa il pericolo 'Emergenze/Soccorso' (Addetto Primo Soccorso); poi HYGIENIX+SICURIX applicano il METODO81+; 4) CAOSIX causa il pericolo 'Nomine' (Nomina Incaricati/Responsabili); poi FORMIX+SICURIX applicano il METODO81+; 5) MULTIX causa il pericolo 'Ruolo/RSPP' (RSPP / Datore di Lavoro RSPP); poi TRACCIX+SICURIX applicano il METODO81+; 6) SCIVOLIX causa il pericolo 'Emergenze/Incendio' (Addetto Antincendio); poi PRIVACIX+SICURIX applicano il METODO81+; 7) MULTIX causa il pericolo 'Documento' (Informativa e Consensi); poi PREPOSTIX+SICURIX applicano il METODO81+; 8) VIBRIX causa il pericolo 'Documento' (Documento Valutazione Rischi (DVR)); poi CHEFIX+SICURIX applicano il METODO81+; 9) FRETTIX causa il pericolo 'Formazione base' (Formazione Generale Lavoratori); poi BLINKIX+SICURIX applicano il METODO81+; 10) CHIMIKIX causa il pericolo 'Ruolo/RLS' (Rappresentante Lavoratori Sicurezza (RLS)); poi CIFRIX+SICURIX applicano il METODO81+. PALETTE BRAND ESCLUSIVA: nero #05050A, bianco panna, arancione #FF6A1A/#E8501A; ROSSO solo per 'PERICOLO', VERDE per la checklist 'Metodo 81+'. Logo '81+' ben visibile in OGNI vignetta. REGOLA STORIA: SICURIX NON agisce mai da solo - in OGNI vignetta di soluzione si fa AIUTARE dai suoi colleghi EROI (lavoro di squadra, ognuno col suo ruolo). TESTO: didascalie e fumetti MOLTO BREVI (1-4 parole), GRANDI, centrati, in ITALIANO con ORTOGRAFIA PERFETTA, senza parole inventate, lettere doppie errate o testo tagliato. CATTIVI (coerenti col canone): SEGNALEX, IMPROVVISIX, CAOSIX, MULTIX, SCIVOLIX, VIBRIX, FRETTIX, CHIMIKIX. EROI: PREPOSTIX, SICURIX, HYGIENIX, FORMIX, TRACCIX, PRIVACIX, CHEFIX, BLINKIX, CIFRIX. NEGATIVE: nessun marchio LEGO reale, nessun personaggio protetto (Asterix ecc.), niente gore/horror, niente claim assoluti ('rischio zero','garantito','zero multe').",Quello che l'ispettore controlla per primo in Manifattura (e quasi nessuno lo sa),"La differenza tra chi in Manifattura dorme sereno e chi trema al controllo

In manifattura gli adempimenti obbligatori non aspettano: DPI, Registro, Emergenze/Soccorso, Nomine, Ruolo/RSPP, Emergenze/Incendio, Documento, Formazione base, Ruolo/RLS. In questa pagina TALES OF SICURIX il PERICOLO prende forma... e il METODO81+ lo rimette in ordine, passo dopo passo. Immagina la scena: prima il caos, poi la checklist che sistema tutto. Non e' burocrazia: e' la tua tranquillita.
👉 Iscriviti al corso: Corso Lavori in Quota e DPI Anticaduta -> https://81plus.net/?corso=corso-lavori-in-quota-e-dpi-anticaduta
▶️ YouTube: youtube.com/@sicurissimo
Contenuto informativo. Prima vedi. Poi sistemi. 81plus.net",Corso Lavori in Quota e DPI Anticaduta,https://81plus.net/?corso=corso-lavori-in-quota-e-dpi-anticaduta,#TalesOfSicurix #SICURIX #Metodo81 #81plus #Sicurissimo #Sicurezza #Privacy #SicurezzaSulLavoro,SICURIX_TALES_236109_8_23_6_24_5_7_22_0_1_4.webp,https://drive.google.com/drive/folders/1hICKXdl9JTZBL1pemG19oE_661z-EH_k,IMG_ERR
95.25.00,Famiglie datori,T,Sicurezza+Privacy,10,Formazione Specifica (rischio basso) | Documento Valutazione Rischi (DVR) | Informativa e Consensi | Nomina Incaricati/Responsabili | Uso e Formazione DPI | Formazione Preposto | Rappresentante Lavoratori Sicurezza (RLS) | Addetto Primo Soccorso | Formazione Generale Lavoratori | RSPP / Datore di Lavoro RSPP,Accordo Stato-Regioni | D.Lgs81/08 art.28 | GDPR art.13 | GDPR art.28-29 | D.Lgs81/08 art.77 | D.Lgs81/08 art.37 | D.Lgs81/08 art.47 | DM 388/2003 | D.Lgs81/08 art.34,"TRACCIX>POLVERIX, CONSENSIX>CAOSIX, CHECKIX>PERMISSIONIX, ROBOTIX81>LEAKIX, HYGIENIX>SEGNALEX, LUXPECTORIX>SCIVOLIX, LUXPECTORIX>FRETTIX, PRIVACIX>VOLTIX, SICURIX>VOLTIX, PRIVACIX>POLVERIX","Crea una PAGINA A FUMETTI a STORIA COMPLETA, verticale A4 (1024x1536), QUALITA' EDITORIALE DA STAMPA, stile ufficiale 'SICURIX TALES' IDENTICO alle immagini di riferimento allegate (stessi personaggi a mattoncini 3D, stessa impaginazione, stessi colori, stesse rese): minifigure espressive, ambientazioni ricche e dettagliate del settore, luci morbide, profondita', bordi vignetta netti. IMPAGINAZIONE OBBLIGATORIA: da 10 a 12 VIGNETTE numerate che raccontano UNA STORIA con arco narrativo completo (1 situazione normale -> 2-4 arrivano i pericoli coi cattivi -> 5-6 tensione/conseguenza -> 7-9 arriva SICURIX con gli eroi e applica il METODO81+ passo per passo -> 10-11 risoluzione ordinata -> 12 finale). HEADER in alto: SICURIX (mantello, medaglione arancione '81+', bussola) che presenta in un fumetto; grande titolo 'SICURIX TALES'; sottotitolo 'FAMIGLIE DATORI: Pericolo vs Soluzione con Metodo 81+'; legenda 3 voci (verde Sicurezza, rosso Rischio, blu 81+ Soluzione); fila di EROI coi nomi: TRACCIX, CONSENSIX, CHECKIX, ROBOTIX81, HYGIENIX, LUXPECTORIX. FOOTER in basso: grande 'Prima vedi. Poi sistemi.'; banner scudo verde 'PROTEGGIAMO. PREVENIAMO. MIGLIORIAMO.' e triangolo rosso 'DISATTENZIONE. RISCHI. COSTI. CAOS.'; logo '81+' + '81plus.net'. TRAMA (usa questi eventi come vignette; se sono meno di 10 aggiungi vignette di contesto, dialogo e reazione per arrivare a 10-12): 1) POLVERIX causa il pericolo 'Formazione specifica' (Formazione Specifica (rischio basso)); poi TRACCIX+SICURIX applicano il METODO81+; 2) CAOSIX causa il pericolo 'Documento' (Documento Valutazione Rischi (DVR)); poi CONSENSIX+SICURIX applicano il METODO81+; 3) PERMISSIONIX causa il pericolo 'Documento' (Informativa e Consensi); poi CHECKIX+SICURIX applicano il METODO81+; 4) LEAKIX causa il pericolo 'Nomine' (Nomina Incaricati/Responsabili); poi ROBOTIX81+SICURIX applicano il METODO81+; 5) SEGNALEX causa il pericolo 'DPI' (Uso e Formazione DPI); poi HYGIENIX+SICURIX applicano il METODO81+; 6) SCIVOLIX causa il pericolo 'Ruolo/Preposto' (Formazione Preposto); poi LUXPECTORIX+SICURIX applicano il METODO81+; 7) FRETTIX causa il pericolo 'Ruolo/RLS' (Rappresentante Lavoratori Sicurezza (RLS)); poi LUXPECTORIX+SICURIX applicano il METODO81+; 8) VOLTIX causa il pericolo 'Emergenze/Soccorso' (Addetto Primo Soccorso); poi PRIVACIX+SICURIX applicano il METODO81+; 9) VOLTIX causa il pericolo 'Formazione base' (Formazione Generale Lavoratori); poi SICURIX+SICURIX applicano il METODO81+; 10) POLVERIX causa il pericolo 'Ruolo/RSPP' (RSPP / Datore di Lavoro RSPP); poi PRIVACIX+SICURIX applicano il METODO81+. PALETTE BRAND ESCLUSIVA: nero #05050A, bianco panna, arancione #FF6A1A/#E8501A; ROSSO solo per 'PERICOLO', VERDE per la checklist 'Metodo 81+'. Logo '81+' ben visibile in OGNI vignetta. REGOLA STORIA: SICURIX NON agisce mai da solo - in OGNI vignetta di soluzione si fa AIUTARE dai suoi colleghi EROI (lavoro di squadra, ognuno col suo ruolo). TESTO: didascalie e fumetti MOLTO BREVI (1-4 parole), GRANDI, centrati, in ITALIANO con ORTOGRAFIA PERFETTA, senza parole inventate, lettere doppie errate o testo tagliato. CATTIVI (coerenti col canone): POLVERIX, CAOSIX, PERMISSIONIX, LEAKIX, SEGNALEX, SCIVOLIX, FRETTIX, VOLTIX. EROI: TRACCIX, CONSENSIX, CHECKIX, ROBOTIX81, HYGIENIX, LUXPECTORIX, PRIVACIX, SICURIX. NEGATIVE: nessun marchio LEGO reale, nessun personaggio protetto (Asterix ecc.), niente gore/horror, niente claim assoluti ('rischio zero','garantito','zero multe').",La differenza tra chi in Famiglie datori dorme sereno e chi trema al controllo,"In Famiglie datori non e' 'se' arriva il controllo, e' 'quando'. Sei pronto?

In famiglie datori gli adempimenti obbligatori non aspettano: Formazione specifica, Documento, Nomine, DPI, Ruolo/Preposto, Ruolo/RLS, Emergenze/Soccorso, Formazione base, Ruolo/RSPP. In questa pagina TALES OF SICURIX il PERICOLO prende forma... e il METODO81+ lo rimette in ordine, passo dopo passo. Immagina la scena: prima il caos, poi la checklist che sistema tutto. Chi si mette in regola prima, dorme meglio dopo.
👉 Iscriviti al corso: Corso lavoratore parte GENERALE 4 ore -> https://81plus.net/?corso=corso-lavoratore-parte-generale-4-ore
▶️ YouTube: youtube.com/@sicurissimo
Contenuto informativo. Prima vedi. Poi sistemi. 81plus.net",Corso lavoratore parte GENERALE 4 ore,https://81plus.net/?corso=corso-lavoratore-parte-generale-4-ore,#TalesOfSicurix #SICURIX #Metodo81 #81plus #Sicurissimo #Sicurezza #Privacy #SicurezzaSulLavoro,SICURIX_TALES_952500_2_0_9_11_8_3_4_6_1_5.webp,https://drive.google.com/drive/folders/1hICKXdl9JTZBL1pemG19oE_661z-EH_k,IMG_ERR
52.22.09,Trasporti/Magazzino,H,Sicurezza+Ambientale+Privacy,12,Rischio Rumore | Rappresentante Lavoratori Sicurezza (RLS) | Formazione Ambientale | RSPP / Datore di Lavoro RSPP | Procedura Data Breach | Formazione GDPR | Gestione Rifiuti e Registro | Uso e Formazione DPI | Addetto Antincendio | Attrezzature e Macchine | Formazione Preposto | Formazione Specifica (rischio alto),D.Lgs81/08 Tit.VIII | D.Lgs81/08 art.47 | D.Lgs152/06 | D.Lgs81/08 art.34 | GDPR art.33-34 | GDPR art.32 | D.Lgs81/08 art.77 | DM 2/9/2021 | D.Lgs81/08 Tit.III | D.Lgs81/08 art.37 | Accordo Stato-Regioni,"ROBOTIX81>SOTTOVALUTIX, PREPOSTIX>POLVERIX, LUXPECTORIX>CAOSIX, ROBOTIX81>FUMIX, CHECKIX>MULTIX, CONSENSIX>OBLIVIX, TRACCIX>FRETTIX, BLINKIX>RUMORIX, CONSENSIX>FUMIX, SICURIX>RUMORIX, FORMIX>ØTIX, HYGIENIX>IMPROVVISIX","Crea una PAGINA A FUMETTI a STORIA COMPLETA, verticale A4 (1024x1536), QUALITA' EDITORIALE DA STAMPA, stile ufficiale 'SICURIX TALES' IDENTICO alle immagini di riferimento allegate (stessi personaggi a mattoncini 3D, stessa impaginazione, stessi colori, stesse rese): minifigure espressive, ambientazioni ricche e dettagliate del settore, luci morbide, profondita', bordi vignetta netti. IMPAGINAZIONE OBBLIGATORIA: da 10 a 12 VIGNETTE numerate che raccontano UNA STORIA con arco narrativo completo (1 situazione normale -> 2-4 arrivano i pericoli coi cattivi -> 5-6 tensione/conseguenza -> 7-9 arriva SICURIX con gli eroi e applica il METODO81+ passo per passo -> 10-11 risoluzione ordinata -> 12 finale). HEADER in alto: SICURIX (mantello, medaglione arancione '81+', bussola) che presenta in un fumetto; grande titolo 'SICURIX TALES'; sottotitolo 'TRASPORTI/MAGAZZINO: Pericolo vs Soluzione con Metodo 81+'; legenda 3 voci (verde Sicurezza, rosso Rischio, blu 81+ Soluzione); fila di EROI coi nomi: ROBOTIX81, PREPOSTIX, LUXPECTORIX, CHECKIX, CONSENSIX, TRACCIX. FOOTER in basso: grande 'Prima vedi. Poi sistemi.'; banner scudo verde 'PROTEGGIAMO. PREVENIAMO. MIGLIORIAMO.' e triangolo rosso 'DISATTENZIONE. RISCHI. COSTI. CAOS.'; logo '81+' + '81plus.net'. TRAMA (usa questi eventi come vignette; se sono meno di 10 aggiungi vignette di contesto, dialogo e reazione per arrivare a 10-12): 1) SOTTOVALUTIX causa il pericolo 'Rumore' (Rischio Rumore); poi ROBOTIX81+SICURIX applicano il METODO81+; 2) POLVERIX causa il pericolo 'Ruolo/RLS' (Rappresentante Lavoratori Sicurezza (RLS)); poi PREPOSTIX+SICURIX applicano il METODO81+; 3) CAOSIX causa il pericolo 'Formazione' (Formazione Ambientale); poi LUXPECTORIX+SICURIX applicano il METODO81+; 4) FUMIX causa il pericolo 'Ruolo/RSPP' (RSPP / Datore di Lavoro RSPP); poi ROBOTIX81+SICURIX applicano il METODO81+; 5) MULTIX causa il pericolo 'Data breach' (Procedura Data Breach); poi CHECKIX+SICURIX applicano il METODO81+; 6) OBLIVIX causa il pericolo 'Formazione' (Formazione GDPR); poi CONSENSIX+SICURIX applicano il METODO81+; 7) FRETTIX causa il pericolo 'Rifiuti' (Gestione Rifiuti e Registro); poi TRACCIX+SICURIX applicano il METODO81+; 8) RUMORIX causa il pericolo 'DPI' (Uso e Formazione DPI); poi BLINKIX+SICURIX applicano il METODO81+; 9) FUMIX causa il pericolo 'Emergenze/Incendio' (Addetto Antincendio); poi CONSENSIX+SICURIX applicano il METODO81+; 10) RUMORIX causa il pericolo 'Attrezzature' (Attrezzature e Macchine); poi SICURIX+SICURIX applicano il METODO81+; 11) ØTIX causa il pericolo 'Ruolo/Preposto' (Formazione Preposto); poi FORMIX+SICURIX applicano il METODO81+; 12) IMPROVVISIX causa il pericolo 'Formazione specifica' (Formazione Specifica (rischio alto)); poi HYGIENIX+SICURIX applicano il METODO81+. PALETTE BRAND ESCLUSIVA: nero #05050A, bianco panna, arancione #FF6A1A/#E8501A; ROSSO solo per 'PERICOLO', VERDE per la checklist 'Metodo 81+'. Logo '81+' ben visibile in OGNI vignetta. REGOLA STORIA: SICURIX NON agisce mai da solo - in OGNI vignetta di soluzione si fa AIUTARE dai suoi colleghi EROI (lavoro di squadra, ognuno col suo ruolo). TESTO: didascalie e fumetti MOLTO BREVI (1-4 parole), GRANDI, centrati, in ITALIANO con ORTOGRAFIA PERFETTA, senza parole inventate, lettere doppie errate o testo tagliato. CATTIVI (coerenti col canone): SOTTOVALUTIX, POLVERIX, CAOSIX, FUMIX, MULTIX, OBLIVIX, FRETTIX, RUMORIX, ØTIX, IMPROVVISIX. EROI: ROBOTIX81, PREPOSTIX, LUXPECTORIX, CHECKIX, CONSENSIX, TRACCIX, BLINKIX, SICURIX, FORMIX, HYGIENIX. NEGATIVE: nessun marchio LEGO reale, nessun personaggio protetto (Asterix ecc.), niente gore/horror, niente claim assoluti ('rischio zero','garantito','zero multe').","In Trasporti/Magazzino non e' 'se' arriva il controllo, e' 'quando'. Sei pronto?","Quello che l'ispettore controlla per primo in Trasporti/Magazzino (e quasi nessuno lo sa)

In trasporti/magazzino gli adempimenti obbligatori non aspettano: Rumore, Ruolo/RLS, Formazione, Ruolo/RSPP, Data breach, Rifiuti, DPI, Emergenze/Incendio, Attrezzature, Ruolo/Preposto, Formazione specifica. In questa pagina TALES OF SICURIX il PERICOLO prende forma... e il METODO81+ lo rimette in ordine, passo dopo passo. Immagina la scena: prima il caos, poi la checklist che sistema tutto. La regola c'e' gia': tu falla lavorare per te.
👉 Iscriviti al corso: Corso RSPP Datore di Lavoro : rischio rumore -> https://81plus.net/?corso=corso-rspp-datore-di-lavoro-rischio-rumore
▶️ YouTube: youtube.com/@sicurissimo
Contenuto informativo. Prima vedi. Poi sistemi. 81plus.net",Corso RSPP Datore di Lavoro : rischio rumore,https://81plus.net/?corso=corso-rspp-datore-di-lavoro-rischio-rumore,#TalesOfSicurix #SICURIX #Metodo81 #81plus #Sicurissimo #Sicurezza #Ambientale #Privacy #SicurezzaSulLavoro,SICURIX_TALES_522209_12_4_21_5_19_18_20_8_7_13_3_2.webp,https://drive.google.com/drive/folders/1hICKXdl9JTZBL1pemG19oE_661z-EH_k,IMG_ERR
80.01.13,PA,O,Privacy+Sicurezza,11,Informativa e Consensi | RSPP / Datore di Lavoro RSPP | Registro dei Trattamenti | Addetto Antincendio | Documento Valutazione Rischi (DVR) | Uso e Formazione DPI | Nomina DPO / RPD | Procedura Data Breach | Movimentazione Manuale Carichi | Stress Lavoro-Correlato | Nomina Incaricati/Responsabili,GDPR art.13 | D.Lgs81/08 art.34 | GDPR art.30 | DM 2/9/2021 | D.Lgs81/08 art.28 | D.Lgs81/08 art.77 | GDPR art.37 | GDPR art.33-34 | D.Lgs81/08 Tit.VI | GDPR art.28-29,"PREPOSTIX>MULTIX, CHECKIX>SCHIACCIX, CONSENSIX>HACKIX, SICURIX>FUMIX, FORMIX>SCHIACCIX, CIFRIX>FUMIX, SICURIX>LEAKIX, TRACCIX>OBLIVIX, CHECKIX>CHIMIKIX, LUXPECTORIX>FRETTIX, PRIVACIX>SPYIX","Crea una PAGINA A FUMETTI a STORIA COMPLETA, verticale A4 (1024x1536), QUALITA' EDITORIALE DA STAMPA, stile ufficiale 'SICURIX TALES' IDENTICO alle immagini di riferimento allegate (stessi personaggi a mattoncini 3D, stessa impaginazione, stessi colori, stesse rese): minifigure espressive, ambientazioni ricche e dettagliate del settore, luci morbide, profondita', bordi vignetta netti. IMPAGINAZIONE OBBLIGATORIA: da 10 a 12 VIGNETTE numerate che raccontano UNA STORIA con arco narrativo completo (1 situazione normale -> 2-4 arrivano i pericoli coi cattivi -> 5-6 tensione/conseguenza -> 7-9 arriva SICURIX con gli eroi e applica il METODO81+ passo per passo -> 10-11 risoluzione ordinata -> 12 finale). HEADER in alto: SICURIX (mantello, medaglione arancione '81+', bussola) che presenta in un fumetto; grande titolo 'SICURIX TALES'; sottotitolo 'PA: Pericolo vs Soluzione con Metodo 81+'; legenda 3 voci (verde Sicurezza, rosso Rischio, blu 81+ Soluzione); fila di EROI coi nomi: PREPOSTIX, CHECKIX, CONSENSIX, SICURIX, FORMIX, CIFRIX. FOOTER in basso: grande 'Prima vedi. Poi sistemi.'; banner scudo verde 'PROTEGGIAMO. PREVENIAMO. MIGLIORIAMO.' e triangolo rosso 'DISATTENZIONE. RISCHI. COSTI. CAOS.'; logo '81+' + '81plus.net'. TRAMA (usa questi eventi come vignette; se sono meno di 10 aggiungi vignette di contesto, dialogo e reazione per arrivare a 10-12): 1) MULTIX causa il pericolo 'Documento' (Informativa e Consensi); poi PREPOSTIX+SICURIX applicano il METODO81+; 2) SCHIACCIX causa il pericolo 'Ruolo/RSPP' (RSPP / Datore di Lavoro RSPP); poi CHECKIX+SICURIX applicano il METODO81+; 3) HACKIX causa il pericolo 'Registro' (Registro dei Trattamenti); poi CONSENSIX+SICURIX applicano il METODO81+; 4) FUMIX causa il pericolo 'Emergenze/Incendio' (Addetto Antincendio); poi SICURIX+SICURIX applicano il METODO81+; 5) SCHIACCIX causa il pericolo 'Documento' (Documento Valutazione Rischi (DVR)); poi FORMIX+SICURIX applicano il METODO81+; 6) FUMIX causa il pericolo 'DPI' (Uso e Formazione DPI); poi CIFRIX+SICURIX applicano il METODO81+; 7) LEAKIX causa il pericolo 'DPO' (Nomina DPO / RPD); poi SICURIX+SICURIX applicano il METODO81+; 8) OBLIVIX causa il pericolo 'Data breach' (Procedura Data Breach); poi TRACCIX+SICURIX applicano il METODO81+; 9) CHIMIKIX causa il pericolo 'MMC' (Movimentazione Manuale Carichi); poi CHECKIX+SICURIX applicano il METODO81+; 10) FRETTIX causa il pericolo 'Stress' (Stress Lavoro-Correlato); poi LUXPECTORIX+SICURIX applicano il METODO81+; 11) SPYIX causa il pericolo 'Nomine' (Nomina Incaricati/Responsabili); poi PRIVACIX+SICURIX applicano il METODO81+. PALETTE BRAND ESCLUSIVA: nero #05050A, bianco panna, arancione #FF6A1A/#E8501A; ROSSO solo per 'PERICOLO', VERDE per la checklist 'Metodo 81+'. Logo '81+' ben visibile in OGNI vignetta. REGOLA STORIA: SICURIX NON agisce mai da solo - in OGNI vignetta di soluzione si fa AIUTARE dai suoi colleghi EROI (lavoro di squadra, ognuno col suo ruolo). TESTO: didascalie e fumetti MOLTO BREVI (1-4 parole), GRANDI, centrati, in ITALIANO con ORTOGRAFIA PERFETTA, senza parole inventate, lettere doppie errate o testo tagliato. CATTIVI (coerenti col canone): MULTIX, SCHIACCIX, HACKIX, FUMIX, LEAKIX, OBLIVIX, CHIMIKIX, FRETTIX, SPYIX. EROI: PREPOSTIX, CHECKIX, CONSENSIX, SICURIX, FORMIX, CIFRIX, TRACCIX, LUXPECTORIX, PRIVACIX. NEGATIVE: nessun marchio LEGO reale, nessun personaggio protetto (Asterix ecc.), niente gore/horror, niente claim assoluti ('rischio zero','garantito','zero multe').","In PA non e' 'se' arriva il controllo, e' 'quando'. Sei pronto?","La differenza tra chi in PA dorme sereno e chi trema al controllo

In pa gli adempimenti obbligatori non aspettano: Documento, Ruolo/RSPP, Registro, Emergenze/Incendio, DPI, DPO, Data breach, MMC, Stress, Nomine. In questa pagina TALES OF SICURIX il PERICOLO prende forma... e il METODO81+ lo rimette in ordine, passo dopo passo. Immagina la scena: prima il caos, poi la checklist che sistema tutto. Chi si mette in regola prima, dorme meglio dopo.
👉 Iscriviti al corso: Corso privacy destinato ai lavoratori -> https://81plus.net/?corso=corso-privacy-destinato-ai-lavoratori
▶️ YouTube: youtube.com/@sicurissimo
Contenuto informativo. Prima vedi. Poi sistemi. 81plus.net",Corso privacy destinato ai lavoratori,https://81plus.net/?corso=corso-privacy-destinato-ai-lavoratori,#TalesOfSicurix #SICURIX #Metodo81 #81plus #Sicurissimo #Privacy #Sicurezza #SicurezzaSulLavoro,SICURIX_TALES_800113_12_5_13_7_0_8_17_16_10_11_14.webp,https://drive.google.com/drive/folders/1hICKXdl9JTZBL1pemG19oE_661z-EH_k,IMG_ERR
10.73.02,Manifattura,C,Sicurezza+Privacy+HACCP+Ambientale,10,Addetto Primo Soccorso | Procedura Data Breach | Manuale HACCP di Autocontrollo | Documento Valutazione Rischi (DVR) | Formazione Ambientale | Formazione Specifica (rischio alto) | Nomina Incaricati/Responsabili | Rischio Rumore | Movimentazione Manuale Carichi | Informativa e Consensi,DM 388/2003 | GDPR art.33-34 | Reg.CE 852/2004 | D.Lgs81/08 art.28 | D.Lgs152/06 | Accordo Stato-Regioni | GDPR art.28-29 | D.Lgs81/08 Tit.VIII | D.Lgs81/08 Tit.VI | GDPR art.13,"PREPOSTIX>ØTIX, HYGIENIX>FRETTIX, ROBOTIX81>FRETTIX, PRIVACIX>CAOSIX, SICURIX>OBLIVIX, PREPOSTIX>SOTTOVALUTIX, PREPOSTIX>CANCELIX, SCUDIX>MULTIX, CIFRIX>MULTIX, BLINKIX>HACKIX","Crea una PAGINA A FUMETTI a STORIA COMPLETA, verticale A4 (1024x1536), QUALITA' EDITORIALE DA STAMPA, stile ufficiale 'SICURIX TALES' IDENTICO alle immagini di riferimento allegate (stessi personaggi a mattoncini 3D, stessa impaginazione, stessi colori, stesse rese): minifigure espressive, ambientazioni ricche e dettagliate del settore, luci morbide, profondita', bordi vignetta netti. IMPAGINAZIONE OBBLIGATORIA: da 10 a 12 VIGNETTE numerate che raccontano UNA STORIA con arco narrativo completo (1 situazione normale -> 2-4 arrivano i pericoli coi cattivi -> 5-6 tensione/conseguenza -> 7-9 arriva SICURIX con gli eroi e applica il METODO81+ passo per passo -> 10-11 risoluzione ordinata -> 12 finale). HEADER in alto: SICURIX (mantello, medaglione arancione '81+', bussola) che presenta in un fumetto; grande titolo 'SICURIX TALES'; sottotitolo 'MANIFATTURA: Pericolo vs Soluzione con Metodo 81+'; legenda 3 voci (verde Sicurezza, rosso Rischio, blu 81+ Soluzione); fila di EROI coi nomi: PREPOSTIX, HYGIENIX, ROBOTIX81, PRIVACIX, SICURIX, SCUDIX. FOOTER in basso: grande 'Prima vedi. Poi sistemi.'; banner scudo verde 'PROTEGGIAMO. PREVENIAMO. MIGLIORIAMO.' e triangolo rosso 'DISATTENZIONE. RISCHI. COSTI. CAOS.'; logo '81+' + '81plus.net'. TRAMA (usa questi eventi come vignette; se sono meno di 10 aggiungi vignette di contesto, dialogo e reazione per arrivare a 10-12): 1) ØTIX causa il pericolo 'Emergenze/Soccorso' (Addetto Primo Soccorso); poi PREPOSTIX+SICURIX applicano il METODO81+; 2) FRETTIX causa il pericolo 'Data breach' (Procedura Data Breach); poi HYGIENIX+SICURIX applicano il METODO81+; 3) FRETTIX causa il pericolo 'Documento' (Manuale HACCP di Autocontrollo); poi ROBOTIX81+SICURIX applicano il METODO81+; 4) CAOSIX causa il pericolo 'Documento' (Documento Valutazione Rischi (DVR)); poi PRIVACIX+SICURIX applicano il METODO81+; 5) OBLIVIX causa il pericolo 'Formazione' (Formazione Ambientale); poi SICURIX+SICURIX applicano il METODO81+; 6) SOTTOVALUTIX causa il pericolo 'Formazione specifica' (Formazione Specifica (rischio alto)); poi PREPOSTIX+SICURIX applicano il METODO81+; 7) CANCELIX causa il pericolo 'Nomine' (Nomina Incaricati/Responsabili); poi PREPOSTIX+SICURIX applicano il METODO81+; 8) MULTIX causa il pericolo 'Rumore' (Rischio Rumore); poi SCUDIX+SICURIX applicano il METODO81+; 9) MULTIX causa il pericolo 'MMC' (Movimentazione Manuale Carichi); poi CIFRIX+SICURIX applicano il METODO81+; 10) HACKIX causa il pericolo 'Documento' (Informativa e Consensi); poi BLINKIX+SICURIX applicano il METODO81+. PALETTE BRAND ESCLUSIVA: nero #05050A, bianco panna, arancione #FF6A1A/#E8501A; ROSSO solo per 'PERICOLO', VERDE per la checklist 'Metodo 81+'. Logo '81+' ben visibile in OGNI vignetta. REGOLA STORIA: SICURIX NON agisce mai da solo - in OGNI vignetta di soluzione si fa AIUTARE dai suoi colleghi EROI (lavoro di squadra, ognuno col suo ruolo). TESTO: didascalie e fumetti MOLTO BREVI (1-4 parole), GRANDI, centrati, in ITALIANO con ORTOGRAFIA PERFETTA, senza parole inventate, lettere doppie errate o testo tagliato. CATTIVI (coerenti col canone): ØTIX, FRETTIX, CAOSIX, OBLIVIX, SOTTOVALUTIX, CANCELIX, MULTIX, HACKIX. EROI: PREPOSTIX, HYGIENIX, ROBOTIX81, PRIVACIX, SICURIX, SCUDIX, CIFRIX, BLINKIX. NEGATIVE: nessun marchio LEGO reale, nessun personaggio protetto (Asterix ecc.), niente gore/horror, niente claim assoluti ('rischio zero','garantito','zero multe').",Manifattura: 3 minuti oggi o un problema enorme domani. Scegli tu.,"La differenza tra chi in Manifattura dorme sereno e chi trema al controllo

In manifattura gli adempimenti obbligatori non aspettano: Emergenze/Soccorso, Data breach, Documento, Formazione, Formazione specifica, Nomine, Rumore, MMC. In questa pagina TALES OF SICURIX il PERICOLO prende forma... e il METODO81+ lo rimette in ordine, passo dopo passo. Immagina la scena: prima il caos, poi la checklist che sistema tutto. La regola c'e' gia': tu falla lavorare per te.
👉 Iscriviti al corso: Corso Primo Soccorso (A-B-C) -> https://81plus.net/?corso=corso-primo-soccorso-a-b-c
▶️ YouTube: youtube.com/@sicurissimo
Contenuto informativo. Prima vedi. Poi sistemi. 81plus.net",Corso Primo Soccorso (A-B-C),https://81plus.net/?corso=corso-primo-soccorso-a-b-c,#TalesOfSicurix #SICURIX #Metodo81 #81plus #Sicurissimo #Sicurezza #Privacy #HACCP #Ambientale #SicurezzaSulLavoro,SICURIX_TALES_107302_6_25_14_0_27_2_23_12_10_21.webp,https://drive.google.com/drive/folders/1hICKXdl9JTZBL1pemG19oE_661z-EH_k,IMG_ERR
46.41.20,Commercio,G,Sicurezza+Privacy+HACCP,12,Stress Lavoro-Correlato | Formazione GDPR | Documento Valutazione Rischi (DVR) | Addetto Antincendio | Movimentazione Manuale Carichi | Corso Alimentarista | Piano di Sanificazione | Uso e Formazione DPI | Formazione Generale Lavoratori | Formazione Preposto | Registro dei Trattamenti | Videosorveglianza a norma,D.Lgs81/08 art.28 | GDPR art.32 | DM 2/9/2021 | D.Lgs81/08 Tit.VI | Reg.CE 852/2004 | D.Lgs81/08 art.77 | Accordo Stato-Regioni | D.Lgs81/08 art.37 | GDPR art.30 | Provv.Garante,"SICURIX>FUMIX, SCUDIX>SPYIX, TRACCIX>VIBRIX, CIFRIX>SOTTOVALUTIX, SCUDIX>CADUTIX, PREPOSTIX>OBLIVIX, CIFRIX>DOSAGIX, PREPOSTIX>SEGNALEX, PRIVACIX>VOLTIX, HYGIENIX>SCIVOLIX, LUXPECTORIX>FRETTIX, BLINKIX>CANCELIX","Crea una PAGINA A FUMETTI a STORIA COMPLETA, verticale A4 (1024x1536), QUALITA' EDITORIALE DA STAMPA, stile ufficiale 'SICURIX TALES' IDENTICO alle immagini di riferimento allegate (stessi personaggi a mattoncini 3D, stessa impaginazione, stessi colori, stesse rese): minifigure espressive, ambientazioni ricche e dettagliate del settore, luci morbide, profondita', bordi vignetta netti. IMPAGINAZIONE OBBLIGATORIA: da 10 a 12 VIGNETTE numerate che raccontano UNA STORIA con arco narrativo completo (1 situazione normale -> 2-4 arrivano i pericoli coi cattivi -> 5-6 tensione/conseguenza -> 7-9 arriva SICURIX con gli eroi e applica il METODO81+ passo per passo -> 10-11 risoluzione ordinata -> 12 finale). HEADER in alto: SICURIX (mantello, medaglione arancione '81+', bussola) che presenta in un fumetto; grande titolo 'SICURIX TALES'; sottotitolo 'COMMERCIO: Pericolo vs Soluzione con Metodo 81+'; legenda 3 voci (verde Sicurezza, rosso Rischio, blu 81+ Soluzione); fila di EROI coi nomi: SICURIX, SCUDIX, TRACCIX, CIFRIX, PREPOSTIX, PRIVACIX. FOOTER in basso: grande 'Prima vedi. Poi sistemi.'; banner scudo verde 'PROTEGGIAMO. PREVENIAMO. MIGLIORIAMO.' e triangolo rosso 'DISATTENZIONE. RISCHI. COSTI. CAOS.'; logo '81+' + '81plus.net'. TRAMA (usa questi eventi come vignette; se sono meno di 10 aggiungi vignette di contesto, dialogo e reazione per arrivare a 10-12): 1) FUMIX causa il pericolo 'Stress' (Stress Lavoro-Correlato); poi SICURIX+SICURIX applicano il METODO81+; 2) SPYIX causa il pericolo 'Formazione' (Formazione GDPR); poi SCUDIX+SICURIX applicano il METODO81+; 3) VIBRIX causa il pericolo 'Documento' (Documento Valutazione Rischi (DVR)); poi TRACCIX+SICURIX applicano il METODO81+; 4) SOTTOVALUTIX causa il pericolo 'Emergenze/Incendio' (Addetto Antincendio); poi CIFRIX+SICURIX applicano il METODO81+; 5) CADUTIX causa il pericolo 'MMC' (Movimentazione Manuale Carichi); poi SCUDIX+SICURIX applicano il METODO81+; 6) OBLIVIX causa il pericolo 'Corso' (Corso Alimentarista); poi PREPOSTIX+SICURIX applicano il METODO81+; 7) DOSAGIX causa il pericolo 'Sanificazione' (Piano di Sanificazione); poi CIFRIX+SICURIX applicano il METODO81+; 8) SEGNALEX causa il pericolo 'DPI' (Uso e Formazione DPI); poi PREPOSTIX+SICURIX applicano il METODO81+; 9) VOLTIX causa il pericolo 'Formazione base' (Formazione Generale Lavoratori); poi PRIVACIX+SICURIX applicano il METODO81+; 10) SCIVOLIX causa il pericolo 'Ruolo/Preposto' (Formazione Preposto); poi HYGIENIX+SICURIX applicano il METODO81+; 11) FRETTIX causa il pericolo 'Registro' (Registro dei Trattamenti); poi LUXPECTORIX+SICURIX applicano il METODO81+; 12) CANCELIX causa il pericolo 'Videosorveglianza' (Videosorveglianza a norma); poi BLINKIX+SICURIX applicano il METODO81+. PALETTE BRAND ESCLUSIVA: nero #05050A, bianco panna, arancione #FF6A1A/#E8501A; ROSSO solo per 'PERICOLO', VERDE per la checklist 'Metodo 81+'. Logo '81+' ben visibile in OGNI vignetta. REGOLA STORIA: SICURIX NON agisce mai da solo - in OGNI vignetta di soluzione si fa AIUTARE dai suoi colleghi EROI (lavoro di squadra, ognuno col suo ruolo). TESTO: didascalie e fumetti MOLTO BREVI (1-4 parole), GRANDI, centrati, in ITALIANO con ORTOGRAFIA PERFETTA, senza parole inventate, lettere doppie errate o testo tagliato. CATTIVI (coerenti col canone): FUMIX, SPYIX, VIBRIX, SOTTOVALUTIX, CADUTIX, OBLIVIX, DOSAGIX, SEGNALEX, VOLTIX, SCIVOLIX, FRETTIX, CANCELIX. EROI: SICURIX, SCUDIX, TRACCIX, CIFRIX, PREPOSTIX, PRIVACIX, HYGIENIX, LUXPECTORIX, BLINKIX. NEGATIVE: nessun marchio LEGO reale, nessun personaggio protetto (Asterix ecc.), niente gore/horror, niente claim assoluti ('rischio zero','garantito','zero multe').",Quello che l'ispettore controlla per primo in Commercio (e quasi nessuno lo sa),"Commercio: 3 minuti oggi o un problema enorme domani. Scegli tu.

In commercio gli adempimenti obbligatori non aspettano: Stress, Formazione, Documento, Emergenze/Incendio, MMC, Corso, Sanificazione, DPI, Formazione base, Ruolo/Preposto, Registro, Videosorveglianza. In questa pagina TALES OF SICURIX il PERICOLO prende forma... e il METODO81+ lo rimette in ordine, passo dopo passo. Immagina la scena: prima il caos, poi la checklist che sistema tutto. La regola c'e' gia': tu falla lavorare per te.
👉 Iscriviti al corso: Rischio stress lavoro correlato -> https://81plus.net/?corso=rischio-stress-lavoro-correlato
▶️ YouTube: youtube.com/@sicurissimo
Contenuto informativo. Prima vedi. Poi sistemi. 81plus.net",Rischio stress lavoro correlato,https://81plus.net/?corso=rischio-stress-lavoro-correlato,#TalesOfSicurix #SICURIX #Metodo81 #81plus #Sicurissimo #Sicurezza #Privacy #HACCP #SicurezzaSulLavoro,SICURIX_TALES_464120_11_22_0_7_10_13_14_8_1_3_20_24.webp,https://drive.google.com/drive/folders/1hICKXdl9JTZBL1pemG19oE_661z-EH_k,IMG_ERR
35.14.00,Energia,D,Sicurezza+Privacy,12,Formazione Preposto | Registro dei Trattamenti | Formazione GDPR | Rischio Rumore | Uso e Formazione DPI | Procedura Data Breach | RSPP / Datore di Lavoro RSPP | Rappresentante Lavoratori Sicurezza (RLS) | Addetto Primo Soccorso | Addetto Antincendio | Formazione Generale Lavoratori | Sorveglianza Sanitaria / Medico Competente,D.Lgs81/08 art.37 | GDPR art.30 | GDPR art.32 | D.Lgs81/08 Tit.VIII | D.Lgs81/08 art.77 | GDPR art.33-34 | D.Lgs81/08 art.34 | D.Lgs81/08 art.47 | DM 388/2003 | DM 2/9/2021 | Accordo Stato-Regioni | D.Lgs81/08 art.41,"SCUDIX>RISKIX, HYGIENIX>SPYIX, LUXPECTORIX>SPYIX, CONSENSIX>SOTTOVALUTIX, FORMIX>CADUTIX, TRACCIX>PERMISSIONIX, FORMIX>BIOXIX, HYGIENIX>ØTIX, ROBOTIX81>TAGLIX, SICURIX>VOLTIX, HYGIENIX>VOLTIX, PREPOSTIX>FUMIX","Crea una PAGINA A FUMETTI a STORIA COMPLETA, verticale A4 (1024x1536), QUALITA' EDITORIALE DA STAMPA, stile ufficiale 'SICURIX TALES' IDENTICO alle immagini di riferimento allegate (stessi personaggi a mattoncini 3D, stessa impaginazione, stessi colori, stesse rese): minifigure espressive, ambientazioni ricche e dettagliate del settore, luci morbide, profondita', bordi vignetta netti. IMPAGINAZIONE OBBLIGATORIA: da 10 a 12 VIGNETTE numerate che raccontano UNA STORIA con arco narrativo completo (1 situazione normale -> 2-4 arrivano i pericoli coi cattivi -> 5-6 tensione/conseguenza -> 7-9 arriva SICURIX con gli eroi e applica il METODO81+ passo per passo -> 10-11 risoluzione ordinata -> 12 finale). HEADER in alto: SICURIX (mantello, medaglione arancione '81+', bussola) che presenta in un fumetto; grande titolo 'SICURIX TALES'; sottotitolo 'ENERGIA: Pericolo vs Soluzione con Metodo 81+'; legenda 3 voci (verde Sicurezza, rosso Rischio, blu 81+ Soluzione); fila di EROI coi nomi: SCUDIX, HYGIENIX, LUXPECTORIX, CONSENSIX, FORMIX, TRACCIX. FOOTER in basso: grande 'Prima vedi. Poi sistemi.'; banner scudo verde 'PROTEGGIAMO. PREVENIAMO. MIGLIORIAMO.' e triangolo rosso 'DISATTENZIONE. RISCHI. COSTI. CAOS.'; logo '81+' + '81plus.net'. TRAMA (usa questi eventi come vignette; se sono meno di 10 aggiungi vignette di contesto, dialogo e reazione per arrivare a 10-12): 1) RISKIX causa il pericolo 'Ruolo/Preposto' (Formazione Preposto); poi SCUDIX+SICURIX applicano il METODO81+; 2) SPYIX causa il pericolo 'Registro' (Registro dei Trattamenti); poi HYGIENIX+SICURIX applicano il METODO81+; 3) SPYIX causa il pericolo 'Formazione' (Formazione GDPR); poi LUXPECTORIX+SICURIX applicano il METODO81+; 4) SOTTOVALUTIX causa il pericolo 'Rumore' (Rischio Rumore); poi CONSENSIX+SICURIX applicano il METODO81+; 5) CADUTIX causa il pericolo 'DPI' (Uso e Formazione DPI); poi FORMIX+SICURIX applicano il METODO81+; 6) PERMISSIONIX causa il pericolo 'Data breach' (Procedura Data Breach); poi TRACCIX+SICURIX applicano il METODO81+; 7) BIOXIX causa il pericolo 'Ruolo/RSPP' (RSPP / Datore di Lavoro RSPP); poi FORMIX+SICURIX applicano il METODO81+; 8) ØTIX causa il pericolo 'Ruolo/RLS' (Rappresentante Lavoratori Sicurezza (RLS)); poi HYGIENIX+SICURIX applicano il METODO81+; 9) TAGLIX causa il pericolo 'Emergenze/Soccorso' (Addetto Primo Soccorso); poi ROBOTIX81+SICURIX applicano il METODO81+; 10) VOLTIX causa il pericolo 'Emergenze/Incendio' (Addetto Antincendio); poi SICURIX+SICURIX applicano il METODO81+; 11) VOLTIX causa il pericolo 'Formazione base' (Formazione Generale Lavoratori); poi HYGIENIX+SICURIX applicano il METODO81+; 12) FUMIX causa il pericolo 'Sorveglianza sanitaria' (Sorveglianza Sanitaria / Medico Competente); poi PREPOSTIX+SICURIX applicano il METODO81+. PALETTE BRAND ESCLUSIVA: nero #05050A, bianco panna, arancione #FF6A1A/#E8501A; ROSSO solo per 'PERICOLO', VERDE per la checklist 'Metodo 81+'. Logo '81+' ben visibile in OGNI vignetta. REGOLA STORIA: SICURIX NON agisce mai da solo - in OGNI vignetta di soluzione si fa AIUTARE dai suoi colleghi EROI (lavoro di squadra, ognuno col suo ruolo). TESTO: didascalie e fumetti MOLTO BREVI (1-4 parole), GRANDI, centrati, in ITALIANO con ORTOGRAFIA PERFETTA, senza parole inventate, lettere doppie errate o testo tagliato. CATTIVI (coerenti col canone): RISKIX, SPYIX, SOTTOVALUTIX, CADUTIX, PERMISSIONIX, BIOXIX, ØTIX, TAGLIX, VOLTIX, FUMIX. EROI: SCUDIX, HYGIENIX, LUXPECTORIX, CONSENSIX, FORMIX, TRACCIX, ROBOTIX81, SICURIX, PREPOSTIX. NEGATIVE: nessun marchio LEGO reale, nessun personaggio protetto (Asterix ecc.), niente gore/horror, niente claim assoluti ('rischio zero','garantito','zero multe').","In Energia non e' 'se' arriva il controllo, e' 'quando'. Sei pronto?","Quello che l'ispettore controlla per primo in Energia (e quasi nessuno lo sa)

In energia gli adempimenti obbligatori non aspettano: Ruolo/Preposto, Registro, Formazione, Rumore, DPI, Data breach, Ruolo/RSPP, Ruolo/RLS, Emergenze/Soccorso, Emergenze/Incendio, Formazione base, Sorveglianza sanitaria. In questa pagina TALES OF SICURIX il PERICOLO prende forma... e il METODO81+ lo rimette in ordine, passo dopo passo. Immagina la scena: prima il caos, poi la checklist che sistema tutto. Non e' burocrazia: e' la tua tranquillita.
👉 Iscriviti al corso: Corso per Preposto -> https://81plus.net/?corso=corso-per-preposto
▶️ YouTube: youtube.com/@sicurissimo
Contenuto informativo. Prima vedi. Poi sistemi. 81plus.net",Corso per Preposto,https://81plus.net/?corso=corso-per-preposto,#TalesOfSicurix #SICURIX #Metodo81 #81plus #Sicurissimo #Sicurezza #Privacy #SicurezzaSulLavoro,SICURIX_TALES_351400_3_16_18_12_8_19_5_4_6_7_1_9.webp,https://drive.google.com/drive/folders/1hICKXdl9JTZBL1pemG19oE_661z-EH_k,IMG_ERR
47.79.39,Commercio,G,Sicurezza+Privacy+HACCP,10,Uso e Formazione DPI | Formazione GDPR | Sorveglianza Sanitaria / Medico Competente | Procedura Data Breach | Movimentazione Manuale Carichi | Registro dei Trattamenti | Lotta agli Infestanti (Pest Control) | Manuale HACCP di Autocontrollo | Videosorveglianza a norma | Piano di Sanificazione,D.Lgs81/08 art.77 | GDPR art.32 | D.Lgs81/08 art.41 | GDPR art.33-34 | D.Lgs81/08 Tit.VI | GDPR art.30 | Reg.CE 852/2004 | Provv.Garante,"CONSENSIX>POLVERIX, FORMIX>CANCELIX, ROBOTIX81>SCIVOLIX, CHEFIX>CANCELIX, TRACCIX>SOTTOVALUTIX, DOCUMIX>LEAKIX, LUXPECTORIX>OBLIVIX, LUXPECTORIX>SPORCKIX, PRIVACIX>PHISHIX, ROBOTIX81>RISKIX","Crea una PAGINA A FUMETTI a STORIA COMPLETA, verticale A4 (1024x1536), QUALITA' EDITORIALE DA STAMPA, stile ufficiale 'SICURIX TALES' IDENTICO alle immagini di riferimento allegate (stessi personaggi a mattoncini 3D, stessa impaginazione, stessi colori, stesse rese): minifigure espressive, ambientazioni ricche e dettagliate del settore, luci morbide, profondita', bordi vignetta netti. IMPAGINAZIONE OBBLIGATORIA: da 10 a 12 VIGNETTE numerate che raccontano UNA STORIA con arco narrativo completo (1 situazione normale -> 2-4 arrivano i pericoli coi cattivi -> 5-6 tensione/conseguenza -> 7-9 arriva SICURIX con gli eroi e applica il METODO81+ passo per passo -> 10-11 risoluzione ordinata -> 12 finale). HEADER in alto: SICURIX (mantello, medaglione arancione '81+', bussola) che presenta in un fumetto; grande titolo 'SICURIX TALES'; sottotitolo 'COMMERCIO: Pericolo vs Soluzione con Metodo 81+'; legenda 3 voci (verde Sicurezza, rosso Rischio, blu 81+ Soluzione); fila di EROI coi nomi: CONSENSIX, FORMIX, ROBOTIX81, CHEFIX, TRACCIX, DOCUMIX. FOOTER in basso: grande 'Prima vedi. Poi sistemi.'; banner scudo verde 'PROTEGGIAMO. PREVENIAMO. MIGLIORIAMO.' e triangolo rosso 'DISATTENZIONE. RISCHI. COSTI. CAOS.'; logo '81+' + '81plus.net'. TRAMA (usa questi eventi come vignette; se sono meno di 10 aggiungi vignette di contesto, dialogo e reazione per arrivare a 10-12): 1) POLVERIX causa il pericolo 'DPI' (Uso e Formazione DPI); poi CONSENSIX+SICURIX applicano il METODO81+; 2) CANCELIX causa il pericolo 'Formazione' (Formazione GDPR); poi FORMIX+SICURIX applicano il METODO81+; 3) SCIVOLIX causa il pericolo 'Sorveglianza sanitaria' (Sorveglianza Sanitaria / Medico Competente); poi ROBOTIX81+SICURIX applicano il METODO81+; 4) CANCELIX causa il pericolo 'Data breach' (Procedura Data Breach); poi CHEFIX+SICURIX applicano il METODO81+; 5) SOTTOVALUTIX causa il pericolo 'MMC' (Movimentazione Manuale Carichi); poi TRACCIX+SICURIX applicano il METODO81+; 6) LEAKIX causa il pericolo 'Registro' (Registro dei Trattamenti); poi DOCUMIX+SICURIX applicano il METODO81+; 7) OBLIVIX causa il pericolo 'Infestanti' (Lotta agli Infestanti (Pest Control)); poi LUXPECTORIX+SICURIX applicano il METODO81+; 8) SPORCKIX causa il pericolo 'Documento' (Manuale HACCP di Autocontrollo); poi LUXPECTORIX+SICURIX applicano il METODO81+; 9) PHISHIX causa il pericolo 'Videosorveglianza' (Videosorveglianza a norma); poi PRIVACIX+SICURIX applicano il METODO81+; 10) RISKIX causa il pericolo 'Sanificazione' (Piano di Sanificazione); poi ROBOTIX81+SICURIX applicano il METODO81+. PALETTE BRAND ESCLUSIVA: nero #05050A, bianco panna, arancione #FF6A1A/#E8501A; ROSSO solo per 'PERICOLO', VERDE per la checklist 'Metodo 81+'. Logo '81+' ben visibile in OGNI vignetta. REGOLA STORIA: SICURIX NON agisce mai da solo - in OGNI vignetta di soluzione si fa AIUTARE dai suoi colleghi EROI (lavoro di squadra, ognuno col suo ruolo). TESTO: didascalie e fumetti MOLTO BREVI (1-4 parole), GRANDI, centrati, in ITALIANO con ORTOGRAFIA PERFETTA, senza parole inventate, lettere doppie errate o testo tagliato. CATTIVI (coerenti col canone): POLVERIX, CANCELIX, SCIVOLIX, SOTTOVALUTIX, LEAKIX, OBLIVIX, SPORCKIX, PHISHIX, RISKIX. EROI: CONSENSIX, FORMIX, ROBOTIX81, CHEFIX, TRACCIX, DOCUMIX, LUXPECTORIX, PRIVACIX. NEGATIVE: nessun marchio LEGO reale, nessun personaggio protetto (Asterix ecc.), niente gore/horror, niente claim assoluti ('rischio zero','garantito','zero multe').",In Commercio c'e' un obbligo che in tanti scoprono solo con la sanzione,"In Commercio non e' 'se' arriva il controllo, e' 'quando'. Sei pronto?

In commercio gli adempimenti obbligatori non aspettano: DPI, Formazione, Sorveglianza sanitaria, Data breach, MMC, Registro, Infestanti, Documento, Videosorveglianza, Sanificazione. In questa pagina TALES OF SICURIX il PERICOLO prende forma... e il METODO81+ lo rimette in ordine, passo dopo passo. Immagina la scena: prima il caos, poi la checklist che sistema tutto. Chi si mette in regola prima, dorme meglio dopo.
👉 Iscriviti al corso: Corso Lavori in Quota e DPI Anticaduta -> https://81plus.net/?corso=corso-lavori-in-quota-e-dpi-anticaduta
▶️ YouTube: youtube.com/@sicurissimo
Contenuto informativo. Prima vedi. Poi sistemi. 81plus.net",Corso Lavori in Quota e DPI Anticaduta,https://81plus.net/?corso=corso-lavori-in-quota-e-dpi-anticaduta,#TalesOfSicurix #SICURIX #Metodo81 #81plus #Sicurissimo #Sicurezza #Privacy #HACCP #SicurezzaSulLavoro,SICURIX_TALES_477939_8_22_9_23_10_20_17_12_24_14.webp,https://drive.google.com/drive/folders/1hICKXdl9JTZBL1pemG19oE_661z-EH_k,IMG_ERR
52.24.40,Trasporti/Magazzino,H,Sicurezza+Privacy+Ambientale,12,Rappresentante Lavoratori Sicurezza (RLS) | Carrellista / Muletto | Formazione Generale Lavoratori | Formazione GDPR | Addetto Primo Soccorso | Formazione Specifica (rischio alto) | Addetto Antincendio | Movimentazione Manuale Carichi | Formazione Ambientale | Attrezzature e Macchine | Gestione Rifiuti e Registro | Procedura Data Breach,D.Lgs81/08 art.47 | Accordo Stato-Regioni | GDPR art.32 | DM 388/2003 | DM 2/9/2021 | D.Lgs81/08 Tit.VI | D.Lgs152/06 | D.Lgs81/08 Tit.III | GDPR art.33-34,"LUXPECTORIX>IMPROVVISIX, LUXPECTORIX>POLVERIX, PREPOSTIX>CAOSIX, SICURIX>PERMISSIONIX, LUXPECTORIX>POLVERIX, SICURIX>MULTIX, PRIVACIX>SCIVOLIX, SCUDIX>VIBRIX, DOCUMIX>IMPROVVISIX, PRIVACIX>FRETTIX, CHEFIX>FRETTIX, ROBOTIX81>FRETTIX","Crea una PAGINA A FUMETTI a STORIA COMPLETA, verticale A4 (1024x1536), QUALITA' EDITORIALE DA STAMPA, stile ufficiale 'SICURIX TALES' IDENTICO alle immagini di riferimento allegate (stessi personaggi a mattoncini 3D, stessa impaginazione, stessi colori, stesse rese): minifigure espressive, ambientazioni ricche e dettagliate del settore, luci morbide, profondita', bordi vignetta netti. IMPAGINAZIONE OBBLIGATORIA: da 10 a 12 VIGNETTE numerate che raccontano UNA STORIA con arco narrativo completo (1 situazione normale -> 2-4 arrivano i pericoli coi cattivi -> 5-6 tensione/conseguenza -> 7-9 arriva SICURIX con gli eroi e applica il METODO81+ passo per passo -> 10-11 risoluzione ordinata -> 12 finale). HEADER in alto: SICURIX (mantello, medaglione arancione '81+', bussola) che presenta in un fumetto; grande titolo 'SICURIX TALES'; sottotitolo 'TRASPORTI/MAGAZZINO: Pericolo vs Soluzione con Metodo 81+'; legenda 3 voci (verde Sicurezza, rosso Rischio, blu 81+ Soluzione); fila di EROI coi nomi: LUXPECTORIX, PREPOSTIX, SICURIX, PRIVACIX, SCUDIX, DOCUMIX. FOOTER in basso: grande 'Prima vedi. Poi sistemi.'; banner scudo verde 'PROTEGGIAMO. PREVENIAMO. MIGLIORIAMO.' e triangolo rosso 'DISATTENZIONE. RISCHI. COSTI. CAOS.'; logo '81+' + '81plus.net'. TRAMA (usa questi eventi come vignette; se sono meno di 10 aggiungi vignette di contesto, dialogo e reazione per arrivare a 10-12): 1) IMPROVVISIX causa il pericolo 'Ruolo/RLS' (Rappresentante Lavoratori Sicurezza (RLS)); poi LUXPECTORIX+SICURIX applicano il METODO81+; 2) POLVERIX causa il pericolo 'Carrelli' (Carrellista / Muletto); poi LUXPECTORIX+SICURIX applicano il METODO81+; 3) CAOSIX causa il pericolo 'Formazione base' (Formazione Generale Lavoratori); poi PREPOSTIX+SICURIX applicano il METODO81+; 4) PERMISSIONIX causa il pericolo 'Formazione' (Formazione GDPR); poi SICURIX+SICURIX applicano il METODO81+; 5) POLVERIX causa il pericolo 'Emergenze/Soccorso' (Addetto Primo Soccorso); poi LUXPECTORIX+SICURIX applicano il METODO81+; 6) MULTIX causa il pericolo 'Formazione specifica' (Formazione Specifica (rischio alto)); poi SICURIX+SICURIX applicano il METODO81+; 7) SCIVOLIX causa il pericolo 'Emergenze/Incendio' (Addetto Antincendio); poi PRIVACIX+SICURIX applicano il METODO81+; 8) VIBRIX causa il pericolo 'MMC' (Movimentazione Manuale Carichi); poi SCUDIX+SICURIX applicano il METODO81+; 9) IMPROVVISIX causa il pericolo 'Formazione' (Formazione Ambientale); poi DOCUMIX+SICURIX applicano il METODO81+; 10) FRETTIX causa il pericolo 'Attrezzature' (Attrezzature e Macchine); poi PRIVACIX+SICURIX applicano il METODO81+; 11) FRETTIX causa il pericolo 'Rifiuti' (Gestione Rifiuti e Registro); poi CHEFIX+SICURIX applicano il METODO81+; 12) FRETTIX causa il pericolo 'Data breach' (Procedura Data Breach); poi ROBOTIX81+SICURIX applicano il METODO81+. PALETTE BRAND ESCLUSIVA: nero #05050A, bianco panna, arancione #FF6A1A/#E8501A; ROSSO solo per 'PERICOLO', VERDE per la checklist 'Metodo 81+'. Logo '81+' ben visibile in OGNI vignetta. REGOLA STORIA: SICURIX NON agisce mai da solo - in OGNI vignetta di soluzione si fa AIUTARE dai suoi colleghi EROI (lavoro di squadra, ognuno col suo ruolo). TESTO: didascalie e fumetti MOLTO BREVI (1-4 parole), GRANDI, centrati, in ITALIANO con ORTOGRAFIA PERFETTA, senza parole inventate, lettere doppie errate o testo tagliato. CATTIVI (coerenti col canone): IMPROVVISIX, POLVERIX, CAOSIX, PERMISSIONIX, MULTIX, SCIVOLIX, VIBRIX, FRETTIX. EROI: LUXPECTORIX, PREPOSTIX, SICURIX, PRIVACIX, SCUDIX, DOCUMIX, CHEFIX, ROBOTIX81. NEGATIVE: nessun marchio LEGO reale, nessun personaggio protetto (Asterix ecc.), niente gore/horror, niente claim assoluti ('rischio zero','garantito','zero multe').",Quello che l'ispettore controlla per primo in Trasporti/Magazzino (e quasi nessuno lo sa),"La differenza tra chi in Trasporti/Magazzino dorme sereno e chi trema al controllo

In trasporti/magazzino gli adempimenti obbligatori non aspettano: Ruolo/RLS, Carrelli, Formazione base, Formazione, Emergenze/Soccorso, Formazione specifica, Emergenze/Incendio, MMC, Attrezzature, Rifiuti, Data breach. In questa pagina TALES OF SICURIX il PERICOLO prende forma... e il METODO81+ lo rimette in ordine, passo dopo passo. Immagina la scena: prima il caos, poi la checklist che sistema tutto. Mettere ordine ora costa poco. Rimediare dopo costa caro.
👉 Iscriviti al corso: Corso RLS -> https://81plus.net/?corso=corso-rls
▶️ YouTube: youtube.com/@sicurissimo
Contenuto informativo. Prima vedi. Poi sistemi. 81plus.net",Corso RLS,https://81plus.net/?corso=corso-rls,#TalesOfSicurix #SICURIX #Metodo81 #81plus #Sicurissimo #Sicurezza #Privacy #Ambientale #SicurezzaSulLavoro,SICURIX_TALES_522440_4_14_1_18_6_2_7_10_21_13_20_19.webp,https://drive.google.com/drive/folders/1hICKXdl9JTZBL1pemG19oE_661z-EH_k,IMG_ERR
10.51.20,Manifattura,C,Sicurezza+Privacy+HACCP,12,Movimentazione Manuale Carichi | Nomina Incaricati/Responsabili | Formazione Specifica (rischio alto) | Rintracciabilita ed Etichettatura | Documento Valutazione Rischi (DVR) | Rappresentante Lavoratori Sicurezza (RLS) | Formazione GDPR | Addetto Antincendio | Registro dei Trattamenti | Procedura Data Breach | Formazione Preposto | Stress Lavoro-Correlato,D.Lgs81/08 Tit.VI | GDPR art.28-29 | Accordo Stato-Regioni | Reg.CE 178/2002 | D.Lgs81/08 art.28 | D.Lgs81/08 art.47 | GDPR art.32 | DM 2/9/2021 | GDPR art.30 | GDPR art.33-34 | D.Lgs81/08 art.37,"ROBOTIX81>CADUTIX, CHEFIX>IMPROVVISIX, PRIVACIX>RISKIX, TRACCIX>TEMPORIX, FORMIX>MULTIX, FORMIX>CAOSIX, SCUDIX>PHISHIX, CONSENSIX>CAOSIX, PREPOSTIX>PERMISSIONIX, ROBOTIX81>SPYIX, CONSENSIX>VIBRIX, HYGIENIX>TAGLIX","Crea una PAGINA A FUMETTI a STORIA COMPLETA, verticale A4 (1024x1536), QUALITA' EDITORIALE DA STAMPA, stile ufficiale 'SICURIX TALES' IDENTICO alle immagini di riferimento allegate (stessi personaggi a mattoncini 3D, stessa impaginazione, stessi colori, stesse rese): minifigure espressive, ambientazioni ricche e dettagliate del settore, luci morbide, profondita', bordi vignetta netti. IMPAGINAZIONE OBBLIGATORIA: da 10 a 12 VIGNETTE numerate che raccontano UNA STORIA con arco narrativo completo (1 situazione normale -> 2-4 arrivano i pericoli coi cattivi -> 5-6 tensione/conseguenza -> 7-9 arriva SICURIX con gli eroi e applica il METODO81+ passo per passo -> 10-11 risoluzione ordinata -> 12 finale). HEADER in alto: SICURIX (mantello, medaglione arancione '81+', bussola) che presenta in un fumetto; grande titolo 'SICURIX TALES'; sottotitolo 'MANIFATTURA: Pericolo vs Soluzione con Metodo 81+'; legenda 3 voci (verde Sicurezza, rosso Rischio, blu 81+ Soluzione); fila di EROI coi nomi: ROBOTIX81, CHEFIX, PRIVACIX, TRACCIX, FORMIX, SCUDIX. FOOTER in basso: grande 'Prima vedi. Poi sistemi.'; banner scudo verde 'PROTEGGIAMO. PREVENIAMO. MIGLIORIAMO.' e triangolo rosso 'DISATTENZIONE. RISCHI. COSTI. CAOS.'; logo '81+' + '81plus.net'. TRAMA (usa questi eventi come vignette; se sono meno di 10 aggiungi vignette di contesto, dialogo e reazione per arrivare a 10-12): 1) CADUTIX causa il pericolo 'MMC' (Movimentazione Manuale Carichi); poi ROBOTIX81+SICURIX applicano il METODO81+; 2) IMPROVVISIX causa il pericolo 'Nomine' (Nomina Incaricati/Responsabili); poi CHEFIX+SICURIX applicano il METODO81+; 3) RISKIX causa il pericolo 'Formazione specifica' (Formazione Specifica (rischio alto)); poi PRIVACIX+SICURIX applicano il METODO81+; 4) TEMPORIX causa il pericolo 'Rintracciabilita' (Rintracciabilita ed Etichettatura); poi TRACCIX+SICURIX applicano il METODO81+; 5) MULTIX causa il pericolo 'Documento' (Documento Valutazione Rischi (DVR)); poi FORMIX+SICURIX applicano il METODO81+; 6) CAOSIX causa il pericolo 'Ruolo/RLS' (Rappresentante Lavoratori Sicurezza (RLS)); poi FORMIX+SICURIX applicano il METODO81+; 7) PHISHIX causa il pericolo 'Formazione' (Formazione GDPR); poi SCUDIX+SICURIX applicano il METODO81+; 8) CAOSIX causa il pericolo 'Emergenze/Incendio' (Addetto Antincendio); poi CONSENSIX+SICURIX applicano il METODO81+; 9) PERMISSIONIX causa il pericolo 'Registro' (Registro dei Trattamenti); poi PREPOSTIX+SICURIX applicano il METODO81+; 10) SPYIX causa il pericolo 'Data breach' (Procedura Data Breach); poi ROBOTIX81+SICURIX applicano il METODO81+; 11) VIBRIX causa il pericolo 'Ruolo/Preposto' (Formazione Preposto); poi CONSENSIX+SICURIX applicano il METODO81+; 12) TAGLIX causa il pericolo 'Stress' (Stress Lavoro-Correlato); poi HYGIENIX+SICURIX applicano il METODO81+. PALETTE BRAND ESCLUSIVA: nero #05050A, bianco panna, arancione #FF6A1A/#E8501A; ROSSO solo per 'PERICOLO', VERDE per la checklist 'Metodo 81+'. Logo '81+' ben visibile in OGNI vignetta. REGOLA STORIA: SICURIX NON agisce mai da solo - in OGNI vignetta di soluzione si fa AIUTARE dai suoi colleghi EROI (lavoro di squadra, ognuno col suo ruolo). TESTO: didascalie e fumetti MOLTO BREVI (1-4 parole), GRANDI, centrati, in ITALIANO con ORTOGRAFIA PERFETTA, senza parole inventate, lettere doppie errate o testo tagliato. CATTIVI (coerenti col canone): CADUTIX, IMPROVVISIX, RISKIX, TEMPORIX, MULTIX, CAOSIX, PHISHIX, PERMISSIONIX, SPYIX, VIBRIX, TAGLIX. EROI: ROBOTIX81, CHEFIX, PRIVACIX, TRACCIX, FORMIX, SCUDIX, CONSENSIX, PREPOSTIX, HYGIENIX. NEGATIVE: nessun marchio LEGO reale, nessun personaggio protetto (Asterix ecc.), niente gore/horror, niente claim assoluti ('rischio zero','garantito','zero multe').",La differenza tra chi in Manifattura dorme sereno e chi trema al controllo,"In Manifattura c'e' un obbligo che in tanti scoprono solo con la sanzione

In manifattura gli adempimenti obbligatori non aspettano: MMC, Nomine, Formazione specifica, Rintracciabilita, Documento, Ruolo/RLS, Formazione, Emergenze/Incendio, Registro, Data breach, Ruolo/Preposto, Stress. In questa pagina TALES OF SICURIX il PERICOLO prende forma... e il METODO81+ lo rimette in ordine, passo dopo passo. Immagina la scena: prima il caos, poi la checklist che sistema tutto. Chi si mette in regola prima, dorme meglio dopo.
👉 Iscriviti al corso: Corso RSPP Datore di Lavoro : Movimentazione manuale carichi -> https://81plus.net/?corso=corso-rspp-datore-di-lavoro-movimentazione-manuale-carichi
▶️ YouTube: youtube.com/@sicurissimo
Contenuto informativo. Prima vedi. Poi sistemi. 81plus.net",Corso RSPP Datore di Lavoro : Movimentazione manuale carichi,https://81plus.net/?corso=corso-rspp-datore-di-lavoro-movimentazione-manuale-carichi,#TalesOfSicurix #SICURIX #Metodo81 #81plus #Sicurissimo #Sicurezza #Privacy #HACCP #SicurezzaSulLavoro,SICURIX_TALES_105120_10_23_2_17_0_4_24_7_22_25_3_11.webp,https://drive.google.com/drive/folders/1hICKXdl9JTZBL1pemG19oE_661z-EH_k,IMG_ERR
71.11.09,Servizi alle imprese,N,Privacy+Sicurezza,11,Procedura Data Breach | Rappresentante Lavoratori Sicurezza (RLS) | Informativa e Consensi | RSPP / Datore di Lavoro RSPP | Documento Valutazione Rischi (DVR) | Addetto Antincendio | Formazione Generale Lavoratori | Uso e Formazione DPI | Formazione Specifica (rischio basso) | Nomina Incaricati/Responsabili | Registro dei Trattamenti,GDPR art.33-34 | D.Lgs81/08 art.47 | GDPR art.13 | D.Lgs81/08 art.34 | D.Lgs81/08 art.28 | DM 2/9/2021 | Accordo Stato-Regioni | D.Lgs81/08 art.77 | GDPR art.28-29 | GDPR art.30,"ROBOTIX81>HACKIX, ROBOTIX81>CADUTIX, SICURIX>FRETTIX, CHEFIX>SOTTOVALUTIX, DOCUMIX>MULTIX, CHECKIX>BIOXIX, FORMIX>IMPROVVISIX, CHECKIX>BIOXIX, PREPOSTIX>IMPROVVISIX, SCUDIX>PERMISSIONIX, SICURIX>FRETTIX","Crea una PAGINA A FUMETTI a STORIA COMPLETA, verticale A4 (1024x1536), QUALITA' EDITORIALE DA STAMPA, stile ufficiale 'SICURIX TALES' IDENTICO alle immagini di riferimento allegate (stessi personaggi a mattoncini 3D, stessa impaginazione, stessi colori, stesse rese): minifigure espressive, ambientazioni ricche e dettagliate del settore, luci morbide, profondita', bordi vignetta netti. IMPAGINAZIONE OBBLIGATORIA: da 10 a 12 VIGNETTE numerate che raccontano UNA STORIA con arco narrativo completo (1 situazione normale -> 2-4 arrivano i pericoli coi cattivi -> 5-6 tensione/conseguenza -> 7-9 arriva SICURIX con gli eroi e applica il METODO81+ passo per passo -> 10-11 risoluzione ordinata -> 12 finale). HEADER in alto: SICURIX (mantello, medaglione arancione '81+', bussola) che presenta in un fumetto; grande titolo 'SICURIX TALES'; sottotitolo 'SERVIZI ALLE IMPRESE: Pericolo vs Soluzione con Metodo 81+'; legenda 3 voci (verde Sicurezza, rosso Rischio, blu 81+ Soluzione); fila di EROI coi nomi: ROBOTIX81, SICURIX, CHEFIX, DOCUMIX, CHECKIX, FORMIX. FOOTER in basso: grande 'Prima vedi. Poi sistemi.'; banner scudo verde 'PROTEGGIAMO. PREVENIAMO. MIGLIORIAMO.' e triangolo rosso 'DISATTENZIONE. RISCHI. COSTI. CAOS.'; logo '81+' + '81plus.net'. TRAMA (usa questi eventi come vignette; se sono meno di 10 aggiungi vignette di contesto, dialogo e reazione per arrivare a 10-12): 1) HACKIX causa il pericolo 'Data breach' (Procedura Data Breach); poi ROBOTIX81+SICURIX applicano il METODO81+; 2) CADUTIX causa il pericolo 'Ruolo/RLS' (Rappresentante Lavoratori Sicurezza (RLS)); poi ROBOTIX81+SICURIX applicano il METODO81+; 3) FRETTIX causa il pericolo 'Documento' (Informativa e Consensi); poi SICURIX+SICURIX applicano il METODO81+; 4) SOTTOVALUTIX causa il pericolo 'Ruolo/RSPP' (RSPP / Datore di Lavoro RSPP); poi CHEFIX+SICURIX applicano il METODO81+; 5) MULTIX causa il pericolo 'Documento' (Documento Valutazione Rischi (DVR)); poi DOCUMIX+SICURIX applicano il METODO81+; 6) BIOXIX causa il pericolo 'Emergenze/Incendio' (Addetto Antincendio); poi CHECKIX+SICURIX applicano il METODO81+; 7) IMPROVVISIX causa il pericolo 'Formazione base' (Formazione Generale Lavoratori); poi FORMIX+SICURIX applicano il METODO81+; 8) BIOXIX causa il pericolo 'DPI' (Uso e Formazione DPI); poi CHECKIX+SICURIX applicano il METODO81+; 9) IMPROVVISIX causa il pericolo 'Formazione specifica' (Formazione Specifica (rischio basso)); poi PREPOSTIX+SICURIX applicano il METODO81+; 10) PERMISSIONIX causa il pericolo 'Nomine' (Nomina Incaricati/Responsabili); poi SCUDIX+SICURIX applicano il METODO81+; 11) FRETTIX causa il pericolo 'Registro' (Registro dei Trattamenti); poi SICURIX+SICURIX applicano il METODO81+. PALETTE BRAND ESCLUSIVA: nero #05050A, bianco panna, arancione #FF6A1A/#E8501A; ROSSO solo per 'PERICOLO', VERDE per la checklist 'Metodo 81+'. Logo '81+' ben visibile in OGNI vignetta. REGOLA STORIA: SICURIX NON agisce mai da solo - in OGNI vignetta di soluzione si fa AIUTARE dai suoi colleghi EROI (lavoro di squadra, ognuno col suo ruolo). TESTO: didascalie e fumetti MOLTO BREVI (1-4 parole), GRANDI, centrati, in ITALIANO con ORTOGRAFIA PERFETTA, senza parole inventate, lettere doppie errate o testo tagliato. CATTIVI (coerenti col canone): HACKIX, CADUTIX, FRETTIX, SOTTOVALUTIX, MULTIX, BIOXIX, IMPROVVISIX, PERMISSIONIX. EROI: ROBOTIX81, SICURIX, CHEFIX, DOCUMIX, CHECKIX, FORMIX, PREPOSTIX, SCUDIX. NEGATIVE: nessun marchio LEGO reale, nessun personaggio protetto (Asterix ecc.), niente gore/horror, niente claim assoluti ('rischio zero','garantito','zero multe').",Servizi alle imprese: 3 minuti oggi o un problema enorme domani. Scegli tu.,"Quello che l'ispettore controlla per primo in Servizi alle imprese (e quasi nessuno lo sa)

In servizi alle imprese gli adempimenti obbligatori non aspettano: Data breach, Ruolo/RLS, Documento, Ruolo/RSPP, Emergenze/Incendio, Formazione base, DPI, Formazione specifica, Nomine, Registro. In questa pagina TALES OF SICURIX il PERICOLO prende forma... e il METODO81+ lo rimette in ordine, passo dopo passo. Immagina la scena: prima il caos, poi la checklist che sistema tutto. La regola c'e' gia': tu falla lavorare per te.
👉 Iscriviti al corso: Corso privacy destinato ai lavoratori -> https://81plus.net/?corso=corso-privacy-destinato-ai-lavoratori
▶️ YouTube: youtube.com/@sicurissimo
Contenuto informativo. Prima vedi. Poi sistemi. 81plus.net",Corso privacy destinato ai lavoratori,https://81plus.net/?corso=corso-privacy-destinato-ai-lavoratori,#TalesOfSicurix #SICURIX #Metodo81 #81plus #Sicurissimo #Privacy #Sicurezza #SicurezzaSulLavoro,SICURIX_TALES_711109_13_4_9_5_0_7_1_8_2_11_10.webp,https://drive.google.com/drive/folders/1hICKXdl9JTZBL1pemG19oE_661z-EH_k,IMG_ERR
46.18.13,Commercio,G,HACCP+Sicurezza+Privacy,12,Lotta agli Infestanti (Pest Control) | Uso e Formazione DPI | Informativa e Consensi | Addetto Primo Soccorso | Nomina Incaricati/Responsabili | Corso Alimentarista | Addetto Antincendio | Documento Valutazione Rischi (DVR) | Controllo Temperature e Celle | Piano di Sanificazione | Formazione Preposto | Gestione Allergeni,Reg.CE 852/2004 | D.Lgs81/08 art.77 | GDPR art.13 | DM 388/2003 | GDPR art.28-29 | DM 2/9/2021 | D.Lgs81/08 art.28 | D.Lgs81/08 art.37 | Reg.UE 1169/2011,"DOCUMIX>MULTIX, BLINKIX>OBLIVIX, ROBOTIX81>CAOSIX, DOCUMIX>VIBRIX, HYGIENIX>HACKIX, TRACCIX>SPORCKIX, BLINKIX>VOLTIX, CIFRIX>FUMIX, TRACCIX>DOSAGIX, SICURIX>TEMPORIX, CHECKIX>FRETTIX, LUXPECTORIX>CAOSIX","Crea una PAGINA A FUMETTI a STORIA COMPLETA, verticale A4 (1024x1536), QUALITA' EDITORIALE DA STAMPA, stile ufficiale 'SICURIX TALES' IDENTICO alle immagini di riferimento allegate (stessi personaggi a mattoncini 3D, stessa impaginazione, stessi colori, stesse rese): minifigure espressive, ambientazioni ricche e dettagliate del settore, luci morbide, profondita', bordi vignetta netti. IMPAGINAZIONE OBBLIGATORIA: da 10 a 12 VIGNETTE numerate che raccontano UNA STORIA con arco narrativo completo (1 situazione normale -> 2-4 arrivano i pericoli coi cattivi -> 5-6 tensione/conseguenza -> 7-9 arriva SICURIX con gli eroi e applica il METODO81+ passo per passo -> 10-11 risoluzione ordinata -> 12 finale). HEADER in alto: SICURIX (mantello, medaglione arancione '81+', bussola) che presenta in un fumetto; grande titolo 'SICURIX TALES'; sottotitolo 'COMMERCIO: Pericolo vs Soluzione con Metodo 81+'; legenda 3 voci (verde Sicurezza, rosso Rischio, blu 81+ Soluzione); fila di EROI coi nomi: DOCUMIX, BLINKIX, ROBOTIX81, HYGIENIX, TRACCIX, CIFRIX. FOOTER in basso: grande 'Prima vedi. Poi sistemi.'; banner scudo verde 'PROTEGGIAMO. PREVENIAMO. MIGLIORIAMO.' e triangolo rosso 'DISATTENZIONE. RISCHI. COSTI. CAOS.'; logo '81+' + '81plus.net'. TRAMA (usa questi eventi come vignette; se sono meno di 10 aggiungi vignette di contesto, dialogo e reazione per arrivare a 10-12): 1) MULTIX causa il pericolo 'Infestanti' (Lotta agli Infestanti (Pest Control)); poi DOCUMIX+SICURIX applicano il METODO81+; 2) OBLIVIX causa il pericolo 'DPI' (Uso e Formazione DPI); poi BLINKIX+SICURIX applicano il METODO81+; 3) CAOSIX causa il pericolo 'Documento' (Informativa e Consensi); poi ROBOTIX81+SICURIX applicano il METODO81+; 4) VIBRIX causa il pericolo 'Emergenze/Soccorso' (Addetto Primo Soccorso); poi DOCUMIX+SICURIX applicano il METODO81+; 5) HACKIX causa il pericolo 'Nomine' (Nomina Incaricati/Responsabili); poi HYGIENIX+SICURIX applicano il METODO81+; 6) SPORCKIX causa il pericolo 'Corso' (Corso Alimentarista); poi TRACCIX+SICURIX applicano il METODO81+; 7) VOLTIX causa il pericolo 'Emergenze/Incendio' (Addetto Antincendio); poi BLINKIX+SICURIX applicano il METODO81+; 8) FUMIX causa il pericolo 'Documento' (Documento Valutazione Rischi (DVR)); poi CIFRIX+SICURIX applicano il METODO81+; 9) DOSAGIX causa il pericolo 'Temperature' (Controllo Temperature e Celle); poi TRACCIX+SICURIX applicano il METODO81+; 10) TEMPORIX causa il pericolo 'Sanificazione' (Piano di Sanificazione); poi SICURIX+SICURIX applicano il METODO81+; 11) FRETTIX causa il pericolo 'Ruolo/Preposto' (Formazione Preposto); poi CHECKIX+SICURIX applicano il METODO81+; 12) CAOSIX causa il pericolo 'Allergeni' (Gestione Allergeni); poi LUXPECTORIX+SICURIX applicano il METODO81+. PALETTE BRAND ESCLUSIVA: nero #05050A, bianco panna, arancione #FF6A1A/#E8501A; ROSSO solo per 'PERICOLO', VERDE per la checklist 'Metodo 81+'. Logo '81+' ben visibile in OGNI vignetta. REGOLA STORIA: SICURIX NON agisce mai da solo - in OGNI vignetta di soluzione si fa AIUTARE dai suoi colleghi EROI (lavoro di squadra, ognuno col suo ruolo). TESTO: didascalie e fumetti MOLTO BREVI (1-4 parole), GRANDI, centrati, in ITALIANO con ORTOGRAFIA PERFETTA, senza parole inventate, lettere doppie errate o testo tagliato. CATTIVI (coerenti col canone): MULTIX, OBLIVIX, CAOSIX, VIBRIX, HACKIX, SPORCKIX, VOLTIX, FUMIX, DOSAGIX, TEMPORIX, FRETTIX. EROI: DOCUMIX, BLINKIX, ROBOTIX81, HYGIENIX, TRACCIX, CIFRIX, SICURIX, CHECKIX, LUXPECTORIX. NEGATIVE: nessun marchio LEGO reale, nessun personaggio protetto (Asterix ecc.), niente gore/horror, niente claim assoluti ('rischio zero','garantito','zero multe').",In Commercio c'e' un obbligo che in tanti scoprono solo con la sanzione,"In Commercio non e' 'se' arriva il controllo, e' 'quando'. Sei pronto?

In commercio gli adempimenti obbligatori non aspettano: Infestanti, DPI, Documento, Emergenze/Soccorso, Nomine, Corso, Emergenze/Incendio, Temperature, Sanificazione, Ruolo/Preposto, Allergeni. In questa pagina TALES OF SICURIX il PERICOLO prende forma... e il METODO81+ lo rimette in ordine, passo dopo passo. Immagina la scena: prima il caos, poi la checklist che sistema tutto. Chi si mette in regola prima, dorme meglio dopo.
👉 Iscriviti al corso: Haccp - Corso responsabile industria alimentare -> https://81plus.net/?corso=haccp-corso-responsabile-industria-alimentare
▶️ YouTube: youtube.com/@sicurissimo
Contenuto informativo. Prima vedi. Poi sistemi. 81plus.net",Haccp - Corso responsabile industria alimentare,https://81plus.net/?corso=haccp-corso-responsabile-industria-alimentare,#TalesOfSicurix #SICURIX #Metodo81 #81plus #Sicurissimo #HACCP #Sicurezza #Privacy #SicurezzaSulLavoro,SICURIX_TALES_461813_17_8_19_6_21_13_7_0_16_14_3_18.webp,https://drive.google.com/drive/folders/1hICKXdl9JTZBL1pemG19oE_661z-EH_k,IMG_ERR
96.99.94,Famiglie datori,T,Sicurezza+Privacy,11,Documento Valutazione Rischi (DVR) | Formazione Generale Lavoratori | Formazione Specifica (rischio basso) | Videoterminali (VDT) | Formazione GDPR | Formazione Preposto | Addetto Antincendio | Procedura Data Breach | Rappresentante Lavoratori Sicurezza (RLS) | Addetto Primo Soccorso | Informativa e Consensi,D.Lgs81/08 art.28 | Accordo Stato-Regioni | D.Lgs81/08 Tit.VII | GDPR art.32 | D.Lgs81/08 art.37 | DM 2/9/2021 | GDPR art.33-34 | D.Lgs81/08 art.47 | DM 388/2003 | GDPR art.13,"PREPOSTIX>CHIMIKIX, HYGIENIX>VOLTIX, SCUDIX>SOTTOVALUTIX, BLINKIX>RUMORIX, ROBOTIX81>OBLIVIX, PRIVACIX>SCHIACCIX, LUXPECTORIX>CAOSIX, CHECKIX>MULTIX, BLINKIX>CAOSIX, SICURIX>FRETTIX, DOCUMIX>FRETTIX","Crea una PAGINA A FUMETTI a STORIA COMPLETA, verticale A4 (1024x1536), QUALITA' EDITORIALE DA STAMPA, stile ufficiale 'SICURIX TALES' IDENTICO alle immagini di riferimento allegate (stessi personaggi a mattoncini 3D, stessa impaginazione, stessi colori, stesse rese): minifigure espressive, ambientazioni ricche e dettagliate del settore, luci morbide, profondita', bordi vignetta netti. IMPAGINAZIONE OBBLIGATORIA: da 10 a 12 VIGNETTE numerate che raccontano UNA STORIA con arco narrativo completo (1 situazione normale -> 2-4 arrivano i pericoli coi cattivi -> 5-6 tensione/conseguenza -> 7-9 arriva SICURIX con gli eroi e applica il METODO81+ passo per passo -> 10-11 risoluzione ordinata -> 12 finale). HEADER in alto: SICURIX (mantello, medaglione arancione '81+', bussola) che presenta in un fumetto; grande titolo 'SICURIX TALES'; sottotitolo 'FAMIGLIE DATORI: Pericolo vs Soluzione con Metodo 81+'; legenda 3 voci (verde Sicurezza, rosso Rischio, blu 81+ Soluzione); fila di EROI coi nomi: PREPOSTIX, HYGIENIX, SCUDIX, BLINKIX, ROBOTIX81, PRIVACIX. FOOTER in basso: grande 'Prima vedi. Poi sistemi.'; banner scudo verde 'PROTEGGIAMO. PREVENIAMO. MIGLIORIAMO.' e triangolo rosso 'DISATTENZIONE. RISCHI. COSTI. CAOS.'; logo '81+' + '81plus.net'. TRAMA (usa questi eventi come vignette; se sono meno di 10 aggiungi vignette di contesto, dialogo e reazione per arrivare a 10-12): 1) CHIMIKIX causa il pericolo 'Documento' (Documento Valutazione Rischi (DVR)); poi PREPOSTIX+SICURIX applicano il METODO81+; 2) VOLTIX causa il pericolo 'Formazione base' (Formazione Generale Lavoratori); poi HYGIENIX+SICURIX applicano il METODO81+; 3) SOTTOVALUTIX causa il pericolo 'Formazione specifica' (Formazione Specifica (rischio basso)); poi SCUDIX+SICURIX applicano il METODO81+; 4) RUMORIX causa il pericolo 'Videoterminali' (Videoterminali (VDT)); poi BLINKIX+SICURIX applicano il METODO81+; 5) OBLIVIX causa il pericolo 'Formazione' (Formazione GDPR); poi ROBOTIX81+SICURIX applicano il METODO81+; 6) SCHIACCIX causa il pericolo 'Ruolo/Preposto' (Formazione Preposto); poi PRIVACIX+SICURIX applicano il METODO81+; 7) CAOSIX causa il pericolo 'Emergenze/Incendio' (Addetto Antincendio); poi LUXPECTORIX+SICURIX applicano il METODO81+; 8) MULTIX causa il pericolo 'Data breach' (Procedura Data Breach); poi CHECKIX+SICURIX applicano il METODO81+; 9) CAOSIX causa il pericolo 'Ruolo/RLS' (Rappresentante Lavoratori Sicurezza (RLS)); poi BLINKIX+SICURIX applicano il METODO81+; 10) FRETTIX causa il pericolo 'Emergenze/Soccorso' (Addetto Primo Soccorso); poi SICURIX+SICURIX applicano il METODO81+; 11) FRETTIX causa il pericolo 'Documento' (Informativa e Consensi); poi DOCUMIX+SICURIX applicano il METODO81+. PALETTE BRAND ESCLUSIVA: nero #05050A, bianco panna, arancione #FF6A1A/#E8501A; ROSSO solo per 'PERICOLO', VERDE per la checklist 'Metodo 81+'. Logo '81+' ben visibile in OGNI vignetta. REGOLA STORIA: SICURIX NON agisce mai da solo - in OGNI vignetta di soluzione si fa AIUTARE dai suoi colleghi EROI (lavoro di squadra, ognuno col suo ruolo). TESTO: didascalie e fumetti MOLTO BREVI (1-4 parole), GRANDI, centrati, in ITALIANO con ORTOGRAFIA PERFETTA, senza parole inventate, lettere doppie errate o testo tagliato. CATTIVI (coerenti col canone): CHIMIKIX, VOLTIX, SOTTOVALUTIX, RUMORIX, OBLIVIX, SCHIACCIX, CAOSIX, MULTIX, FRETTIX. EROI: PREPOSTIX, HYGIENIX, SCUDIX, BLINKIX, ROBOTIX81, PRIVACIX, LUXPECTORIX, CHECKIX, SICURIX, DOCUMIX. NEGATIVE: nessun marchio LEGO reale, nessun personaggio protetto (Asterix ecc.), niente gore/horror, niente claim assoluti ('rischio zero','garantito','zero multe').",Famiglie datori: 3 minuti oggi o un problema enorme domani. Scegli tu.,"In Famiglie datori c'e' un obbligo che in tanti scoprono solo con la sanzione

In famiglie datori gli adempimenti obbligatori non aspettano: Documento, Formazione base, Formazione specifica, Videoterminali, Formazione, Ruolo/Preposto, Emergenze/Incendio, Data breach, Ruolo/RLS, Emergenze/Soccorso. In questa pagina TALES OF SICURIX il PERICOLO prende forma... e il METODO81+ lo rimette in ordine, passo dopo passo. Immagina la scena: prima il caos, poi la checklist che sistema tutto. La regola c'e' gia': tu falla lavorare per te.
👉 Iscriviti al corso: Corso lavoratore parte GENERALE 4 ore -> https://81plus.net/?corso=corso-lavoratore-parte-generale-4-ore
▶️ YouTube: youtube.com/@sicurissimo
Contenuto informativo. Prima vedi. Poi sistemi. 81plus.net",Corso lavoratore parte GENERALE 4 ore,https://81plus.net/?corso=corso-lavoratore-parte-generale-4-ore,#TalesOfSicurix #SICURIX #Metodo81 #81plus #Sicurissimo #Sicurezza #Privacy #SicurezzaSulLavoro,SICURIX_TALES_969994_0_1_2_9_13_3_7_14_4_6_10.webp,https://drive.google.com/drive/folders/1hICKXdl9JTZBL1pemG19oE_661z-EH_k,IMG_ERR
23.61.02,Manifattura,C,Sicurezza+HACCP+Ambientale+Privacy,10,Rappresentante Lavoratori Sicurezza (RLS) | Gestione Allergeni | Uso e Formazione DPI | Controllo Temperature e Celle | Formazione Ambientale | Lotta agli Infestanti (Pest Control) | Movimentazione Manuale Carichi | Addetto Primo Soccorso | Formazione GDPR | Attrezzature e Macchine,D.Lgs81/08 art.47 | Reg.UE 1169/2011 | D.Lgs81/08 art.77 | Reg.CE 852/2004 | D.Lgs152/06 | D.Lgs81/08 Tit.VI | DM 388/2003 | GDPR art.32 | D.Lgs81/08 Tit.III,"PREPOSTIX>ØTIX, SICURIX>IMPROVVISIX, FORMIX>CHIMIKIX, PRIVACIX>SCADUTIX, FORMIX>CAOSIX, ROBOTIX81>CROSSIX, CHEFIX>NONDPIX, LUXPECTORIX>FRETTIX, SCUDIX>FRETTIX, FORMIX>POLVERIX","Crea una PAGINA A FUMETTI a STORIA COMPLETA, verticale A4 (1024x1536), QUALITA' EDITORIALE DA STAMPA, stile ufficiale 'SICURIX TALES' IDENTICO alle immagini di riferimento allegate (stessi personaggi a mattoncini 3D, stessa impaginazione, stessi colori, stesse rese): minifigure espressive, ambientazioni ricche e dettagliate del settore, luci morbide, profondita', bordi vignetta netti. IMPAGINAZIONE OBBLIGATORIA: da 10 a 12 VIGNETTE numerate che raccontano UNA STORIA con arco narrativo completo (1 situazione normale -> 2-4 arrivano i pericoli coi cattivi -> 5-6 tensione/conseguenza -> 7-9 arriva SICURIX con gli eroi e applica il METODO81+ passo per passo -> 10-11 risoluzione ordinata -> 12 finale). HEADER in alto: SICURIX (mantello, medaglione arancione '81+', bussola) che presenta in un fumetto; grande titolo 'SICURIX TALES'; sottotitolo 'MANIFATTURA: Pericolo vs Soluzione con Metodo 81+'; legenda 3 voci (verde Sicurezza, rosso Rischio, blu 81+ Soluzione); fila di EROI coi nomi: PREPOSTIX, SICURIX, FORMIX, PRIVACIX, ROBOTIX81, CHEFIX. FOOTER in basso: grande 'Prima vedi. Poi sistemi.'; banner scudo verde 'PROTEGGIAMO. PREVENIAMO. MIGLIORIAMO.' e triangolo rosso 'DISATTENZIONE. RISCHI. COSTI. CAOS.'; logo '81+' + '81plus.net'. TRAMA (usa questi eventi come vignette; se sono meno di 10 aggiungi vignette di contesto, dialogo e reazione per arrivare a 10-12): 1) ØTIX causa il pericolo 'Ruolo/RLS' (Rappresentante Lavoratori Sicurezza (RLS)); poi PREPOSTIX+SICURIX applicano il METODO81+; 2) IMPROVVISIX causa il pericolo 'Allergeni' (Gestione Allergeni); poi SICURIX+SICURIX applicano il METODO81+; 3) CHIMIKIX causa il pericolo 'DPI' (Uso e Formazione DPI); poi FORMIX+SICURIX applicano il METODO81+; 4) SCADUTIX causa il pericolo 'Temperature' (Controllo Temperature e Celle); poi PRIVACIX+SICURIX applicano il METODO81+; 5) CAOSIX causa il pericolo 'Formazione' (Formazione Ambientale); poi FORMIX+SICURIX applicano il METODO81+; 6) CROSSIX causa il pericolo 'Infestanti' (Lotta agli Infestanti (Pest Control)); poi ROBOTIX81+SICURIX applicano il METODO81+; 7) NONDPIX causa il pericolo 'MMC' (Movimentazione Manuale Carichi); poi CHEFIX+SICURIX applicano il METODO81+; 8) FRETTIX causa il pericolo 'Emergenze/Soccorso' (Addetto Primo Soccorso); poi LUXPECTORIX+SICURIX applicano il METODO81+; 9) FRETTIX causa il pericolo 'Formazione' (Formazione GDPR); poi SCUDIX+SICURIX applicano il METODO81+; 10) POLVERIX causa il pericolo 'Attrezzature' (Attrezzature e Macchine); poi FORMIX+SICURIX applicano il METODO81+. PALETTE BRAND ESCLUSIVA: nero #05050A, bianco panna, arancione #FF6A1A/#E8501A; ROSSO solo per 'PERICOLO', VERDE per la checklist 'Metodo 81+'. Logo '81+' ben visibile in OGNI vignetta. REGOLA STORIA: SICURIX NON agisce mai da solo - in OGNI vignetta di soluzione si fa AIUTARE dai suoi colleghi EROI (lavoro di squadra, ognuno col suo ruolo). TESTO: didascalie e fumetti MOLTO BREVI (1-4 parole), GRANDI, centrati, in ITALIANO con ORTOGRAFIA PERFETTA, senza parole inventate, lettere doppie errate o testo tagliato. CATTIVI (coerenti col canone): ØTIX, IMPROVVISIX, CHIMIKIX, SCADUTIX, CAOSIX, CROSSIX, NONDPIX, FRETTIX, POLVERIX. EROI: PREPOSTIX, SICURIX, FORMIX, PRIVACIX, ROBOTIX81, CHEFIX, LUXPECTORIX, SCUDIX. NEGATIVE: nessun marchio LEGO reale, nessun personaggio protetto (Asterix ecc.), niente gore/horror, niente claim assoluti ('rischio zero','garantito','zero multe').","In Manifattura non e' 'se' arriva il controllo, e' 'quando'. Sei pronto?","Manifattura: 3 minuti oggi o un problema enorme domani. Scegli tu.

In manifattura gli adempimenti obbligatori non aspettano: Ruolo/RLS, Allergeni, DPI, Temperature, Formazione, Infestanti, MMC, Emergenze/Soccorso, Attrezzature. In questa pagina TALES OF SICURIX il PERICOLO prende forma... e il METODO81+ lo rimette in ordine, passo dopo passo. Immagina la scena: prima il caos, poi la checklist che sistema tutto. Chi si mette in regola prima, dorme meglio dopo.
👉 Iscriviti al corso: Corso RLS -> https://81plus.net/?corso=corso-rls
▶️ YouTube: youtube.com/@sicurissimo
Contenuto informativo. Prima vedi. Poi sistemi. 81plus.net",Corso RLS,https://81plus.net/?corso=corso-rls,#TalesOfSicurix #SICURIX #Metodo81 #81plus #Sicurissimo #Sicurezza #HACCP #Ambientale #Privacy #SicurezzaSulLavoro,SICURIX_TALES_236102_4_20_8_18_27_19_10_6_24_13.webp,https://drive.google.com/drive/folders/1hICKXdl9JTZBL1pemG19oE_661z-EH_k,IMG_ERR
95.22.02,Famiglie datori,T,Sicurezza+Privacy,12,Formazione Generale Lavoratori | Addetto Antincendio | Rappresentante Lavoratori Sicurezza (RLS) | Informativa e Consensi | Documento Valutazione Rischi (DVR) | Nomina Incaricati/Responsabili | Uso e Formazione DPI | Procedura Data Breach | Formazione Preposto | RSPP / Datore di Lavoro RSPP | Registro dei Trattamenti | Addetto Primo Soccorso,Accordo Stato-Regioni | DM 2/9/2021 | D.Lgs81/08 art.47 | GDPR art.13 | D.Lgs81/08 art.28 | GDPR art.28-29 | D.Lgs81/08 art.77 | GDPR art.33-34 | D.Lgs81/08 art.37 | D.Lgs81/08 art.34 | GDPR art.30 | DM 388/2003,"LUXPECTORIX>CHIMIKIX, CHECKIX>NONDPIX, FORMIX>TAGLIX, BLINKIX>CAOSIX, LUXPECTORIX>VOLTIX, LUXPECTORIX>OBLIVIX, ROBOTIX81>CADUTIX, TRACCIX>CANCELIX, PREPOSTIX>MULTIX, PRIVACIX>OBLIVIX, CHEFIX>MULTIX, SICURIX>BIOXIX","Crea una PAGINA A FUMETTI a STORIA COMPLETA, verticale A4 (1024x1536), QUALITA' EDITORIALE DA STAMPA, stile ufficiale 'SICURIX TALES' IDENTICO alle immagini di riferimento allegate (stessi personaggi a mattoncini 3D, stessa impaginazione, stessi colori, stesse rese): minifigure espressive, ambientazioni ricche e dettagliate del settore, luci morbide, profondita', bordi vignetta netti. IMPAGINAZIONE OBBLIGATORIA: da 10 a 12 VIGNETTE numerate che raccontano UNA STORIA con arco narrativo completo (1 situazione normale -> 2-4 arrivano i pericoli coi cattivi -> 5-6 tensione/conseguenza -> 7-9 arriva SICURIX con gli eroi e applica il METODO81+ passo per passo -> 10-11 risoluzione ordinata -> 12 finale). HEADER in alto: SICURIX (mantello, medaglione arancione '81+', bussola) che presenta in un fumetto; grande titolo 'SICURIX TALES'; sottotitolo 'FAMIGLIE DATORI: Pericolo vs Soluzione con Metodo 81+'; legenda 3 voci (verde Sicurezza, rosso Rischio, blu 81+ Soluzione); fila di EROI coi nomi: LUXPECTORIX, CHECKIX, FORMIX, BLINKIX, ROBOTIX81, TRACCIX. FOOTER in basso: grande 'Prima vedi. Poi sistemi.'; banner scudo verde 'PROTEGGIAMO. PREVENIAMO. MIGLIORIAMO.' e triangolo rosso 'DISATTENZIONE. RISCHI. COSTI. CAOS.'; logo '81+' + '81plus.net'. TRAMA (usa questi eventi come vignette; se sono meno di 10 aggiungi vignette di contesto, dialogo e reazione per arrivare a 10-12): 1) CHIMIKIX causa il pericolo 'Formazione base' (Formazione Generale Lavoratori); poi LUXPECTORIX+SICURIX applicano il METODO81+; 2) NONDPIX causa il pericolo 'Emergenze/Incendio' (Addetto Antincendio); poi CHECKIX+SICURIX applicano il METODO81+; 3) TAGLIX causa il pericolo 'Ruolo/RLS' (Rappresentante Lavoratori Sicurezza (RLS)); poi FORMIX+SICURIX applicano il METODO81+; 4) CAOSIX causa il pericolo 'Documento' (Informativa e Consensi); poi BLINKIX+SICURIX applicano il METODO81+; 5) VOLTIX causa il pericolo 'Documento' (Documento Valutazione Rischi (DVR)); poi LUXPECTORIX+SICURIX applicano il METODO81+; 6) OBLIVIX causa il pericolo 'Nomine' (Nomina Incaricati/Responsabili); poi LUXPECTORIX+SICURIX applicano il METODO81+; 7) CADUTIX causa il pericolo 'DPI' (Uso e Formazione DPI); poi ROBOTIX81+SICURIX applicano il METODO81+; 8) CANCELIX causa il pericolo 'Data breach' (Procedura Data Breach); poi TRACCIX+SICURIX applicano il METODO81+; 9) MULTIX causa il pericolo 'Ruolo/Preposto' (Formazione Preposto); poi PREPOSTIX+SICURIX applicano il METODO81+; 10) OBLIVIX causa il pericolo 'Ruolo/RSPP' (RSPP / Datore di Lavoro RSPP); poi PRIVACIX+SICURIX applicano il METODO81+; 11) MULTIX causa il pericolo 'Registro' (Registro dei Trattamenti); poi CHEFIX+SICURIX applicano il METODO81+; 12) BIOXIX causa il pericolo 'Emergenze/Soccorso' (Addetto Primo Soccorso); poi SICURIX+SICURIX applicano il METODO81+. PALETTE BRAND ESCLUSIVA: nero #05050A, bianco panna, arancione #FF6A1A/#E8501A; ROSSO solo per 'PERICOLO', VERDE per la checklist 'Metodo 81+'. Logo '81+' ben visibile in OGNI vignetta. REGOLA STORIA: SICURIX NON agisce mai da solo - in OGNI vignetta di soluzione si fa AIUTARE dai suoi colleghi EROI (lavoro di squadra, ognuno col suo ruolo). TESTO: didascalie e fumetti MOLTO BREVI (1-4 parole), GRANDI, centrati, in ITALIANO con ORTOGRAFIA PERFETTA, senza parole inventate, lettere doppie errate o testo tagliato. CATTIVI (coerenti col canone): CHIMIKIX, NONDPIX, TAGLIX, CAOSIX, VOLTIX, OBLIVIX, CADUTIX, CANCELIX, MULTIX, BIOXIX. EROI: LUXPECTORIX, CHECKIX, FORMIX, BLINKIX, ROBOTIX81, TRACCIX, PREPOSTIX, PRIVACIX, CHEFIX, SICURIX. NEGATIVE: nessun marchio LEGO reale, nessun personaggio protetto (Asterix ecc.), niente gore/horror, niente claim assoluti ('rischio zero','garantito','zero multe').",Famiglie datori: 3 minuti oggi o un problema enorme domani. Scegli tu.,"Famiglie datori: 3 minuti oggi o un problema enorme domani. Scegli tu.

In famiglie datori gli adempimenti obbligatori non aspettano: Formazione base, Emergenze/Incendio, Ruolo/RLS, Documento, Nomine, DPI, Data breach, Ruolo/Preposto, Ruolo/RSPP, Registro, Emergenze/Soccorso. In questa pagina TALES OF SICURIX il PERICOLO prende forma... e il METODO81+ lo rimette in ordine, passo dopo passo. Immagina la scena: prima il caos, poi la checklist che sistema tutto. Non e' burocrazia: e' la tua tranquillita.
👉 Iscriviti al corso: Corso lavoratore parte GENERALE 4 ore -> https://81plus.net/?corso=corso-lavoratore-parte-generale-4-ore
▶️ YouTube: youtube.com/@sicurissimo
Contenuto informativo. Prima vedi. Poi sistemi. 81plus.net",Corso lavoratore parte GENERALE 4 ore,https://81plus.net/?corso=corso-lavoratore-parte-generale-4-ore,#TalesOfSicurix #SICURIX #Metodo81 #81plus #Sicurissimo #Sicurezza #Privacy #SicurezzaSulLavoro,SICURIX_TALES_952202_1_7_4_9_0_11_8_13_3_5_10_6.webp,https://drive.google.com/drive/folders/1hICKXdl9JTZBL1pemG19oE_661z-EH_k,IMG_ERR
14.10.10,Manifattura,C,HACCP+Sicurezza+Privacy,10,Controllo Temperature e Celle | Attrezzature e Macchine | Addetto Antincendio | Movimentazione Manuale Carichi | Addetto Primo Soccorso | Corso Alimentarista | Documento Valutazione Rischi (DVR) | Nomina Incaricati/Responsabili | Lotta agli Infestanti (Pest Control) | Manuale HACCP di Autocontrollo,Reg.CE 852/2004 | D.Lgs81/08 Tit.III | DM 2/9/2021 | D.Lgs81/08 Tit.VI | DM 388/2003 | D.Lgs81/08 art.28 | GDPR art.28-29,"ROBOTIX81>CAOSIX, CONSENSIX>OBLIVIX, FORMIX>SOTTOVALUTIX, BLINKIX>IMPROVVISIX, CHEFIX>BIOXIX, SICURIX>OBLIVIX, SICURIX>NONDPIX, CHEFIX>FRETTIX, CHEFIX>RISKIX, FORMIX>CROSSIX","Crea una PAGINA A FUMETTI a STORIA COMPLETA, verticale A4 (1024x1536), QUALITA' EDITORIALE DA STAMPA, stile ufficiale 'SICURIX TALES' IDENTICO alle immagini di riferimento allegate (stessi personaggi a mattoncini 3D, stessa impaginazione, stessi colori, stesse rese): minifigure espressive, ambientazioni ricche e dettagliate del settore, luci morbide, profondita', bordi vignetta netti. IMPAGINAZIONE OBBLIGATORIA: da 10 a 12 VIGNETTE numerate che raccontano UNA STORIA con arco narrativo completo (1 situazione normale -> 2-4 arrivano i pericoli coi cattivi -> 5-6 tensione/conseguenza -> 7-9 arriva SICURIX con gli eroi e applica il METODO81+ passo per passo -> 10-11 risoluzione ordinata -> 12 finale). HEADER in alto: SICURIX (mantello, medaglione arancione '81+', bussola) che presenta in un fumetto; grande titolo 'SICURIX TALES'; sottotitolo 'MANIFATTURA: Pericolo vs Soluzione con Metodo 81+'; legenda 3 voci (verde Sicurezza, rosso Rischio, blu 81+ Soluzione); fila di EROI coi nomi: ROBOTIX81, CONSENSIX, FORMIX, BLINKIX, CHEFIX, SICURIX. FOOTER in basso: grande 'Prima vedi. Poi sistemi.'; banner scudo verde 'PROTEGGIAMO. PREVENIAMO. MIGLIORIAMO.' e triangolo rosso 'DISATTENZIONE. RISCHI. COSTI. CAOS.'; logo '81+' + '81plus.net'. TRAMA (usa questi eventi come vignette; se sono meno di 10 aggiungi vignette di contesto, dialogo e reazione per arrivare a 10-12): 1) CAOSIX causa il pericolo 'Temperature' (Controllo Temperature e Celle); poi ROBOTIX81+SICURIX applicano il METODO81+; 2) OBLIVIX causa il pericolo 'Attrezzature' (Attrezzature e Macchine); poi CONSENSIX+SICURIX applicano il METODO81+; 3) SOTTOVALUTIX causa il pericolo 'Emergenze/Incendio' (Addetto Antincendio); poi FORMIX+SICURIX applicano il METODO81+; 4) IMPROVVISIX causa il pericolo 'MMC' (Movimentazione Manuale Carichi); poi BLINKIX+SICURIX applicano il METODO81+; 5) BIOXIX causa il pericolo 'Emergenze/Soccorso' (Addetto Primo Soccorso); poi CHEFIX+SICURIX applicano il METODO81+; 6) OBLIVIX causa il pericolo 'Corso' (Corso Alimentarista); poi SICURIX+SICURIX applicano il METODO81+; 7) NONDPIX causa il pericolo 'Documento' (Documento Valutazione Rischi (DVR)); poi SICURIX+SICURIX applicano il METODO81+; 8) FRETTIX causa il pericolo 'Nomine' (Nomina Incaricati/Responsabili); poi CHEFIX+SICURIX applicano il METODO81+; 9) RISKIX causa il pericolo 'Infestanti' (Lotta agli Infestanti (Pest Control)); poi CHEFIX+SICURIX applicano il METODO81+; 10) CROSSIX causa il pericolo 'Documento' (Manuale HACCP di Autocontrollo); poi FORMIX+SICURIX applicano il METODO81+. PALETTE BRAND ESCLUSIVA: nero #05050A, bianco panna, arancione #FF6A1A/#E8501A; ROSSO solo per 'PERICOLO', VERDE per la checklist 'Metodo 81+'. Logo '81+' ben visibile in OGNI vignetta. REGOLA STORIA: SICURIX NON agisce mai da solo - in OGNI vignetta di soluzione si fa AIUTARE dai suoi colleghi EROI (lavoro di squadra, ognuno col suo ruolo). TESTO: didascalie e fumetti MOLTO BREVI (1-4 parole), GRANDI, centrati, in ITALIANO con ORTOGRAFIA PERFETTA, senza parole inventate, lettere doppie errate o testo tagliato. CATTIVI (coerenti col canone): CAOSIX, OBLIVIX, SOTTOVALUTIX, IMPROVVISIX, BIOXIX, NONDPIX, FRETTIX, RISKIX, CROSSIX. EROI: ROBOTIX81, CONSENSIX, FORMIX, BLINKIX, CHEFIX, SICURIX. NEGATIVE: nessun marchio LEGO reale, nessun personaggio protetto (Asterix ecc.), niente gore/horror, niente claim assoluti ('rischio zero','garantito','zero multe').",Quello che l'ispettore controlla per primo in Manifattura (e quasi nessuno lo sa),"Quello che l'ispettore controlla per primo in Manifattura (e quasi nessuno lo sa)

In manifattura gli adempimenti obbligatori non aspettano: Temperature, Attrezzature, Emergenze/Incendio, MMC, Emergenze/Soccorso, Corso, Documento, Nomine, Infestanti. In questa pagina TALES OF SICURIX il PERICOLO prende forma... e il METODO81+ lo rimette in ordine, passo dopo passo. Immagina la scena: prima il caos, poi la checklist che sistema tutto. Non e' burocrazia: e' la tua tranquillita.
👉 Iscriviti al corso: Le esecuzioni civili, le procedure concorsuali e i servizi di cancelleria -> https://81plus.net/?corso=le-esecuzioni-civili-le-procedure-concorsuali-e-i-servizi-di
▶️ YouTube: youtube.com/@sicurissimo
Contenuto informativo. Prima vedi. Poi sistemi. 81plus.net","Le esecuzioni civili, le procedure concorsuali e i servizi di cancelleria",https://81plus.net/?corso=le-esecuzioni-civili-le-procedure-concorsuali-e-i-servizi-di,#TalesOfSicurix #SICURIX #Metodo81 #81plus #Sicurissimo #HACCP #Sicurezza #Privacy #SicurezzaSulLavoro,SICURIX_TALES_141010_18_13_7_10_6_15_0_23_19_14.webp,https://drive.google.com/drive/folders/1hICKXdl9JTZBL1pemG19oE_661z-EH_k,IMG_ERR
07.29.00,Estrazione,B,Sicurezza+Ambientale+Privacy,10,Sorveglianza Sanitaria / Medico Competente | Attrezzature e Macchine | Rischio Rumore | Formazione Generale Lavoratori | Documento Valutazione Rischi (DVR) | Gestione Rifiuti e Registro | Rappresentante Lavoratori Sicurezza (RLS) | Addetto Primo Soccorso | RSPP / Datore di Lavoro RSPP | Nomina Incaricati/Responsabili,D.Lgs81/08 art.41 | D.Lgs81/08 Tit.III | D.Lgs81/08 Tit.VIII | Accordo Stato-Regioni | D.Lgs81/08 art.28 | D.Lgs152/06 | D.Lgs81/08 art.47 | DM 388/2003 | D.Lgs81/08 art.34 | GDPR art.28-29,"CONSENSIX>SOTTOVALUTIX, ROBOTIX81>FRETTIX, ROBOTIX81>SOTTOVALUTIX, HYGIENIX>CADUTIX, PRIVACIX>CHIMIKIX, PRIVACIX>FRETTIX, CONSENSIX>MULTIX, ROBOTIX81>VIBRIX, SICURIX>MULTIX, DOCUMIX>CAOSIX","Crea una PAGINA A FUMETTI a STORIA COMPLETA, verticale A4 (1024x1536), QUALITA' EDITORIALE DA STAMPA, stile ufficiale 'SICURIX TALES' IDENTICO alle immagini di riferimento allegate (stessi personaggi a mattoncini 3D, stessa impaginazione, stessi colori, stesse rese): minifigure espressive, ambientazioni ricche e dettagliate del settore, luci morbide, profondita', bordi vignetta netti. IMPAGINAZIONE OBBLIGATORIA: da 10 a 12 VIGNETTE numerate che raccontano UNA STORIA con arco narrativo completo (1 situazione normale -> 2-4 arrivano i pericoli coi cattivi -> 5-6 tensione/conseguenza -> 7-9 arriva SICURIX con gli eroi e applica il METODO81+ passo per passo -> 10-11 risoluzione ordinata -> 12 finale). HEADER in alto: SICURIX (mantello, medaglione arancione '81+', bussola) che presenta in un fumetto; grande titolo 'SICURIX TALES'; sottotitolo 'ESTRAZIONE: Pericolo vs Soluzione con Metodo 81+'; legenda 3 voci (verde Sicurezza, rosso Rischio, blu 81+ Soluzione); fila di EROI coi nomi: CONSENSIX, ROBOTIX81, HYGIENIX, PRIVACIX, SICURIX, DOCUMIX. FOOTER in basso: grande 'Prima vedi. Poi sistemi.'; banner scudo verde 'PROTEGGIAMO. PREVENIAMO. MIGLIORIAMO.' e triangolo rosso 'DISATTENZIONE. RISCHI. COSTI. CAOS.'; logo '81+' + '81plus.net'. TRAMA (usa questi eventi come vignette; se sono meno di 10 aggiungi vignette di contesto, dialogo e reazione per arrivare a 10-12): 1) SOTTOVALUTIX causa il pericolo 'Sorveglianza sanitaria' (Sorveglianza Sanitaria / Medico Competente); poi CONSENSIX+SICURIX applicano il METODO81+; 2) FRETTIX causa il pericolo 'Attrezzature' (Attrezzature e Macchine); poi ROBOTIX81+SICURIX applicano il METODO81+; 3) SOTTOVALUTIX causa il pericolo 'Rumore' (Rischio Rumore); poi ROBOTIX81+SICURIX applicano il METODO81+; 4) CADUTIX causa il pericolo 'Formazione base' (Formazione Generale Lavoratori); poi HYGIENIX+SICURIX applicano il METODO81+; 5) CHIMIKIX causa il pericolo 'Documento' (Documento Valutazione Rischi (DVR)); poi PRIVACIX+SICURIX applicano il METODO81+; 6) FRETTIX causa il pericolo 'Rifiuti' (Gestione Rifiuti e Registro); poi PRIVACIX+SICURIX applicano il METODO81+; 7) MULTIX causa il pericolo 'Ruolo/RLS' (Rappresentante Lavoratori Sicurezza (RLS)); poi CONSENSIX+SICURIX applicano il METODO81+; 8) VIBRIX causa il pericolo 'Emergenze/Soccorso' (Addetto Primo Soccorso); poi ROBOTIX81+SICURIX applicano il METODO81+; 9) MULTIX causa il pericolo 'Ruolo/RSPP' (RSPP / Datore di Lavoro RSPP); poi SICURIX+SICURIX applicano il METODO81+; 10) CAOSIX causa il pericolo 'Nomine' (Nomina Incaricati/Responsabili); poi DOCUMIX+SICURIX applicano il METODO81+. PALETTE BRAND ESCLUSIVA: nero #05050A, bianco panna, arancione #FF6A1A/#E8501A; ROSSO solo per 'PERICOLO', VERDE per la checklist 'Metodo 81+'. Logo '81+' ben visibile in OGNI vignetta. REGOLA STORIA: SICURIX NON agisce mai da solo - in OGNI vignetta di soluzione si fa AIUTARE dai suoi colleghi EROI (lavoro di squadra, ognuno col suo ruolo). TESTO: didascalie e fumetti MOLTO BREVI (1-4 parole), GRANDI, centrati, in ITALIANO con ORTOGRAFIA PERFETTA, senza parole inventate, lettere doppie errate o testo tagliato. CATTIVI (coerenti col canone): SOTTOVALUTIX, FRETTIX, CADUTIX, CHIMIKIX, MULTIX, VIBRIX, CAOSIX. EROI: CONSENSIX, ROBOTIX81, HYGIENIX, PRIVACIX, SICURIX, DOCUMIX. NEGATIVE: nessun marchio LEGO reale, nessun personaggio protetto (Asterix ecc.), niente gore/horror, niente claim assoluti ('rischio zero','garantito','zero multe').",Estrazione: 3 minuti oggi o un problema enorme domani. Scegli tu.,"Quello che l'ispettore controlla per primo in Estrazione (e quasi nessuno lo sa)

In estrazione gli adempimenti obbligatori non aspettano: Sorveglianza sanitaria, Attrezzature, Rumore, Formazione base, Documento, Rifiuti, Ruolo/RLS, Emergenze/Soccorso, Ruolo/RSPP, Nomine. In questa pagina TALES OF SICURIX il PERICOLO prende forma... e il METODO81+ lo rimette in ordine, passo dopo passo. Immagina la scena: prima il caos, poi la checklist che sistema tutto. La regola c'e' gia': tu falla lavorare per te.
👉 Iscriviti al corso: Corso lavoratore parte GENERALE 4 ore -> https://81plus.net/?corso=corso-lavoratore-parte-generale-4-ore
▶️ YouTube: youtube.com/@sicurissimo
Contenuto informativo. Prima vedi. Poi sistemi. 81plus.net",Corso lavoratore parte GENERALE 4 ore,https://81plus.net/?corso=corso-lavoratore-parte-generale-4-ore,#TalesOfSicurix #SICURIX #Metodo81 #81plus #Sicurissimo #Sicurezza #Ambientale #Privacy #SicurezzaSulLavoro,SICURIX_TALES_072900_9_13_12_1_0_19_4_6_5_16.webp,https://drive.google.com/drive/folders/1hICKXdl9JTZBL1pemG19oE_661z-EH_k,IMG_ERR
64.19.10,Immobiliare,L,Sicurezza+Privacy,10,Formazione Generale Lavoratori | Procedura Data Breach | Nomina Incaricati/Responsabili | Rappresentante Lavoratori Sicurezza (RLS) | Documento Valutazione Rischi (DVR) | Formazione Preposto | Addetto Antincendio | Formazione Specifica (rischio basso) | Registro dei Trattamenti | Formazione GDPR,Accordo Stato-Regioni | GDPR art.33-34 | GDPR art.28-29 | D.Lgs81/08 art.47 | D.Lgs81/08 art.28 | D.Lgs81/08 art.37 | DM 2/9/2021 | GDPR art.30 | GDPR art.32,"CIFRIX>CAOSIX, LUXPECTORIX>PHISHIX, TRACCIX>RISKIX, PREPOSTIX>CHIMIKIX, SICURIX>TAGLIX, ROBOTIX81>CAOSIX, PREPOSTIX>VOLTIX, PREPOSTIX>OBLIVIX, HYGIENIX>SPYIX, LUXPECTORIX>MULTIX","Crea una PAGINA A FUMETTI a STORIA COMPLETA, verticale A4 (1024x1536), QUALITA' EDITORIALE DA STAMPA, stile ufficiale 'SICURIX TALES' IDENTICO alle immagini di riferimento allegate (stessi personaggi a mattoncini 3D, stessa impaginazione, stessi colori, stesse rese): minifigure espressive, ambientazioni ricche e dettagliate del settore, luci morbide, profondita', bordi vignetta netti. IMPAGINAZIONE OBBLIGATORIA: da 10 a 12 VIGNETTE numerate che raccontano UNA STORIA con arco narrativo completo (1 situazione normale -> 2-4 arrivano i pericoli coi cattivi -> 5-6 tensione/conseguenza -> 7-9 arriva SICURIX con gli eroi e applica il METODO81+ passo per passo -> 10-11 risoluzione ordinata -> 12 finale). HEADER in alto: SICURIX (mantello, medaglione arancione '81+', bussola) che presenta in un fumetto; grande titolo 'SICURIX TALES'; sottotitolo 'IMMOBILIARE: Pericolo vs Soluzione con Metodo 81+'; legenda 3 voci (verde Sicurezza, rosso Rischio, blu 81+ Soluzione); fila di EROI coi nomi: CIFRIX, LUXPECTORIX, TRACCIX, PREPOSTIX, SICURIX, ROBOTIX81. FOOTER in basso: grande 'Prima vedi. Poi sistemi.'; banner scudo verde 'PROTEGGIAMO. PREVENIAMO. MIGLIORIAMO.' e triangolo rosso 'DISATTENZIONE. RISCHI. COSTI. CAOS.'; logo '81+' + '81plus.net'. TRAMA (usa questi eventi come vignette; se sono meno di 10 aggiungi vignette di contesto, dialogo e reazione per arrivare a 10-12): 1) CAOSIX causa il pericolo 'Formazione base' (Formazione Generale Lavoratori); poi CIFRIX+SICURIX applicano il METODO81+; 2) PHISHIX causa il pericolo 'Data breach' (Procedura Data Breach); poi LUXPECTORIX+SICURIX applicano il METODO81+; 3) RISKIX causa il pericolo 'Nomine' (Nomina Incaricati/Responsabili); poi TRACCIX+SICURIX applicano il METODO81+; 4) CHIMIKIX causa il pericolo 'Ruolo/RLS' (Rappresentante Lavoratori Sicurezza (RLS)); poi PREPOSTIX+SICURIX applicano il METODO81+; 5) TAGLIX causa il pericolo 'Documento' (Documento Valutazione Rischi (DVR)); poi SICURIX+SICURIX applicano il METODO81+; 6) CAOSIX causa il pericolo 'Ruolo/Preposto' (Formazione Preposto); poi ROBOTIX81+SICURIX applicano il METODO81+; 7) VOLTIX causa il pericolo 'Emergenze/Incendio' (Addetto Antincendio); poi PREPOSTIX+SICURIX applicano il METODO81+; 8) OBLIVIX causa il pericolo 'Formazione specifica' (Formazione Specifica (rischio basso)); poi PREPOSTIX+SICURIX applicano il METODO81+; 9) SPYIX causa il pericolo 'Registro' (Registro dei Trattamenti); poi HYGIENIX+SICURIX applicano il METODO81+; 10) MULTIX causa il pericolo 'Formazione' (Formazione GDPR); poi LUXPECTORIX+SICURIX applicano il METODO81+. PALETTE BRAND ESCLUSIVA: nero #05050A, bianco panna, arancione #FF6A1A/#E8501A; ROSSO solo per 'PERICOLO', VERDE per la checklist 'Metodo 81+'. Logo '81+' ben visibile in OGNI vignetta. REGOLA STORIA: SICURIX NON agisce mai da solo - in OGNI vignetta di soluzione si fa AIUTARE dai suoi colleghi EROI (lavoro di squadra, ognuno col suo ruolo). TESTO: didascalie e fumetti MOLTO BREVI (1-4 parole), GRANDI, centrati, in ITALIANO con ORTOGRAFIA PERFETTA, senza parole inventate, lettere doppie errate o testo tagliato. CATTIVI (coerenti col canone): CAOSIX, PHISHIX, RISKIX, CHIMIKIX, TAGLIX, VOLTIX, OBLIVIX, SPYIX, MULTIX. EROI: CIFRIX, LUXPECTORIX, TRACCIX, PREPOSTIX, SICURIX, ROBOTIX81, HYGIENIX. NEGATIVE: nessun marchio LEGO reale, nessun personaggio protetto (Asterix ecc.), niente gore/horror, niente claim assoluti ('rischio zero','garantito','zero multe').",Quello che l'ispettore controlla per primo in Immobiliare (e quasi nessuno lo sa),"In Immobiliare non e' 'se' arriva il controllo, e' 'quando'. Sei pronto?

In immobiliare gli adempimenti obbligatori non aspettano: Formazione base, Data breach, Nomine, Ruolo/RLS, Documento, Ruolo/Preposto, Emergenze/Incendio, Formazione specifica, Registro, Formazione. In questa pagina TALES OF SICURIX il PERICOLO prende forma... e il METODO81+ lo rimette in ordine, passo dopo passo. Immagina la scena: prima il caos, poi la checklist che sistema tutto. La regola c'e' gia': tu falla lavorare per te.
👉 Iscriviti al corso: Corso lavoratore parte GENERALE 4 ore -> https://81plus.net/?corso=corso-lavoratore-parte-generale-4-ore
▶️ YouTube: youtube.com/@sicurissimo
Contenuto informativo. Prima vedi. Poi sistemi. 81plus.net",Corso lavoratore parte GENERALE 4 ore,https://81plus.net/?corso=corso-lavoratore-parte-generale-4-ore,#TalesOfSicurix #SICURIX #Metodo81 #81plus #Sicurissimo #Sicurezza #Privacy #SicurezzaSulLavoro,SICURIX_TALES_641910_1_13_11_4_0_3_7_2_10_12.webp,https://drive.google.com/drive/folders/1hICKXdl9JTZBL1pemG19oE_661z-EH_k,IMG_ERR
33.11.03,Manifattura,C,Sicurezza+Ambientale+Privacy+HACCP,10,RSPP / Datore di Lavoro RSPP | Gestione Rifiuti e Registro | Formazione Generale Lavoratori | Registro dei Trattamenti | Uso e Formazione DPI | Corso Alimentarista | Manuale HACCP di Autocontrollo | Rappresentante Lavoratori Sicurezza (RLS) | Sorveglianza Sanitaria / Medico Competente | Piano di Sanificazione,D.Lgs81/08 art.34 | D.Lgs152/06 | Accordo Stato-Regioni | GDPR art.30 | D.Lgs81/08 art.77 | Reg.CE 852/2004 | D.Lgs81/08 art.47 | D.Lgs81/08 art.41,"LUXPECTORIX>IMPROVVISIX, SCUDIX>FRETTIX, CIFRIX>RISKIX, HYGIENIX>LEAKIX, ROBOTIX81>POLVERIX, BLINKIX>ACQUAIX, PRIVACIX>SCADUTIX, TRACCIX>IMPROVVISIX, DOCUMIX>RISKIX, CONSENSIX>TEMPORIX","Crea una PAGINA A FUMETTI a STORIA COMPLETA, verticale A4 (1024x1536), QUALITA' EDITORIALE DA STAMPA, stile ufficiale 'SICURIX TALES' IDENTICO alle immagini di riferimento allegate (stessi personaggi a mattoncini 3D, stessa impaginazione, stessi colori, stesse rese): minifigure espressive, ambientazioni ricche e dettagliate del settore, luci morbide, profondita', bordi vignetta netti. IMPAGINAZIONE OBBLIGATORIA: da 10 a 12 VIGNETTE numerate che raccontano UNA STORIA con arco narrativo completo (1 situazione normale -> 2-4 arrivano i pericoli coi cattivi -> 5-6 tensione/conseguenza -> 7-9 arriva SICURIX con gli eroi e applica il METODO81+ passo per passo -> 10-11 risoluzione ordinata -> 12 finale). HEADER in alto: SICURIX (mantello, medaglione arancione '81+', bussola) che presenta in un fumetto; grande titolo 'SICURIX TALES'; sottotitolo 'MANIFATTURA: Pericolo vs Soluzione con Metodo 81+'; legenda 3 voci (verde Sicurezza, rosso Rischio, blu 81+ Soluzione); fila di EROI coi nomi: LUXPECTORIX, SCUDIX, CIFRIX, HYGIENIX, ROBOTIX81, BLINKIX. FOOTER in basso: grande 'Prima vedi. Poi sistemi.'; banner scudo verde 'PROTEGGIAMO. PREVENIAMO. MIGLIORIAMO.' e triangolo rosso 'DISATTENZIONE. RISCHI. COSTI. CAOS.'; logo '81+' + '81plus.net'. TRAMA (usa questi eventi come vignette; se sono meno di 10 aggiungi vignette di contesto, dialogo e reazione per arrivare a 10-12): 1) IMPROVVISIX causa il pericolo 'Ruolo/RSPP' (RSPP / Datore di Lavoro RSPP); poi LUXPECTORIX+SICURIX applicano il METODO81+; 2) FRETTIX causa il pericolo 'Rifiuti' (Gestione Rifiuti e Registro); poi SCUDIX+SICURIX applicano il METODO81+; 3) RISKIX causa il pericolo 'Formazione base' (Formazione Generale Lavoratori); poi CIFRIX+SICURIX applicano il METODO81+; 4) LEAKIX causa il pericolo 'Registro' (Registro dei Trattamenti); poi HYGIENIX+SICURIX applicano il METODO81+; 5) POLVERIX causa il pericolo 'DPI' (Uso e Formazione DPI); poi ROBOTIX81+SICURIX applicano il METODO81+; 6) ACQUAIX causa il pericolo 'Corso' (Corso Alimentarista); poi BLINKIX+SICURIX applicano il METODO81+; 7) SCADUTIX causa il pericolo 'Documento' (Manuale HACCP di Autocontrollo); poi PRIVACIX+SICURIX applicano il METODO81+; 8) IMPROVVISIX causa il pericolo 'Ruolo/RLS' (Rappresentante Lavoratori Sicurezza (RLS)); poi TRACCIX+SICURIX applicano il METODO81+; 9) RISKIX causa il pericolo 'Sorveglianza sanitaria' (Sorveglianza Sanitaria / Medico Competente); poi DOCUMIX+SICURIX applicano il METODO81+; 10) TEMPORIX causa il pericolo 'Sanificazione' (Piano di Sanificazione); poi CONSENSIX+SICURIX applicano il METODO81+. PALETTE BRAND ESCLUSIVA: nero #05050A, bianco panna, arancione #FF6A1A/#E8501A; ROSSO solo per 'PERICOLO', VERDE per la checklist 'Metodo 81+'. Logo '81+' ben visibile in OGNI vignetta. REGOLA STORIA: SICURIX NON agisce mai da solo - in OGNI vignetta di soluzione si fa AIUTARE dai suoi colleghi EROI (lavoro di squadra, ognuno col suo ruolo). TESTO: didascalie e fumetti MOLTO BREVI (1-4 parole), GRANDI, centrati, in ITALIANO con ORTOGRAFIA PERFETTA, senza parole inventate, lettere doppie errate o testo tagliato. CATTIVI (coerenti col canone): IMPROVVISIX, FRETTIX, RISKIX, LEAKIX, POLVERIX, ACQUAIX, SCADUTIX, TEMPORIX. EROI: LUXPECTORIX, SCUDIX, CIFRIX, HYGIENIX, ROBOTIX81, BLINKIX, PRIVACIX, TRACCIX, DOCUMIX, CONSENSIX. NEGATIVE: nessun marchio LEGO reale, nessun personaggio protetto (Asterix ecc.), niente gore/horror, niente claim assoluti ('rischio zero','garantito','zero multe').",La differenza tra chi in Manifattura dorme sereno e chi trema al controllo,"In Manifattura non e' 'se' arriva il controllo, e' 'quando'. Sei pronto?

In manifattura gli adempimenti obbligatori non aspettano: Ruolo/RSPP, Rifiuti, Formazione base, Registro, DPI, Corso, Documento, Ruolo/RLS, Sorveglianza sanitaria, Sanificazione. In questa pagina TALES OF SICURIX il PERICOLO prende forma... e il METODO81+ lo rimette in ordine, passo dopo passo. Immagina la scena: prima il caos, poi la checklist che sistema tutto. Non e' burocrazia: e' la tua tranquillita.
👉 Iscriviti al corso: RSPP Datore di Lavoro modulo 1 e 2 -> https://81plus.net/?corso=rspp-datore-di-lavoro-modulo-1-e-2
▶️ YouTube: youtube.com/@sicurissimo
Contenuto informativo. Prima vedi. Poi sistemi. 81plus.net",RSPP Datore di Lavoro modulo 1 e 2,https://81plus.net/?corso=rspp-datore-di-lavoro-modulo-1-e-2,#TalesOfSicurix #SICURIX #Metodo81 #81plus #Sicurissimo #Sicurezza #Ambientale #Privacy #HACCP #SicurezzaSulLavoro,SICURIX_TALES_331103_5_26_1_22_8_15_14_4_9_16.webp,https://drive.google.com/drive/folders/1hICKXdl9JTZBL1pemG19oE_661z-EH_k,IMG_ERR
49.11.00,Trasporti/Magazzino,H,Sicurezza+Ambientale+Privacy,12,Attrezzature e Macchine | Formazione Ambientale | Formazione Preposto | Informativa e Consensi | Registro dei Trattamenti | Rischio Rumore | Carrellista / Muletto | RSPP / Datore di Lavoro RSPP | Nomina Incaricati/Responsabili | Gestione Rifiuti e Registro | Stress Lavoro-Correlato | Rappresentante Lavoratori Sicurezza (RLS),D.Lgs81/08 Tit.III | D.Lgs152/06 | D.Lgs81/08 art.37 | GDPR art.13 | GDPR art.30 | D.Lgs81/08 Tit.VIII | Accordo Stato-Regioni | D.Lgs81/08 art.34 | GDPR art.28-29 | D.Lgs81/08 art.28 | D.Lgs81/08 art.47,"SICURIX>ØTIX, CIFRIX>RISKIX, SCUDIX>SCHIACCIX, BLINKIX>PERMISSIONIX, CHECKIX>IMPROVVISIX, CONSENSIX>SOTTOVALUTIX, BLINKIX>TAGLIX, PREPOSTIX>VIBRIX, LUXPECTORIX>RISKIX, PRIVACIX>MULTIX, CHEFIX>RISKIX, LUXPECTORIX>CADUTIX","Crea una PAGINA A FUMETTI a STORIA COMPLETA, verticale A4 (1024x1536), QUALITA' EDITORIALE DA STAMPA, stile ufficiale 'SICURIX TALES' IDENTICO alle immagini di riferimento allegate (stessi personaggi a mattoncini 3D, stessa impaginazione, stessi colori, stesse rese): minifigure espressive, ambientazioni ricche e dettagliate del settore, luci morbide, profondita', bordi vignetta netti. IMPAGINAZIONE OBBLIGATORIA: da 10 a 12 VIGNETTE numerate che raccontano UNA STORIA con arco narrativo completo (1 situazione normale -> 2-4 arrivano i pericoli coi cattivi -> 5-6 tensione/conseguenza -> 7-9 arriva SICURIX con gli eroi e applica il METODO81+ passo per passo -> 10-11 risoluzione ordinata -> 12 finale). HEADER in alto: SICURIX (mantello, medaglione arancione '81+', bussola) che presenta in un fumetto; grande titolo 'SICURIX TALES'; sottotitolo 'TRASPORTI/MAGAZZINO: Pericolo vs Soluzione con Metodo 81+'; legenda 3 voci (verde Sicurezza, rosso Rischio, blu 81+ Soluzione); fila di EROI coi nomi: SICURIX, CIFRIX, SCUDIX, BLINKIX, CHECKIX, CONSENSIX. FOOTER in basso: grande 'Prima vedi. Poi sistemi.'; banner scudo verde 'PROTEGGIAMO. PREVENIAMO. MIGLIORIAMO.' e triangolo rosso 'DISATTENZIONE. RISCHI. COSTI. CAOS.'; logo '81+' + '81plus.net'. TRAMA (usa questi eventi come vignette; se sono meno di 10 aggiungi vignette di contesto, dialogo e reazione per arrivare a 10-12): 1) ØTIX causa il pericolo 'Attrezzature' (Attrezzature e Macchine); poi SICURIX+SICURIX applicano il METODO81+; 2) RISKIX causa il pericolo 'Formazione' (Formazione Ambientale); poi CIFRIX+SICURIX applicano il METODO81+; 3) SCHIACCIX causa il pericolo 'Ruolo/Preposto' (Formazione Preposto); poi SCUDIX+SICURIX applicano il METODO81+; 4) PERMISSIONIX causa il pericolo 'Documento' (Informativa e Consensi); poi BLINKIX+SICURIX applicano il METODO81+; 5) IMPROVVISIX causa il pericolo 'Registro' (Registro dei Trattamenti); poi CHECKIX+SICURIX applicano il METODO81+; 6) SOTTOVALUTIX causa il pericolo 'Rumore' (Rischio Rumore); poi CONSENSIX+SICURIX applicano il METODO81+; 7) TAGLIX causa il pericolo 'Carrelli' (Carrellista / Muletto); poi BLINKIX+SICURIX applicano il METODO81+; 8) VIBRIX causa il pericolo 'Ruolo/RSPP' (RSPP / Datore di Lavoro RSPP); poi PREPOSTIX+SICURIX applicano il METODO81+; 9) RISKIX causa il pericolo 'Nomine' (Nomina Incaricati/Responsabili); poi LUXPECTORIX+SICURIX applicano il METODO81+; 10) MULTIX causa il pericolo 'Rifiuti' (Gestione Rifiuti e Registro); poi PRIVACIX+SICURIX applicano il METODO81+; 11) RISKIX causa il pericolo 'Stress' (Stress Lavoro-Correlato); poi CHEFIX+SICURIX applicano il METODO81+; 12) CADUTIX causa il pericolo 'Ruolo/RLS' (Rappresentante Lavoratori Sicurezza (RLS)); poi LUXPECTORIX+SICURIX applicano il METODO81+. PALETTE BRAND ESCLUSIVA: nero #05050A, bianco panna, arancione #FF6A1A/#E8501A; ROSSO solo per 'PERICOLO', VERDE per la checklist 'Metodo 81+'. Logo '81+' ben visibile in OGNI vignetta. REGOLA STORIA: SICURIX NON agisce mai da solo - in OGNI vignetta di soluzione si fa AIUTARE dai suoi colleghi EROI (lavoro di squadra, ognuno col suo ruolo). TESTO: didascalie e fumetti MOLTO BREVI (1-4 parole), GRANDI, centrati, in ITALIANO con ORTOGRAFIA PERFETTA, senza parole inventate, lettere doppie errate o testo tagliato. CATTIVI (coerenti col canone): ØTIX, RISKIX, SCHIACCIX, PERMISSIONIX, IMPROVVISIX, SOTTOVALUTIX, TAGLIX, VIBRIX, MULTIX, CADUTIX. EROI: SICURIX, CIFRIX, SCUDIX, BLINKIX, CHECKIX, CONSENSIX, PREPOSTIX, LUXPECTORIX, PRIVACIX, CHEFIX. NEGATIVE: nessun marchio LEGO reale, nessun personaggio protetto (Asterix ecc.), niente gore/horror, niente claim assoluti ('rischio zero','garantito','zero multe').",In Trasporti/Magazzino c'e' un obbligo che in tanti scoprono solo con la sanzione,"Quello che l'ispettore controlla per primo in Trasporti/Magazzino (e quasi nessuno lo sa)

In trasporti/magazzino gli adempimenti obbligatori non aspettano: Attrezzature, Formazione, Ruolo/Preposto, Documento, Registro, Rumore, Carrelli, Ruolo/RSPP, Nomine, Rifiuti, Stress, Ruolo/RLS. In questa pagina TALES OF SICURIX il PERICOLO prende forma... e il METODO81+ lo rimette in ordine, passo dopo passo. Immagina la scena: prima il caos, poi la checklist che sistema tutto. Mettere ordine ora costa poco. Rimediare dopo costa caro.
👉 Iscriviti al corso: Corso Lavori in Quota e DPI Anticaduta -> https://81plus.net/?corso=corso-lavori-in-quota-e-dpi-anticaduta
▶️ YouTube: youtube.com/@sicurissimo
Contenuto informativo. Prima vedi. Poi sistemi. 81plus.net",Corso Lavori in Quota e DPI Anticaduta,https://81plus.net/?corso=corso-lavori-in-quota-e-dpi-anticaduta,#TalesOfSicurix #SICURIX #Metodo81 #81plus #Sicurissimo #Sicurezza #Ambientale #Privacy #SicurezzaSulLavoro,SICURIX_TALES_491100_13_21_3_15_16_12_14_5_17_20_11_4.webp,https://drive.google.com/drive/folders/1hICKXdl9JTZBL1pemG19oE_661z-EH_k,IMG_ERR
