codice_ateco,settore,sezione,area_mix,n_vignette,adempimenti,fonti,cast_personaggi,image_prompt,titolo_clickbait,corpo_post,cta_prodotto,cta_url,hashtag,nome_file_webp,drive_folder,stato
84.12.40,Istruzione,P,Sicurezza+Privacy,11,Formazione Specifica (rischio medio) | Nomina DPO / RPD | Valutazione d'Impatto (DPIA) | Rappresentante Lavoratori Sicurezza (RLS) | Addetto Antincendio | Sorveglianza Sanitaria / Medico Competente | Uso e Formazione DPI | Procedura Data Breach | Movimentazione Manuale Carichi | RSPP / Datore di Lavoro RSPP | Formazione Preposto,Accordo Stato-Regioni | GDPR art.37 | GDPR art.35 | D.Lgs81/08 art.47 | DM 2/9/2021 | D.Lgs81/08 art.41 | D.Lgs81/08 art.77 | GDPR art.33-34 | D.Lgs81/08 Tit.VI | D.Lgs81/08 art.34 | D.Lgs81/08 art.37,"CIFRIX>CADUTIX, PRIVACIX>RISKIX, CHECKIX>HACKIX, LUXPECTORIX>NONDPIX, LUXPECTORIX>BIOXIX, PRIVACIX>FUMIX, TRACCIX>BIOXIX, CHECKIX>CAOSIX, TRACCIX>CADUTIX, LUXPECTORIX>MULTIX, CIFRIX>CAOSIX","Crea una PAGINA A FUMETTI a STORIA COMPLETA, verticale A4 (1024x1536), QUALITA' EDITORIALE DA STAMPA, stile ufficiale 'SICURIX TALES' IDENTICO alle immagini di riferimento allegate (stessi personaggi a mattoncini 3D, stessa impaginazione, stessi colori, stesse rese): minifigure espressive, ambientazioni ricche e dettagliate del settore, luci morbide, profondita', bordi vignetta netti. IMPAGINAZIONE OBBLIGATORIA: da 10 a 12 VIGNETTE numerate che raccontano UNA STORIA con arco narrativo completo (1 situazione normale -> 2-4 arrivano i pericoli coi cattivi -> 5-6 tensione/conseguenza -> 7-9 arriva SICURIX con gli eroi e applica il METODO81+ passo per passo -> 10-11 risoluzione ordinata -> 12 finale). HEADER in alto: SICURIX (mantello, medaglione arancione '81+', bussola) che presenta in un fumetto; grande titolo 'SICURIX TALES'; sottotitolo 'ISTRUZIONE: Pericolo vs Soluzione con Metodo 81+'; legenda 3 voci (verde Sicurezza, rosso Rischio, blu 81+ Soluzione); fila di EROI coi nomi: CIFRIX, PRIVACIX, CHECKIX, LUXPECTORIX, TRACCIX. FOOTER in basso: grande 'Prima vedi. Poi sistemi.'; banner scudo verde 'PROTEGGIAMO. PREVENIAMO. MIGLIORIAMO.' e triangolo rosso 'DISATTENZIONE. RISCHI. COSTI. CAOS.'; logo '81+' + '81plus.net'. TRAMA (usa questi eventi come vignette; se sono meno di 10 aggiungi vignette di contesto, dialogo e reazione per arrivare a 10-12): 1) CADUTIX causa il pericolo 'Formazione specifica' (Formazione Specifica (rischio medio)); poi CIFRIX+SICURIX applicano il METODO81+; 2) RISKIX causa il pericolo 'DPO' (Nomina DPO / RPD); poi PRIVACIX+SICURIX applicano il METODO81+; 3) HACKIX causa il pericolo 'DPIA' (Valutazione d'Impatto (DPIA)); poi CHECKIX+SICURIX applicano il METODO81+; 4) NONDPIX causa il pericolo 'Ruolo/RLS' (Rappresentante Lavoratori Sicurezza (RLS)); poi LUXPECTORIX+SICURIX applicano il METODO81+; 5) BIOXIX causa il pericolo 'Emergenze/Incendio' (Addetto Antincendio); poi LUXPECTORIX+SICURIX applicano il METODO81+; 6) FUMIX causa il pericolo 'Sorveglianza sanitaria' (Sorveglianza Sanitaria / Medico Competente); poi PRIVACIX+SICURIX applicano il METODO81+; 7) BIOXIX causa il pericolo 'DPI' (Uso e Formazione DPI); poi TRACCIX+SICURIX applicano il METODO81+; 8) CAOSIX causa il pericolo 'Data breach' (Procedura Data Breach); poi CHECKIX+SICURIX applicano il METODO81+; 9) CADUTIX causa il pericolo 'MMC' (Movimentazione Manuale Carichi); poi TRACCIX+SICURIX applicano il METODO81+; 10) MULTIX causa il pericolo 'Ruolo/RSPP' (RSPP / Datore di Lavoro RSPP); poi LUXPECTORIX+SICURIX applicano il METODO81+; 11) CAOSIX causa il pericolo 'Ruolo/Preposto' (Formazione Preposto); poi CIFRIX+SICURIX applicano il METODO81+. PALETTE BRAND ESCLUSIVA: nero #05050A, bianco panna, arancione #FF6A1A/#E8501A; ROSSO solo per 'PERICOLO', VERDE per la checklist 'Metodo 81+'. Logo '81+' ben visibile in OGNI vignetta. REGOLA STORIA: SICURIX NON agisce mai da solo - in OGNI vignetta di soluzione si fa AIUTARE dai suoi colleghi EROI (lavoro di squadra, ognuno col suo ruolo). TESTO: didascalie e fumetti MOLTO BREVI (1-4 parole), GRANDI, centrati, in ITALIANO con ORTOGRAFIA PERFETTA, senza parole inventate, lettere doppie errate o testo tagliato. CATTIVI (coerenti col canone): CADUTIX, RISKIX, HACKIX, NONDPIX, BIOXIX, FUMIX, CAOSIX, MULTIX. EROI: CIFRIX, PRIVACIX, CHECKIX, LUXPECTORIX, TRACCIX. NEGATIVE: nessun marchio LEGO reale, nessun personaggio protetto (Asterix ecc.), niente gore/horror, niente claim assoluti ('rischio zero','garantito','zero multe').",La differenza tra chi in Istruzione dorme sereno e chi trema al controllo,"In Istruzione c'e' un obbligo che in tanti scoprono solo con la sanzione

In istruzione gli adempimenti obbligatori non aspettano: Formazione specifica, DPO, DPIA, Ruolo/RLS, Emergenze/Incendio, Sorveglianza sanitaria, DPI, Data breach, MMC, Ruolo/RSPP, Ruolo/Preposto. In questa pagina TALES OF SICURIX il PERICOLO prende forma... e il METODO81+ lo rimette in ordine, passo dopo passo. Immagina la scena: prima il caos, poi la checklist che sistema tutto. La regola c'e' gia': tu falla lavorare per te.
👉 Iscriviti al corso: Corso lavoratore parte GENERALE 4 ore -> https://81plus.net/?corso=corso-lavoratore-parte-generale-4-ore
▶️ YouTube: youtube.com/@sicurissimo
Contenuto informativo. Prima vedi. Poi sistemi. 81plus.net",Corso lavoratore parte GENERALE 4 ore,https://81plus.net/?corso=corso-lavoratore-parte-generale-4-ore,#TalesOfSicurix #SICURIX #Metodo81 #81plus #Sicurissimo #Sicurezza #Privacy #SicurezzaSulLavoro,SICURIX_TALES_841240_2_17_18_4_7_9_8_16_10_5_3.webp,https://drive.google.com/drive/folders/1hICKXdl9JTZBL1pemG19oE_661z-EH_k,IMG_ERR
47.82.00,Commercio,G,Sicurezza+Privacy,10,Rappresentante Lavoratori Sicurezza (RLS) | Formazione Generale Lavoratori | RSPP / Datore di Lavoro RSPP | Informativa e Consensi | Documento Valutazione Rischi (DVR) | Stress Lavoro-Correlato | Sorveglianza Sanitaria / Medico Competente | Movimentazione Manuale Carichi | Videosorveglianza a norma | Uso e Formazione DPI,D.Lgs81/08 art.47 | Accordo Stato-Regioni | D.Lgs81/08 art.34 | GDPR art.13 | D.Lgs81/08 art.28 | D.Lgs81/08 art.41 | D.Lgs81/08 Tit.VI | Provv.Garante | D.Lgs81/08 art.77,"ROBOTIX81>OBLIVIX, DOCUMIX>SEGNALEX, FORMIX>CAOSIX, TRACCIX>RISKIX, DOCUMIX>BIOXIX, CIFRIX>SCHIACCIX, TRACCIX>RUMORIX, CIFRIX>TAGLIX, CHECKIX>CANCELIX, TRACCIX>POLVERIX","Crea una PAGINA A FUMETTI a STORIA COMPLETA, verticale A4 (1024x1536), QUALITA' EDITORIALE DA STAMPA, stile ufficiale 'SICURIX TALES' IDENTICO alle immagini di riferimento allegate (stessi personaggi a mattoncini 3D, stessa impaginazione, stessi colori, stesse rese): minifigure espressive, ambientazioni ricche e dettagliate del settore, luci morbide, profondita', bordi vignetta netti. IMPAGINAZIONE OBBLIGATORIA: da 10 a 12 VIGNETTE numerate che raccontano UNA STORIA con arco narrativo completo (1 situazione normale -> 2-4 arrivano i pericoli coi cattivi -> 5-6 tensione/conseguenza -> 7-9 arriva SICURIX con gli eroi e applica il METODO81+ passo per passo -> 10-11 risoluzione ordinata -> 12 finale). HEADER in alto: SICURIX (mantello, medaglione arancione '81+', bussola) che presenta in un fumetto; grande titolo 'SICURIX TALES'; sottotitolo 'COMMERCIO: Pericolo vs Soluzione con Metodo 81+'; legenda 3 voci (verde Sicurezza, rosso Rischio, blu 81+ Soluzione); fila di EROI coi nomi: ROBOTIX81, DOCUMIX, FORMIX, TRACCIX, CIFRIX, CHECKIX. FOOTER in basso: grande 'Prima vedi. Poi sistemi.'; banner scudo verde 'PROTEGGIAMO. PREVENIAMO. MIGLIORIAMO.' e triangolo rosso 'DISATTENZIONE. RISCHI. COSTI. CAOS.'; logo '81+' + '81plus.net'. TRAMA (usa questi eventi come vignette; se sono meno di 10 aggiungi vignette di contesto, dialogo e reazione per arrivare a 10-12): 1) OBLIVIX causa il pericolo 'Ruolo/RLS' (Rappresentante Lavoratori Sicurezza (RLS)); poi ROBOTIX81+SICURIX applicano il METODO81+; 2) SEGNALEX causa il pericolo 'Formazione base' (Formazione Generale Lavoratori); poi DOCUMIX+SICURIX applicano il METODO81+; 3) CAOSIX causa il pericolo 'Ruolo/RSPP' (RSPP / Datore di Lavoro RSPP); poi FORMIX+SICURIX applicano il METODO81+; 4) RISKIX causa il pericolo 'Documento' (Informativa e Consensi); poi TRACCIX+SICURIX applicano il METODO81+; 5) BIOXIX causa il pericolo 'Documento' (Documento Valutazione Rischi (DVR)); poi DOCUMIX+SICURIX applicano il METODO81+; 6) SCHIACCIX causa il pericolo 'Stress' (Stress Lavoro-Correlato); poi CIFRIX+SICURIX applicano il METODO81+; 7) RUMORIX causa il pericolo 'Sorveglianza sanitaria' (Sorveglianza Sanitaria / Medico Competente); poi TRACCIX+SICURIX applicano il METODO81+; 8) TAGLIX causa il pericolo 'MMC' (Movimentazione Manuale Carichi); poi CIFRIX+SICURIX applicano il METODO81+; 9) CANCELIX causa il pericolo 'Videosorveglianza' (Videosorveglianza a norma); poi CHECKIX+SICURIX applicano il METODO81+; 10) POLVERIX causa il pericolo 'DPI' (Uso e Formazione DPI); poi TRACCIX+SICURIX applicano il METODO81+. PALETTE BRAND ESCLUSIVA: nero #05050A, bianco panna, arancione #FF6A1A/#E8501A; ROSSO solo per 'PERICOLO', VERDE per la checklist 'Metodo 81+'. Logo '81+' ben visibile in OGNI vignetta. REGOLA STORIA: SICURIX NON agisce mai da solo - in OGNI vignetta di soluzione si fa AIUTARE dai suoi colleghi EROI (lavoro di squadra, ognuno col suo ruolo). TESTO: didascalie e fumetti MOLTO BREVI (1-4 parole), GRANDI, centrati, in ITALIANO con ORTOGRAFIA PERFETTA, senza parole inventate, lettere doppie errate o testo tagliato. CATTIVI (coerenti col canone): OBLIVIX, SEGNALEX, CAOSIX, RISKIX, BIOXIX, SCHIACCIX, RUMORIX, TAGLIX, CANCELIX, POLVERIX. EROI: ROBOTIX81, DOCUMIX, FORMIX, TRACCIX, CIFRIX, CHECKIX. NEGATIVE: nessun marchio LEGO reale, nessun personaggio protetto (Asterix ecc.), niente gore/horror, niente claim assoluti ('rischio zero','garantito','zero multe').","In Commercio non e' 'se' arriva il controllo, e' 'quando'. Sei pronto?","Quello che l'ispettore controlla per primo in Commercio (e quasi nessuno lo sa)

In commercio gli adempimenti obbligatori non aspettano: Ruolo/RLS, Formazione base, Ruolo/RSPP, Documento, Stress, Sorveglianza sanitaria, MMC, Videosorveglianza, DPI. In questa pagina TALES OF SICURIX il PERICOLO prende forma... e il METODO81+ lo rimette in ordine, passo dopo passo. Immagina la scena: prima il caos, poi la checklist che sistema tutto. Chi si mette in regola prima, dorme meglio dopo.
👉 Iscriviti al corso: Corso RLS -> https://81plus.net/?corso=corso-rls
▶️ YouTube: youtube.com/@sicurissimo
Contenuto informativo. Prima vedi. Poi sistemi. 81plus.net",Corso RLS,https://81plus.net/?corso=corso-rls,#TalesOfSicurix #SICURIX #Metodo81 #81plus #Sicurissimo #Sicurezza #Privacy #SicurezzaSulLavoro,SICURIX_TALES_478200_4_1_5_19_0_11_9_10_24_8.webp,https://drive.google.com/drive/folders/1hICKXdl9JTZBL1pemG19oE_661z-EH_k,IMG_ERR
29.20.00,Manifattura,C,Sicurezza+HACCP+Privacy,10,Movimentazione Manuale Carichi | Attrezzature e Macchine | Corso Alimentarista | Sorveglianza Sanitaria / Medico Competente | Rintracciabilita ed Etichettatura | Addetto Primo Soccorso | Formazione GDPR | Formazione Preposto | Formazione Specifica (rischio alto) | Documento Valutazione Rischi (DVR),D.Lgs81/08 Tit.VI | D.Lgs81/08 Tit.III | Reg.CE 852/2004 | D.Lgs81/08 art.41 | Reg.CE 178/2002 | DM 388/2003 | GDPR art.32 | D.Lgs81/08 art.37 | Accordo Stato-Regioni | D.Lgs81/08 art.28,"CHECKIX>VIBRIX, SCUDIX>RISKIX, FORMIX>MESCOLIX, CONSENSIX>VOLTIX, TRACCIX>CROSSIX, CHEFIX>FUMIX, BLINKIX>RISKIX, CHECKIX>FRETTIX, CHECKIX>CADUTIX, FORMIX>FRETTIX","Crea una PAGINA A FUMETTI a STORIA COMPLETA, verticale A4 (1024x1536), QUALITA' EDITORIALE DA STAMPA, stile ufficiale 'SICURIX TALES' IDENTICO alle immagini di riferimento allegate (stessi personaggi a mattoncini 3D, stessa impaginazione, stessi colori, stesse rese): minifigure espressive, ambientazioni ricche e dettagliate del settore, luci morbide, profondita', bordi vignetta netti. IMPAGINAZIONE OBBLIGATORIA: da 10 a 12 VIGNETTE numerate che raccontano UNA STORIA con arco narrativo completo (1 situazione normale -> 2-4 arrivano i pericoli coi cattivi -> 5-6 tensione/conseguenza -> 7-9 arriva SICURIX con gli eroi e applica il METODO81+ passo per passo -> 10-11 risoluzione ordinata -> 12 finale). HEADER in alto: SICURIX (mantello, medaglione arancione '81+', bussola) che presenta in un fumetto; grande titolo 'SICURIX TALES'; sottotitolo 'MANIFATTURA: Pericolo vs Soluzione con Metodo 81+'; legenda 3 voci (verde Sicurezza, rosso Rischio, blu 81+ Soluzione); fila di EROI coi nomi: CHECKIX, SCUDIX, FORMIX, CONSENSIX, TRACCIX, CHEFIX. FOOTER in basso: grande 'Prima vedi. Poi sistemi.'; banner scudo verde 'PROTEGGIAMO. PREVENIAMO. MIGLIORIAMO.' e triangolo rosso 'DISATTENZIONE. RISCHI. COSTI. CAOS.'; logo '81+' + '81plus.net'. TRAMA (usa questi eventi come vignette; se sono meno di 10 aggiungi vignette di contesto, dialogo e reazione per arrivare a 10-12): 1) VIBRIX causa il pericolo 'MMC' (Movimentazione Manuale Carichi); poi CHECKIX+SICURIX applicano il METODO81+; 2) RISKIX causa il pericolo 'Attrezzature' (Attrezzature e Macchine); poi SCUDIX+SICURIX applicano il METODO81+; 3) MESCOLIX causa il pericolo 'Corso' (Corso Alimentarista); poi FORMIX+SICURIX applicano il METODO81+; 4) VOLTIX causa il pericolo 'Sorveglianza sanitaria' (Sorveglianza Sanitaria / Medico Competente); poi CONSENSIX+SICURIX applicano il METODO81+; 5) CROSSIX causa il pericolo 'Rintracciabilita' (Rintracciabilita ed Etichettatura); poi TRACCIX+SICURIX applicano il METODO81+; 6) FUMIX causa il pericolo 'Emergenze/Soccorso' (Addetto Primo Soccorso); poi CHEFIX+SICURIX applicano il METODO81+; 7) RISKIX causa il pericolo 'Formazione' (Formazione GDPR); poi BLINKIX+SICURIX applicano il METODO81+; 8) FRETTIX causa il pericolo 'Ruolo/Preposto' (Formazione Preposto); poi CHECKIX+SICURIX applicano il METODO81+; 9) CADUTIX causa il pericolo 'Formazione specifica' (Formazione Specifica (rischio alto)); poi CHECKIX+SICURIX applicano il METODO81+; 10) FRETTIX causa il pericolo 'Documento' (Documento Valutazione Rischi (DVR)); poi FORMIX+SICURIX applicano il METODO81+. PALETTE BRAND ESCLUSIVA: nero #05050A, bianco panna, arancione #FF6A1A/#E8501A; ROSSO solo per 'PERICOLO', VERDE per la checklist 'Metodo 81+'. Logo '81+' ben visibile in OGNI vignetta. REGOLA STORIA: SICURIX NON agisce mai da solo - in OGNI vignetta di soluzione si fa AIUTARE dai suoi colleghi EROI (lavoro di squadra, ognuno col suo ruolo). TESTO: didascalie e fumetti MOLTO BREVI (1-4 parole), GRANDI, centrati, in ITALIANO con ORTOGRAFIA PERFETTA, senza parole inventate, lettere doppie errate o testo tagliato. CATTIVI (coerenti col canone): VIBRIX, RISKIX, MESCOLIX, VOLTIX, CROSSIX, FUMIX, FRETTIX, CADUTIX. EROI: CHECKIX, SCUDIX, FORMIX, CONSENSIX, TRACCIX, CHEFIX, BLINKIX. NEGATIVE: nessun marchio LEGO reale, nessun personaggio protetto (Asterix ecc.), niente gore/horror, niente claim assoluti ('rischio zero','garantito','zero multe').",Quello che l'ispettore controlla per primo in Manifattura (e quasi nessuno lo sa),"La differenza tra chi in Manifattura dorme sereno e chi trema al controllo

In manifattura gli adempimenti obbligatori non aspettano: MMC, Attrezzature, Corso, Sorveglianza sanitaria, Rintracciabilita, Emergenze/Soccorso, Formazione, Ruolo/Preposto, Formazione specifica, Documento. In questa pagina TALES OF SICURIX il PERICOLO prende forma... e il METODO81+ lo rimette in ordine, passo dopo passo. Immagina la scena: prima il caos, poi la checklist che sistema tutto. Non e' burocrazia: e' la tua tranquillita.
👉 Iscriviti al corso: Corso RSPP Datore di Lavoro : Movimentazione manuale carichi -> https://81plus.net/?corso=corso-rspp-datore-di-lavoro-movimentazione-manuale-carichi
▶️ YouTube: youtube.com/@sicurissimo
Contenuto informativo. Prima vedi. Poi sistemi. 81plus.net",Corso RSPP Datore di Lavoro : Movimentazione manuale carichi,https://81plus.net/?corso=corso-rspp-datore-di-lavoro-movimentazione-manuale-carichi,#TalesOfSicurix #SICURIX #Metodo81 #81plus #Sicurissimo #Sicurezza #HACCP #Privacy #SicurezzaSulLavoro,SICURIX_TALES_292000_10_13_15_9_17_6_24_3_2_0.webp,https://drive.google.com/drive/folders/1hICKXdl9JTZBL1pemG19oE_661z-EH_k,IMG_ERR
94.20.00,Famiglie datori,T,Privacy+Sicurezza,11,Formazione GDPR | Formazione Specifica (rischio basso) | Nomina Incaricati/Responsabili | Registro dei Trattamenti | Addetto Primo Soccorso | Documento Valutazione Rischi (DVR) | Formazione Generale Lavoratori | Procedura Data Breach | Uso e Formazione DPI | Informativa e Consensi | Rappresentante Lavoratori Sicurezza (RLS),GDPR art.32 | Accordo Stato-Regioni | GDPR art.28-29 | GDPR art.30 | DM 388/2003 | D.Lgs81/08 art.28 | GDPR art.33-34 | D.Lgs81/08 art.77 | GDPR art.13 | D.Lgs81/08 art.47,"DOCUMIX>LEAKIX, BLINKIX>SOTTOVALUTIX, FORMIX>RISKIX, DOCUMIX>IMPROVVISIX, ROBOTIX81>RISKIX, BLINKIX>CHIMIKIX, CONSENSIX>OBLIVIX, HYGIENIX>OBLIVIX, PRIVACIX>CAOSIX, CIFRIX>PERMISSIONIX, BLINKIX>RISKIX","Crea una PAGINA A FUMETTI a STORIA COMPLETA, verticale A4 (1024x1536), QUALITA' EDITORIALE DA STAMPA, stile ufficiale 'SICURIX TALES' IDENTICO alle immagini di riferimento allegate (stessi personaggi a mattoncini 3D, stessa impaginazione, stessi colori, stesse rese): minifigure espressive, ambientazioni ricche e dettagliate del settore, luci morbide, profondita', bordi vignetta netti. IMPAGINAZIONE OBBLIGATORIA: da 10 a 12 VIGNETTE numerate che raccontano UNA STORIA con arco narrativo completo (1 situazione normale -> 2-4 arrivano i pericoli coi cattivi -> 5-6 tensione/conseguenza -> 7-9 arriva SICURIX con gli eroi e applica il METODO81+ passo per passo -> 10-11 risoluzione ordinata -> 12 finale). HEADER in alto: SICURIX (mantello, medaglione arancione '81+', bussola) che presenta in un fumetto; grande titolo 'SICURIX TALES'; sottotitolo 'FAMIGLIE DATORI: Pericolo vs Soluzione con Metodo 81+'; legenda 3 voci (verde Sicurezza, rosso Rischio, blu 81+ Soluzione); fila di EROI coi nomi: DOCUMIX, BLINKIX, FORMIX, ROBOTIX81, CONSENSIX, HYGIENIX. FOOTER in basso: grande 'Prima vedi. Poi sistemi.'; banner scudo verde 'PROTEGGIAMO. PREVENIAMO. MIGLIORIAMO.' e triangolo rosso 'DISATTENZIONE. RISCHI. COSTI. CAOS.'; logo '81+' + '81plus.net'. TRAMA (usa questi eventi come vignette; se sono meno di 10 aggiungi vignette di contesto, dialogo e reazione per arrivare a 10-12): 1) LEAKIX causa il pericolo 'Formazione' (Formazione GDPR); poi DOCUMIX+SICURIX applicano il METODO81+; 2) SOTTOVALUTIX causa il pericolo 'Formazione specifica' (Formazione Specifica (rischio basso)); poi BLINKIX+SICURIX applicano il METODO81+; 3) RISKIX causa il pericolo 'Nomine' (Nomina Incaricati/Responsabili); poi FORMIX+SICURIX applicano il METODO81+; 4) IMPROVVISIX causa il pericolo 'Registro' (Registro dei Trattamenti); poi DOCUMIX+SICURIX applicano il METODO81+; 5) RISKIX causa il pericolo 'Emergenze/Soccorso' (Addetto Primo Soccorso); poi ROBOTIX81+SICURIX applicano il METODO81+; 6) CHIMIKIX causa il pericolo 'Documento' (Documento Valutazione Rischi (DVR)); poi BLINKIX+SICURIX applicano il METODO81+; 7) OBLIVIX causa il pericolo 'Formazione base' (Formazione Generale Lavoratori); poi CONSENSIX+SICURIX applicano il METODO81+; 8) OBLIVIX causa il pericolo 'Data breach' (Procedura Data Breach); poi HYGIENIX+SICURIX applicano il METODO81+; 9) CAOSIX causa il pericolo 'DPI' (Uso e Formazione DPI); poi PRIVACIX+SICURIX applicano il METODO81+; 10) PERMISSIONIX causa il pericolo 'Documento' (Informativa e Consensi); poi CIFRIX+SICURIX applicano il METODO81+; 11) RISKIX causa il pericolo 'Ruolo/RLS' (Rappresentante Lavoratori Sicurezza (RLS)); poi BLINKIX+SICURIX applicano il METODO81+. PALETTE BRAND ESCLUSIVA: nero #05050A, bianco panna, arancione #FF6A1A/#E8501A; ROSSO solo per 'PERICOLO', VERDE per la checklist 'Metodo 81+'. Logo '81+' ben visibile in OGNI vignetta. REGOLA STORIA: SICURIX NON agisce mai da solo - in OGNI vignetta di soluzione si fa AIUTARE dai suoi colleghi EROI (lavoro di squadra, ognuno col suo ruolo). TESTO: didascalie e fumetti MOLTO BREVI (1-4 parole), GRANDI, centrati, in ITALIANO con ORTOGRAFIA PERFETTA, senza parole inventate, lettere doppie errate o testo tagliato. CATTIVI (coerenti col canone): LEAKIX, SOTTOVALUTIX, RISKIX, IMPROVVISIX, CHIMIKIX, OBLIVIX, CAOSIX, PERMISSIONIX. EROI: DOCUMIX, BLINKIX, FORMIX, ROBOTIX81, CONSENSIX, HYGIENIX, PRIVACIX, CIFRIX. NEGATIVE: nessun marchio LEGO reale, nessun personaggio protetto (Asterix ecc.), niente gore/horror, niente claim assoluti ('rischio zero','garantito','zero multe').",In Famiglie datori c'e' un obbligo che in tanti scoprono solo con la sanzione,"Quello che l'ispettore controlla per primo in Famiglie datori (e quasi nessuno lo sa)

In famiglie datori gli adempimenti obbligatori non aspettano: Formazione, Formazione specifica, Nomine, Registro, Emergenze/Soccorso, Documento, Formazione base, Data breach, DPI, Ruolo/RLS. In questa pagina TALES OF SICURIX il PERICOLO prende forma... e il METODO81+ lo rimette in ordine, passo dopo passo. Immagina la scena: prima il caos, poi la checklist che sistema tutto. Non e' burocrazia: e' la tua tranquillita.
👉 Iscriviti al corso: GDPR 2016/679: privacy e trattamento dei dati personali -> https://81plus.net/?corso=gdpr-2016-679-privacy-e-trattamento-dei-dati-personali
▶️ YouTube: youtube.com/@sicurissimo
Contenuto informativo. Prima vedi. Poi sistemi. 81plus.net",GDPR 2016/679: privacy e trattamento dei dati personali,https://81plus.net/?corso=gdpr-2016-679-privacy-e-trattamento-dei-dati-personali,#TalesOfSicurix #SICURIX #Metodo81 #81plus #Sicurissimo #Privacy #Sicurezza #SicurezzaSulLavoro,SICURIX_TALES_942000_12_2_11_10_6_0_1_13_8_9_4.webp,https://drive.google.com/drive/folders/1hICKXdl9JTZBL1pemG19oE_661z-EH_k,IMG_ERR
91.22.00,Altri servizi,S,Sicurezza+Privacy+HACCP,11,Movimentazione Manuale Carichi | Addetto Primo Soccorso | Informativa e Consensi | Corso Alimentarista | Sorveglianza Sanitaria / Medico Competente | Formazione Generale Lavoratori | Lotta agli Infestanti (Pest Control) | Rappresentante Lavoratori Sicurezza (RLS) | Addetto Antincendio | Controllo Temperature e Celle | Rintracciabilita ed Etichettatura,D.Lgs81/08 Tit.VI | DM 388/2003 | GDPR art.13 | Reg.CE 852/2004 | D.Lgs81/08 art.41 | Accordo Stato-Regioni | D.Lgs81/08 art.47 | DM 2/9/2021 | Reg.CE 178/2002,"DOCUMIX>SEGNALEX, CHECKIX>RUMORIX, SCUDIX>HACKIX, SICURIX>RISKIX, CIFRIX>SOTTOVALUTIX, CHECKIX>CADUTIX, SICURIX>FRETTIX, CIFRIX>SCIVOLIX, SICURIX>FRETTIX, CHECKIX>SCADUTIX, LUXPECTORIX>SPORCKIX","Crea una PAGINA A FUMETTI a STORIA COMPLETA, verticale A4 (1024x1536), QUALITA' EDITORIALE DA STAMPA, stile ufficiale 'SICURIX TALES' IDENTICO alle immagini di riferimento allegate (stessi personaggi a mattoncini 3D, stessa impaginazione, stessi colori, stesse rese): minifigure espressive, ambientazioni ricche e dettagliate del settore, luci morbide, profondita', bordi vignetta netti. IMPAGINAZIONE OBBLIGATORIA: da 10 a 12 VIGNETTE numerate che raccontano UNA STORIA con arco narrativo completo (1 situazione normale -> 2-4 arrivano i pericoli coi cattivi -> 5-6 tensione/conseguenza -> 7-9 arriva SICURIX con gli eroi e applica il METODO81+ passo per passo -> 10-11 risoluzione ordinata -> 12 finale). HEADER in alto: SICURIX (mantello, medaglione arancione '81+', bussola) che presenta in un fumetto; grande titolo 'SICURIX TALES'; sottotitolo 'ALTRI SERVIZI: Pericolo vs Soluzione con Metodo 81+'; legenda 3 voci (verde Sicurezza, rosso Rischio, blu 81+ Soluzione); fila di EROI coi nomi: DOCUMIX, CHECKIX, SCUDIX, SICURIX, CIFRIX, LUXPECTORIX. FOOTER in basso: grande 'Prima vedi. Poi sistemi.'; banner scudo verde 'PROTEGGIAMO. PREVENIAMO. MIGLIORIAMO.' e triangolo rosso 'DISATTENZIONE. RISCHI. COSTI. CAOS.'; logo '81+' + '81plus.net'. TRAMA (usa questi eventi come vignette; se sono meno di 10 aggiungi vignette di contesto, dialogo e reazione per arrivare a 10-12): 1) SEGNALEX causa il pericolo 'MMC' (Movimentazione Manuale Carichi); poi DOCUMIX+SICURIX applicano il METODO81+; 2) RUMORIX causa il pericolo 'Emergenze/Soccorso' (Addetto Primo Soccorso); poi CHECKIX+SICURIX applicano il METODO81+; 3) HACKIX causa il pericolo 'Documento' (Informativa e Consensi); poi SCUDIX+SICURIX applicano il METODO81+; 4) RISKIX causa il pericolo 'Corso' (Corso Alimentarista); poi SICURIX+SICURIX applicano il METODO81+; 5) SOTTOVALUTIX causa il pericolo 'Sorveglianza sanitaria' (Sorveglianza Sanitaria / Medico Competente); poi CIFRIX+SICURIX applicano il METODO81+; 6) CADUTIX causa il pericolo 'Formazione base' (Formazione Generale Lavoratori); poi CHECKIX+SICURIX applicano il METODO81+; 7) FRETTIX causa il pericolo 'Infestanti' (Lotta agli Infestanti (Pest Control)); poi SICURIX+SICURIX applicano il METODO81+; 8) SCIVOLIX causa il pericolo 'Ruolo/RLS' (Rappresentante Lavoratori Sicurezza (RLS)); poi CIFRIX+SICURIX applicano il METODO81+; 9) FRETTIX causa il pericolo 'Emergenze/Incendio' (Addetto Antincendio); poi SICURIX+SICURIX applicano il METODO81+; 10) SCADUTIX causa il pericolo 'Temperature' (Controllo Temperature e Celle); poi CHECKIX+SICURIX applicano il METODO81+; 11) SPORCKIX causa il pericolo 'Rintracciabilita' (Rintracciabilita ed Etichettatura); poi LUXPECTORIX+SICURIX applicano il METODO81+. PALETTE BRAND ESCLUSIVA: nero #05050A, bianco panna, arancione #FF6A1A/#E8501A; ROSSO solo per 'PERICOLO', VERDE per la checklist 'Metodo 81+'. Logo '81+' ben visibile in OGNI vignetta. REGOLA STORIA: SICURIX NON agisce mai da solo - in OGNI vignetta di soluzione si fa AIUTARE dai suoi colleghi EROI (lavoro di squadra, ognuno col suo ruolo). TESTO: didascalie e fumetti MOLTO BREVI (1-4 parole), GRANDI, centrati, in ITALIANO con ORTOGRAFIA PERFETTA, senza parole inventate, lettere doppie errate o testo tagliato. CATTIVI (coerenti col canone): SEGNALEX, RUMORIX, HACKIX, RISKIX, SOTTOVALUTIX, CADUTIX, FRETTIX, SCIVOLIX, SCADUTIX, SPORCKIX. EROI: DOCUMIX, CHECKIX, SCUDIX, SICURIX, CIFRIX, LUXPECTORIX. NEGATIVE: nessun marchio LEGO reale, nessun personaggio protetto (Asterix ecc.), niente gore/horror, niente claim assoluti ('rischio zero','garantito','zero multe').",Quello che l'ispettore controlla per primo in Altri servizi (e quasi nessuno lo sa),"La differenza tra chi in Altri servizi dorme sereno e chi trema al controllo

In altri servizi gli adempimenti obbligatori non aspettano: MMC, Emergenze/Soccorso, Documento, Corso, Sorveglianza sanitaria, Formazione base, Infestanti, Ruolo/RLS, Emergenze/Incendio, Temperature, Rintracciabilita. In questa pagina TALES OF SICURIX il PERICOLO prende forma... e il METODO81+ lo rimette in ordine, passo dopo passo. Immagina la scena: prima il caos, poi la checklist che sistema tutto. La regola c'e' gia': tu falla lavorare per te.
👉 Iscriviti al corso: Corso RSPP Datore di Lavoro : Movimentazione manuale carichi -> https://81plus.net/?corso=corso-rspp-datore-di-lavoro-movimentazione-manuale-carichi
▶️ YouTube: youtube.com/@sicurissimo
Contenuto informativo. Prima vedi. Poi sistemi. 81plus.net",Corso RSPP Datore di Lavoro : Movimentazione manuale carichi,https://81plus.net/?corso=corso-rspp-datore-di-lavoro-movimentazione-manuale-carichi,#TalesOfSicurix #SICURIX #Metodo81 #81plus #Sicurissimo #Sicurezza #Privacy #HACCP #SicurezzaSulLavoro,SICURIX_TALES_912200_10_6_19_13_9_1_17_4_7_16_15.webp,https://drive.google.com/drive/folders/1hICKXdl9JTZBL1pemG19oE_661z-EH_k,IMG_ERR
71.20.29,Servizi alle imprese,N,Sicurezza+Privacy,11,Addetto Primo Soccorso | Procedura Data Breach | Informativa e Consensi | Documento Valutazione Rischi (DVR) | Formazione Preposto | Addetto Antincendio | Formazione Generale Lavoratori | Formazione GDPR | Formazione Specifica (rischio basso) | Nomina Incaricati/Responsabili | Registro dei Trattamenti,DM 388/2003 | GDPR art.33-34 | GDPR art.13 | D.Lgs81/08 art.28 | D.Lgs81/08 art.37 | DM 2/9/2021 | Accordo Stato-Regioni | GDPR art.32 | GDPR art.28-29 | GDPR art.30,"SICURIX>MULTIX, LUXPECTORIX>PERMISSIONIX, CHEFIX>HACKIX, SICURIX>ØTIX, BLINKIX>OBLIVIX, PREPOSTIX>SEGNALEX, PRIVACIX>VOLTIX, TRACCIX>RISKIX, FORMIX>CADUTIX, SCUDIX>CANCELIX, PRIVACIX>RISKIX","Crea una PAGINA A FUMETTI a STORIA COMPLETA, verticale A4 (1024x1536), QUALITA' EDITORIALE DA STAMPA, stile ufficiale 'SICURIX TALES' IDENTICO alle immagini di riferimento allegate (stessi personaggi a mattoncini 3D, stessa impaginazione, stessi colori, stesse rese): minifigure espressive, ambientazioni ricche e dettagliate del settore, luci morbide, profondita', bordi vignetta netti. IMPAGINAZIONE OBBLIGATORIA: da 10 a 12 VIGNETTE numerate che raccontano UNA STORIA con arco narrativo completo (1 situazione normale -> 2-4 arrivano i pericoli coi cattivi -> 5-6 tensione/conseguenza -> 7-9 arriva SICURIX con gli eroi e applica il METODO81+ passo per passo -> 10-11 risoluzione ordinata -> 12 finale). HEADER in alto: SICURIX (mantello, medaglione arancione '81+', bussola) che presenta in un fumetto; grande titolo 'SICURIX TALES'; sottotitolo 'SERVIZI ALLE IMPRESE: Pericolo vs Soluzione con Metodo 81+'; legenda 3 voci (verde Sicurezza, rosso Rischio, blu 81+ Soluzione); fila di EROI coi nomi: SICURIX, LUXPECTORIX, CHEFIX, BLINKIX, PREPOSTIX, PRIVACIX. FOOTER in basso: grande 'Prima vedi. Poi sistemi.'; banner scudo verde 'PROTEGGIAMO. PREVENIAMO. MIGLIORIAMO.' e triangolo rosso 'DISATTENZIONE. RISCHI. COSTI. CAOS.'; logo '81+' + '81plus.net'. TRAMA (usa questi eventi come vignette; se sono meno di 10 aggiungi vignette di contesto, dialogo e reazione per arrivare a 10-12): 1) MULTIX causa il pericolo 'Emergenze/Soccorso' (Addetto Primo Soccorso); poi SICURIX+SICURIX applicano il METODO81+; 2) PERMISSIONIX causa il pericolo 'Data breach' (Procedura Data Breach); poi LUXPECTORIX+SICURIX applicano il METODO81+; 3) HACKIX causa il pericolo 'Documento' (Informativa e Consensi); poi CHEFIX+SICURIX applicano il METODO81+; 4) ØTIX causa il pericolo 'Documento' (Documento Valutazione Rischi (DVR)); poi SICURIX+SICURIX applicano il METODO81+; 5) OBLIVIX causa il pericolo 'Ruolo/Preposto' (Formazione Preposto); poi BLINKIX+SICURIX applicano il METODO81+; 6) SEGNALEX causa il pericolo 'Emergenze/Incendio' (Addetto Antincendio); poi PREPOSTIX+SICURIX applicano il METODO81+; 7) VOLTIX causa il pericolo 'Formazione base' (Formazione Generale Lavoratori); poi PRIVACIX+SICURIX applicano il METODO81+; 8) RISKIX causa il pericolo 'Formazione' (Formazione GDPR); poi TRACCIX+SICURIX applicano il METODO81+; 9) CADUTIX causa il pericolo 'Formazione specifica' (Formazione Specifica (rischio basso)); poi FORMIX+SICURIX applicano il METODO81+; 10) CANCELIX causa il pericolo 'Nomine' (Nomina Incaricati/Responsabili); poi SCUDIX+SICURIX applicano il METODO81+; 11) RISKIX causa il pericolo 'Registro' (Registro dei Trattamenti); poi PRIVACIX+SICURIX applicano il METODO81+. PALETTE BRAND ESCLUSIVA: nero #05050A, bianco panna, arancione #FF6A1A/#E8501A; ROSSO solo per 'PERICOLO', VERDE per la checklist 'Metodo 81+'. Logo '81+' ben visibile in OGNI vignetta. REGOLA STORIA: SICURIX NON agisce mai da solo - in OGNI vignetta di soluzione si fa AIUTARE dai suoi colleghi EROI (lavoro di squadra, ognuno col suo ruolo). TESTO: didascalie e fumetti MOLTO BREVI (1-4 parole), GRANDI, centrati, in ITALIANO con ORTOGRAFIA PERFETTA, senza parole inventate, lettere doppie errate o testo tagliato. CATTIVI (coerenti col canone): MULTIX, PERMISSIONIX, HACKIX, ØTIX, OBLIVIX, SEGNALEX, VOLTIX, RISKIX, CADUTIX, CANCELIX. EROI: SICURIX, LUXPECTORIX, CHEFIX, BLINKIX, PREPOSTIX, PRIVACIX, TRACCIX, FORMIX, SCUDIX. NEGATIVE: nessun marchio LEGO reale, nessun personaggio protetto (Asterix ecc.), niente gore/horror, niente claim assoluti ('rischio zero','garantito','zero multe').",Quello che l'ispettore controlla per primo in Servizi alle imprese (e quasi nessuno lo sa),"La differenza tra chi in Servizi alle imprese dorme sereno e chi trema al controllo

In servizi alle imprese gli adempimenti obbligatori non aspettano: Emergenze/Soccorso, Data breach, Documento, Ruolo/Preposto, Emergenze/Incendio, Formazione base, Formazione, Formazione specifica, Nomine, Registro. In questa pagina TALES OF SICURIX il PERICOLO prende forma... e il METODO81+ lo rimette in ordine, passo dopo passo. Immagina la scena: prima il caos, poi la checklist che sistema tutto. La regola c'e' gia': tu falla lavorare per te.
👉 Iscriviti al corso: Corso Primo Soccorso (A-B-C) -> https://81plus.net/?corso=corso-primo-soccorso-a-b-c
▶️ YouTube: youtube.com/@sicurissimo
Contenuto informativo. Prima vedi. Poi sistemi. 81plus.net",Corso Primo Soccorso (A-B-C),https://81plus.net/?corso=corso-primo-soccorso-a-b-c,#TalesOfSicurix #SICURIX #Metodo81 #81plus #Sicurissimo #Sicurezza #Privacy #SicurezzaSulLavoro,SICURIX_TALES_712029_6_13_9_0_3_7_1_12_2_11_10.webp,https://drive.google.com/drive/folders/1hICKXdl9JTZBL1pemG19oE_661z-EH_k,IMG_ERR
31.00.39,Manifattura,C,Sicurezza+HACCP+Privacy,12,Formazione Generale Lavoratori | Lotta agli Infestanti (Pest Control) | Formazione Preposto | Procedura Data Breach | Rischio Rumore | RSPP / Datore di Lavoro RSPP | Informativa e Consensi | Nomina Incaricati/Responsabili | Attrezzature e Macchine | Movimentazione Manuale Carichi | Controllo Temperature e Celle | Sorveglianza Sanitaria / Medico Competente,Accordo Stato-Regioni | Reg.CE 852/2004 | D.Lgs81/08 art.37 | GDPR art.33-34 | D.Lgs81/08 Tit.VIII | D.Lgs81/08 art.34 | GDPR art.13 | GDPR art.28-29 | D.Lgs81/08 Tit.III | D.Lgs81/08 Tit.VI | D.Lgs81/08 art.41,"FORMIX>BIOXIX, SICURIX>ACQUAIX, FORMIX>FRETTIX, CIFRIX>OBLIVIX, ROBOTIX81>VOLTIX, PRIVACIX>FUMIX, CIFRIX>LEAKIX, PRIVACIX>OBLIVIX, CHECKIX>SCIVOLIX, BLINKIX>VOLTIX, CONSENSIX>MULTIX, FORMIX>RUMORIX","Crea una PAGINA A FUMETTI a STORIA COMPLETA, verticale A4 (1024x1536), QUALITA' EDITORIALE DA STAMPA, stile ufficiale 'SICURIX TALES' IDENTICO alle immagini di riferimento allegate (stessi personaggi a mattoncini 3D, stessa impaginazione, stessi colori, stesse rese): minifigure espressive, ambientazioni ricche e dettagliate del settore, luci morbide, profondita', bordi vignetta netti. IMPAGINAZIONE OBBLIGATORIA: da 10 a 12 VIGNETTE numerate che raccontano UNA STORIA con arco narrativo completo (1 situazione normale -> 2-4 arrivano i pericoli coi cattivi -> 5-6 tensione/conseguenza -> 7-9 arriva SICURIX con gli eroi e applica il METODO81+ passo per passo -> 10-11 risoluzione ordinata -> 12 finale). HEADER in alto: SICURIX (mantello, medaglione arancione '81+', bussola) che presenta in un fumetto; grande titolo 'SICURIX TALES'; sottotitolo 'MANIFATTURA: Pericolo vs Soluzione con Metodo 81+'; legenda 3 voci (verde Sicurezza, rosso Rischio, blu 81+ Soluzione); fila di EROI coi nomi: FORMIX, SICURIX, CIFRIX, ROBOTIX81, PRIVACIX, CHECKIX. FOOTER in basso: grande 'Prima vedi. Poi sistemi.'; banner scudo verde 'PROTEGGIAMO. PREVENIAMO. MIGLIORIAMO.' e triangolo rosso 'DISATTENZIONE. RISCHI. COSTI. CAOS.'; logo '81+' + '81plus.net'. TRAMA (usa questi eventi come vignette; se sono meno di 10 aggiungi vignette di contesto, dialogo e reazione per arrivare a 10-12): 1) BIOXIX causa il pericolo 'Formazione base' (Formazione Generale Lavoratori); poi FORMIX+SICURIX applicano il METODO81+; 2) ACQUAIX causa il pericolo 'Infestanti' (Lotta agli Infestanti (Pest Control)); poi SICURIX+SICURIX applicano il METODO81+; 3) FRETTIX causa il pericolo 'Ruolo/Preposto' (Formazione Preposto); poi FORMIX+SICURIX applicano il METODO81+; 4) OBLIVIX causa il pericolo 'Data breach' (Procedura Data Breach); poi CIFRIX+SICURIX applicano il METODO81+; 5) VOLTIX causa il pericolo 'Rumore' (Rischio Rumore); poi ROBOTIX81+SICURIX applicano il METODO81+; 6) FUMIX causa il pericolo 'Ruolo/RSPP' (RSPP / Datore di Lavoro RSPP); poi PRIVACIX+SICURIX applicano il METODO81+; 7) LEAKIX causa il pericolo 'Documento' (Informativa e Consensi); poi CIFRIX+SICURIX applicano il METODO81+; 8) OBLIVIX causa il pericolo 'Nomine' (Nomina Incaricati/Responsabili); poi PRIVACIX+SICURIX applicano il METODO81+; 9) SCIVOLIX causa il pericolo 'Attrezzature' (Attrezzature e Macchine); poi CHECKIX+SICURIX applicano il METODO81+; 10) VOLTIX causa il pericolo 'MMC' (Movimentazione Manuale Carichi); poi BLINKIX+SICURIX applicano il METODO81+; 11) MULTIX causa il pericolo 'Temperature' (Controllo Temperature e Celle); poi CONSENSIX+SICURIX applicano il METODO81+; 12) RUMORIX causa il pericolo 'Sorveglianza sanitaria' (Sorveglianza Sanitaria / Medico Competente); poi FORMIX+SICURIX applicano il METODO81+. PALETTE BRAND ESCLUSIVA: nero #05050A, bianco panna, arancione #FF6A1A/#E8501A; ROSSO solo per 'PERICOLO', VERDE per la checklist 'Metodo 81+'. Logo '81+' ben visibile in OGNI vignetta. REGOLA STORIA: SICURIX NON agisce mai da solo - in OGNI vignetta di soluzione si fa AIUTARE dai suoi colleghi EROI (lavoro di squadra, ognuno col suo ruolo). TESTO: didascalie e fumetti MOLTO BREVI (1-4 parole), GRANDI, centrati, in ITALIANO con ORTOGRAFIA PERFETTA, senza parole inventate, lettere doppie errate o testo tagliato. CATTIVI (coerenti col canone): BIOXIX, ACQUAIX, FRETTIX, OBLIVIX, VOLTIX, FUMIX, LEAKIX, SCIVOLIX, MULTIX, RUMORIX. EROI: FORMIX, SICURIX, CIFRIX, ROBOTIX81, PRIVACIX, CHECKIX, BLINKIX, CONSENSIX. NEGATIVE: nessun marchio LEGO reale, nessun personaggio protetto (Asterix ecc.), niente gore/horror, niente claim assoluti ('rischio zero','garantito','zero multe').",Quello che l'ispettore controlla per primo in Manifattura (e quasi nessuno lo sa),"In Manifattura non e' 'se' arriva il controllo, e' 'quando'. Sei pronto?

In manifattura gli adempimenti obbligatori non aspettano: Formazione base, Infestanti, Ruolo/Preposto, Data breach, Rumore, Ruolo/RSPP, Documento, Nomine, Attrezzature, MMC, Temperature, Sorveglianza sanitaria. In questa pagina TALES OF SICURIX il PERICOLO prende forma... e il METODO81+ lo rimette in ordine, passo dopo passo. Immagina la scena: prima il caos, poi la checklist che sistema tutto. La regola c'e' gia': tu falla lavorare per te.
👉 Iscriviti al corso: Corso lavoratore parte GENERALE 4 ore -> https://81plus.net/?corso=corso-lavoratore-parte-generale-4-ore
▶️ YouTube: youtube.com/@sicurissimo
Contenuto informativo. Prima vedi. Poi sistemi. 81plus.net",Corso lavoratore parte GENERALE 4 ore,https://81plus.net/?corso=corso-lavoratore-parte-generale-4-ore,#TalesOfSicurix #SICURIX #Metodo81 #81plus #Sicurissimo #Sicurezza #HACCP #Privacy #SicurezzaSulLavoro,SICURIX_TALES_310039_1_19_3_25_12_5_21_23_13_10_18_9.webp,https://drive.google.com/drive/folders/1hICKXdl9JTZBL1pemG19oE_661z-EH_k,IMG_ERR
49.31.02,Trasporti/Magazzino,H,Sicurezza+Privacy+Ambientale,11,Documento Valutazione Rischi (DVR) | Formazione Generale Lavoratori | Formazione Specifica (rischio alto) | Informativa e Consensi | Nomina Incaricati/Responsabili | Procedura Data Breach | Registro dei Trattamenti | Gestione Rifiuti e Registro | Rappresentante Lavoratori Sicurezza (RLS) | Formazione Preposto | RSPP / Datore di Lavoro RSPP,D.Lgs81/08 art.28 | Accordo Stato-Regioni | GDPR art.13 | GDPR art.28-29 | GDPR art.33-34 | GDPR art.30 | D.Lgs152/06 | D.Lgs81/08 art.47 | D.Lgs81/08 art.37 | D.Lgs81/08 art.34,"SCUDIX>NONDPIX, FORMIX>OBLIVIX, LUXPECTORIX>FRETTIX, CHECKIX>PERMISSIONIX, CHEFIX>OBLIVIX, HYGIENIX>IMPROVVISIX, CHECKIX>FRETTIX, CONSENSIX>RISKIX, CHEFIX>SCHIACCIX, CIFRIX>CHIMIKIX, ROBOTIX81>BIOXIX","Crea una PAGINA A FUMETTI a STORIA COMPLETA, verticale A4 (1024x1536), QUALITA' EDITORIALE DA STAMPA, stile ufficiale 'SICURIX TALES' IDENTICO alle immagini di riferimento allegate (stessi personaggi a mattoncini 3D, stessa impaginazione, stessi colori, stesse rese): minifigure espressive, ambientazioni ricche e dettagliate del settore, luci morbide, profondita', bordi vignetta netti. IMPAGINAZIONE OBBLIGATORIA: da 10 a 12 VIGNETTE numerate che raccontano UNA STORIA con arco narrativo completo (1 situazione normale -> 2-4 arrivano i pericoli coi cattivi -> 5-6 tensione/conseguenza -> 7-9 arriva SICURIX con gli eroi e applica il METODO81+ passo per passo -> 10-11 risoluzione ordinata -> 12 finale). HEADER in alto: SICURIX (mantello, medaglione arancione '81+', bussola) che presenta in un fumetto; grande titolo 'SICURIX TALES'; sottotitolo 'TRASPORTI/MAGAZZINO: Pericolo vs Soluzione con Metodo 81+'; legenda 3 voci (verde Sicurezza, rosso Rischio, blu 81+ Soluzione); fila di EROI coi nomi: SCUDIX, FORMIX, LUXPECTORIX, CHECKIX, CHEFIX, HYGIENIX. FOOTER in basso: grande 'Prima vedi. Poi sistemi.'; banner scudo verde 'PROTEGGIAMO. PREVENIAMO. MIGLIORIAMO.' e triangolo rosso 'DISATTENZIONE. RISCHI. COSTI. CAOS.'; logo '81+' + '81plus.net'. TRAMA (usa questi eventi come vignette; se sono meno di 10 aggiungi vignette di contesto, dialogo e reazione per arrivare a 10-12): 1) NONDPIX causa il pericolo 'Documento' (Documento Valutazione Rischi (DVR)); poi SCUDIX+SICURIX applicano il METODO81+; 2) OBLIVIX causa il pericolo 'Formazione base' (Formazione Generale Lavoratori); poi FORMIX+SICURIX applicano il METODO81+; 3) FRETTIX causa il pericolo 'Formazione specifica' (Formazione Specifica (rischio alto)); poi LUXPECTORIX+SICURIX applicano il METODO81+; 4) PERMISSIONIX causa il pericolo 'Documento' (Informativa e Consensi); poi CHECKIX+SICURIX applicano il METODO81+; 5) OBLIVIX causa il pericolo 'Nomine' (Nomina Incaricati/Responsabili); poi CHEFIX+SICURIX applicano il METODO81+; 6) IMPROVVISIX causa il pericolo 'Data breach' (Procedura Data Breach); poi HYGIENIX+SICURIX applicano il METODO81+; 7) FRETTIX causa il pericolo 'Registro' (Registro dei Trattamenti); poi CHECKIX+SICURIX applicano il METODO81+; 8) RISKIX causa il pericolo 'Rifiuti' (Gestione Rifiuti e Registro); poi CONSENSIX+SICURIX applicano il METODO81+; 9) SCHIACCIX causa il pericolo 'Ruolo/RLS' (Rappresentante Lavoratori Sicurezza (RLS)); poi CHEFIX+SICURIX applicano il METODO81+; 10) CHIMIKIX causa il pericolo 'Ruolo/Preposto' (Formazione Preposto); poi CIFRIX+SICURIX applicano il METODO81+; 11) BIOXIX causa il pericolo 'Ruolo/RSPP' (RSPP / Datore di Lavoro RSPP); poi ROBOTIX81+SICURIX applicano il METODO81+. PALETTE BRAND ESCLUSIVA: nero #05050A, bianco panna, arancione #FF6A1A/#E8501A; ROSSO solo per 'PERICOLO', VERDE per la checklist 'Metodo 81+'. Logo '81+' ben visibile in OGNI vignetta. REGOLA STORIA: SICURIX NON agisce mai da solo - in OGNI vignetta di soluzione si fa AIUTARE dai suoi colleghi EROI (lavoro di squadra, ognuno col suo ruolo). TESTO: didascalie e fumetti MOLTO BREVI (1-4 parole), GRANDI, centrati, in ITALIANO con ORTOGRAFIA PERFETTA, senza parole inventate, lettere doppie errate o testo tagliato. CATTIVI (coerenti col canone): NONDPIX, OBLIVIX, FRETTIX, PERMISSIONIX, IMPROVVISIX, RISKIX, SCHIACCIX, CHIMIKIX, BIOXIX. EROI: SCUDIX, FORMIX, LUXPECTORIX, CHECKIX, CHEFIX, HYGIENIX, CONSENSIX, CIFRIX, ROBOTIX81. NEGATIVE: nessun marchio LEGO reale, nessun personaggio protetto (Asterix ecc.), niente gore/horror, niente claim assoluti ('rischio zero','garantito','zero multe').",In Trasporti/Magazzino c'e' un obbligo che in tanti scoprono solo con la sanzione,"La differenza tra chi in Trasporti/Magazzino dorme sereno e chi trema al controllo

In trasporti/magazzino gli adempimenti obbligatori non aspettano: Documento, Formazione base, Formazione specifica, Nomine, Data breach, Registro, Rifiuti, Ruolo/RLS, Ruolo/Preposto, Ruolo/RSPP. In questa pagina TALES OF SICURIX il PERICOLO prende forma... e il METODO81+ lo rimette in ordine, passo dopo passo. Immagina la scena: prima il caos, poi la checklist che sistema tutto. Chi si mette in regola prima, dorme meglio dopo.
👉 Iscriviti al corso: Corso lavoratore parte GENERALE 4 ore -> https://81plus.net/?corso=corso-lavoratore-parte-generale-4-ore
▶️ YouTube: youtube.com/@sicurissimo
Contenuto informativo. Prima vedi. Poi sistemi. 81plus.net",Corso lavoratore parte GENERALE 4 ore,https://81plus.net/?corso=corso-lavoratore-parte-generale-4-ore,#TalesOfSicurix #SICURIX #Metodo81 #81plus #Sicurissimo #Sicurezza #Privacy #Ambientale #SicurezzaSulLavoro,SICURIX_TALES_493102_0_1_2_15_17_19_16_20_4_3_5.webp,https://drive.google.com/drive/folders/1hICKXdl9JTZBL1pemG19oE_661z-EH_k,IMG_ERR
11.02.10,Manifattura,C,Sicurezza+Privacy+Ambientale,10,Rappresentante Lavoratori Sicurezza (RLS) | Formazione GDPR | Addetto Primo Soccorso | Registro dei Trattamenti | Formazione Preposto | Rischio Rumore | Nomina Incaricati/Responsabili | Formazione Generale Lavoratori | Gestione Rifiuti e Registro | Documento Valutazione Rischi (DVR),D.Lgs81/08 art.47 | GDPR art.32 | DM 388/2003 | GDPR art.30 | D.Lgs81/08 art.37 | D.Lgs81/08 Tit.VIII | GDPR art.28-29 | Accordo Stato-Regioni | D.Lgs152/06 | D.Lgs81/08 art.28,"ROBOTIX81>ØTIX, DOCUMIX>PERMISSIONIX, DOCUMIX>RISKIX, PRIVACIX>PHISHIX, LUXPECTORIX>BIOXIX, SICURIX>CADUTIX, FORMIX>CAOSIX, TRACCIX>SCIVOLIX, CHECKIX>IMPROVVISIX, CIFRIX>SCHIACCIX","Crea una PAGINA A FUMETTI a STORIA COMPLETA, verticale A4 (1024x1536), QUALITA' EDITORIALE DA STAMPA, stile ufficiale 'SICURIX TALES' IDENTICO alle immagini di riferimento allegate (stessi personaggi a mattoncini 3D, stessa impaginazione, stessi colori, stesse rese): minifigure espressive, ambientazioni ricche e dettagliate del settore, luci morbide, profondita', bordi vignetta netti. IMPAGINAZIONE OBBLIGATORIA: da 10 a 12 VIGNETTE numerate che raccontano UNA STORIA con arco narrativo completo (1 situazione normale -> 2-4 arrivano i pericoli coi cattivi -> 5-6 tensione/conseguenza -> 7-9 arriva SICURIX con gli eroi e applica il METODO81+ passo per passo -> 10-11 risoluzione ordinata -> 12 finale). HEADER in alto: SICURIX (mantello, medaglione arancione '81+', bussola) che presenta in un fumetto; grande titolo 'SICURIX TALES'; sottotitolo 'MANIFATTURA: Pericolo vs Soluzione con Metodo 81+'; legenda 3 voci (verde Sicurezza, rosso Rischio, blu 81+ Soluzione); fila di EROI coi nomi: ROBOTIX81, DOCUMIX, PRIVACIX, LUXPECTORIX, SICURIX, FORMIX. FOOTER in basso: grande 'Prima vedi. Poi sistemi.'; banner scudo verde 'PROTEGGIAMO. PREVENIAMO. MIGLIORIAMO.' e triangolo rosso 'DISATTENZIONE. RISCHI. COSTI. CAOS.'; logo '81+' + '81plus.net'. TRAMA (usa questi eventi come vignette; se sono meno di 10 aggiungi vignette di contesto, dialogo e reazione per arrivare a 10-12): 1) ØTIX causa il pericolo 'Ruolo/RLS' (Rappresentante Lavoratori Sicurezza (RLS)); poi ROBOTIX81+SICURIX applicano il METODO81+; 2) PERMISSIONIX causa il pericolo 'Formazione' (Formazione GDPR); poi DOCUMIX+SICURIX applicano il METODO81+; 3) RISKIX causa il pericolo 'Emergenze/Soccorso' (Addetto Primo Soccorso); poi DOCUMIX+SICURIX applicano il METODO81+; 4) PHISHIX causa il pericolo 'Registro' (Registro dei Trattamenti); poi PRIVACIX+SICURIX applicano il METODO81+; 5) BIOXIX causa il pericolo 'Ruolo/Preposto' (Formazione Preposto); poi LUXPECTORIX+SICURIX applicano il METODO81+; 6) CADUTIX causa il pericolo 'Rumore' (Rischio Rumore); poi SICURIX+SICURIX applicano il METODO81+; 7) CAOSIX causa il pericolo 'Nomine' (Nomina Incaricati/Responsabili); poi FORMIX+SICURIX applicano il METODO81+; 8) SCIVOLIX causa il pericolo 'Formazione base' (Formazione Generale Lavoratori); poi TRACCIX+SICURIX applicano il METODO81+; 9) IMPROVVISIX causa il pericolo 'Rifiuti' (Gestione Rifiuti e Registro); poi CHECKIX+SICURIX applicano il METODO81+; 10) SCHIACCIX causa il pericolo 'Documento' (Documento Valutazione Rischi (DVR)); poi CIFRIX+SICURIX applicano il METODO81+. PALETTE BRAND ESCLUSIVA: nero #05050A, bianco panna, arancione #FF6A1A/#E8501A; ROSSO solo per 'PERICOLO', VERDE per la checklist 'Metodo 81+'. Logo '81+' ben visibile in OGNI vignetta. REGOLA STORIA: SICURIX NON agisce mai da solo - in OGNI vignetta di soluzione si fa AIUTARE dai suoi colleghi EROI (lavoro di squadra, ognuno col suo ruolo). TESTO: didascalie e fumetti MOLTO BREVI (1-4 parole), GRANDI, centrati, in ITALIANO con ORTOGRAFIA PERFETTA, senza parole inventate, lettere doppie errate o testo tagliato. CATTIVI (coerenti col canone): ØTIX, PERMISSIONIX, RISKIX, PHISHIX, BIOXIX, CADUTIX, CAOSIX, SCIVOLIX, IMPROVVISIX, SCHIACCIX. EROI: ROBOTIX81, DOCUMIX, PRIVACIX, LUXPECTORIX, SICURIX, FORMIX, TRACCIX, CHECKIX, CIFRIX. NEGATIVE: nessun marchio LEGO reale, nessun personaggio protetto (Asterix ecc.), niente gore/horror, niente claim assoluti ('rischio zero','garantito','zero multe').","In Manifattura non e' 'se' arriva il controllo, e' 'quando'. Sei pronto?","Quello che l'ispettore controlla per primo in Manifattura (e quasi nessuno lo sa)

In manifattura gli adempimenti obbligatori non aspettano: Ruolo/RLS, Formazione, Emergenze/Soccorso, Registro, Ruolo/Preposto, Rumore, Nomine, Formazione base, Rifiuti, Documento. In questa pagina TALES OF SICURIX il PERICOLO prende forma... e il METODO81+ lo rimette in ordine, passo dopo passo. Immagina la scena: prima il caos, poi la checklist che sistema tutto. Chi si mette in regola prima, dorme meglio dopo.
👉 Iscriviti al corso: Corso RLS -> https://81plus.net/?corso=corso-rls
▶️ YouTube: youtube.com/@sicurissimo
Contenuto informativo. Prima vedi. Poi sistemi. 81plus.net",Corso RLS,https://81plus.net/?corso=corso-rls,#TalesOfSicurix #SICURIX #Metodo81 #81plus #Sicurissimo #Sicurezza #Privacy #Ambientale #SicurezzaSulLavoro,SICURIX_TALES_110210_4_24_6_22_3_12_23_1_26_0.webp,https://drive.google.com/drive/folders/1hICKXdl9JTZBL1pemG19oE_661z-EH_k,IMG_ERR
28.12.00,Manifattura,C,Sicurezza+HACCP+Privacy,10,Documento Valutazione Rischi (DVR) | Controllo Temperature e Celle | Sorveglianza Sanitaria / Medico Competente | Stress Lavoro-Correlato | Gestione Allergeni | Lotta agli Infestanti (Pest Control) | Addetto Antincendio | Nomina Incaricati/Responsabili | Piano di Sanificazione | Informativa e Consensi,D.Lgs81/08 art.28 | Reg.CE 852/2004 | D.Lgs81/08 art.41 | Reg.UE 1169/2011 | DM 2/9/2021 | GDPR art.28-29 | GDPR art.13,"SICURIX>NONDPIX, CONSENSIX>SCADUTIX, TRACCIX>SCIVOLIX, CHEFIX>MULTIX, PREPOSTIX>SPORCKIX, DOCUMIX>CROSSIX, PRIVACIX>CAOSIX, CHEFIX>HACKIX, SICURIX>ACQUAIX, CHECKIX>CAOSIX","Crea una PAGINA A FUMETTI a STORIA COMPLETA, verticale A4 (1024x1536), QUALITA' EDITORIALE DA STAMPA, stile ufficiale 'SICURIX TALES' IDENTICO alle immagini di riferimento allegate (stessi personaggi a mattoncini 3D, stessa impaginazione, stessi colori, stesse rese): minifigure espressive, ambientazioni ricche e dettagliate del settore, luci morbide, profondita', bordi vignetta netti. IMPAGINAZIONE OBBLIGATORIA: da 10 a 12 VIGNETTE numerate che raccontano UNA STORIA con arco narrativo completo (1 situazione normale -> 2-4 arrivano i pericoli coi cattivi -> 5-6 tensione/conseguenza -> 7-9 arriva SICURIX con gli eroi e applica il METODO81+ passo per passo -> 10-11 risoluzione ordinata -> 12 finale). HEADER in alto: SICURIX (mantello, medaglione arancione '81+', bussola) che presenta in un fumetto; grande titolo 'SICURIX TALES'; sottotitolo 'MANIFATTURA: Pericolo vs Soluzione con Metodo 81+'; legenda 3 voci (verde Sicurezza, rosso Rischio, blu 81+ Soluzione); fila di EROI coi nomi: SICURIX, CONSENSIX, TRACCIX, CHEFIX, PREPOSTIX, DOCUMIX. FOOTER in basso: grande 'Prima vedi. Poi sistemi.'; banner scudo verde 'PROTEGGIAMO. PREVENIAMO. MIGLIORIAMO.' e triangolo rosso 'DISATTENZIONE. RISCHI. COSTI. CAOS.'; logo '81+' + '81plus.net'. TRAMA (usa questi eventi come vignette; se sono meno di 10 aggiungi vignette di contesto, dialogo e reazione per arrivare a 10-12): 1) NONDPIX causa il pericolo 'Documento' (Documento Valutazione Rischi (DVR)); poi SICURIX+SICURIX applicano il METODO81+; 2) SCADUTIX causa il pericolo 'Temperature' (Controllo Temperature e Celle); poi CONSENSIX+SICURIX applicano il METODO81+; 3) SCIVOLIX causa il pericolo 'Sorveglianza sanitaria' (Sorveglianza Sanitaria / Medico Competente); poi TRACCIX+SICURIX applicano il METODO81+; 4) MULTIX causa il pericolo 'Stress' (Stress Lavoro-Correlato); poi CHEFIX+SICURIX applicano il METODO81+; 5) SPORCKIX causa il pericolo 'Allergeni' (Gestione Allergeni); poi PREPOSTIX+SICURIX applicano il METODO81+; 6) CROSSIX causa il pericolo 'Infestanti' (Lotta agli Infestanti (Pest Control)); poi DOCUMIX+SICURIX applicano il METODO81+; 7) CAOSIX causa il pericolo 'Emergenze/Incendio' (Addetto Antincendio); poi PRIVACIX+SICURIX applicano il METODO81+; 8) HACKIX causa il pericolo 'Nomine' (Nomina Incaricati/Responsabili); poi CHEFIX+SICURIX applicano il METODO81+; 9) ACQUAIX causa il pericolo 'Sanificazione' (Piano di Sanificazione); poi SICURIX+SICURIX applicano il METODO81+; 10) CAOSIX causa il pericolo 'Documento' (Informativa e Consensi); poi CHECKIX+SICURIX applicano il METODO81+. PALETTE BRAND ESCLUSIVA: nero #05050A, bianco panna, arancione #FF6A1A/#E8501A; ROSSO solo per 'PERICOLO', VERDE per la checklist 'Metodo 81+'. Logo '81+' ben visibile in OGNI vignetta. REGOLA STORIA: SICURIX NON agisce mai da solo - in OGNI vignetta di soluzione si fa AIUTARE dai suoi colleghi EROI (lavoro di squadra, ognuno col suo ruolo). TESTO: didascalie e fumetti MOLTO BREVI (1-4 parole), GRANDI, centrati, in ITALIANO con ORTOGRAFIA PERFETTA, senza parole inventate, lettere doppie errate o testo tagliato. CATTIVI (coerenti col canone): NONDPIX, SCADUTIX, SCIVOLIX, MULTIX, SPORCKIX, CROSSIX, CAOSIX, HACKIX, ACQUAIX. EROI: SICURIX, CONSENSIX, TRACCIX, CHEFIX, PREPOSTIX, DOCUMIX, PRIVACIX, CHECKIX. NEGATIVE: nessun marchio LEGO reale, nessun personaggio protetto (Asterix ecc.), niente gore/horror, niente claim assoluti ('rischio zero','garantito','zero multe').",La differenza tra chi in Manifattura dorme sereno e chi trema al controllo,"In Manifattura non e' 'se' arriva il controllo, e' 'quando'. Sei pronto?

In manifattura gli adempimenti obbligatori non aspettano: Documento, Temperature, Sorveglianza sanitaria, Stress, Allergeni, Infestanti, Emergenze/Incendio, Nomine, Sanificazione. In questa pagina TALES OF SICURIX il PERICOLO prende forma... e il METODO81+ lo rimette in ordine, passo dopo passo. Immagina la scena: prima il caos, poi la checklist che sistema tutto. La regola c'e' gia': tu falla lavorare per te.
👉 Iscriviti al corso: Corso lavoratore parte GENERALE 4 ore -> https://81plus.net/?corso=corso-lavoratore-parte-generale-4-ore
▶️ YouTube: youtube.com/@sicurissimo
Contenuto informativo. Prima vedi. Poi sistemi. 81plus.net",Corso lavoratore parte GENERALE 4 ore,https://81plus.net/?corso=corso-lavoratore-parte-generale-4-ore,#TalesOfSicurix #SICURIX #Metodo81 #81plus #Sicurissimo #Sicurezza #HACCP #Privacy #SicurezzaSulLavoro,SICURIX_TALES_281200_0_18_9_11_20_19_7_23_16_21.webp,https://drive.google.com/drive/folders/1hICKXdl9JTZBL1pemG19oE_661z-EH_k,IMG_ERR
47.23.00,Commercio,G,HACCP+Privacy+Sicurezza,11,Rintracciabilita ed Etichettatura | Lotta agli Infestanti (Pest Control) | Informativa e Consensi | Procedura Data Breach | Controllo Temperature e Celle | Stress Lavoro-Correlato | Rappresentante Lavoratori Sicurezza (RLS) | Formazione Preposto | Formazione Specifica (rischio medio) | Documento Valutazione Rischi (DVR) | Movimentazione Manuale Carichi,Reg.CE 178/2002 | Reg.CE 852/2004 | GDPR art.13 | GDPR art.33-34 | D.Lgs81/08 art.28 | D.Lgs81/08 art.47 | D.Lgs81/08 art.37 | Accordo Stato-Regioni | D.Lgs81/08 Tit.VI,"DOCUMIX>SPORCKIX, CONSENSIX>MULTIX, SCUDIX>RISKIX, CHEFIX>RISKIX, PREPOSTIX>CAOSIX, SCUDIX>IMPROVVISIX, DOCUMIX>CADUTIX, CHECKIX>BIOXIX, CONSENSIX>FUMIX, BLINKIX>ØTIX, SCUDIX>IMPROVVISIX","Crea una PAGINA A FUMETTI a STORIA COMPLETA, verticale A4 (1024x1536), QUALITA' EDITORIALE DA STAMPA, stile ufficiale 'SICURIX TALES' IDENTICO alle immagini di riferimento allegate (stessi personaggi a mattoncini 3D, stessa impaginazione, stessi colori, stesse rese): minifigure espressive, ambientazioni ricche e dettagliate del settore, luci morbide, profondita', bordi vignetta netti. IMPAGINAZIONE OBBLIGATORIA: da 10 a 12 VIGNETTE numerate che raccontano UNA STORIA con arco narrativo completo (1 situazione normale -> 2-4 arrivano i pericoli coi cattivi -> 5-6 tensione/conseguenza -> 7-9 arriva SICURIX con gli eroi e applica il METODO81+ passo per passo -> 10-11 risoluzione ordinata -> 12 finale). HEADER in alto: SICURIX (mantello, medaglione arancione '81+', bussola) che presenta in un fumetto; grande titolo 'SICURIX TALES'; sottotitolo 'COMMERCIO: Pericolo vs Soluzione con Metodo 81+'; legenda 3 voci (verde Sicurezza, rosso Rischio, blu 81+ Soluzione); fila di EROI coi nomi: DOCUMIX, CONSENSIX, SCUDIX, CHEFIX, PREPOSTIX, CHECKIX. FOOTER in basso: grande 'Prima vedi. Poi sistemi.'; banner scudo verde 'PROTEGGIAMO. PREVENIAMO. MIGLIORIAMO.' e triangolo rosso 'DISATTENZIONE. RISCHI. COSTI. CAOS.'; logo '81+' + '81plus.net'. TRAMA (usa questi eventi come vignette; se sono meno di 10 aggiungi vignette di contesto, dialogo e reazione per arrivare a 10-12): 1) SPORCKIX causa il pericolo 'Rintracciabilita' (Rintracciabilita ed Etichettatura); poi DOCUMIX+SICURIX applicano il METODO81+; 2) MULTIX causa il pericolo 'Infestanti' (Lotta agli Infestanti (Pest Control)); poi CONSENSIX+SICURIX applicano il METODO81+; 3) RISKIX causa il pericolo 'Documento' (Informativa e Consensi); poi SCUDIX+SICURIX applicano il METODO81+; 4) RISKIX causa il pericolo 'Data breach' (Procedura Data Breach); poi CHEFIX+SICURIX applicano il METODO81+; 5) CAOSIX causa il pericolo 'Temperature' (Controllo Temperature e Celle); poi PREPOSTIX+SICURIX applicano il METODO81+; 6) IMPROVVISIX causa il pericolo 'Stress' (Stress Lavoro-Correlato); poi SCUDIX+SICURIX applicano il METODO81+; 7) CADUTIX causa il pericolo 'Ruolo/RLS' (Rappresentante Lavoratori Sicurezza (RLS)); poi DOCUMIX+SICURIX applicano il METODO81+; 8) BIOXIX causa il pericolo 'Ruolo/Preposto' (Formazione Preposto); poi CHECKIX+SICURIX applicano il METODO81+; 9) FUMIX causa il pericolo 'Formazione specifica' (Formazione Specifica (rischio medio)); poi CONSENSIX+SICURIX applicano il METODO81+; 10) ØTIX causa il pericolo 'Documento' (Documento Valutazione Rischi (DVR)); poi BLINKIX+SICURIX applicano il METODO81+; 11) IMPROVVISIX causa il pericolo 'MMC' (Movimentazione Manuale Carichi); poi SCUDIX+SICURIX applicano il METODO81+. PALETTE BRAND ESCLUSIVA: nero #05050A, bianco panna, arancione #FF6A1A/#E8501A; ROSSO solo per 'PERICOLO', VERDE per la checklist 'Metodo 81+'. Logo '81+' ben visibile in OGNI vignetta. REGOLA STORIA: SICURIX NON agisce mai da solo - in OGNI vignetta di soluzione si fa AIUTARE dai suoi colleghi EROI (lavoro di squadra, ognuno col suo ruolo). TESTO: didascalie e fumetti MOLTO BREVI (1-4 parole), GRANDI, centrati, in ITALIANO con ORTOGRAFIA PERFETTA, senza parole inventate, lettere doppie errate o testo tagliato. CATTIVI (coerenti col canone): SPORCKIX, MULTIX, RISKIX, CAOSIX, IMPROVVISIX, CADUTIX, BIOXIX, FUMIX, ØTIX. EROI: DOCUMIX, CONSENSIX, SCUDIX, CHEFIX, PREPOSTIX, CHECKIX, BLINKIX. NEGATIVE: nessun marchio LEGO reale, nessun personaggio protetto (Asterix ecc.), niente gore/horror, niente claim assoluti ('rischio zero','garantito','zero multe').",Quello che l'ispettore controlla per primo in Commercio (e quasi nessuno lo sa),"Quello che l'ispettore controlla per primo in Commercio (e quasi nessuno lo sa)

In commercio gli adempimenti obbligatori non aspettano: Rintracciabilita, Infestanti, Documento, Data breach, Temperature, Stress, Ruolo/RLS, Ruolo/Preposto, Formazione specifica, MMC. In questa pagina TALES OF SICURIX il PERICOLO prende forma... e il METODO81+ lo rimette in ordine, passo dopo passo. Immagina la scena: prima il caos, poi la checklist che sistema tutto. Non e' burocrazia: e' la tua tranquillita.
👉 Iscriviti al corso: Manuale di rintracciabilità -> https://81plus.net/?corso=manuale-di-rintracciabilit
▶️ YouTube: youtube.com/@sicurissimo
Contenuto informativo. Prima vedi. Poi sistemi. 81plus.net",Manuale di rintracciabilità,https://81plus.net/?corso=manuale-di-rintracciabilit,#TalesOfSicurix #SICURIX #Metodo81 #81plus #Sicurissimo #HACCP #Privacy #Sicurezza #SicurezzaSulLavoro,SICURIX_TALES_472300_15_17_19_23_16_11_4_3_2_0_10.webp,https://drive.google.com/drive/folders/1hICKXdl9JTZBL1pemG19oE_661z-EH_k,IMG_ERR
16.23.01,Manifattura,C,HACCP+Sicurezza+Privacy+Ambientale,10,Rintracciabilita ed Etichettatura | Documento Valutazione Rischi (DVR) | Piano di Sanificazione | Rischio Rumore | Formazione GDPR | Formazione Ambientale | Procedura Data Breach | Formazione Preposto | Movimentazione Manuale Carichi | Gestione Rifiuti e Registro,Reg.CE 178/2002 | D.Lgs81/08 art.28 | Reg.CE 852/2004 | D.Lgs81/08 Tit.VIII | GDPR art.32 | D.Lgs152/06 | GDPR art.33-34 | D.Lgs81/08 art.37 | D.Lgs81/08 Tit.VI,"SICURIX>OBLIVIX, DOCUMIX>ØTIX, TRACCIX>TEMPORIX, PRIVACIX>CADUTIX, TRACCIX>CANCELIX, SICURIX>MULTIX, LUXPECTORIX>RISKIX, DOCUMIX>SOTTOVALUTIX, ROBOTIX81>CHIMIKIX, TRACCIX>IMPROVVISIX","Crea una PAGINA A FUMETTI a STORIA COMPLETA, verticale A4 (1024x1536), QUALITA' EDITORIALE DA STAMPA, stile ufficiale 'SICURIX TALES' IDENTICO alle immagini di riferimento allegate (stessi personaggi a mattoncini 3D, stessa impaginazione, stessi colori, stesse rese): minifigure espressive, ambientazioni ricche e dettagliate del settore, luci morbide, profondita', bordi vignetta netti. IMPAGINAZIONE OBBLIGATORIA: da 10 a 12 VIGNETTE numerate che raccontano UNA STORIA con arco narrativo completo (1 situazione normale -> 2-4 arrivano i pericoli coi cattivi -> 5-6 tensione/conseguenza -> 7-9 arriva SICURIX con gli eroi e applica il METODO81+ passo per passo -> 10-11 risoluzione ordinata -> 12 finale). HEADER in alto: SICURIX (mantello, medaglione arancione '81+', bussola) che presenta in un fumetto; grande titolo 'SICURIX TALES'; sottotitolo 'MANIFATTURA: Pericolo vs Soluzione con Metodo 81+'; legenda 3 voci (verde Sicurezza, rosso Rischio, blu 81+ Soluzione); fila di EROI coi nomi: SICURIX, DOCUMIX, TRACCIX, PRIVACIX, LUXPECTORIX, ROBOTIX81. FOOTER in basso: grande 'Prima vedi. Poi sistemi.'; banner scudo verde 'PROTEGGIAMO. PREVENIAMO. MIGLIORIAMO.' e triangolo rosso 'DISATTENZIONE. RISCHI. COSTI. CAOS.'; logo '81+' + '81plus.net'. TRAMA (usa questi eventi come vignette; se sono meno di 10 aggiungi vignette di contesto, dialogo e reazione per arrivare a 10-12): 1) OBLIVIX causa il pericolo 'Rintracciabilita' (Rintracciabilita ed Etichettatura); poi SICURIX+SICURIX applicano il METODO81+; 2) ØTIX causa il pericolo 'Documento' (Documento Valutazione Rischi (DVR)); poi DOCUMIX+SICURIX applicano il METODO81+; 3) TEMPORIX causa il pericolo 'Sanificazione' (Piano di Sanificazione); poi TRACCIX+SICURIX applicano il METODO81+; 4) CADUTIX causa il pericolo 'Rumore' (Rischio Rumore); poi PRIVACIX+SICURIX applicano il METODO81+; 5) CANCELIX causa il pericolo 'Formazione' (Formazione GDPR); poi TRACCIX+SICURIX applicano il METODO81+; 6) MULTIX causa il pericolo 'Formazione' (Formazione Ambientale); poi SICURIX+SICURIX applicano il METODO81+; 7) RISKIX causa il pericolo 'Data breach' (Procedura Data Breach); poi LUXPECTORIX+SICURIX applicano il METODO81+; 8) SOTTOVALUTIX causa il pericolo 'Ruolo/Preposto' (Formazione Preposto); poi DOCUMIX+SICURIX applicano il METODO81+; 9) CHIMIKIX causa il pericolo 'MMC' (Movimentazione Manuale Carichi); poi ROBOTIX81+SICURIX applicano il METODO81+; 10) IMPROVVISIX causa il pericolo 'Rifiuti' (Gestione Rifiuti e Registro); poi TRACCIX+SICURIX applicano il METODO81+. PALETTE BRAND ESCLUSIVA: nero #05050A, bianco panna, arancione #FF6A1A/#E8501A; ROSSO solo per 'PERICOLO', VERDE per la checklist 'Metodo 81+'. Logo '81+' ben visibile in OGNI vignetta. REGOLA STORIA: SICURIX NON agisce mai da solo - in OGNI vignetta di soluzione si fa AIUTARE dai suoi colleghi EROI (lavoro di squadra, ognuno col suo ruolo). TESTO: didascalie e fumetti MOLTO BREVI (1-4 parole), GRANDI, centrati, in ITALIANO con ORTOGRAFIA PERFETTA, senza parole inventate, lettere doppie errate o testo tagliato. CATTIVI (coerenti col canone): OBLIVIX, ØTIX, TEMPORIX, CADUTIX, CANCELIX, MULTIX, RISKIX, SOTTOVALUTIX, CHIMIKIX, IMPROVVISIX. EROI: SICURIX, DOCUMIX, TRACCIX, PRIVACIX, LUXPECTORIX, ROBOTIX81. NEGATIVE: nessun marchio LEGO reale, nessun personaggio protetto (Asterix ecc.), niente gore/horror, niente claim assoluti ('rischio zero','garantito','zero multe').",In Manifattura c'e' un obbligo che in tanti scoprono solo con la sanzione,"In Manifattura non e' 'se' arriva il controllo, e' 'quando'. Sei pronto?

In manifattura gli adempimenti obbligatori non aspettano: Rintracciabilita, Documento, Sanificazione, Rumore, Formazione, Data breach, Ruolo/Preposto, MMC, Rifiuti. In questa pagina TALES OF SICURIX il PERICOLO prende forma... e il METODO81+ lo rimette in ordine, passo dopo passo. Immagina la scena: prima il caos, poi la checklist che sistema tutto. La regola c'e' gia': tu falla lavorare per te.
👉 Iscriviti al corso: Manuale di rintracciabilità -> https://81plus.net/?corso=manuale-di-rintracciabilit
▶️ YouTube: youtube.com/@sicurissimo
Contenuto informativo. Prima vedi. Poi sistemi. 81plus.net",Manuale di rintracciabilità,https://81plus.net/?corso=manuale-di-rintracciabilit,#TalesOfSicurix #SICURIX #Metodo81 #81plus #Sicurissimo #HACCP #Sicurezza #Privacy #Ambientale #SicurezzaSulLavoro,SICURIX_TALES_162301_17_0_16_12_24_27_25_3_10_26.webp,https://drive.google.com/drive/folders/1hICKXdl9JTZBL1pemG19oE_661z-EH_k,IMG_ERR
18.14.00,Manifattura,C,Sicurezza+HACCP+Privacy,10,Formazione Generale Lavoratori | Formazione Preposto | Documento Valutazione Rischi (DVR) | Gestione Allergeni | RSPP / Datore di Lavoro RSPP | Piano di Sanificazione | Registro dei Trattamenti | Attrezzature e Macchine | Uso e Formazione DPI | Sorveglianza Sanitaria / Medico Competente,Accordo Stato-Regioni | D.Lgs81/08 art.37 | D.Lgs81/08 art.28 | Reg.UE 1169/2011 | D.Lgs81/08 art.34 | Reg.CE 852/2004 | GDPR art.30 | D.Lgs81/08 Tit.III | D.Lgs81/08 art.77 | D.Lgs81/08 art.41,"CHEFIX>CHIMIKIX, PRIVACIX>FRETTIX, SCUDIX>RUMORIX, TRACCIX>CROSSIX, CHEFIX>VOLTIX, FORMIX>SPORCKIX, TRACCIX>CAOSIX, SICURIX>SEGNALEX, LUXPECTORIX>RUMORIX, SCUDIX>CAOSIX","Crea una PAGINA A FUMETTI a STORIA COMPLETA, verticale A4 (1024x1536), QUALITA' EDITORIALE DA STAMPA, stile ufficiale 'SICURIX TALES' IDENTICO alle immagini di riferimento allegate (stessi personaggi a mattoncini 3D, stessa impaginazione, stessi colori, stesse rese): minifigure espressive, ambientazioni ricche e dettagliate del settore, luci morbide, profondita', bordi vignetta netti. IMPAGINAZIONE OBBLIGATORIA: da 10 a 12 VIGNETTE numerate che raccontano UNA STORIA con arco narrativo completo (1 situazione normale -> 2-4 arrivano i pericoli coi cattivi -> 5-6 tensione/conseguenza -> 7-9 arriva SICURIX con gli eroi e applica il METODO81+ passo per passo -> 10-11 risoluzione ordinata -> 12 finale). HEADER in alto: SICURIX (mantello, medaglione arancione '81+', bussola) che presenta in un fumetto; grande titolo 'SICURIX TALES'; sottotitolo 'MANIFATTURA: Pericolo vs Soluzione con Metodo 81+'; legenda 3 voci (verde Sicurezza, rosso Rischio, blu 81+ Soluzione); fila di EROI coi nomi: CHEFIX, PRIVACIX, SCUDIX, TRACCIX, FORMIX, SICURIX. FOOTER in basso: grande 'Prima vedi. Poi sistemi.'; banner scudo verde 'PROTEGGIAMO. PREVENIAMO. MIGLIORIAMO.' e triangolo rosso 'DISATTENZIONE. RISCHI. COSTI. CAOS.'; logo '81+' + '81plus.net'. TRAMA (usa questi eventi come vignette; se sono meno di 10 aggiungi vignette di contesto, dialogo e reazione per arrivare a 10-12): 1) CHIMIKIX causa il pericolo 'Formazione base' (Formazione Generale Lavoratori); poi CHEFIX+SICURIX applicano il METODO81+; 2) FRETTIX causa il pericolo 'Ruolo/Preposto' (Formazione Preposto); poi PRIVACIX+SICURIX applicano il METODO81+; 3) RUMORIX causa il pericolo 'Documento' (Documento Valutazione Rischi (DVR)); poi SCUDIX+SICURIX applicano il METODO81+; 4) CROSSIX causa il pericolo 'Allergeni' (Gestione Allergeni); poi TRACCIX+SICURIX applicano il METODO81+; 5) VOLTIX causa il pericolo 'Ruolo/RSPP' (RSPP / Datore di Lavoro RSPP); poi CHEFIX+SICURIX applicano il METODO81+; 6) SPORCKIX causa il pericolo 'Sanificazione' (Piano di Sanificazione); poi FORMIX+SICURIX applicano il METODO81+; 7) CAOSIX causa il pericolo 'Registro' (Registro dei Trattamenti); poi TRACCIX+SICURIX applicano il METODO81+; 8) SEGNALEX causa il pericolo 'Attrezzature' (Attrezzature e Macchine); poi SICURIX+SICURIX applicano il METODO81+; 9) RUMORIX causa il pericolo 'DPI' (Uso e Formazione DPI); poi LUXPECTORIX+SICURIX applicano il METODO81+; 10) CAOSIX causa il pericolo 'Sorveglianza sanitaria' (Sorveglianza Sanitaria / Medico Competente); poi SCUDIX+SICURIX applicano il METODO81+. PALETTE BRAND ESCLUSIVA: nero #05050A, bianco panna, arancione #FF6A1A/#E8501A; ROSSO solo per 'PERICOLO', VERDE per la checklist 'Metodo 81+'. Logo '81+' ben visibile in OGNI vignetta. REGOLA STORIA: SICURIX NON agisce mai da solo - in OGNI vignetta di soluzione si fa AIUTARE dai suoi colleghi EROI (lavoro di squadra, ognuno col suo ruolo). TESTO: didascalie e fumetti MOLTO BREVI (1-4 parole), GRANDI, centrati, in ITALIANO con ORTOGRAFIA PERFETTA, senza parole inventate, lettere doppie errate o testo tagliato. CATTIVI (coerenti col canone): CHIMIKIX, FRETTIX, RUMORIX, CROSSIX, VOLTIX, SPORCKIX, CAOSIX, SEGNALEX. EROI: CHEFIX, PRIVACIX, SCUDIX, TRACCIX, FORMIX, SICURIX, LUXPECTORIX. NEGATIVE: nessun marchio LEGO reale, nessun personaggio protetto (Asterix ecc.), niente gore/horror, niente claim assoluti ('rischio zero','garantito','zero multe').",La differenza tra chi in Manifattura dorme sereno e chi trema al controllo,"Manifattura: 3 minuti oggi o un problema enorme domani. Scegli tu.

In manifattura gli adempimenti obbligatori non aspettano: Formazione base, Ruolo/Preposto, Documento, Allergeni, Ruolo/RSPP, Sanificazione, Registro, Attrezzature, DPI, Sorveglianza sanitaria. In questa pagina TALES OF SICURIX il PERICOLO prende forma... e il METODO81+ lo rimette in ordine, passo dopo passo. Immagina la scena: prima il caos, poi la checklist che sistema tutto. La regola c'e' gia': tu falla lavorare per te.
👉 Iscriviti al corso: Corso lavoratore parte GENERALE 4 ore -> https://81plus.net/?corso=corso-lavoratore-parte-generale-4-ore
▶️ YouTube: youtube.com/@sicurissimo
Contenuto informativo. Prima vedi. Poi sistemi. 81plus.net",Corso lavoratore parte GENERALE 4 ore,https://81plus.net/?corso=corso-lavoratore-parte-generale-4-ore,#TalesOfSicurix #SICURIX #Metodo81 #81plus #Sicurissimo #Sicurezza #HACCP #Privacy #SicurezzaSulLavoro,SICURIX_TALES_181400_1_3_0_20_5_16_22_13_8_9.webp,https://drive.google.com/drive/folders/1hICKXdl9JTZBL1pemG19oE_661z-EH_k,IMG_ERR
96.10.21,Famiglie datori,T,Sicurezza+Privacy,12,Formazione Generale Lavoratori | Procedura Data Breach | Rappresentante Lavoratori Sicurezza (RLS) | Informativa e Consensi | Nomina Incaricati/Responsabili | Formazione Preposto | Formazione GDPR | Documento Valutazione Rischi (DVR) | Addetto Antincendio | Registro dei Trattamenti | Addetto Primo Soccorso | RSPP / Datore di Lavoro RSPP,Accordo Stato-Regioni | GDPR art.33-34 | D.Lgs81/08 art.47 | GDPR art.13 | GDPR art.28-29 | D.Lgs81/08 art.37 | GDPR art.32 | D.Lgs81/08 art.28 | DM 2/9/2021 | GDPR art.30 | DM 388/2003 | D.Lgs81/08 art.34,"CHECKIX>FUMIX, ROBOTIX81>LEAKIX, SICURIX>SCHIACCIX, PREPOSTIX>RISKIX, CHECKIX>CANCELIX, SCUDIX>FRETTIX, DOCUMIX>PERMISSIONIX, SICURIX>IMPROVVISIX, CHECKIX>CHIMIKIX, SCUDIX>MULTIX, FORMIX>VOLTIX, HYGIENIX>POLVERIX","Crea una PAGINA A FUMETTI a STORIA COMPLETA, verticale A4 (1024x1536), QUALITA' EDITORIALE DA STAMPA, stile ufficiale 'SICURIX TALES' IDENTICO alle immagini di riferimento allegate (stessi personaggi a mattoncini 3D, stessa impaginazione, stessi colori, stesse rese): minifigure espressive, ambientazioni ricche e dettagliate del settore, luci morbide, profondita', bordi vignetta netti. IMPAGINAZIONE OBBLIGATORIA: da 10 a 12 VIGNETTE numerate che raccontano UNA STORIA con arco narrativo completo (1 situazione normale -> 2-4 arrivano i pericoli coi cattivi -> 5-6 tensione/conseguenza -> 7-9 arriva SICURIX con gli eroi e applica il METODO81+ passo per passo -> 10-11 risoluzione ordinata -> 12 finale). HEADER in alto: SICURIX (mantello, medaglione arancione '81+', bussola) che presenta in un fumetto; grande titolo 'SICURIX TALES'; sottotitolo 'FAMIGLIE DATORI: Pericolo vs Soluzione con Metodo 81+'; legenda 3 voci (verde Sicurezza, rosso Rischio, blu 81+ Soluzione); fila di EROI coi nomi: CHECKIX, ROBOTIX81, SICURIX, PREPOSTIX, SCUDIX, DOCUMIX. FOOTER in basso: grande 'Prima vedi. Poi sistemi.'; banner scudo verde 'PROTEGGIAMO. PREVENIAMO. MIGLIORIAMO.' e triangolo rosso 'DISATTENZIONE. RISCHI. COSTI. CAOS.'; logo '81+' + '81plus.net'. TRAMA (usa questi eventi come vignette; se sono meno di 10 aggiungi vignette di contesto, dialogo e reazione per arrivare a 10-12): 1) FUMIX causa il pericolo 'Formazione base' (Formazione Generale Lavoratori); poi CHECKIX+SICURIX applicano il METODO81+; 2) LEAKIX causa il pericolo 'Data breach' (Procedura Data Breach); poi ROBOTIX81+SICURIX applicano il METODO81+; 3) SCHIACCIX causa il pericolo 'Ruolo/RLS' (Rappresentante Lavoratori Sicurezza (RLS)); poi SICURIX+SICURIX applicano il METODO81+; 4) RISKIX causa il pericolo 'Documento' (Informativa e Consensi); poi PREPOSTIX+SICURIX applicano il METODO81+; 5) CANCELIX causa il pericolo 'Nomine' (Nomina Incaricati/Responsabili); poi CHECKIX+SICURIX applicano il METODO81+; 6) FRETTIX causa il pericolo 'Ruolo/Preposto' (Formazione Preposto); poi SCUDIX+SICURIX applicano il METODO81+; 7) PERMISSIONIX causa il pericolo 'Formazione' (Formazione GDPR); poi DOCUMIX+SICURIX applicano il METODO81+; 8) IMPROVVISIX causa il pericolo 'Documento' (Documento Valutazione Rischi (DVR)); poi SICURIX+SICURIX applicano il METODO81+; 9) CHIMIKIX causa il pericolo 'Emergenze/Incendio' (Addetto Antincendio); poi CHECKIX+SICURIX applicano il METODO81+; 10) MULTIX causa il pericolo 'Registro' (Registro dei Trattamenti); poi SCUDIX+SICURIX applicano il METODO81+; 11) VOLTIX causa il pericolo 'Emergenze/Soccorso' (Addetto Primo Soccorso); poi FORMIX+SICURIX applicano il METODO81+; 12) POLVERIX causa il pericolo 'Ruolo/RSPP' (RSPP / Datore di Lavoro RSPP); poi HYGIENIX+SICURIX applicano il METODO81+. PALETTE BRAND ESCLUSIVA: nero #05050A, bianco panna, arancione #FF6A1A/#E8501A; ROSSO solo per 'PERICOLO', VERDE per la checklist 'Metodo 81+'. Logo '81+' ben visibile in OGNI vignetta. REGOLA STORIA: SICURIX NON agisce mai da solo - in OGNI vignetta di soluzione si fa AIUTARE dai suoi colleghi EROI (lavoro di squadra, ognuno col suo ruolo). TESTO: didascalie e fumetti MOLTO BREVI (1-4 parole), GRANDI, centrati, in ITALIANO con ORTOGRAFIA PERFETTA, senza parole inventate, lettere doppie errate o testo tagliato. CATTIVI (coerenti col canone): FUMIX, LEAKIX, SCHIACCIX, RISKIX, CANCELIX, FRETTIX, PERMISSIONIX, IMPROVVISIX, CHIMIKIX, MULTIX, VOLTIX, POLVERIX. EROI: CHECKIX, ROBOTIX81, SICURIX, PREPOSTIX, SCUDIX, DOCUMIX, FORMIX, HYGIENIX. NEGATIVE: nessun marchio LEGO reale, nessun personaggio protetto (Asterix ecc.), niente gore/horror, niente claim assoluti ('rischio zero','garantito','zero multe').",Famiglie datori: 3 minuti oggi o un problema enorme domani. Scegli tu.,"In Famiglie datori c'e' un obbligo che in tanti scoprono solo con la sanzione

In famiglie datori gli adempimenti obbligatori non aspettano: Formazione base, Data breach, Ruolo/RLS, Documento, Nomine, Ruolo/Preposto, Formazione, Emergenze/Incendio, Registro, Emergenze/Soccorso, Ruolo/RSPP. In questa pagina TALES OF SICURIX il PERICOLO prende forma... e il METODO81+ lo rimette in ordine, passo dopo passo. Immagina la scena: prima il caos, poi la checklist che sistema tutto. La regola c'e' gia': tu falla lavorare per te.
👉 Iscriviti al corso: Corso lavoratore parte GENERALE 4 ore -> https://81plus.net/?corso=corso-lavoratore-parte-generale-4-ore
▶️ YouTube: youtube.com/@sicurissimo
Contenuto informativo. Prima vedi. Poi sistemi. 81plus.net",Corso lavoratore parte GENERALE 4 ore,https://81plus.net/?corso=corso-lavoratore-parte-generale-4-ore,#TalesOfSicurix #SICURIX #Metodo81 #81plus #Sicurissimo #Sicurezza #Privacy #SicurezzaSulLavoro,SICURIX_TALES_961021_1_13_4_9_11_3_12_0_7_10_6_5.webp,https://drive.google.com/drive/folders/1hICKXdl9JTZBL1pemG19oE_661z-EH_k,IMG_ERR
01.62.09,Agricoltura,A,HACCP+Sicurezza+Ambientale+Privacy,11,Controllo Temperature e Celle | Uso e Formazione DPI | Sorveglianza Sanitaria / Medico Competente | Gestione Rifiuti e Registro | Movimentazione Manuale Carichi | Gestione Allergeni | Lotta agli Infestanti (Pest Control) | Formazione Ambientale | Rintracciabilita ed Etichettatura | Corso Alimentarista | Nomina Incaricati/Responsabili,Reg.CE 852/2004 | D.Lgs81/08 art.77 | D.Lgs81/08 art.41 | D.Lgs152/06 | D.Lgs81/08 Tit.VI | Reg.UE 1169/2011 | Reg.CE 178/2002 | GDPR art.28-29,"CONSENSIX>DOSAGIX, CIFRIX>IMPROVVISIX, CIFRIX>POLVERIX, SCUDIX>RISKIX, SICURIX>SOTTOVALUTIX, FORMIX>DOSAGIX, SICURIX>MULTIX, PRIVACIX>IMPROVVISIX, SCUDIX>MULTIX, CHEFIX>IMPROVVISIX, ROBOTIX81>MULTIX","Crea una PAGINA A FUMETTI a STORIA COMPLETA, verticale A4 (1024x1536), QUALITA' EDITORIALE DA STAMPA, stile ufficiale 'SICURIX TALES' IDENTICO alle immagini di riferimento allegate (stessi personaggi a mattoncini 3D, stessa impaginazione, stessi colori, stesse rese): minifigure espressive, ambientazioni ricche e dettagliate del settore, luci morbide, profondita', bordi vignetta netti. IMPAGINAZIONE OBBLIGATORIA: da 10 a 12 VIGNETTE numerate che raccontano UNA STORIA con arco narrativo completo (1 situazione normale -> 2-4 arrivano i pericoli coi cattivi -> 5-6 tensione/conseguenza -> 7-9 arriva SICURIX con gli eroi e applica il METODO81+ passo per passo -> 10-11 risoluzione ordinata -> 12 finale). HEADER in alto: SICURIX (mantello, medaglione arancione '81+', bussola) che presenta in un fumetto; grande titolo 'SICURIX TALES'; sottotitolo 'AGRICOLTURA: Pericolo vs Soluzione con Metodo 81+'; legenda 3 voci (verde Sicurezza, rosso Rischio, blu 81+ Soluzione); fila di EROI coi nomi: CONSENSIX, CIFRIX, SCUDIX, SICURIX, FORMIX, PRIVACIX. FOOTER in basso: grande 'Prima vedi. Poi sistemi.'; banner scudo verde 'PROTEGGIAMO. PREVENIAMO. MIGLIORIAMO.' e triangolo rosso 'DISATTENZIONE. RISCHI. COSTI. CAOS.'; logo '81+' + '81plus.net'. TRAMA (usa questi eventi come vignette; se sono meno di 10 aggiungi vignette di contesto, dialogo e reazione per arrivare a 10-12): 1) DOSAGIX causa il pericolo 'Temperature' (Controllo Temperature e Celle); poi CONSENSIX+SICURIX applicano il METODO81+; 2) IMPROVVISIX causa il pericolo 'DPI' (Uso e Formazione DPI); poi CIFRIX+SICURIX applicano il METODO81+; 3) POLVERIX causa il pericolo 'Sorveglianza sanitaria' (Sorveglianza Sanitaria / Medico Competente); poi CIFRIX+SICURIX applicano il METODO81+; 4) RISKIX causa il pericolo 'Rifiuti' (Gestione Rifiuti e Registro); poi SCUDIX+SICURIX applicano il METODO81+; 5) SOTTOVALUTIX causa il pericolo 'MMC' (Movimentazione Manuale Carichi); poi SICURIX+SICURIX applicano il METODO81+; 6) DOSAGIX causa il pericolo 'Allergeni' (Gestione Allergeni); poi FORMIX+SICURIX applicano il METODO81+; 7) MULTIX causa il pericolo 'Infestanti' (Lotta agli Infestanti (Pest Control)); poi SICURIX+SICURIX applicano il METODO81+; 8) IMPROVVISIX causa il pericolo 'Formazione' (Formazione Ambientale); poi PRIVACIX+SICURIX applicano il METODO81+; 9) MULTIX causa il pericolo 'Rintracciabilita' (Rintracciabilita ed Etichettatura); poi SCUDIX+SICURIX applicano il METODO81+; 10) IMPROVVISIX causa il pericolo 'Corso' (Corso Alimentarista); poi CHEFIX+SICURIX applicano il METODO81+; 11) MULTIX causa il pericolo 'Nomine' (Nomina Incaricati/Responsabili); poi ROBOTIX81+SICURIX applicano il METODO81+. PALETTE BRAND ESCLUSIVA: nero #05050A, bianco panna, arancione #FF6A1A/#E8501A; ROSSO solo per 'PERICOLO', VERDE per la checklist 'Metodo 81+'. Logo '81+' ben visibile in OGNI vignetta. REGOLA STORIA: SICURIX NON agisce mai da solo - in OGNI vignetta di soluzione si fa AIUTARE dai suoi colleghi EROI (lavoro di squadra, ognuno col suo ruolo). TESTO: didascalie e fumetti MOLTO BREVI (1-4 parole), GRANDI, centrati, in ITALIANO con ORTOGRAFIA PERFETTA, senza parole inventate, lettere doppie errate o testo tagliato. CATTIVI (coerenti col canone): DOSAGIX, IMPROVVISIX, POLVERIX, RISKIX, SOTTOVALUTIX, MULTIX. EROI: CONSENSIX, CIFRIX, SCUDIX, SICURIX, FORMIX, PRIVACIX, CHEFIX, ROBOTIX81. NEGATIVE: nessun marchio LEGO reale, nessun personaggio protetto (Asterix ecc.), niente gore/horror, niente claim assoluti ('rischio zero','garantito','zero multe').",Quello che l'ispettore controlla per primo in Agricoltura (e quasi nessuno lo sa),"In Agricoltura c'e' un obbligo che in tanti scoprono solo con la sanzione

In agricoltura gli adempimenti obbligatori non aspettano: Temperature, DPI, Sorveglianza sanitaria, Rifiuti, MMC, Allergeni, Infestanti, Formazione, Rintracciabilita, Corso, Nomine. In questa pagina TALES OF SICURIX il PERICOLO prende forma... e il METODO81+ lo rimette in ordine, passo dopo passo. Immagina la scena: prima il caos, poi la checklist che sistema tutto. La regola c'e' gia': tu falla lavorare per te.
👉 Iscriviti al corso: Le esecuzioni civili, le procedure concorsuali e i servizi di cancelleria -> https://81plus.net/?corso=le-esecuzioni-civili-le-procedure-concorsuali-e-i-servizi-di
▶️ YouTube: youtube.com/@sicurissimo
Contenuto informativo. Prima vedi. Poi sistemi. 81plus.net","Le esecuzioni civili, le procedure concorsuali e i servizi di cancelleria",https://81plus.net/?corso=le-esecuzioni-civili-le-procedure-concorsuali-e-i-servizi-di,#TalesOfSicurix #SICURIX #Metodo81 #81plus #Sicurissimo #HACCP #Sicurezza #Ambientale #Privacy #SicurezzaSulLavoro,SICURIX_TALES_016209_18_8_9_26_10_20_19_27_17_15_23.webp,https://drive.google.com/drive/folders/1hICKXdl9JTZBL1pemG19oE_661z-EH_k,IMG_ERR
64.32.00,Immobiliare,L,Privacy+Sicurezza,10,Nomina Incaricati/Responsabili | Addetto Antincendio | Formazione Specifica (rischio basso) | Rappresentante Lavoratori Sicurezza (RLS) | Formazione Generale Lavoratori | Procedura Data Breach | Informativa e Consensi | Documento Valutazione Rischi (DVR) | Uso e Formazione DPI | Registro dei Trattamenti,GDPR art.28-29 | DM 2/9/2021 | Accordo Stato-Regioni | D.Lgs81/08 art.47 | GDPR art.33-34 | GDPR art.13 | D.Lgs81/08 art.28 | D.Lgs81/08 art.77 | GDPR art.30,"TRACCIX>SPYIX, ROBOTIX81>NONDPIX, HYGIENIX>CHIMIKIX, CONSENSIX>CHIMIKIX, HYGIENIX>SOTTOVALUTIX, ROBOTIX81>OBLIVIX, PREPOSTIX>PERMISSIONIX, FORMIX>VOLTIX, TRACCIX>RUMORIX, TRACCIX>RISKIX","Crea una PAGINA A FUMETTI a STORIA COMPLETA, verticale A4 (1024x1536), QUALITA' EDITORIALE DA STAMPA, stile ufficiale 'SICURIX TALES' IDENTICO alle immagini di riferimento allegate (stessi personaggi a mattoncini 3D, stessa impaginazione, stessi colori, stesse rese): minifigure espressive, ambientazioni ricche e dettagliate del settore, luci morbide, profondita', bordi vignetta netti. IMPAGINAZIONE OBBLIGATORIA: da 10 a 12 VIGNETTE numerate che raccontano UNA STORIA con arco narrativo completo (1 situazione normale -> 2-4 arrivano i pericoli coi cattivi -> 5-6 tensione/conseguenza -> 7-9 arriva SICURIX con gli eroi e applica il METODO81+ passo per passo -> 10-11 risoluzione ordinata -> 12 finale). HEADER in alto: SICURIX (mantello, medaglione arancione '81+', bussola) che presenta in un fumetto; grande titolo 'SICURIX TALES'; sottotitolo 'IMMOBILIARE: Pericolo vs Soluzione con Metodo 81+'; legenda 3 voci (verde Sicurezza, rosso Rischio, blu 81+ Soluzione); fila di EROI coi nomi: TRACCIX, ROBOTIX81, HYGIENIX, CONSENSIX, PREPOSTIX, FORMIX. FOOTER in basso: grande 'Prima vedi. Poi sistemi.'; banner scudo verde 'PROTEGGIAMO. PREVENIAMO. MIGLIORIAMO.' e triangolo rosso 'DISATTENZIONE. RISCHI. COSTI. CAOS.'; logo '81+' + '81plus.net'. TRAMA (usa questi eventi come vignette; se sono meno di 10 aggiungi vignette di contesto, dialogo e reazione per arrivare a 10-12): 1) SPYIX causa il pericolo 'Nomine' (Nomina Incaricati/Responsabili); poi TRACCIX+SICURIX applicano il METODO81+; 2) NONDPIX causa il pericolo 'Emergenze/Incendio' (Addetto Antincendio); poi ROBOTIX81+SICURIX applicano il METODO81+; 3) CHIMIKIX causa il pericolo 'Formazione specifica' (Formazione Specifica (rischio basso)); poi HYGIENIX+SICURIX applicano il METODO81+; 4) CHIMIKIX causa il pericolo 'Ruolo/RLS' (Rappresentante Lavoratori Sicurezza (RLS)); poi CONSENSIX+SICURIX applicano il METODO81+; 5) SOTTOVALUTIX causa il pericolo 'Formazione base' (Formazione Generale Lavoratori); poi HYGIENIX+SICURIX applicano il METODO81+; 6) OBLIVIX causa il pericolo 'Data breach' (Procedura Data Breach); poi ROBOTIX81+SICURIX applicano il METODO81+; 7) PERMISSIONIX causa il pericolo 'Documento' (Informativa e Consensi); poi PREPOSTIX+SICURIX applicano il METODO81+; 8) VOLTIX causa il pericolo 'Documento' (Documento Valutazione Rischi (DVR)); poi FORMIX+SICURIX applicano il METODO81+; 9) RUMORIX causa il pericolo 'DPI' (Uso e Formazione DPI); poi TRACCIX+SICURIX applicano il METODO81+; 10) RISKIX causa il pericolo 'Registro' (Registro dei Trattamenti); poi TRACCIX+SICURIX applicano il METODO81+. PALETTE BRAND ESCLUSIVA: nero #05050A, bianco panna, arancione #FF6A1A/#E8501A; ROSSO solo per 'PERICOLO', VERDE per la checklist 'Metodo 81+'. Logo '81+' ben visibile in OGNI vignetta. REGOLA STORIA: SICURIX NON agisce mai da solo - in OGNI vignetta di soluzione si fa AIUTARE dai suoi colleghi EROI (lavoro di squadra, ognuno col suo ruolo). TESTO: didascalie e fumetti MOLTO BREVI (1-4 parole), GRANDI, centrati, in ITALIANO con ORTOGRAFIA PERFETTA, senza parole inventate, lettere doppie errate o testo tagliato. CATTIVI (coerenti col canone): SPYIX, NONDPIX, CHIMIKIX, SOTTOVALUTIX, OBLIVIX, PERMISSIONIX, VOLTIX, RUMORIX, RISKIX. EROI: TRACCIX, ROBOTIX81, HYGIENIX, CONSENSIX, PREPOSTIX, FORMIX. NEGATIVE: nessun marchio LEGO reale, nessun personaggio protetto (Asterix ecc.), niente gore/horror, niente claim assoluti ('rischio zero','garantito','zero multe').",Quello che l'ispettore controlla per primo in Immobiliare (e quasi nessuno lo sa),"In Immobiliare c'e' un obbligo che in tanti scoprono solo con la sanzione

In immobiliare gli adempimenti obbligatori non aspettano: Nomine, Emergenze/Incendio, Formazione specifica, Ruolo/RLS, Formazione base, Data breach, Documento, DPI, Registro. In questa pagina TALES OF SICURIX il PERICOLO prende forma... e il METODO81+ lo rimette in ordine, passo dopo passo. Immagina la scena: prima il caos, poi la checklist che sistema tutto. Mettere ordine ora costa poco. Rimediare dopo costa caro.
👉 Iscriviti al corso: Corso privacy destinato ai lavoratori -> https://81plus.net/?corso=corso-privacy-destinato-ai-lavoratori
▶️ YouTube: youtube.com/@sicurissimo
Contenuto informativo. Prima vedi. Poi sistemi. 81plus.net",Corso privacy destinato ai lavoratori,https://81plus.net/?corso=corso-privacy-destinato-ai-lavoratori,#TalesOfSicurix #SICURIX #Metodo81 #81plus #Sicurissimo #Privacy #Sicurezza #SicurezzaSulLavoro,SICURIX_TALES_643200_11_7_2_4_1_13_9_0_8_10.webp,https://drive.google.com/drive/folders/1hICKXdl9JTZBL1pemG19oE_661z-EH_k,IMG_ERR
56.21.02,Alloggio/Ristorazione,I,HACCP+Sicurezza+Privacy,10,Piano di Sanificazione | Corso Alimentarista | Stress Lavoro-Correlato | Registro dei Trattamenti | Informativa e Consensi | Gestione Allergeni | Formazione Generale Lavoratori | Videosorveglianza a norma | Sorveglianza Sanitaria / Medico Competente | Addetto Antincendio,Reg.CE 852/2004 | D.Lgs81/08 art.28 | GDPR art.30 | GDPR art.13 | Reg.UE 1169/2011 | Accordo Stato-Regioni | Provv.Garante | D.Lgs81/08 art.41 | DM 2/9/2021,"CHECKIX>MESCOLIX, CHECKIX>OBLIVIX, CHECKIX>ØTIX, CIFRIX>CANCELIX, ROBOTIX81>CAOSIX, CONSENSIX>MESCOLIX, ROBOTIX81>OBLIVIX, CONSENSIX>PERMISSIONIX, SICURIX>VOLTIX, CHEFIX>SCIVOLIX","Crea una PAGINA A FUMETTI a STORIA COMPLETA, verticale A4 (1024x1536), QUALITA' EDITORIALE DA STAMPA, stile ufficiale 'SICURIX TALES' IDENTICO alle immagini di riferimento allegate (stessi personaggi a mattoncini 3D, stessa impaginazione, stessi colori, stesse rese): minifigure espressive, ambientazioni ricche e dettagliate del settore, luci morbide, profondita', bordi vignetta netti. IMPAGINAZIONE OBBLIGATORIA: da 10 a 12 VIGNETTE numerate che raccontano UNA STORIA con arco narrativo completo (1 situazione normale -> 2-4 arrivano i pericoli coi cattivi -> 5-6 tensione/conseguenza -> 7-9 arriva SICURIX con gli eroi e applica il METODO81+ passo per passo -> 10-11 risoluzione ordinata -> 12 finale). HEADER in alto: SICURIX (mantello, medaglione arancione '81+', bussola) che presenta in un fumetto; grande titolo 'SICURIX TALES'; sottotitolo 'ALLOGGIO/RISTORAZIONE: Pericolo vs Soluzione con Metodo 81+'; legenda 3 voci (verde Sicurezza, rosso Rischio, blu 81+ Soluzione); fila di EROI coi nomi: CHECKIX, CIFRIX, ROBOTIX81, CONSENSIX, SICURIX, CHEFIX. FOOTER in basso: grande 'Prima vedi. Poi sistemi.'; banner scudo verde 'PROTEGGIAMO. PREVENIAMO. MIGLIORIAMO.' e triangolo rosso 'DISATTENZIONE. RISCHI. COSTI. CAOS.'; logo '81+' + '81plus.net'. TRAMA (usa questi eventi come vignette; se sono meno di 10 aggiungi vignette di contesto, dialogo e reazione per arrivare a 10-12): 1) MESCOLIX causa il pericolo 'Sanificazione' (Piano di Sanificazione); poi CHECKIX+SICURIX applicano il METODO81+; 2) OBLIVIX causa il pericolo 'Corso' (Corso Alimentarista); poi CHECKIX+SICURIX applicano il METODO81+; 3) ØTIX causa il pericolo 'Stress' (Stress Lavoro-Correlato); poi CHECKIX+SICURIX applicano il METODO81+; 4) CANCELIX causa il pericolo 'Registro' (Registro dei Trattamenti); poi CIFRIX+SICURIX applicano il METODO81+; 5) CAOSIX causa il pericolo 'Documento' (Informativa e Consensi); poi ROBOTIX81+SICURIX applicano il METODO81+; 6) MESCOLIX causa il pericolo 'Allergeni' (Gestione Allergeni); poi CONSENSIX+SICURIX applicano il METODO81+; 7) OBLIVIX causa il pericolo 'Formazione base' (Formazione Generale Lavoratori); poi ROBOTIX81+SICURIX applicano il METODO81+; 8) PERMISSIONIX causa il pericolo 'Videosorveglianza' (Videosorveglianza a norma); poi CONSENSIX+SICURIX applicano il METODO81+; 9) VOLTIX causa il pericolo 'Sorveglianza sanitaria' (Sorveglianza Sanitaria / Medico Competente); poi SICURIX+SICURIX applicano il METODO81+; 10) SCIVOLIX causa il pericolo 'Emergenze/Incendio' (Addetto Antincendio); poi CHEFIX+SICURIX applicano il METODO81+. PALETTE BRAND ESCLUSIVA: nero #05050A, bianco panna, arancione #FF6A1A/#E8501A; ROSSO solo per 'PERICOLO', VERDE per la checklist 'Metodo 81+'. Logo '81+' ben visibile in OGNI vignetta. REGOLA STORIA: SICURIX NON agisce mai da solo - in OGNI vignetta di soluzione si fa AIUTARE dai suoi colleghi EROI (lavoro di squadra, ognuno col suo ruolo). TESTO: didascalie e fumetti MOLTO BREVI (1-4 parole), GRANDI, centrati, in ITALIANO con ORTOGRAFIA PERFETTA, senza parole inventate, lettere doppie errate o testo tagliato. CATTIVI (coerenti col canone): MESCOLIX, OBLIVIX, ØTIX, CANCELIX, CAOSIX, PERMISSIONIX, VOLTIX, SCIVOLIX. EROI: CHECKIX, CIFRIX, ROBOTIX81, CONSENSIX, SICURIX, CHEFIX. NEGATIVE: nessun marchio LEGO reale, nessun personaggio protetto (Asterix ecc.), niente gore/horror, niente claim assoluti ('rischio zero','garantito','zero multe').",La differenza tra chi in Alloggio/Ristorazione dorme sereno e chi trema al controllo,"La differenza tra chi in Alloggio/Ristorazione dorme sereno e chi trema al controllo

In alloggio/ristorazione gli adempimenti obbligatori non aspettano: Sanificazione, Corso, Stress, Registro, Documento, Allergeni, Formazione base, Videosorveglianza, Sorveglianza sanitaria, Emergenze/Incendio. In questa pagina TALES OF SICURIX il PERICOLO prende forma... e il METODO81+ lo rimette in ordine, passo dopo passo. Immagina la scena: prima il caos, poi la checklist che sistema tutto. La regola c'e' gia': tu falla lavorare per te.
👉 Iscriviti al corso: Corso per addetto operazioni di pulizia e sanificazione aziendale rischio Covid-19 -> https://81plus.net/?corso=corso-per-addetto-operazioni-di-pulizia-e-sanificazione-azie
▶️ YouTube: youtube.com/@sicurissimo
Contenuto informativo. Prima vedi. Poi sistemi. 81plus.net",Corso per addetto operazioni di pulizia e sanificazione aziendale rischio Covid-19,https://81plus.net/?corso=corso-per-addetto-operazioni-di-pulizia-e-sanificazione-azie,#TalesOfSicurix #SICURIX #Metodo81 #81plus #Sicurissimo #HACCP #Sicurezza #Privacy #SicurezzaSulLavoro,SICURIX_TALES_562102_14_13_11_20_19_18_1_24_9_7.webp,https://drive.google.com/drive/folders/1hICKXdl9JTZBL1pemG19oE_661z-EH_k,IMG_ERR
33.12.99,Manifattura,C,Privacy+Sicurezza+HACCP+Ambientale,10,Procedura Data Breach | Documento Valutazione Rischi (DVR) | Informativa e Consensi | Manuale HACCP di Autocontrollo | Addetto Antincendio | Attrezzature e Macchine | Lotta agli Infestanti (Pest Control) | Rappresentante Lavoratori Sicurezza (RLS) | Corso Alimentarista | Formazione Ambientale,GDPR art.33-34 | D.Lgs81/08 art.28 | GDPR art.13 | Reg.CE 852/2004 | DM 2/9/2021 | D.Lgs81/08 Tit.III | D.Lgs81/08 art.47 | D.Lgs152/06,"BLINKIX>SPYIX, CONSENSIX>BIOXIX, PRIVACIX>LEAKIX, SCUDIX>RISKIX, TRACCIX>CHIMIKIX, CONSENSIX>CHIMIKIX, TRACCIX>MULTIX, CHECKIX>SEGNALEX, CONSENSIX>TEMPORIX, PREPOSTIX>FRETTIX","Crea una PAGINA A FUMETTI a STORIA COMPLETA, verticale A4 (1024x1536), QUALITA' EDITORIALE DA STAMPA, stile ufficiale 'SICURIX TALES' IDENTICO alle immagini di riferimento allegate (stessi personaggi a mattoncini 3D, stessa impaginazione, stessi colori, stesse rese): minifigure espressive, ambientazioni ricche e dettagliate del settore, luci morbide, profondita', bordi vignetta netti. IMPAGINAZIONE OBBLIGATORIA: da 10 a 12 VIGNETTE numerate che raccontano UNA STORIA con arco narrativo completo (1 situazione normale -> 2-4 arrivano i pericoli coi cattivi -> 5-6 tensione/conseguenza -> 7-9 arriva SICURIX con gli eroi e applica il METODO81+ passo per passo -> 10-11 risoluzione ordinata -> 12 finale). HEADER in alto: SICURIX (mantello, medaglione arancione '81+', bussola) che presenta in un fumetto; grande titolo 'SICURIX TALES'; sottotitolo 'MANIFATTURA: Pericolo vs Soluzione con Metodo 81+'; legenda 3 voci (verde Sicurezza, rosso Rischio, blu 81+ Soluzione); fila di EROI coi nomi: BLINKIX, CONSENSIX, PRIVACIX, SCUDIX, TRACCIX, CHECKIX. FOOTER in basso: grande 'Prima vedi. Poi sistemi.'; banner scudo verde 'PROTEGGIAMO. PREVENIAMO. MIGLIORIAMO.' e triangolo rosso 'DISATTENZIONE. RISCHI. COSTI. CAOS.'; logo '81+' + '81plus.net'. TRAMA (usa questi eventi come vignette; se sono meno di 10 aggiungi vignette di contesto, dialogo e reazione per arrivare a 10-12): 1) SPYIX causa il pericolo 'Data breach' (Procedura Data Breach); poi BLINKIX+SICURIX applicano il METODO81+; 2) BIOXIX causa il pericolo 'Documento' (Documento Valutazione Rischi (DVR)); poi CONSENSIX+SICURIX applicano il METODO81+; 3) LEAKIX causa il pericolo 'Documento' (Informativa e Consensi); poi PRIVACIX+SICURIX applicano il METODO81+; 4) RISKIX causa il pericolo 'Documento' (Manuale HACCP di Autocontrollo); poi SCUDIX+SICURIX applicano il METODO81+; 5) CHIMIKIX causa il pericolo 'Emergenze/Incendio' (Addetto Antincendio); poi TRACCIX+SICURIX applicano il METODO81+; 6) CHIMIKIX causa il pericolo 'Attrezzature' (Attrezzature e Macchine); poi CONSENSIX+SICURIX applicano il METODO81+; 7) MULTIX causa il pericolo 'Infestanti' (Lotta agli Infestanti (Pest Control)); poi TRACCIX+SICURIX applicano il METODO81+; 8) SEGNALEX causa il pericolo 'Ruolo/RLS' (Rappresentante Lavoratori Sicurezza (RLS)); poi CHECKIX+SICURIX applicano il METODO81+; 9) TEMPORIX causa il pericolo 'Corso' (Corso Alimentarista); poi CONSENSIX+SICURIX applicano il METODO81+; 10) FRETTIX causa il pericolo 'Formazione' (Formazione Ambientale); poi PREPOSTIX+SICURIX applicano il METODO81+. PALETTE BRAND ESCLUSIVA: nero #05050A, bianco panna, arancione #FF6A1A/#E8501A; ROSSO solo per 'PERICOLO', VERDE per la checklist 'Metodo 81+'. Logo '81+' ben visibile in OGNI vignetta. REGOLA STORIA: SICURIX NON agisce mai da solo - in OGNI vignetta di soluzione si fa AIUTARE dai suoi colleghi EROI (lavoro di squadra, ognuno col suo ruolo). TESTO: didascalie e fumetti MOLTO BREVI (1-4 parole), GRANDI, centrati, in ITALIANO con ORTOGRAFIA PERFETTA, senza parole inventate, lettere doppie errate o testo tagliato. CATTIVI (coerenti col canone): SPYIX, BIOXIX, LEAKIX, RISKIX, CHIMIKIX, MULTIX, SEGNALEX, TEMPORIX, FRETTIX. EROI: BLINKIX, CONSENSIX, PRIVACIX, SCUDIX, TRACCIX, CHECKIX, PREPOSTIX. NEGATIVE: nessun marchio LEGO reale, nessun personaggio protetto (Asterix ecc.), niente gore/horror, niente claim assoluti ('rischio zero','garantito','zero multe').",Manifattura: 3 minuti oggi o un problema enorme domani. Scegli tu.,"In Manifattura c'e' un obbligo che in tanti scoprono solo con la sanzione

In manifattura gli adempimenti obbligatori non aspettano: Data breach, Documento, Emergenze/Incendio, Attrezzature, Infestanti, Ruolo/RLS, Corso, Formazione. In questa pagina TALES OF SICURIX il PERICOLO prende forma... e il METODO81+ lo rimette in ordine, passo dopo passo. Immagina la scena: prima il caos, poi la checklist che sistema tutto. Chi si mette in regola prima, dorme meglio dopo.
👉 Iscriviti al corso: Corso privacy destinato ai lavoratori -> https://81plus.net/?corso=corso-privacy-destinato-ai-lavoratori
▶️ YouTube: youtube.com/@sicurissimo
Contenuto informativo. Prima vedi. Poi sistemi. 81plus.net",Corso privacy destinato ai lavoratori,https://81plus.net/?corso=corso-privacy-destinato-ai-lavoratori,#TalesOfSicurix #SICURIX #Metodo81 #81plus #Sicurissimo #Privacy #Sicurezza #HACCP #Ambientale #SicurezzaSulLavoro,SICURIX_TALES_331299_25_0_21_14_7_13_19_4_15_27.webp,https://drive.google.com/drive/folders/1hICKXdl9JTZBL1pemG19oE_661z-EH_k,IMG_ERR
23.62.00,Manifattura,C,HACCP+Sicurezza+Privacy,12,Manuale HACCP di Autocontrollo | Piano di Sanificazione | Gestione Allergeni | Controllo Temperature e Celle | Formazione Preposto | Informativa e Consensi | Formazione Generale Lavoratori | Attrezzature e Macchine | Rintracciabilita ed Etichettatura | Lavori in Quota e Ponteggi | RSPP / Datore di Lavoro RSPP | Corso Alimentarista,Reg.CE 852/2004 | Reg.UE 1169/2011 | D.Lgs81/08 art.37 | GDPR art.13 | Accordo Stato-Regioni | D.Lgs81/08 Tit.III | Reg.CE 178/2002 | D.Lgs81/08 Tit.IV | D.Lgs81/08 art.34,"SCUDIX>IMPROVVISIX, ROBOTIX81>TEMPORIX, SCUDIX>CAOSIX, PRIVACIX>MESCOLIX, TRACCIX>FUMIX, CIFRIX>HACKIX, CIFRIX>ØTIX, DOCUMIX>IMPROVVISIX, ROBOTIX81>DOSAGIX, FORMIX>OBLIVIX, CHECKIX>NONDPIX, CHECKIX>CAOSIX","Crea una PAGINA A FUMETTI a STORIA COMPLETA, verticale A4 (1024x1536), QUALITA' EDITORIALE DA STAMPA, stile ufficiale 'SICURIX TALES' IDENTICO alle immagini di riferimento allegate (stessi personaggi a mattoncini 3D, stessa impaginazione, stessi colori, stesse rese): minifigure espressive, ambientazioni ricche e dettagliate del settore, luci morbide, profondita', bordi vignetta netti. IMPAGINAZIONE OBBLIGATORIA: da 10 a 12 VIGNETTE numerate che raccontano UNA STORIA con arco narrativo completo (1 situazione normale -> 2-4 arrivano i pericoli coi cattivi -> 5-6 tensione/conseguenza -> 7-9 arriva SICURIX con gli eroi e applica il METODO81+ passo per passo -> 10-11 risoluzione ordinata -> 12 finale). HEADER in alto: SICURIX (mantello, medaglione arancione '81+', bussola) che presenta in un fumetto; grande titolo 'SICURIX TALES'; sottotitolo 'MANIFATTURA: Pericolo vs Soluzione con Metodo 81+'; legenda 3 voci (verde Sicurezza, rosso Rischio, blu 81+ Soluzione); fila di EROI coi nomi: SCUDIX, ROBOTIX81, PRIVACIX, TRACCIX, CIFRIX, DOCUMIX. FOOTER in basso: grande 'Prima vedi. Poi sistemi.'; banner scudo verde 'PROTEGGIAMO. PREVENIAMO. MIGLIORIAMO.' e triangolo rosso 'DISATTENZIONE. RISCHI. COSTI. CAOS.'; logo '81+' + '81plus.net'. TRAMA (usa questi eventi come vignette; se sono meno di 10 aggiungi vignette di contesto, dialogo e reazione per arrivare a 10-12): 1) IMPROVVISIX causa il pericolo 'Documento' (Manuale HACCP di Autocontrollo); poi SCUDIX+SICURIX applicano il METODO81+; 2) TEMPORIX causa il pericolo 'Sanificazione' (Piano di Sanificazione); poi ROBOTIX81+SICURIX applicano il METODO81+; 3) CAOSIX causa il pericolo 'Allergeni' (Gestione Allergeni); poi SCUDIX+SICURIX applicano il METODO81+; 4) MESCOLIX causa il pericolo 'Temperature' (Controllo Temperature e Celle); poi PRIVACIX+SICURIX applicano il METODO81+; 5) FUMIX causa il pericolo 'Ruolo/Preposto' (Formazione Preposto); poi TRACCIX+SICURIX applicano il METODO81+; 6) HACKIX causa il pericolo 'Documento' (Informativa e Consensi); poi CIFRIX+SICURIX applicano il METODO81+; 7) ØTIX causa il pericolo 'Formazione base' (Formazione Generale Lavoratori); poi CIFRIX+SICURIX applicano il METODO81+; 8) IMPROVVISIX causa il pericolo 'Attrezzature' (Attrezzature e Macchine); poi DOCUMIX+SICURIX applicano il METODO81+; 9) DOSAGIX causa il pericolo 'Rintracciabilita' (Rintracciabilita ed Etichettatura); poi ROBOTIX81+SICURIX applicano il METODO81+; 10) OBLIVIX causa il pericolo 'Lavori in quota' (Lavori in Quota e Ponteggi); poi FORMIX+SICURIX applicano il METODO81+; 11) NONDPIX causa il pericolo 'Ruolo/RSPP' (RSPP / Datore di Lavoro RSPP); poi CHECKIX+SICURIX applicano il METODO81+; 12) CAOSIX causa il pericolo 'Corso' (Corso Alimentarista); poi CHECKIX+SICURIX applicano il METODO81+. PALETTE BRAND ESCLUSIVA: nero #05050A, bianco panna, arancione #FF6A1A/#E8501A; ROSSO solo per 'PERICOLO', VERDE per la checklist 'Metodo 81+'. Logo '81+' ben visibile in OGNI vignetta. REGOLA STORIA: SICURIX NON agisce mai da solo - in OGNI vignetta di soluzione si fa AIUTARE dai suoi colleghi EROI (lavoro di squadra, ognuno col suo ruolo). TESTO: didascalie e fumetti MOLTO BREVI (1-4 parole), GRANDI, centrati, in ITALIANO con ORTOGRAFIA PERFETTA, senza parole inventate, lettere doppie errate o testo tagliato. CATTIVI (coerenti col canone): IMPROVVISIX, TEMPORIX, CAOSIX, MESCOLIX, FUMIX, HACKIX, ØTIX, DOSAGIX, OBLIVIX, NONDPIX. EROI: SCUDIX, ROBOTIX81, PRIVACIX, TRACCIX, CIFRIX, DOCUMIX, FORMIX, CHECKIX. NEGATIVE: nessun marchio LEGO reale, nessun personaggio protetto (Asterix ecc.), niente gore/horror, niente claim assoluti ('rischio zero','garantito','zero multe').",La differenza tra chi in Manifattura dorme sereno e chi trema al controllo,"Quello che l'ispettore controlla per primo in Manifattura (e quasi nessuno lo sa)

In manifattura gli adempimenti obbligatori non aspettano: Documento, Sanificazione, Allergeni, Temperature, Ruolo/Preposto, Formazione base, Attrezzature, Rintracciabilita, Lavori in quota, Ruolo/RSPP, Corso. In questa pagina TALES OF SICURIX il PERICOLO prende forma... e il METODO81+ lo rimette in ordine, passo dopo passo. Immagina la scena: prima il caos, poi la checklist che sistema tutto. Chi si mette in regola prima, dorme meglio dopo.
👉 Iscriviti al corso: Manuale autocontrollo alimentare -> https://81plus.net/?corso=manuale-autocontrollo-alimentare
▶️ YouTube: youtube.com/@sicurissimo
Contenuto informativo. Prima vedi. Poi sistemi. 81plus.net",Manuale autocontrollo alimentare,https://81plus.net/?corso=manuale-autocontrollo-alimentare,#TalesOfSicurix #SICURIX #Metodo81 #81plus #Sicurissimo #HACCP #Sicurezza #Privacy #SicurezzaSulLavoro,SICURIX_TALES_236200_15_17_21_19_3_22_1_13_18_14_5_16.webp,https://drive.google.com/drive/folders/1hICKXdl9JTZBL1pemG19oE_661z-EH_k,IMG_ERR
46.85.09,Commercio,G,Sicurezza+HACCP+Privacy,11,RSPP / Datore di Lavoro RSPP | Corso Alimentarista | Rappresentante Lavoratori Sicurezza (RLS) | Formazione Specifica (rischio medio) | Procedura Data Breach | Formazione GDPR | Addetto Antincendio | Informativa e Consensi | Videosorveglianza a norma | Rintracciabilita ed Etichettatura | Sorveglianza Sanitaria / Medico Competente,D.Lgs81/08 art.34 | Reg.CE 852/2004 | D.Lgs81/08 art.47 | Accordo Stato-Regioni | GDPR art.33-34 | GDPR art.32 | DM 2/9/2021 | GDPR art.13 | Provv.Garante | Reg.CE 178/2002 | D.Lgs81/08 art.41,"DOCUMIX>SCIVOLIX, PRIVACIX>OBLIVIX, CHECKIX>SCIVOLIX, BLINKIX>SOTTOVALUTIX, HYGIENIX>CAOSIX, CHECKIX>CANCELIX, SCUDIX>POLVERIX, PREPOSTIX>RISKIX, FORMIX>SPYIX, FORMIX>OBLIVIX, ROBOTIX81>SCHIACCIX","Crea una PAGINA A FUMETTI a STORIA COMPLETA, verticale A4 (1024x1536), QUALITA' EDITORIALE DA STAMPA, stile ufficiale 'SICURIX TALES' IDENTICO alle immagini di riferimento allegate (stessi personaggi a mattoncini 3D, stessa impaginazione, stessi colori, stesse rese): minifigure espressive, ambientazioni ricche e dettagliate del settore, luci morbide, profondita', bordi vignetta netti. IMPAGINAZIONE OBBLIGATORIA: da 10 a 12 VIGNETTE numerate che raccontano UNA STORIA con arco narrativo completo (1 situazione normale -> 2-4 arrivano i pericoli coi cattivi -> 5-6 tensione/conseguenza -> 7-9 arriva SICURIX con gli eroi e applica il METODO81+ passo per passo -> 10-11 risoluzione ordinata -> 12 finale). HEADER in alto: SICURIX (mantello, medaglione arancione '81+', bussola) che presenta in un fumetto; grande titolo 'SICURIX TALES'; sottotitolo 'COMMERCIO: Pericolo vs Soluzione con Metodo 81+'; legenda 3 voci (verde Sicurezza, rosso Rischio, blu 81+ Soluzione); fila di EROI coi nomi: DOCUMIX, PRIVACIX, CHECKIX, BLINKIX, HYGIENIX, SCUDIX. FOOTER in basso: grande 'Prima vedi. Poi sistemi.'; banner scudo verde 'PROTEGGIAMO. PREVENIAMO. MIGLIORIAMO.' e triangolo rosso 'DISATTENZIONE. RISCHI. COSTI. CAOS.'; logo '81+' + '81plus.net'. TRAMA (usa questi eventi come vignette; se sono meno di 10 aggiungi vignette di contesto, dialogo e reazione per arrivare a 10-12): 1) SCIVOLIX causa il pericolo 'Ruolo/RSPP' (RSPP / Datore di Lavoro RSPP); poi DOCUMIX+SICURIX applicano il METODO81+; 2) OBLIVIX causa il pericolo 'Corso' (Corso Alimentarista); poi PRIVACIX+SICURIX applicano il METODO81+; 3) SCIVOLIX causa il pericolo 'Ruolo/RLS' (Rappresentante Lavoratori Sicurezza (RLS)); poi CHECKIX+SICURIX applicano il METODO81+; 4) SOTTOVALUTIX causa il pericolo 'Formazione specifica' (Formazione Specifica (rischio medio)); poi BLINKIX+SICURIX applicano il METODO81+; 5) CAOSIX causa il pericolo 'Data breach' (Procedura Data Breach); poi HYGIENIX+SICURIX applicano il METODO81+; 6) CANCELIX causa il pericolo 'Formazione' (Formazione GDPR); poi CHECKIX+SICURIX applicano il METODO81+; 7) POLVERIX causa il pericolo 'Emergenze/Incendio' (Addetto Antincendio); poi SCUDIX+SICURIX applicano il METODO81+; 8) RISKIX causa il pericolo 'Documento' (Informativa e Consensi); poi PREPOSTIX+SICURIX applicano il METODO81+; 9) SPYIX causa il pericolo 'Videosorveglianza' (Videosorveglianza a norma); poi FORMIX+SICURIX applicano il METODO81+; 10) OBLIVIX causa il pericolo 'Rintracciabilita' (Rintracciabilita ed Etichettatura); poi FORMIX+SICURIX applicano il METODO81+; 11) SCHIACCIX causa il pericolo 'Sorveglianza sanitaria' (Sorveglianza Sanitaria / Medico Competente); poi ROBOTIX81+SICURIX applicano il METODO81+. PALETTE BRAND ESCLUSIVA: nero #05050A, bianco panna, arancione #FF6A1A/#E8501A; ROSSO solo per 'PERICOLO', VERDE per la checklist 'Metodo 81+'. Logo '81+' ben visibile in OGNI vignetta. REGOLA STORIA: SICURIX NON agisce mai da solo - in OGNI vignetta di soluzione si fa AIUTARE dai suoi colleghi EROI (lavoro di squadra, ognuno col suo ruolo). TESTO: didascalie e fumetti MOLTO BREVI (1-4 parole), GRANDI, centrati, in ITALIANO con ORTOGRAFIA PERFETTA, senza parole inventate, lettere doppie errate o testo tagliato. CATTIVI (coerenti col canone): SCIVOLIX, OBLIVIX, SOTTOVALUTIX, CAOSIX, CANCELIX, POLVERIX, RISKIX, SPYIX, SCHIACCIX. EROI: DOCUMIX, PRIVACIX, CHECKIX, BLINKIX, HYGIENIX, SCUDIX, PREPOSTIX, FORMIX, ROBOTIX81. NEGATIVE: nessun marchio LEGO reale, nessun personaggio protetto (Asterix ecc.), niente gore/horror, niente claim assoluti ('rischio zero','garantito','zero multe').",Commercio: 3 minuti oggi o un problema enorme domani. Scegli tu.,"In Commercio c'e' un obbligo che in tanti scoprono solo con la sanzione

In commercio gli adempimenti obbligatori non aspettano: Ruolo/RSPP, Corso, Ruolo/RLS, Formazione specifica, Data breach, Formazione, Emergenze/Incendio, Documento, Videosorveglianza, Rintracciabilita, Sorveglianza sanitaria. In questa pagina TALES OF SICURIX il PERICOLO prende forma... e il METODO81+ lo rimette in ordine, passo dopo passo. Immagina la scena: prima il caos, poi la checklist che sistema tutto. Mettere ordine ora costa poco. Rimediare dopo costa caro.
👉 Iscriviti al corso: RSPP Datore di Lavoro modulo 1 e 2 -> https://81plus.net/?corso=rspp-datore-di-lavoro-modulo-1-e-2
▶️ YouTube: youtube.com/@sicurissimo
Contenuto informativo. Prima vedi. Poi sistemi. 81plus.net",RSPP Datore di Lavoro modulo 1 e 2,https://81plus.net/?corso=rspp-datore-di-lavoro-modulo-1-e-2,#TalesOfSicurix #SICURIX #Metodo81 #81plus #Sicurissimo #Sicurezza #HACCP #Privacy #SicurezzaSulLavoro,SICURIX_TALES_468509_5_13_4_2_23_22_7_19_24_15_9.webp,https://drive.google.com/drive/folders/1hICKXdl9JTZBL1pemG19oE_661z-EH_k,IMG_ERR
43.22.01,Costruzioni,F,Sicurezza+Privacy+Ambientale,10,Addetto Primo Soccorso | Formazione Specifica (rischio alto) | RSPP / Datore di Lavoro RSPP | Formazione Generale Lavoratori | Procedura Data Breach | Informativa e Consensi | Documento Valutazione Rischi (DVR) | Attrezzature e Macchine | Lavori in Quota e Ponteggi | Formazione Ambientale,DM 388/2003 | Accordo Stato-Regioni | D.Lgs81/08 art.34 | GDPR art.33-34 | GDPR art.13 | D.Lgs81/08 art.28 | D.Lgs81/08 Tit.III | D.Lgs81/08 Tit.IV | D.Lgs152/06,"FORMIX>NONDPIX, SICURIX>FRETTIX, CIFRIX>SEGNALEX, DOCUMIX>IMPROVVISIX, CONSENSIX>PERMISSIONIX, PRIVACIX>PERMISSIONIX, CHECKIX>TAGLIX, CONSENSIX>OBLIVIX, CIFRIX>SOTTOVALUTIX, CHECKIX>FRETTIX","Crea una PAGINA A FUMETTI a STORIA COMPLETA, verticale A4 (1024x1536), QUALITA' EDITORIALE DA STAMPA, stile ufficiale 'SICURIX TALES' IDENTICO alle immagini di riferimento allegate (stessi personaggi a mattoncini 3D, stessa impaginazione, stessi colori, stesse rese): minifigure espressive, ambientazioni ricche e dettagliate del settore, luci morbide, profondita', bordi vignetta netti. IMPAGINAZIONE OBBLIGATORIA: da 10 a 12 VIGNETTE numerate che raccontano UNA STORIA con arco narrativo completo (1 situazione normale -> 2-4 arrivano i pericoli coi cattivi -> 5-6 tensione/conseguenza -> 7-9 arriva SICURIX con gli eroi e applica il METODO81+ passo per passo -> 10-11 risoluzione ordinata -> 12 finale). HEADER in alto: SICURIX (mantello, medaglione arancione '81+', bussola) che presenta in un fumetto; grande titolo 'SICURIX TALES'; sottotitolo 'COSTRUZIONI: Pericolo vs Soluzione con Metodo 81+'; legenda 3 voci (verde Sicurezza, rosso Rischio, blu 81+ Soluzione); fila di EROI coi nomi: FORMIX, SICURIX, CIFRIX, DOCUMIX, CONSENSIX, PRIVACIX. FOOTER in basso: grande 'Prima vedi. Poi sistemi.'; banner scudo verde 'PROTEGGIAMO. PREVENIAMO. MIGLIORIAMO.' e triangolo rosso 'DISATTENZIONE. RISCHI. COSTI. CAOS.'; logo '81+' + '81plus.net'. TRAMA (usa questi eventi come vignette; se sono meno di 10 aggiungi vignette di contesto, dialogo e reazione per arrivare a 10-12): 1) NONDPIX causa il pericolo 'Emergenze/Soccorso' (Addetto Primo Soccorso); poi FORMIX+SICURIX applicano il METODO81+; 2) FRETTIX causa il pericolo 'Formazione specifica' (Formazione Specifica (rischio alto)); poi SICURIX+SICURIX applicano il METODO81+; 3) SEGNALEX causa il pericolo 'Ruolo/RSPP' (RSPP / Datore di Lavoro RSPP); poi CIFRIX+SICURIX applicano il METODO81+; 4) IMPROVVISIX causa il pericolo 'Formazione base' (Formazione Generale Lavoratori); poi DOCUMIX+SICURIX applicano il METODO81+; 5) PERMISSIONIX causa il pericolo 'Data breach' (Procedura Data Breach); poi CONSENSIX+SICURIX applicano il METODO81+; 6) PERMISSIONIX causa il pericolo 'Documento' (Informativa e Consensi); poi PRIVACIX+SICURIX applicano il METODO81+; 7) TAGLIX causa il pericolo 'Documento' (Documento Valutazione Rischi (DVR)); poi CHECKIX+SICURIX applicano il METODO81+; 8) OBLIVIX causa il pericolo 'Attrezzature' (Attrezzature e Macchine); poi CONSENSIX+SICURIX applicano il METODO81+; 9) SOTTOVALUTIX causa il pericolo 'Lavori in quota' (Lavori in Quota e Ponteggi); poi CIFRIX+SICURIX applicano il METODO81+; 10) FRETTIX causa il pericolo 'Formazione' (Formazione Ambientale); poi CHECKIX+SICURIX applicano il METODO81+. PALETTE BRAND ESCLUSIVA: nero #05050A, bianco panna, arancione #FF6A1A/#E8501A; ROSSO solo per 'PERICOLO', VERDE per la checklist 'Metodo 81+'. Logo '81+' ben visibile in OGNI vignetta. REGOLA STORIA: SICURIX NON agisce mai da solo - in OGNI vignetta di soluzione si fa AIUTARE dai suoi colleghi EROI (lavoro di squadra, ognuno col suo ruolo). TESTO: didascalie e fumetti MOLTO BREVI (1-4 parole), GRANDI, centrati, in ITALIANO con ORTOGRAFIA PERFETTA, senza parole inventate, lettere doppie errate o testo tagliato. CATTIVI (coerenti col canone): NONDPIX, FRETTIX, SEGNALEX, IMPROVVISIX, PERMISSIONIX, TAGLIX, OBLIVIX, SOTTOVALUTIX. EROI: FORMIX, SICURIX, CIFRIX, DOCUMIX, CONSENSIX, PRIVACIX, CHECKIX. NEGATIVE: nessun marchio LEGO reale, nessun personaggio protetto (Asterix ecc.), niente gore/horror, niente claim assoluti ('rischio zero','garantito','zero multe').","In Costruzioni non e' 'se' arriva il controllo, e' 'quando'. Sei pronto?","La differenza tra chi in Costruzioni dorme sereno e chi trema al controllo

In costruzioni gli adempimenti obbligatori non aspettano: Emergenze/Soccorso, Formazione specifica, Ruolo/RSPP, Formazione base, Data breach, Documento, Attrezzature, Lavori in quota, Formazione. In questa pagina TALES OF SICURIX il PERICOLO prende forma... e il METODO81+ lo rimette in ordine, passo dopo passo. Immagina la scena: prima il caos, poi la checklist che sistema tutto. Non e' burocrazia: e' la tua tranquillita.
👉 Iscriviti al corso: Corso Primo Soccorso (A-B-C) -> https://81plus.net/?corso=corso-primo-soccorso-a-b-c
▶️ YouTube: youtube.com/@sicurissimo
Contenuto informativo. Prima vedi. Poi sistemi. 81plus.net",Corso Primo Soccorso (A-B-C),https://81plus.net/?corso=corso-primo-soccorso-a-b-c,#TalesOfSicurix #SICURIX #Metodo81 #81plus #Sicurissimo #Sicurezza #Privacy #Ambientale #SicurezzaSulLavoro,SICURIX_TALES_432201_6_2_5_1_20_16_0_13_14_22.webp,https://drive.google.com/drive/folders/1hICKXdl9JTZBL1pemG19oE_661z-EH_k,IMG_ERR
10.12.00,Manifattura,C,HACCP+Privacy+Sicurezza+Ambientale,10,Controllo Temperature e Celle | Formazione GDPR | Stress Lavoro-Correlato | Formazione Preposto | Manuale HACCP di Autocontrollo | Piano di Sanificazione | Formazione Generale Lavoratori | Gestione Rifiuti e Registro | Documento Valutazione Rischi (DVR) | Formazione Specifica (rischio alto),Reg.CE 852/2004 | GDPR art.32 | D.Lgs81/08 art.28 | D.Lgs81/08 art.37 | Accordo Stato-Regioni | D.Lgs152/06,"DOCUMIX>SCADUTIX, FORMIX>IMPROVVISIX, HYGIENIX>IMPROVVISIX, CHECKIX>CAOSIX, ROBOTIX81>OBLIVIX, SCUDIX>SPORCKIX, ROBOTIX81>VIBRIX, TRACCIX>FRETTIX, PRIVACIX>CADUTIX, CHECKIX>RUMORIX","Crea una PAGINA A FUMETTI a STORIA COMPLETA, verticale A4 (1024x1536), QUALITA' EDITORIALE DA STAMPA, stile ufficiale 'SICURIX TALES' IDENTICO alle immagini di riferimento allegate (stessi personaggi a mattoncini 3D, stessa impaginazione, stessi colori, stesse rese): minifigure espressive, ambientazioni ricche e dettagliate del settore, luci morbide, profondita', bordi vignetta netti. IMPAGINAZIONE OBBLIGATORIA: da 10 a 12 VIGNETTE numerate che raccontano UNA STORIA con arco narrativo completo (1 situazione normale -> 2-4 arrivano i pericoli coi cattivi -> 5-6 tensione/conseguenza -> 7-9 arriva SICURIX con gli eroi e applica il METODO81+ passo per passo -> 10-11 risoluzione ordinata -> 12 finale). HEADER in alto: SICURIX (mantello, medaglione arancione '81+', bussola) che presenta in un fumetto; grande titolo 'SICURIX TALES'; sottotitolo 'MANIFATTURA: Pericolo vs Soluzione con Metodo 81+'; legenda 3 voci (verde Sicurezza, rosso Rischio, blu 81+ Soluzione); fila di EROI coi nomi: DOCUMIX, FORMIX, HYGIENIX, CHECKIX, ROBOTIX81, SCUDIX. FOOTER in basso: grande 'Prima vedi. Poi sistemi.'; banner scudo verde 'PROTEGGIAMO. PREVENIAMO. MIGLIORIAMO.' e triangolo rosso 'DISATTENZIONE. RISCHI. COSTI. CAOS.'; logo '81+' + '81plus.net'. TRAMA (usa questi eventi come vignette; se sono meno di 10 aggiungi vignette di contesto, dialogo e reazione per arrivare a 10-12): 1) SCADUTIX causa il pericolo 'Temperature' (Controllo Temperature e Celle); poi DOCUMIX+SICURIX applicano il METODO81+; 2) IMPROVVISIX causa il pericolo 'Formazione' (Formazione GDPR); poi FORMIX+SICURIX applicano il METODO81+; 3) IMPROVVISIX causa il pericolo 'Stress' (Stress Lavoro-Correlato); poi HYGIENIX+SICURIX applicano il METODO81+; 4) CAOSIX causa il pericolo 'Ruolo/Preposto' (Formazione Preposto); poi CHECKIX+SICURIX applicano il METODO81+; 5) OBLIVIX causa il pericolo 'Documento' (Manuale HACCP di Autocontrollo); poi ROBOTIX81+SICURIX applicano il METODO81+; 6) SPORCKIX causa il pericolo 'Sanificazione' (Piano di Sanificazione); poi SCUDIX+SICURIX applicano il METODO81+; 7) VIBRIX causa il pericolo 'Formazione base' (Formazione Generale Lavoratori); poi ROBOTIX81+SICURIX applicano il METODO81+; 8) FRETTIX causa il pericolo 'Rifiuti' (Gestione Rifiuti e Registro); poi TRACCIX+SICURIX applicano il METODO81+; 9) CADUTIX causa il pericolo 'Documento' (Documento Valutazione Rischi (DVR)); poi PRIVACIX+SICURIX applicano il METODO81+; 10) RUMORIX causa il pericolo 'Formazione specifica' (Formazione Specifica (rischio alto)); poi CHECKIX+SICURIX applicano il METODO81+. PALETTE BRAND ESCLUSIVA: nero #05050A, bianco panna, arancione #FF6A1A/#E8501A; ROSSO solo per 'PERICOLO', VERDE per la checklist 'Metodo 81+'. Logo '81+' ben visibile in OGNI vignetta. REGOLA STORIA: SICURIX NON agisce mai da solo - in OGNI vignetta di soluzione si fa AIUTARE dai suoi colleghi EROI (lavoro di squadra, ognuno col suo ruolo). TESTO: didascalie e fumetti MOLTO BREVI (1-4 parole), GRANDI, centrati, in ITALIANO con ORTOGRAFIA PERFETTA, senza parole inventate, lettere doppie errate o testo tagliato. CATTIVI (coerenti col canone): SCADUTIX, IMPROVVISIX, CAOSIX, OBLIVIX, SPORCKIX, VIBRIX, FRETTIX, CADUTIX, RUMORIX. EROI: DOCUMIX, FORMIX, HYGIENIX, CHECKIX, ROBOTIX81, SCUDIX, TRACCIX, PRIVACIX. NEGATIVE: nessun marchio LEGO reale, nessun personaggio protetto (Asterix ecc.), niente gore/horror, niente claim assoluti ('rischio zero','garantito','zero multe').",Manifattura: 3 minuti oggi o un problema enorme domani. Scegli tu.,"In Manifattura c'e' un obbligo che in tanti scoprono solo con la sanzione

In manifattura gli adempimenti obbligatori non aspettano: Temperature, Formazione, Stress, Ruolo/Preposto, Documento, Sanificazione, Formazione base, Rifiuti, Formazione specifica. In questa pagina TALES OF SICURIX il PERICOLO prende forma... e il METODO81+ lo rimette in ordine, passo dopo passo. Immagina la scena: prima il caos, poi la checklist che sistema tutto. Mettere ordine ora costa poco. Rimediare dopo costa caro.
👉 Iscriviti al corso: Le esecuzioni civili, le procedure concorsuali e i servizi di cancelleria -> https://81plus.net/?corso=le-esecuzioni-civili-le-procedure-concorsuali-e-i-servizi-di
▶️ YouTube: youtube.com/@sicurissimo
Contenuto informativo. Prima vedi. Poi sistemi. 81plus.net","Le esecuzioni civili, le procedure concorsuali e i servizi di cancelleria",https://81plus.net/?corso=le-esecuzioni-civili-le-procedure-concorsuali-e-i-servizi-di,#TalesOfSicurix #SICURIX #Metodo81 #81plus #Sicurissimo #HACCP #Privacy #Sicurezza #Ambientale #SicurezzaSulLavoro,SICURIX_TALES_101200_19_25_11_3_15_17_1_27_0_2.webp,https://drive.google.com/drive/folders/1hICKXdl9JTZBL1pemG19oE_661z-EH_k,IMG_ERR
21.20.01,Manifattura,C,HACCP+Sicurezza+Ambientale+Privacy,12,Lotta agli Infestanti (Pest Control) | Attrezzature e Macchine | Formazione Specifica (rischio alto) | Formazione Ambientale | Piano di Sanificazione | Stress Lavoro-Correlato | Documento Valutazione Rischi (DVR) | Nomina Incaricati/Responsabili | RSPP / Datore di Lavoro RSPP | Informativa e Consensi | Movimentazione Manuale Carichi | Addetto Antincendio,Reg.CE 852/2004 | D.Lgs81/08 Tit.III | Accordo Stato-Regioni | D.Lgs152/06 | D.Lgs81/08 art.28 | GDPR art.28-29 | D.Lgs81/08 art.34 | GDPR art.13 | D.Lgs81/08 Tit.VI | DM 2/9/2021,"PRIVACIX>SCADUTIX, BLINKIX>VIBRIX, PRIVACIX>CADUTIX, PREPOSTIX>IMPROVVISIX, FORMIX>OBLIVIX, PREPOSTIX>VOLTIX, PRIVACIX>TAGLIX, SCUDIX>MULTIX, DOCUMIX>RISKIX, CONSENSIX>CANCELIX, PREPOSTIX>RISKIX, DOCUMIX>SCHIACCIX","Crea una PAGINA A FUMETTI a STORIA COMPLETA, verticale A4 (1024x1536), QUALITA' EDITORIALE DA STAMPA, stile ufficiale 'SICURIX TALES' IDENTICO alle immagini di riferimento allegate (stessi personaggi a mattoncini 3D, stessa impaginazione, stessi colori, stesse rese): minifigure espressive, ambientazioni ricche e dettagliate del settore, luci morbide, profondita', bordi vignetta netti. IMPAGINAZIONE OBBLIGATORIA: da 10 a 12 VIGNETTE numerate che raccontano UNA STORIA con arco narrativo completo (1 situazione normale -> 2-4 arrivano i pericoli coi cattivi -> 5-6 tensione/conseguenza -> 7-9 arriva SICURIX con gli eroi e applica il METODO81+ passo per passo -> 10-11 risoluzione ordinata -> 12 finale). HEADER in alto: SICURIX (mantello, medaglione arancione '81+', bussola) che presenta in un fumetto; grande titolo 'SICURIX TALES'; sottotitolo 'MANIFATTURA: Pericolo vs Soluzione con Metodo 81+'; legenda 3 voci (verde Sicurezza, rosso Rischio, blu 81+ Soluzione); fila di EROI coi nomi: PRIVACIX, BLINKIX, PREPOSTIX, FORMIX, SCUDIX, DOCUMIX. FOOTER in basso: grande 'Prima vedi. Poi sistemi.'; banner scudo verde 'PROTEGGIAMO. PREVENIAMO. MIGLIORIAMO.' e triangolo rosso 'DISATTENZIONE. RISCHI. COSTI. CAOS.'; logo '81+' + '81plus.net'. TRAMA (usa questi eventi come vignette; se sono meno di 10 aggiungi vignette di contesto, dialogo e reazione per arrivare a 10-12): 1) SCADUTIX causa il pericolo 'Infestanti' (Lotta agli Infestanti (Pest Control)); poi PRIVACIX+SICURIX applicano il METODO81+; 2) VIBRIX causa il pericolo 'Attrezzature' (Attrezzature e Macchine); poi BLINKIX+SICURIX applicano il METODO81+; 3) CADUTIX causa il pericolo 'Formazione specifica' (Formazione Specifica (rischio alto)); poi PRIVACIX+SICURIX applicano il METODO81+; 4) IMPROVVISIX causa il pericolo 'Formazione' (Formazione Ambientale); poi PREPOSTIX+SICURIX applicano il METODO81+; 5) OBLIVIX causa il pericolo 'Sanificazione' (Piano di Sanificazione); poi FORMIX+SICURIX applicano il METODO81+; 6) VOLTIX causa il pericolo 'Stress' (Stress Lavoro-Correlato); poi PREPOSTIX+SICURIX applicano il METODO81+; 7) TAGLIX causa il pericolo 'Documento' (Documento Valutazione Rischi (DVR)); poi PRIVACIX+SICURIX applicano il METODO81+; 8) MULTIX causa il pericolo 'Nomine' (Nomina Incaricati/Responsabili); poi SCUDIX+SICURIX applicano il METODO81+; 9) RISKIX causa il pericolo 'Ruolo/RSPP' (RSPP / Datore di Lavoro RSPP); poi DOCUMIX+SICURIX applicano il METODO81+; 10) CANCELIX causa il pericolo 'Documento' (Informativa e Consensi); poi CONSENSIX+SICURIX applicano il METODO81+; 11) RISKIX causa il pericolo 'MMC' (Movimentazione Manuale Carichi); poi PREPOSTIX+SICURIX applicano il METODO81+; 12) SCHIACCIX causa il pericolo 'Emergenze/Incendio' (Addetto Antincendio); poi DOCUMIX+SICURIX applicano il METODO81+. PALETTE BRAND ESCLUSIVA: nero #05050A, bianco panna, arancione #FF6A1A/#E8501A; ROSSO solo per 'PERICOLO', VERDE per la checklist 'Metodo 81+'. Logo '81+' ben visibile in OGNI vignetta. REGOLA STORIA: SICURIX NON agisce mai da solo - in OGNI vignetta di soluzione si fa AIUTARE dai suoi colleghi EROI (lavoro di squadra, ognuno col suo ruolo). TESTO: didascalie e fumetti MOLTO BREVI (1-4 parole), GRANDI, centrati, in ITALIANO con ORTOGRAFIA PERFETTA, senza parole inventate, lettere doppie errate o testo tagliato. CATTIVI (coerenti col canone): SCADUTIX, VIBRIX, CADUTIX, IMPROVVISIX, OBLIVIX, VOLTIX, TAGLIX, MULTIX, RISKIX, CANCELIX, SCHIACCIX. EROI: PRIVACIX, BLINKIX, PREPOSTIX, FORMIX, SCUDIX, DOCUMIX, CONSENSIX. NEGATIVE: nessun marchio LEGO reale, nessun personaggio protetto (Asterix ecc.), niente gore/horror, niente claim assoluti ('rischio zero','garantito','zero multe').",In Manifattura c'e' un obbligo che in tanti scoprono solo con la sanzione,"In Manifattura non e' 'se' arriva il controllo, e' 'quando'. Sei pronto?

In manifattura gli adempimenti obbligatori non aspettano: Infestanti, Attrezzature, Formazione specifica, Formazione, Sanificazione, Stress, Documento, Nomine, Ruolo/RSPP, MMC, Emergenze/Incendio. In questa pagina TALES OF SICURIX il PERICOLO prende forma... e il METODO81+ lo rimette in ordine, passo dopo passo. Immagina la scena: prima il caos, poi la checklist che sistema tutto. Mettere ordine ora costa poco. Rimediare dopo costa caro.
👉 Iscriviti al corso: Haccp - Corso responsabile industria alimentare -> https://81plus.net/?corso=haccp-corso-responsabile-industria-alimentare
▶️ YouTube: youtube.com/@sicurissimo
Contenuto informativo. Prima vedi. Poi sistemi. 81plus.net",Haccp - Corso responsabile industria alimentare,https://81plus.net/?corso=haccp-corso-responsabile-industria-alimentare,#TalesOfSicurix #SICURIX #Metodo81 #81plus #Sicurissimo #HACCP #Sicurezza #Ambientale #Privacy #SicurezzaSulLavoro,SICURIX_TALES_212001_19_13_2_27_16_11_0_23_5_21_10_7.webp,https://drive.google.com/drive/folders/1hICKXdl9JTZBL1pemG19oE_661z-EH_k,IMG_ERR
46.17.05,Commercio,G,HACCP+Sicurezza+Privacy,11,Piano di Sanificazione | Stress Lavoro-Correlato | Informativa e Consensi | Corso Alimentarista | Formazione Generale Lavoratori | Rappresentante Lavoratori Sicurezza (RLS) | RSPP / Datore di Lavoro RSPP | Uso e Formazione DPI | Nomina Incaricati/Responsabili | Registro dei Trattamenti | Lotta agli Infestanti (Pest Control),Reg.CE 852/2004 | D.Lgs81/08 art.28 | GDPR art.13 | Accordo Stato-Regioni | D.Lgs81/08 art.47 | D.Lgs81/08 art.34 | D.Lgs81/08 art.77 | GDPR art.28-29 | GDPR art.30,"CIFRIX>MULTIX, SCUDIX>SCIVOLIX, DOCUMIX>LEAKIX, SCUDIX>SCADUTIX, LUXPECTORIX>IMPROVVISIX, HYGIENIX>VIBRIX, CHEFIX>VIBRIX, ROBOTIX81>SCIVOLIX, CIFRIX>SPYIX, PREPOSTIX>HACKIX, DOCUMIX>MULTIX","Crea una PAGINA A FUMETTI a STORIA COMPLETA, verticale A4 (1024x1536), QUALITA' EDITORIALE DA STAMPA, stile ufficiale 'SICURIX TALES' IDENTICO alle immagini di riferimento allegate (stessi personaggi a mattoncini 3D, stessa impaginazione, stessi colori, stesse rese): minifigure espressive, ambientazioni ricche e dettagliate del settore, luci morbide, profondita', bordi vignetta netti. IMPAGINAZIONE OBBLIGATORIA: da 10 a 12 VIGNETTE numerate che raccontano UNA STORIA con arco narrativo completo (1 situazione normale -> 2-4 arrivano i pericoli coi cattivi -> 5-6 tensione/conseguenza -> 7-9 arriva SICURIX con gli eroi e applica il METODO81+ passo per passo -> 10-11 risoluzione ordinata -> 12 finale). HEADER in alto: SICURIX (mantello, medaglione arancione '81+', bussola) che presenta in un fumetto; grande titolo 'SICURIX TALES'; sottotitolo 'COMMERCIO: Pericolo vs Soluzione con Metodo 81+'; legenda 3 voci (verde Sicurezza, rosso Rischio, blu 81+ Soluzione); fila di EROI coi nomi: CIFRIX, SCUDIX, DOCUMIX, LUXPECTORIX, HYGIENIX, CHEFIX. FOOTER in basso: grande 'Prima vedi. Poi sistemi.'; banner scudo verde 'PROTEGGIAMO. PREVENIAMO. MIGLIORIAMO.' e triangolo rosso 'DISATTENZIONE. RISCHI. COSTI. CAOS.'; logo '81+' + '81plus.net'. TRAMA (usa questi eventi come vignette; se sono meno di 10 aggiungi vignette di contesto, dialogo e reazione per arrivare a 10-12): 1) MULTIX causa il pericolo 'Sanificazione' (Piano di Sanificazione); poi CIFRIX+SICURIX applicano il METODO81+; 2) SCIVOLIX causa il pericolo 'Stress' (Stress Lavoro-Correlato); poi SCUDIX+SICURIX applicano il METODO81+; 3) LEAKIX causa il pericolo 'Documento' (Informativa e Consensi); poi DOCUMIX+SICURIX applicano il METODO81+; 4) SCADUTIX causa il pericolo 'Corso' (Corso Alimentarista); poi SCUDIX+SICURIX applicano il METODO81+; 5) IMPROVVISIX causa il pericolo 'Formazione base' (Formazione Generale Lavoratori); poi LUXPECTORIX+SICURIX applicano il METODO81+; 6) VIBRIX causa il pericolo 'Ruolo/RLS' (Rappresentante Lavoratori Sicurezza (RLS)); poi HYGIENIX+SICURIX applicano il METODO81+; 7) VIBRIX causa il pericolo 'Ruolo/RSPP' (RSPP / Datore di Lavoro RSPP); poi CHEFIX+SICURIX applicano il METODO81+; 8) SCIVOLIX causa il pericolo 'DPI' (Uso e Formazione DPI); poi ROBOTIX81+SICURIX applicano il METODO81+; 9) SPYIX causa il pericolo 'Nomine' (Nomina Incaricati/Responsabili); poi CIFRIX+SICURIX applicano il METODO81+; 10) HACKIX causa il pericolo 'Registro' (Registro dei Trattamenti); poi PREPOSTIX+SICURIX applicano il METODO81+; 11) MULTIX causa il pericolo 'Infestanti' (Lotta agli Infestanti (Pest Control)); poi DOCUMIX+SICURIX applicano il METODO81+. PALETTE BRAND ESCLUSIVA: nero #05050A, bianco panna, arancione #FF6A1A/#E8501A; ROSSO solo per 'PERICOLO', VERDE per la checklist 'Metodo 81+'. Logo '81+' ben visibile in OGNI vignetta. REGOLA STORIA: SICURIX NON agisce mai da solo - in OGNI vignetta di soluzione si fa AIUTARE dai suoi colleghi EROI (lavoro di squadra, ognuno col suo ruolo). TESTO: didascalie e fumetti MOLTO BREVI (1-4 parole), GRANDI, centrati, in ITALIANO con ORTOGRAFIA PERFETTA, senza parole inventate, lettere doppie errate o testo tagliato. CATTIVI (coerenti col canone): MULTIX, SCIVOLIX, LEAKIX, SCADUTIX, IMPROVVISIX, VIBRIX, SPYIX, HACKIX. EROI: CIFRIX, SCUDIX, DOCUMIX, LUXPECTORIX, HYGIENIX, CHEFIX, ROBOTIX81, PREPOSTIX. NEGATIVE: nessun marchio LEGO reale, nessun personaggio protetto (Asterix ecc.), niente gore/horror, niente claim assoluti ('rischio zero','garantito','zero multe').",La differenza tra chi in Commercio dorme sereno e chi trema al controllo,"In Commercio non e' 'se' arriva il controllo, e' 'quando'. Sei pronto?

In commercio gli adempimenti obbligatori non aspettano: Sanificazione, Stress, Documento, Corso, Formazione base, Ruolo/RLS, Ruolo/RSPP, DPI, Nomine, Registro, Infestanti. In questa pagina TALES OF SICURIX il PERICOLO prende forma... e il METODO81+ lo rimette in ordine, passo dopo passo. Immagina la scena: prima il caos, poi la checklist che sistema tutto. Mettere ordine ora costa poco. Rimediare dopo costa caro.
👉 Iscriviti al corso: Corso per addetto operazioni di pulizia e sanificazione aziendale rischio Covid-19 -> https://81plus.net/?corso=corso-per-addetto-operazioni-di-pulizia-e-sanificazione-azie
▶️ YouTube: youtube.com/@sicurissimo
Contenuto informativo. Prima vedi. Poi sistemi. 81plus.net",Corso per addetto operazioni di pulizia e sanificazione aziendale rischio Covid-19,https://81plus.net/?corso=corso-per-addetto-operazioni-di-pulizia-e-sanificazione-azie,#TalesOfSicurix #SICURIX #Metodo81 #81plus #Sicurissimo #HACCP #Sicurezza #Privacy #SicurezzaSulLavoro,SICURIX_TALES_461705_14_11_19_13_1_4_5_8_21_20_17.webp,https://drive.google.com/drive/folders/1hICKXdl9JTZBL1pemG19oE_661z-EH_k,IMG_ERR
49.39.00,Trasporti/Magazzino,H,Privacy+Sicurezza+Ambientale,10,Registro dei Trattamenti | Documento Valutazione Rischi (DVR) | Addetto Antincendio | Gestione Rifiuti e Registro | Stress Lavoro-Correlato | Formazione Ambientale | Procedura Data Breach | Rischio Rumore | RSPP / Datore di Lavoro RSPP | Attrezzature e Macchine,GDPR art.30 | D.Lgs81/08 art.28 | DM 2/9/2021 | D.Lgs152/06 | GDPR art.33-34 | D.Lgs81/08 Tit.VIII | D.Lgs81/08 art.34 | D.Lgs81/08 Tit.III,"PRIVACIX>FRETTIX, SICURIX>FRETTIX, CHECKIX>CADUTIX, DOCUMIX>RISKIX, HYGIENIX>VOLTIX, ROBOTIX81>RISKIX, LUXPECTORIX>OBLIVIX, SCUDIX>OBLIVIX, CONSENSIX>POLVERIX, CONSENSIX>CAOSIX","Crea una PAGINA A FUMETTI a STORIA COMPLETA, verticale A4 (1024x1536), QUALITA' EDITORIALE DA STAMPA, stile ufficiale 'SICURIX TALES' IDENTICO alle immagini di riferimento allegate (stessi personaggi a mattoncini 3D, stessa impaginazione, stessi colori, stesse rese): minifigure espressive, ambientazioni ricche e dettagliate del settore, luci morbide, profondita', bordi vignetta netti. IMPAGINAZIONE OBBLIGATORIA: da 10 a 12 VIGNETTE numerate che raccontano UNA STORIA con arco narrativo completo (1 situazione normale -> 2-4 arrivano i pericoli coi cattivi -> 5-6 tensione/conseguenza -> 7-9 arriva SICURIX con gli eroi e applica il METODO81+ passo per passo -> 10-11 risoluzione ordinata -> 12 finale). HEADER in alto: SICURIX (mantello, medaglione arancione '81+', bussola) che presenta in un fumetto; grande titolo 'SICURIX TALES'; sottotitolo 'TRASPORTI/MAGAZZINO: Pericolo vs Soluzione con Metodo 81+'; legenda 3 voci (verde Sicurezza, rosso Rischio, blu 81+ Soluzione); fila di EROI coi nomi: PRIVACIX, SICURIX, CHECKIX, DOCUMIX, HYGIENIX, ROBOTIX81. FOOTER in basso: grande 'Prima vedi. Poi sistemi.'; banner scudo verde 'PROTEGGIAMO. PREVENIAMO. MIGLIORIAMO.' e triangolo rosso 'DISATTENZIONE. RISCHI. COSTI. CAOS.'; logo '81+' + '81plus.net'. TRAMA (usa questi eventi come vignette; se sono meno di 10 aggiungi vignette di contesto, dialogo e reazione per arrivare a 10-12): 1) FRETTIX causa il pericolo 'Registro' (Registro dei Trattamenti); poi PRIVACIX+SICURIX applicano il METODO81+; 2) FRETTIX causa il pericolo 'Documento' (Documento Valutazione Rischi (DVR)); poi SICURIX+SICURIX applicano il METODO81+; 3) CADUTIX causa il pericolo 'Emergenze/Incendio' (Addetto Antincendio); poi CHECKIX+SICURIX applicano il METODO81+; 4) RISKIX causa il pericolo 'Rifiuti' (Gestione Rifiuti e Registro); poi DOCUMIX+SICURIX applicano il METODO81+; 5) VOLTIX causa il pericolo 'Stress' (Stress Lavoro-Correlato); poi HYGIENIX+SICURIX applicano il METODO81+; 6) RISKIX causa il pericolo 'Formazione' (Formazione Ambientale); poi ROBOTIX81+SICURIX applicano il METODO81+; 7) OBLIVIX causa il pericolo 'Data breach' (Procedura Data Breach); poi LUXPECTORIX+SICURIX applicano il METODO81+; 8) OBLIVIX causa il pericolo 'Rumore' (Rischio Rumore); poi SCUDIX+SICURIX applicano il METODO81+; 9) POLVERIX causa il pericolo 'Ruolo/RSPP' (RSPP / Datore di Lavoro RSPP); poi CONSENSIX+SICURIX applicano il METODO81+; 10) CAOSIX causa il pericolo 'Attrezzature' (Attrezzature e Macchine); poi CONSENSIX+SICURIX applicano il METODO81+. PALETTE BRAND ESCLUSIVA: nero #05050A, bianco panna, arancione #FF6A1A/#E8501A; ROSSO solo per 'PERICOLO', VERDE per la checklist 'Metodo 81+'. Logo '81+' ben visibile in OGNI vignetta. REGOLA STORIA: SICURIX NON agisce mai da solo - in OGNI vignetta di soluzione si fa AIUTARE dai suoi colleghi EROI (lavoro di squadra, ognuno col suo ruolo). TESTO: didascalie e fumetti MOLTO BREVI (1-4 parole), GRANDI, centrati, in ITALIANO con ORTOGRAFIA PERFETTA, senza parole inventate, lettere doppie errate o testo tagliato. CATTIVI (coerenti col canone): FRETTIX, CADUTIX, RISKIX, VOLTIX, OBLIVIX, POLVERIX, CAOSIX. EROI: PRIVACIX, SICURIX, CHECKIX, DOCUMIX, HYGIENIX, ROBOTIX81, LUXPECTORIX, SCUDIX, CONSENSIX. NEGATIVE: nessun marchio LEGO reale, nessun personaggio protetto (Asterix ecc.), niente gore/horror, niente claim assoluti ('rischio zero','garantito','zero multe').","In Trasporti/Magazzino non e' 'se' arriva il controllo, e' 'quando'. Sei pronto?","La differenza tra chi in Trasporti/Magazzino dorme sereno e chi trema al controllo

In trasporti/magazzino gli adempimenti obbligatori non aspettano: Registro, Documento, Emergenze/Incendio, Rifiuti, Stress, Formazione, Data breach, Rumore, Ruolo/RSPP, Attrezzature. In questa pagina TALES OF SICURIX il PERICOLO prende forma... e il METODO81+ lo rimette in ordine, passo dopo passo. Immagina la scena: prima il caos, poi la checklist che sistema tutto. Chi si mette in regola prima, dorme meglio dopo.
👉 Iscriviti al corso: Corso privacy destinato ai lavoratori -> https://81plus.net/?corso=corso-privacy-destinato-ai-lavoratori
▶️ YouTube: youtube.com/@sicurissimo
Contenuto informativo. Prima vedi. Poi sistemi. 81plus.net",Corso privacy destinato ai lavoratori,https://81plus.net/?corso=corso-privacy-destinato-ai-lavoratori,#TalesOfSicurix #SICURIX #Metodo81 #81plus #Sicurissimo #Privacy #Sicurezza #Ambientale #SicurezzaSulLavoro,SICURIX_TALES_493900_16_0_7_20_11_21_19_12_5_13.webp,https://drive.google.com/drive/folders/1hICKXdl9JTZBL1pemG19oE_661z-EH_k,IMG_ERR
46.37.02,Commercio,G,Sicurezza+HACCP+Privacy,10,Formazione Generale Lavoratori | Lotta agli Infestanti (Pest Control) | RSPP / Datore di Lavoro RSPP | Piano di Sanificazione | Nomina Incaricati/Responsabili | Stress Lavoro-Correlato | Controllo Temperature e Celle | Sorveglianza Sanitaria / Medico Competente | Addetto Antincendio | Manuale HACCP di Autocontrollo,Accordo Stato-Regioni | Reg.CE 852/2004 | D.Lgs81/08 art.34 | GDPR art.28-29 | D.Lgs81/08 art.28 | D.Lgs81/08 art.41 | DM 2/9/2021,"SICURIX>VOLTIX, CHEFIX>IMPROVVISIX, TRACCIX>CHIMIKIX, LUXPECTORIX>OBLIVIX, PREPOSTIX>OBLIVIX, CHEFIX>RUMORIX, SCUDIX>FRETTIX, DOCUMIX>SOTTOVALUTIX, FORMIX>OBLIVIX, HYGIENIX>CAOSIX","Crea una PAGINA A FUMETTI a STORIA COMPLETA, verticale A4 (1024x1536), QUALITA' EDITORIALE DA STAMPA, stile ufficiale 'SICURIX TALES' IDENTICO alle immagini di riferimento allegate (stessi personaggi a mattoncini 3D, stessa impaginazione, stessi colori, stesse rese): minifigure espressive, ambientazioni ricche e dettagliate del settore, luci morbide, profondita', bordi vignetta netti. IMPAGINAZIONE OBBLIGATORIA: da 10 a 12 VIGNETTE numerate che raccontano UNA STORIA con arco narrativo completo (1 situazione normale -> 2-4 arrivano i pericoli coi cattivi -> 5-6 tensione/conseguenza -> 7-9 arriva SICURIX con gli eroi e applica il METODO81+ passo per passo -> 10-11 risoluzione ordinata -> 12 finale). HEADER in alto: SICURIX (mantello, medaglione arancione '81+', bussola) che presenta in un fumetto; grande titolo 'SICURIX TALES'; sottotitolo 'COMMERCIO: Pericolo vs Soluzione con Metodo 81+'; legenda 3 voci (verde Sicurezza, rosso Rischio, blu 81+ Soluzione); fila di EROI coi nomi: SICURIX, CHEFIX, TRACCIX, LUXPECTORIX, PREPOSTIX, SCUDIX. FOOTER in basso: grande 'Prima vedi. Poi sistemi.'; banner scudo verde 'PROTEGGIAMO. PREVENIAMO. MIGLIORIAMO.' e triangolo rosso 'DISATTENZIONE. RISCHI. COSTI. CAOS.'; logo '81+' + '81plus.net'. TRAMA (usa questi eventi come vignette; se sono meno di 10 aggiungi vignette di contesto, dialogo e reazione per arrivare a 10-12): 1) VOLTIX causa il pericolo 'Formazione base' (Formazione Generale Lavoratori); poi SICURIX+SICURIX applicano il METODO81+; 2) IMPROVVISIX causa il pericolo 'Infestanti' (Lotta agli Infestanti (Pest Control)); poi CHEFIX+SICURIX applicano il METODO81+; 3) CHIMIKIX causa il pericolo 'Ruolo/RSPP' (RSPP / Datore di Lavoro RSPP); poi TRACCIX+SICURIX applicano il METODO81+; 4) OBLIVIX causa il pericolo 'Sanificazione' (Piano di Sanificazione); poi LUXPECTORIX+SICURIX applicano il METODO81+; 5) OBLIVIX causa il pericolo 'Nomine' (Nomina Incaricati/Responsabili); poi PREPOSTIX+SICURIX applicano il METODO81+; 6) RUMORIX causa il pericolo 'Stress' (Stress Lavoro-Correlato); poi CHEFIX+SICURIX applicano il METODO81+; 7) FRETTIX causa il pericolo 'Temperature' (Controllo Temperature e Celle); poi SCUDIX+SICURIX applicano il METODO81+; 8) SOTTOVALUTIX causa il pericolo 'Sorveglianza sanitaria' (Sorveglianza Sanitaria / Medico Competente); poi DOCUMIX+SICURIX applicano il METODO81+; 9) OBLIVIX causa il pericolo 'Emergenze/Incendio' (Addetto Antincendio); poi FORMIX+SICURIX applicano il METODO81+; 10) CAOSIX causa il pericolo 'Documento' (Manuale HACCP di Autocontrollo); poi HYGIENIX+SICURIX applicano il METODO81+. PALETTE BRAND ESCLUSIVA: nero #05050A, bianco panna, arancione #FF6A1A/#E8501A; ROSSO solo per 'PERICOLO', VERDE per la checklist 'Metodo 81+'. Logo '81+' ben visibile in OGNI vignetta. REGOLA STORIA: SICURIX NON agisce mai da solo - in OGNI vignetta di soluzione si fa AIUTARE dai suoi colleghi EROI (lavoro di squadra, ognuno col suo ruolo). TESTO: didascalie e fumetti MOLTO BREVI (1-4 parole), GRANDI, centrati, in ITALIANO con ORTOGRAFIA PERFETTA, senza parole inventate, lettere doppie errate o testo tagliato. CATTIVI (coerenti col canone): VOLTIX, IMPROVVISIX, CHIMIKIX, OBLIVIX, RUMORIX, FRETTIX, SOTTOVALUTIX, CAOSIX. EROI: SICURIX, CHEFIX, TRACCIX, LUXPECTORIX, PREPOSTIX, SCUDIX, DOCUMIX, FORMIX, HYGIENIX. NEGATIVE: nessun marchio LEGO reale, nessun personaggio protetto (Asterix ecc.), niente gore/horror, niente claim assoluti ('rischio zero','garantito','zero multe').",Commercio: 3 minuti oggi o un problema enorme domani. Scegli tu.,"In Commercio non e' 'se' arriva il controllo, e' 'quando'. Sei pronto?

In commercio gli adempimenti obbligatori non aspettano: Formazione base, Infestanti, Ruolo/RSPP, Sanificazione, Nomine, Stress, Temperature, Sorveglianza sanitaria, Emergenze/Incendio, Documento. In questa pagina TALES OF SICURIX il PERICOLO prende forma... e il METODO81+ lo rimette in ordine, passo dopo passo. Immagina la scena: prima il caos, poi la checklist che sistema tutto. Non e' burocrazia: e' la tua tranquillita.
👉 Iscriviti al corso: Corso lavoratore parte GENERALE 4 ore -> https://81plus.net/?corso=corso-lavoratore-parte-generale-4-ore
▶️ YouTube: youtube.com/@sicurissimo
Contenuto informativo. Prima vedi. Poi sistemi. 81plus.net",Corso lavoratore parte GENERALE 4 ore,https://81plus.net/?corso=corso-lavoratore-parte-generale-4-ore,#TalesOfSicurix #SICURIX #Metodo81 #81plus #Sicurissimo #Sicurezza #HACCP #Privacy #SicurezzaSulLavoro,SICURIX_TALES_463702_1_17_5_14_21_11_16_9_7_12.webp,https://drive.google.com/drive/folders/1hICKXdl9JTZBL1pemG19oE_661z-EH_k,IMG_ERR
43.22.02,Costruzioni,F,Sicurezza+Privacy,11,Stress Lavoro-Correlato | Rischio Elettrico (PES/PAV) | Formazione GDPR | Lavori in Quota e Ponteggi | Attrezzature e Macchine | Formazione Generale Lavoratori | Rischio Rumore | Procedura Data Breach | Uso e Formazione DPI | Registro dei Trattamenti | Formazione Specifica (rischio alto),D.Lgs81/08 art.28 | CEI 11-27 | GDPR art.32 | D.Lgs81/08 Tit.IV | D.Lgs81/08 Tit.III | Accordo Stato-Regioni | D.Lgs81/08 Tit.VIII | GDPR art.33-34 | D.Lgs81/08 art.77 | GDPR art.30,"CHEFIX>FRETTIX, CONSENSIX>ØTIX, CONSENSIX>CAOSIX, LUXPECTORIX>TAGLIX, LUXPECTORIX>RUMORIX, LUXPECTORIX>CADUTIX, FORMIX>SEGNALEX, FORMIX>CAOSIX, PRIVACIX>RUMORIX, TRACCIX>SPYIX, SICURIX>RUMORIX","Crea una PAGINA A FUMETTI a STORIA COMPLETA, verticale A4 (1024x1536), QUALITA' EDITORIALE DA STAMPA, stile ufficiale 'SICURIX TALES' IDENTICO alle immagini di riferimento allegate (stessi personaggi a mattoncini 3D, stessa impaginazione, stessi colori, stesse rese): minifigure espressive, ambientazioni ricche e dettagliate del settore, luci morbide, profondita', bordi vignetta netti. IMPAGINAZIONE OBBLIGATORIA: da 10 a 12 VIGNETTE numerate che raccontano UNA STORIA con arco narrativo completo (1 situazione normale -> 2-4 arrivano i pericoli coi cattivi -> 5-6 tensione/conseguenza -> 7-9 arriva SICURIX con gli eroi e applica il METODO81+ passo per passo -> 10-11 risoluzione ordinata -> 12 finale). HEADER in alto: SICURIX (mantello, medaglione arancione '81+', bussola) che presenta in un fumetto; grande titolo 'SICURIX TALES'; sottotitolo 'COSTRUZIONI: Pericolo vs Soluzione con Metodo 81+'; legenda 3 voci (verde Sicurezza, rosso Rischio, blu 81+ Soluzione); fila di EROI coi nomi: CHEFIX, CONSENSIX, LUXPECTORIX, FORMIX, PRIVACIX, TRACCIX. FOOTER in basso: grande 'Prima vedi. Poi sistemi.'; banner scudo verde 'PROTEGGIAMO. PREVENIAMO. MIGLIORIAMO.' e triangolo rosso 'DISATTENZIONE. RISCHI. COSTI. CAOS.'; logo '81+' + '81plus.net'. TRAMA (usa questi eventi come vignette; se sono meno di 10 aggiungi vignette di contesto, dialogo e reazione per arrivare a 10-12): 1) FRETTIX causa il pericolo 'Stress' (Stress Lavoro-Correlato); poi CHEFIX+SICURIX applicano il METODO81+; 2) ØTIX causa il pericolo 'Rischio elettrico' (Rischio Elettrico (PES/PAV)); poi CONSENSIX+SICURIX applicano il METODO81+; 3) CAOSIX causa il pericolo 'Formazione' (Formazione GDPR); poi CONSENSIX+SICURIX applicano il METODO81+; 4) TAGLIX causa il pericolo 'Lavori in quota' (Lavori in Quota e Ponteggi); poi LUXPECTORIX+SICURIX applicano il METODO81+; 5) RUMORIX causa il pericolo 'Attrezzature' (Attrezzature e Macchine); poi LUXPECTORIX+SICURIX applicano il METODO81+; 6) CADUTIX causa il pericolo 'Formazione base' (Formazione Generale Lavoratori); poi LUXPECTORIX+SICURIX applicano il METODO81+; 7) SEGNALEX causa il pericolo 'Rumore' (Rischio Rumore); poi FORMIX+SICURIX applicano il METODO81+; 8) CAOSIX causa il pericolo 'Data breach' (Procedura Data Breach); poi FORMIX+SICURIX applicano il METODO81+; 9) RUMORIX causa il pericolo 'DPI' (Uso e Formazione DPI); poi PRIVACIX+SICURIX applicano il METODO81+; 10) SPYIX causa il pericolo 'Registro' (Registro dei Trattamenti); poi TRACCIX+SICURIX applicano il METODO81+; 11) RUMORIX causa il pericolo 'Formazione specifica' (Formazione Specifica (rischio alto)); poi SICURIX+SICURIX applicano il METODO81+. PALETTE BRAND ESCLUSIVA: nero #05050A, bianco panna, arancione #FF6A1A/#E8501A; ROSSO solo per 'PERICOLO', VERDE per la checklist 'Metodo 81+'. Logo '81+' ben visibile in OGNI vignetta. REGOLA STORIA: SICURIX NON agisce mai da solo - in OGNI vignetta di soluzione si fa AIUTARE dai suoi colleghi EROI (lavoro di squadra, ognuno col suo ruolo). TESTO: didascalie e fumetti MOLTO BREVI (1-4 parole), GRANDI, centrati, in ITALIANO con ORTOGRAFIA PERFETTA, senza parole inventate, lettere doppie errate o testo tagliato. CATTIVI (coerenti col canone): FRETTIX, ØTIX, CAOSIX, TAGLIX, RUMORIX, CADUTIX, SEGNALEX, SPYIX. EROI: CHEFIX, CONSENSIX, LUXPECTORIX, FORMIX, PRIVACIX, TRACCIX, SICURIX. NEGATIVE: nessun marchio LEGO reale, nessun personaggio protetto (Asterix ecc.), niente gore/horror, niente claim assoluti ('rischio zero','garantito','zero multe').",La differenza tra chi in Costruzioni dorme sereno e chi trema al controllo,"In Costruzioni non e' 'se' arriva il controllo, e' 'quando'. Sei pronto?

In costruzioni gli adempimenti obbligatori non aspettano: Stress, Rischio elettrico, Formazione, Lavori in quota, Attrezzature, Formazione base, Rumore, Data breach, DPI, Registro, Formazione specifica. In questa pagina TALES OF SICURIX il PERICOLO prende forma... e il METODO81+ lo rimette in ordine, passo dopo passo. Immagina la scena: prima il caos, poi la checklist che sistema tutto. Non e' burocrazia: e' la tua tranquillita.
👉 Iscriviti al corso: Rischio stress lavoro correlato -> https://81plus.net/?corso=rischio-stress-lavoro-correlato
▶️ YouTube: youtube.com/@sicurissimo
Contenuto informativo. Prima vedi. Poi sistemi. 81plus.net",Rischio stress lavoro correlato,https://81plus.net/?corso=rischio-stress-lavoro-correlato,#TalesOfSicurix #SICURIX #Metodo81 #81plus #Sicurissimo #Sicurezza #Privacy #SicurezzaSulLavoro,SICURIX_TALES_432202_11_15_20_14_13_1_12_21_8_18_2.webp,https://drive.google.com/drive/folders/1hICKXdl9JTZBL1pemG19oE_661z-EH_k,IMG_ERR
10.89.01,Manifattura,C,Privacy+Sicurezza+HACCP+Ambientale,12,Registro dei Trattamenti | Attrezzature e Macchine | Controllo Temperature e Celle | Addetto Primo Soccorso | Movimentazione Manuale Carichi | Nomina Incaricati/Responsabili | Rintracciabilita ed Etichettatura | Formazione Generale Lavoratori | Corso Alimentarista | Uso e Formazione DPI | Formazione Ambientale | Addetto Antincendio,GDPR art.30 | D.Lgs81/08 Tit.III | Reg.CE 852/2004 | DM 388/2003 | D.Lgs81/08 Tit.VI | GDPR art.28-29 | Reg.CE 178/2002 | Accordo Stato-Regioni | D.Lgs81/08 art.77 | D.Lgs152/06 | DM 2/9/2021,"FORMIX>SPYIX, SICURIX>FRETTIX, CHEFIX>SPORCKIX, FORMIX>ØTIX, CONSENSIX>IMPROVVISIX, TRACCIX>PERMISSIONIX, DOCUMIX>MULTIX, CHECKIX>RISKIX, BLINKIX>RISKIX, SCUDIX>VOLTIX, HYGIENIX>RISKIX, PRIVACIX>RUMORIX","Crea una PAGINA A FUMETTI a STORIA COMPLETA, verticale A4 (1024x1536), QUALITA' EDITORIALE DA STAMPA, stile ufficiale 'SICURIX TALES' IDENTICO alle immagini di riferimento allegate (stessi personaggi a mattoncini 3D, stessa impaginazione, stessi colori, stesse rese): minifigure espressive, ambientazioni ricche e dettagliate del settore, luci morbide, profondita', bordi vignetta netti. IMPAGINAZIONE OBBLIGATORIA: da 10 a 12 VIGNETTE numerate che raccontano UNA STORIA con arco narrativo completo (1 situazione normale -> 2-4 arrivano i pericoli coi cattivi -> 5-6 tensione/conseguenza -> 7-9 arriva SICURIX con gli eroi e applica il METODO81+ passo per passo -> 10-11 risoluzione ordinata -> 12 finale). HEADER in alto: SICURIX (mantello, medaglione arancione '81+', bussola) che presenta in un fumetto; grande titolo 'SICURIX TALES'; sottotitolo 'MANIFATTURA: Pericolo vs Soluzione con Metodo 81+'; legenda 3 voci (verde Sicurezza, rosso Rischio, blu 81+ Soluzione); fila di EROI coi nomi: FORMIX, SICURIX, CHEFIX, CONSENSIX, TRACCIX, DOCUMIX. FOOTER in basso: grande 'Prima vedi. Poi sistemi.'; banner scudo verde 'PROTEGGIAMO. PREVENIAMO. MIGLIORIAMO.' e triangolo rosso 'DISATTENZIONE. RISCHI. COSTI. CAOS.'; logo '81+' + '81plus.net'. TRAMA (usa questi eventi come vignette; se sono meno di 10 aggiungi vignette di contesto, dialogo e reazione per arrivare a 10-12): 1) SPYIX causa il pericolo 'Registro' (Registro dei Trattamenti); poi FORMIX+SICURIX applicano il METODO81+; 2) FRETTIX causa il pericolo 'Attrezzature' (Attrezzature e Macchine); poi SICURIX+SICURIX applicano il METODO81+; 3) SPORCKIX causa il pericolo 'Temperature' (Controllo Temperature e Celle); poi CHEFIX+SICURIX applicano il METODO81+; 4) ØTIX causa il pericolo 'Emergenze/Soccorso' (Addetto Primo Soccorso); poi FORMIX+SICURIX applicano il METODO81+; 5) IMPROVVISIX causa il pericolo 'MMC' (Movimentazione Manuale Carichi); poi CONSENSIX+SICURIX applicano il METODO81+; 6) PERMISSIONIX causa il pericolo 'Nomine' (Nomina Incaricati/Responsabili); poi TRACCIX+SICURIX applicano il METODO81+; 7) MULTIX causa il pericolo 'Rintracciabilita' (Rintracciabilita ed Etichettatura); poi DOCUMIX+SICURIX applicano il METODO81+; 8) RISKIX causa il pericolo 'Formazione base' (Formazione Generale Lavoratori); poi CHECKIX+SICURIX applicano il METODO81+; 9) RISKIX causa il pericolo 'Corso' (Corso Alimentarista); poi BLINKIX+SICURIX applicano il METODO81+; 10) VOLTIX causa il pericolo 'DPI' (Uso e Formazione DPI); poi SCUDIX+SICURIX applicano il METODO81+; 11) RISKIX causa il pericolo 'Formazione' (Formazione Ambientale); poi HYGIENIX+SICURIX applicano il METODO81+; 12) RUMORIX causa il pericolo 'Emergenze/Incendio' (Addetto Antincendio); poi PRIVACIX+SICURIX applicano il METODO81+. PALETTE BRAND ESCLUSIVA: nero #05050A, bianco panna, arancione #FF6A1A/#E8501A; ROSSO solo per 'PERICOLO', VERDE per la checklist 'Metodo 81+'. Logo '81+' ben visibile in OGNI vignetta. REGOLA STORIA: SICURIX NON agisce mai da solo - in OGNI vignetta di soluzione si fa AIUTARE dai suoi colleghi EROI (lavoro di squadra, ognuno col suo ruolo). TESTO: didascalie e fumetti MOLTO BREVI (1-4 parole), GRANDI, centrati, in ITALIANO con ORTOGRAFIA PERFETTA, senza parole inventate, lettere doppie errate o testo tagliato. CATTIVI (coerenti col canone): SPYIX, FRETTIX, SPORCKIX, ØTIX, IMPROVVISIX, PERMISSIONIX, MULTIX, RISKIX, VOLTIX, RUMORIX. EROI: FORMIX, SICURIX, CHEFIX, CONSENSIX, TRACCIX, DOCUMIX, CHECKIX, BLINKIX, SCUDIX, HYGIENIX, PRIVACIX. NEGATIVE: nessun marchio LEGO reale, nessun personaggio protetto (Asterix ecc.), niente gore/horror, niente claim assoluti ('rischio zero','garantito','zero multe').",La differenza tra chi in Manifattura dorme sereno e chi trema al controllo,"La differenza tra chi in Manifattura dorme sereno e chi trema al controllo

In manifattura gli adempimenti obbligatori non aspettano: Registro, Attrezzature, Temperature, Emergenze/Soccorso, MMC, Nomine, Rintracciabilita, Formazione base, Corso, DPI, Formazione, Emergenze/Incendio. In questa pagina TALES OF SICURIX il PERICOLO prende forma... e il METODO81+ lo rimette in ordine, passo dopo passo. Immagina la scena: prima il caos, poi la checklist che sistema tutto. La regola c'e' gia': tu falla lavorare per te.
👉 Iscriviti al corso: Corso privacy destinato ai lavoratori -> https://81plus.net/?corso=corso-privacy-destinato-ai-lavoratori
▶️ YouTube: youtube.com/@sicurissimo
Contenuto informativo. Prima vedi. Poi sistemi. 81plus.net",Corso privacy destinato ai lavoratori,https://81plus.net/?corso=corso-privacy-destinato-ai-lavoratori,#TalesOfSicurix #SICURIX #Metodo81 #81plus #Sicurissimo #Privacy #Sicurezza #HACCP #Ambientale #SicurezzaSulLavoro,SICURIX_TALES_108901_23_13_19_6_10_24_18_1_16_8_28_7.webp,https://drive.google.com/drive/folders/1hICKXdl9JTZBL1pemG19oE_661z-EH_k,IMG_ERR
77.22.90,PA,O,Privacy+Sicurezza,10,Valutazione d'Impatto (DPIA) | Stress Lavoro-Correlato | RSPP / Datore di Lavoro RSPP | Sorveglianza Sanitaria / Medico Competente | Procedura Data Breach | Addetto Antincendio | Formazione Preposto | Informativa e Consensi | Nomina Incaricati/Responsabili | Documento Valutazione Rischi (DVR),GDPR art.35 | D.Lgs81/08 art.28 | D.Lgs81/08 art.34 | D.Lgs81/08 art.41 | GDPR art.33-34 | DM 2/9/2021 | D.Lgs81/08 art.37 | GDPR art.13 | GDPR art.28-29,"CONSENSIX>CAOSIX, CHECKIX>SCHIACCIX, DOCUMIX>CHIMIKIX, SCUDIX>CADUTIX, SCUDIX>PHISHIX, HYGIENIX>SCHIACCIX, CHEFIX>SCHIACCIX, PREPOSTIX>SPYIX, TRACCIX>RISKIX, CHECKIX>NONDPIX","Crea una PAGINA A FUMETTI a STORIA COMPLETA, verticale A4 (1024x1536), QUALITA' EDITORIALE DA STAMPA, stile ufficiale 'SICURIX TALES' IDENTICO alle immagini di riferimento allegate (stessi personaggi a mattoncini 3D, stessa impaginazione, stessi colori, stesse rese): minifigure espressive, ambientazioni ricche e dettagliate del settore, luci morbide, profondita', bordi vignetta netti. IMPAGINAZIONE OBBLIGATORIA: da 10 a 12 VIGNETTE numerate che raccontano UNA STORIA con arco narrativo completo (1 situazione normale -> 2-4 arrivano i pericoli coi cattivi -> 5-6 tensione/conseguenza -> 7-9 arriva SICURIX con gli eroi e applica il METODO81+ passo per passo -> 10-11 risoluzione ordinata -> 12 finale). HEADER in alto: SICURIX (mantello, medaglione arancione '81+', bussola) che presenta in un fumetto; grande titolo 'SICURIX TALES'; sottotitolo 'PA: Pericolo vs Soluzione con Metodo 81+'; legenda 3 voci (verde Sicurezza, rosso Rischio, blu 81+ Soluzione); fila di EROI coi nomi: CONSENSIX, CHECKIX, DOCUMIX, SCUDIX, HYGIENIX, CHEFIX. FOOTER in basso: grande 'Prima vedi. Poi sistemi.'; banner scudo verde 'PROTEGGIAMO. PREVENIAMO. MIGLIORIAMO.' e triangolo rosso 'DISATTENZIONE. RISCHI. COSTI. CAOS.'; logo '81+' + '81plus.net'. TRAMA (usa questi eventi come vignette; se sono meno di 10 aggiungi vignette di contesto, dialogo e reazione per arrivare a 10-12): 1) CAOSIX causa il pericolo 'DPIA' (Valutazione d'Impatto (DPIA)); poi CONSENSIX+SICURIX applicano il METODO81+; 2) SCHIACCIX causa il pericolo 'Stress' (Stress Lavoro-Correlato); poi CHECKIX+SICURIX applicano il METODO81+; 3) CHIMIKIX causa il pericolo 'Ruolo/RSPP' (RSPP / Datore di Lavoro RSPP); poi DOCUMIX+SICURIX applicano il METODO81+; 4) CADUTIX causa il pericolo 'Sorveglianza sanitaria' (Sorveglianza Sanitaria / Medico Competente); poi SCUDIX+SICURIX applicano il METODO81+; 5) PHISHIX causa il pericolo 'Data breach' (Procedura Data Breach); poi SCUDIX+SICURIX applicano il METODO81+; 6) SCHIACCIX causa il pericolo 'Emergenze/Incendio' (Addetto Antincendio); poi HYGIENIX+SICURIX applicano il METODO81+; 7) SCHIACCIX causa il pericolo 'Ruolo/Preposto' (Formazione Preposto); poi CHEFIX+SICURIX applicano il METODO81+; 8) SPYIX causa il pericolo 'Documento' (Informativa e Consensi); poi PREPOSTIX+SICURIX applicano il METODO81+; 9) RISKIX causa il pericolo 'Nomine' (Nomina Incaricati/Responsabili); poi TRACCIX+SICURIX applicano il METODO81+; 10) NONDPIX causa il pericolo 'Documento' (Documento Valutazione Rischi (DVR)); poi CHECKIX+SICURIX applicano il METODO81+. PALETTE BRAND ESCLUSIVA: nero #05050A, bianco panna, arancione #FF6A1A/#E8501A; ROSSO solo per 'PERICOLO', VERDE per la checklist 'Metodo 81+'. Logo '81+' ben visibile in OGNI vignetta. REGOLA STORIA: SICURIX NON agisce mai da solo - in OGNI vignetta di soluzione si fa AIUTARE dai suoi colleghi EROI (lavoro di squadra, ognuno col suo ruolo). TESTO: didascalie e fumetti MOLTO BREVI (1-4 parole), GRANDI, centrati, in ITALIANO con ORTOGRAFIA PERFETTA, senza parole inventate, lettere doppie errate o testo tagliato. CATTIVI (coerenti col canone): CAOSIX, SCHIACCIX, CHIMIKIX, CADUTIX, PHISHIX, SPYIX, RISKIX, NONDPIX. EROI: CONSENSIX, CHECKIX, DOCUMIX, SCUDIX, HYGIENIX, CHEFIX, PREPOSTIX, TRACCIX. NEGATIVE: nessun marchio LEGO reale, nessun personaggio protetto (Asterix ecc.), niente gore/horror, niente claim assoluti ('rischio zero','garantito','zero multe').","In PA non e' 'se' arriva il controllo, e' 'quando'. Sei pronto?","PA: 3 minuti oggi o un problema enorme domani. Scegli tu.

In pa gli adempimenti obbligatori non aspettano: DPIA, Stress, Ruolo/RSPP, Sorveglianza sanitaria, Data breach, Emergenze/Incendio, Ruolo/Preposto, Documento, Nomine. In questa pagina TALES OF SICURIX il PERICOLO prende forma... e il METODO81+ lo rimette in ordine, passo dopo passo. Immagina la scena: prima il caos, poi la checklist che sistema tutto. Chi si mette in regola prima, dorme meglio dopo.
👉 Iscriviti al corso: Corso privacy destinato ai lavoratori -> https://81plus.net/?corso=corso-privacy-destinato-ai-lavoratori
▶️ YouTube: youtube.com/@sicurissimo
Contenuto informativo. Prima vedi. Poi sistemi. 81plus.net",Corso privacy destinato ai lavoratori,https://81plus.net/?corso=corso-privacy-destinato-ai-lavoratori,#TalesOfSicurix #SICURIX #Metodo81 #81plus #Sicurissimo #Privacy #Sicurezza #SicurezzaSulLavoro,SICURIX_TALES_772290_18_11_5_9_16_7_3_12_14_0.webp,https://drive.google.com/drive/folders/1hICKXdl9JTZBL1pemG19oE_661z-EH_k,IMG_ERR
66.29.09,Immobiliare,L,Sicurezza+Privacy,12,Uso e Formazione DPI | Formazione GDPR | Nomina Incaricati/Responsabili | Registro dei Trattamenti | Informativa e Consensi | Procedura Data Breach | RSPP / Datore di Lavoro RSPP | Formazione Generale Lavoratori | Formazione Specifica (rischio basso) | Addetto Antincendio | Formazione Preposto | Rappresentante Lavoratori Sicurezza (RLS),D.Lgs81/08 art.77 | GDPR art.32 | GDPR art.28-29 | GDPR art.30 | GDPR art.13 | GDPR art.33-34 | D.Lgs81/08 art.34 | Accordo Stato-Regioni | DM 2/9/2021 | D.Lgs81/08 art.37 | D.Lgs81/08 art.47,"FORMIX>TAGLIX, BLINKIX>MULTIX, FORMIX>RISKIX, PRIVACIX>RISKIX, CONSENSIX>RISKIX, CHEFIX>PHISHIX, DOCUMIX>MULTIX, SICURIX>TAGLIX, LUXPECTORIX>BIOXIX, DOCUMIX>RISKIX, CHECKIX>NONDPIX, CIFRIX>IMPROVVISIX","Crea una PAGINA A FUMETTI a STORIA COMPLETA, verticale A4 (1024x1536), QUALITA' EDITORIALE DA STAMPA, stile ufficiale 'SICURIX TALES' IDENTICO alle immagini di riferimento allegate (stessi personaggi a mattoncini 3D, stessa impaginazione, stessi colori, stesse rese): minifigure espressive, ambientazioni ricche e dettagliate del settore, luci morbide, profondita', bordi vignetta netti. IMPAGINAZIONE OBBLIGATORIA: da 10 a 12 VIGNETTE numerate che raccontano UNA STORIA con arco narrativo completo (1 situazione normale -> 2-4 arrivano i pericoli coi cattivi -> 5-6 tensione/conseguenza -> 7-9 arriva SICURIX con gli eroi e applica il METODO81+ passo per passo -> 10-11 risoluzione ordinata -> 12 finale). HEADER in alto: SICURIX (mantello, medaglione arancione '81+', bussola) che presenta in un fumetto; grande titolo 'SICURIX TALES'; sottotitolo 'IMMOBILIARE: Pericolo vs Soluzione con Metodo 81+'; legenda 3 voci (verde Sicurezza, rosso Rischio, blu 81+ Soluzione); fila di EROI coi nomi: FORMIX, BLINKIX, PRIVACIX, CONSENSIX, CHEFIX, DOCUMIX. FOOTER in basso: grande 'Prima vedi. Poi sistemi.'; banner scudo verde 'PROTEGGIAMO. PREVENIAMO. MIGLIORIAMO.' e triangolo rosso 'DISATTENZIONE. RISCHI. COSTI. CAOS.'; logo '81+' + '81plus.net'. TRAMA (usa questi eventi come vignette; se sono meno di 10 aggiungi vignette di contesto, dialogo e reazione per arrivare a 10-12): 1) TAGLIX causa il pericolo 'DPI' (Uso e Formazione DPI); poi FORMIX+SICURIX applicano il METODO81+; 2) MULTIX causa il pericolo 'Formazione' (Formazione GDPR); poi BLINKIX+SICURIX applicano il METODO81+; 3) RISKIX causa il pericolo 'Nomine' (Nomina Incaricati/Responsabili); poi FORMIX+SICURIX applicano il METODO81+; 4) RISKIX causa il pericolo 'Registro' (Registro dei Trattamenti); poi PRIVACIX+SICURIX applicano il METODO81+; 5) RISKIX causa il pericolo 'Documento' (Informativa e Consensi); poi CONSENSIX+SICURIX applicano il METODO81+; 6) PHISHIX causa il pericolo 'Data breach' (Procedura Data Breach); poi CHEFIX+SICURIX applicano il METODO81+; 7) MULTIX causa il pericolo 'Ruolo/RSPP' (RSPP / Datore di Lavoro RSPP); poi DOCUMIX+SICURIX applicano il METODO81+; 8) TAGLIX causa il pericolo 'Formazione base' (Formazione Generale Lavoratori); poi SICURIX+SICURIX applicano il METODO81+; 9) BIOXIX causa il pericolo 'Formazione specifica' (Formazione Specifica (rischio basso)); poi LUXPECTORIX+SICURIX applicano il METODO81+; 10) RISKIX causa il pericolo 'Emergenze/Incendio' (Addetto Antincendio); poi DOCUMIX+SICURIX applicano il METODO81+; 11) NONDPIX causa il pericolo 'Ruolo/Preposto' (Formazione Preposto); poi CHECKIX+SICURIX applicano il METODO81+; 12) IMPROVVISIX causa il pericolo 'Ruolo/RLS' (Rappresentante Lavoratori Sicurezza (RLS)); poi CIFRIX+SICURIX applicano il METODO81+. PALETTE BRAND ESCLUSIVA: nero #05050A, bianco panna, arancione #FF6A1A/#E8501A; ROSSO solo per 'PERICOLO', VERDE per la checklist 'Metodo 81+'. Logo '81+' ben visibile in OGNI vignetta. REGOLA STORIA: SICURIX NON agisce mai da solo - in OGNI vignetta di soluzione si fa AIUTARE dai suoi colleghi EROI (lavoro di squadra, ognuno col suo ruolo). TESTO: didascalie e fumetti MOLTO BREVI (1-4 parole), GRANDI, centrati, in ITALIANO con ORTOGRAFIA PERFETTA, senza parole inventate, lettere doppie errate o testo tagliato. CATTIVI (coerenti col canone): TAGLIX, MULTIX, RISKIX, PHISHIX, BIOXIX, NONDPIX, IMPROVVISIX. EROI: FORMIX, BLINKIX, PRIVACIX, CONSENSIX, CHEFIX, DOCUMIX, SICURIX, LUXPECTORIX, CHECKIX, CIFRIX. NEGATIVE: nessun marchio LEGO reale, nessun personaggio protetto (Asterix ecc.), niente gore/horror, niente claim assoluti ('rischio zero','garantito','zero multe').",In Immobiliare c'e' un obbligo che in tanti scoprono solo con la sanzione,"La differenza tra chi in Immobiliare dorme sereno e chi trema al controllo

In immobiliare gli adempimenti obbligatori non aspettano: DPI, Formazione, Nomine, Registro, Documento, Data breach, Ruolo/RSPP, Formazione base, Formazione specifica, Emergenze/Incendio, Ruolo/Preposto, Ruolo/RLS. In questa pagina TALES OF SICURIX il PERICOLO prende forma... e il METODO81+ lo rimette in ordine, passo dopo passo. Immagina la scena: prima il caos, poi la checklist che sistema tutto. La regola c'e' gia': tu falla lavorare per te.
👉 Iscriviti al corso: Corso Lavori in Quota e DPI Anticaduta -> https://81plus.net/?corso=corso-lavori-in-quota-e-dpi-anticaduta
▶️ YouTube: youtube.com/@sicurissimo
Contenuto informativo. Prima vedi. Poi sistemi. 81plus.net",Corso Lavori in Quota e DPI Anticaduta,https://81plus.net/?corso=corso-lavori-in-quota-e-dpi-anticaduta,#TalesOfSicurix #SICURIX #Metodo81 #81plus #Sicurissimo #Sicurezza #Privacy #SicurezzaSulLavoro,SICURIX_TALES_662909_8_12_11_10_9_13_5_1_2_7_3_4.webp,https://drive.google.com/drive/folders/1hICKXdl9JTZBL1pemG19oE_661z-EH_k,IMG_ERR
66.30.01,Immobiliare,L,Sicurezza+Privacy,10,Uso e Formazione DPI | Documento Valutazione Rischi (DVR) | Formazione Generale Lavoratori | Informativa e Consensi | Formazione Specifica (rischio basso) | RSPP / Datore di Lavoro RSPP | Addetto Antincendio | Addetto Primo Soccorso | Formazione GDPR | Rappresentante Lavoratori Sicurezza (RLS),D.Lgs81/08 art.77 | D.Lgs81/08 art.28 | Accordo Stato-Regioni | GDPR art.13 | D.Lgs81/08 art.34 | DM 2/9/2021 | DM 388/2003 | GDPR art.32 | D.Lgs81/08 art.47,"CHECKIX>CAOSIX, BLINKIX>POLVERIX, PREPOSTIX>TAGLIX, TRACCIX>RISKIX, SCUDIX>CADUTIX, CHEFIX>VIBRIX, HYGIENIX>RUMORIX, CONSENSIX>IMPROVVISIX, PRIVACIX>IMPROVVISIX, ROBOTIX81>FUMIX","Crea una PAGINA A FUMETTI a STORIA COMPLETA, verticale A4 (1024x1536), QUALITA' EDITORIALE DA STAMPA, stile ufficiale 'SICURIX TALES' IDENTICO alle immagini di riferimento allegate (stessi personaggi a mattoncini 3D, stessa impaginazione, stessi colori, stesse rese): minifigure espressive, ambientazioni ricche e dettagliate del settore, luci morbide, profondita', bordi vignetta netti. IMPAGINAZIONE OBBLIGATORIA: da 10 a 12 VIGNETTE numerate che raccontano UNA STORIA con arco narrativo completo (1 situazione normale -> 2-4 arrivano i pericoli coi cattivi -> 5-6 tensione/conseguenza -> 7-9 arriva SICURIX con gli eroi e applica il METODO81+ passo per passo -> 10-11 risoluzione ordinata -> 12 finale). HEADER in alto: SICURIX (mantello, medaglione arancione '81+', bussola) che presenta in un fumetto; grande titolo 'SICURIX TALES'; sottotitolo 'IMMOBILIARE: Pericolo vs Soluzione con Metodo 81+'; legenda 3 voci (verde Sicurezza, rosso Rischio, blu 81+ Soluzione); fila di EROI coi nomi: CHECKIX, BLINKIX, PREPOSTIX, TRACCIX, SCUDIX, CHEFIX. FOOTER in basso: grande 'Prima vedi. Poi sistemi.'; banner scudo verde 'PROTEGGIAMO. PREVENIAMO. MIGLIORIAMO.' e triangolo rosso 'DISATTENZIONE. RISCHI. COSTI. CAOS.'; logo '81+' + '81plus.net'. TRAMA (usa questi eventi come vignette; se sono meno di 10 aggiungi vignette di contesto, dialogo e reazione per arrivare a 10-12): 1) CAOSIX causa il pericolo 'DPI' (Uso e Formazione DPI); poi CHECKIX+SICURIX applicano il METODO81+; 2) POLVERIX causa il pericolo 'Documento' (Documento Valutazione Rischi (DVR)); poi BLINKIX+SICURIX applicano il METODO81+; 3) TAGLIX causa il pericolo 'Formazione base' (Formazione Generale Lavoratori); poi PREPOSTIX+SICURIX applicano il METODO81+; 4) RISKIX causa il pericolo 'Documento' (Informativa e Consensi); poi TRACCIX+SICURIX applicano il METODO81+; 5) CADUTIX causa il pericolo 'Formazione specifica' (Formazione Specifica (rischio basso)); poi SCUDIX+SICURIX applicano il METODO81+; 6) VIBRIX causa il pericolo 'Ruolo/RSPP' (RSPP / Datore di Lavoro RSPP); poi CHEFIX+SICURIX applicano il METODO81+; 7) RUMORIX causa il pericolo 'Emergenze/Incendio' (Addetto Antincendio); poi HYGIENIX+SICURIX applicano il METODO81+; 8) IMPROVVISIX causa il pericolo 'Emergenze/Soccorso' (Addetto Primo Soccorso); poi CONSENSIX+SICURIX applicano il METODO81+; 9) IMPROVVISIX causa il pericolo 'Formazione' (Formazione GDPR); poi PRIVACIX+SICURIX applicano il METODO81+; 10) FUMIX causa il pericolo 'Ruolo/RLS' (Rappresentante Lavoratori Sicurezza (RLS)); poi ROBOTIX81+SICURIX applicano il METODO81+. PALETTE BRAND ESCLUSIVA: nero #05050A, bianco panna, arancione #FF6A1A/#E8501A; ROSSO solo per 'PERICOLO', VERDE per la checklist 'Metodo 81+'. Logo '81+' ben visibile in OGNI vignetta. REGOLA STORIA: SICURIX NON agisce mai da solo - in OGNI vignetta di soluzione si fa AIUTARE dai suoi colleghi EROI (lavoro di squadra, ognuno col suo ruolo). TESTO: didascalie e fumetti MOLTO BREVI (1-4 parole), GRANDI, centrati, in ITALIANO con ORTOGRAFIA PERFETTA, senza parole inventate, lettere doppie errate o testo tagliato. CATTIVI (coerenti col canone): CAOSIX, POLVERIX, TAGLIX, RISKIX, CADUTIX, VIBRIX, RUMORIX, IMPROVVISIX, FUMIX. EROI: CHECKIX, BLINKIX, PREPOSTIX, TRACCIX, SCUDIX, CHEFIX, HYGIENIX, CONSENSIX, PRIVACIX, ROBOTIX81. NEGATIVE: nessun marchio LEGO reale, nessun personaggio protetto (Asterix ecc.), niente gore/horror, niente claim assoluti ('rischio zero','garantito','zero multe').","In Immobiliare non e' 'se' arriva il controllo, e' 'quando'. Sei pronto?","Immobiliare: 3 minuti oggi o un problema enorme domani. Scegli tu.

In immobiliare gli adempimenti obbligatori non aspettano: DPI, Documento, Formazione base, Formazione specifica, Ruolo/RSPP, Emergenze/Incendio, Emergenze/Soccorso, Formazione, Ruolo/RLS. In questa pagina TALES OF SICURIX il PERICOLO prende forma... e il METODO81+ lo rimette in ordine, passo dopo passo. Immagina la scena: prima il caos, poi la checklist che sistema tutto. La regola c'e' gia': tu falla lavorare per te.
👉 Iscriviti al corso: Corso Lavori in Quota e DPI Anticaduta -> https://81plus.net/?corso=corso-lavori-in-quota-e-dpi-anticaduta
▶️ YouTube: youtube.com/@sicurissimo
Contenuto informativo. Prima vedi. Poi sistemi. 81plus.net",Corso Lavori in Quota e DPI Anticaduta,https://81plus.net/?corso=corso-lavori-in-quota-e-dpi-anticaduta,#TalesOfSicurix #SICURIX #Metodo81 #81plus #Sicurissimo #Sicurezza #Privacy #SicurezzaSulLavoro,SICURIX_TALES_663001_8_0_1_9_2_5_7_6_12_4.webp,https://drive.google.com/drive/folders/1hICKXdl9JTZBL1pemG19oE_661z-EH_k,IMG_ERR
01.61.10,Agricoltura,A,Sicurezza+Privacy+HACCP,12,Documento Valutazione Rischi (DVR) | Informativa e Consensi | Attrezzature e Macchine | Formazione GDPR | Controllo Temperature e Celle | Addetto Primo Soccorso | Addetto Antincendio | Nomina Incaricati/Responsabili | Procedura Data Breach | Corso Alimentarista | Rischio Rumore | Manuale HACCP di Autocontrollo,D.Lgs81/08 art.28 | GDPR art.13 | D.Lgs81/08 Tit.III | GDPR art.32 | Reg.CE 852/2004 | DM 388/2003 | DM 2/9/2021 | GDPR art.28-29 | GDPR art.33-34 | D.Lgs81/08 Tit.VIII,"CHECKIX>POLVERIX, SICURIX>MULTIX, CHEFIX>ØTIX, CIFRIX>LEAKIX, CIFRIX>TEMPORIX, FORMIX>VOLTIX, FORMIX>FUMIX, SCUDIX>CAOSIX, LUXPECTORIX>CAOSIX, CIFRIX>TEMPORIX, LUXPECTORIX>RUMORIX, BLINKIX>MULTIX","Crea una PAGINA A FUMETTI a STORIA COMPLETA, verticale A4 (1024x1536), QUALITA' EDITORIALE DA STAMPA, stile ufficiale 'SICURIX TALES' IDENTICO alle immagini di riferimento allegate (stessi personaggi a mattoncini 3D, stessa impaginazione, stessi colori, stesse rese): minifigure espressive, ambientazioni ricche e dettagliate del settore, luci morbide, profondita', bordi vignetta netti. IMPAGINAZIONE OBBLIGATORIA: da 10 a 12 VIGNETTE numerate che raccontano UNA STORIA con arco narrativo completo (1 situazione normale -> 2-4 arrivano i pericoli coi cattivi -> 5-6 tensione/conseguenza -> 7-9 arriva SICURIX con gli eroi e applica il METODO81+ passo per passo -> 10-11 risoluzione ordinata -> 12 finale). HEADER in alto: SICURIX (mantello, medaglione arancione '81+', bussola) che presenta in un fumetto; grande titolo 'SICURIX TALES'; sottotitolo 'AGRICOLTURA: Pericolo vs Soluzione con Metodo 81+'; legenda 3 voci (verde Sicurezza, rosso Rischio, blu 81+ Soluzione); fila di EROI coi nomi: CHECKIX, SICURIX, CHEFIX, CIFRIX, FORMIX, SCUDIX. FOOTER in basso: grande 'Prima vedi. Poi sistemi.'; banner scudo verde 'PROTEGGIAMO. PREVENIAMO. MIGLIORIAMO.' e triangolo rosso 'DISATTENZIONE. RISCHI. COSTI. CAOS.'; logo '81+' + '81plus.net'. TRAMA (usa questi eventi come vignette; se sono meno di 10 aggiungi vignette di contesto, dialogo e reazione per arrivare a 10-12): 1) POLVERIX causa il pericolo 'Documento' (Documento Valutazione Rischi (DVR)); poi CHECKIX+SICURIX applicano il METODO81+; 2) MULTIX causa il pericolo 'Documento' (Informativa e Consensi); poi SICURIX+SICURIX applicano il METODO81+; 3) ØTIX causa il pericolo 'Attrezzature' (Attrezzature e Macchine); poi CHEFIX+SICURIX applicano il METODO81+; 4) LEAKIX causa il pericolo 'Formazione' (Formazione GDPR); poi CIFRIX+SICURIX applicano il METODO81+; 5) TEMPORIX causa il pericolo 'Temperature' (Controllo Temperature e Celle); poi CIFRIX+SICURIX applicano il METODO81+; 6) VOLTIX causa il pericolo 'Emergenze/Soccorso' (Addetto Primo Soccorso); poi FORMIX+SICURIX applicano il METODO81+; 7) FUMIX causa il pericolo 'Emergenze/Incendio' (Addetto Antincendio); poi FORMIX+SICURIX applicano il METODO81+; 8) CAOSIX causa il pericolo 'Nomine' (Nomina Incaricati/Responsabili); poi SCUDIX+SICURIX applicano il METODO81+; 9) CAOSIX causa il pericolo 'Data breach' (Procedura Data Breach); poi LUXPECTORIX+SICURIX applicano il METODO81+; 10) TEMPORIX causa il pericolo 'Corso' (Corso Alimentarista); poi CIFRIX+SICURIX applicano il METODO81+; 11) RUMORIX causa il pericolo 'Rumore' (Rischio Rumore); poi LUXPECTORIX+SICURIX applicano il METODO81+; 12) MULTIX causa il pericolo 'Documento' (Manuale HACCP di Autocontrollo); poi BLINKIX+SICURIX applicano il METODO81+. PALETTE BRAND ESCLUSIVA: nero #05050A, bianco panna, arancione #FF6A1A/#E8501A; ROSSO solo per 'PERICOLO', VERDE per la checklist 'Metodo 81+'. Logo '81+' ben visibile in OGNI vignetta. REGOLA STORIA: SICURIX NON agisce mai da solo - in OGNI vignetta di soluzione si fa AIUTARE dai suoi colleghi EROI (lavoro di squadra, ognuno col suo ruolo). TESTO: didascalie e fumetti MOLTO BREVI (1-4 parole), GRANDI, centrati, in ITALIANO con ORTOGRAFIA PERFETTA, senza parole inventate, lettere doppie errate o testo tagliato. CATTIVI (coerenti col canone): POLVERIX, MULTIX, ØTIX, LEAKIX, TEMPORIX, VOLTIX, FUMIX, CAOSIX, RUMORIX. EROI: CHECKIX, SICURIX, CHEFIX, CIFRIX, FORMIX, SCUDIX, LUXPECTORIX, BLINKIX. NEGATIVE: nessun marchio LEGO reale, nessun personaggio protetto (Asterix ecc.), niente gore/horror, niente claim assoluti ('rischio zero','garantito','zero multe').",In Agricoltura c'e' un obbligo che in tanti scoprono solo con la sanzione,"In Agricoltura non e' 'se' arriva il controllo, e' 'quando'. Sei pronto?

In agricoltura gli adempimenti obbligatori non aspettano: Documento, Attrezzature, Formazione, Temperature, Emergenze/Soccorso, Emergenze/Incendio, Nomine, Data breach, Corso, Rumore. In questa pagina TALES OF SICURIX il PERICOLO prende forma... e il METODO81+ lo rimette in ordine, passo dopo passo. Immagina la scena: prima il caos, poi la checklist che sistema tutto. La regola c'e' gia': tu falla lavorare per te.
👉 Iscriviti al corso: Corso lavoratore parte GENERALE 4 ore -> https://81plus.net/?corso=corso-lavoratore-parte-generale-4-ore
▶️ YouTube: youtube.com/@sicurissimo
Contenuto informativo. Prima vedi. Poi sistemi. 81plus.net",Corso lavoratore parte GENERALE 4 ore,https://81plus.net/?corso=corso-lavoratore-parte-generale-4-ore,#TalesOfSicurix #SICURIX #Metodo81 #81plus #Sicurissimo #Sicurezza #Privacy #HACCP #SicurezzaSulLavoro,SICURIX_TALES_016110_0_21_13_24_18_6_7_23_25_15_12_14.webp,https://drive.google.com/drive/folders/1hICKXdl9JTZBL1pemG19oE_661z-EH_k,IMG_ERR
47.83.10,Commercio,G,HACCP+Sicurezza+Privacy,10,Rintracciabilita ed Etichettatura | Sorveglianza Sanitaria / Medico Competente | Formazione Specifica (rischio medio) | Documento Valutazione Rischi (DVR) | Manuale HACCP di Autocontrollo | Formazione Preposto | Corso Alimentarista | Lotta agli Infestanti (Pest Control) | Videosorveglianza a norma | Controllo Temperature e Celle,Reg.CE 178/2002 | D.Lgs81/08 art.41 | Accordo Stato-Regioni | D.Lgs81/08 art.28 | Reg.CE 852/2004 | D.Lgs81/08 art.37 | Provv.Garante,"ROBOTIX81>DOSAGIX, BLINKIX>VOLTIX, PRIVACIX>VOLTIX, SCUDIX>POLVERIX, CHECKIX>SCADUTIX, CHEFIX>CADUTIX, CONSENSIX>MESCOLIX, CHEFIX>FRETTIX, HYGIENIX>PERMISSIONIX, ROBOTIX81>MULTIX","Crea una PAGINA A FUMETTI a STORIA COMPLETA, verticale A4 (1024x1536), QUALITA' EDITORIALE DA STAMPA, stile ufficiale 'SICURIX TALES' IDENTICO alle immagini di riferimento allegate (stessi personaggi a mattoncini 3D, stessa impaginazione, stessi colori, stesse rese): minifigure espressive, ambientazioni ricche e dettagliate del settore, luci morbide, profondita', bordi vignetta netti. IMPAGINAZIONE OBBLIGATORIA: da 10 a 12 VIGNETTE numerate che raccontano UNA STORIA con arco narrativo completo (1 situazione normale -> 2-4 arrivano i pericoli coi cattivi -> 5-6 tensione/conseguenza -> 7-9 arriva SICURIX con gli eroi e applica il METODO81+ passo per passo -> 10-11 risoluzione ordinata -> 12 finale). HEADER in alto: SICURIX (mantello, medaglione arancione '81+', bussola) che presenta in un fumetto; grande titolo 'SICURIX TALES'; sottotitolo 'COMMERCIO: Pericolo vs Soluzione con Metodo 81+'; legenda 3 voci (verde Sicurezza, rosso Rischio, blu 81+ Soluzione); fila di EROI coi nomi: ROBOTIX81, BLINKIX, PRIVACIX, SCUDIX, CHECKIX, CHEFIX. FOOTER in basso: grande 'Prima vedi. Poi sistemi.'; banner scudo verde 'PROTEGGIAMO. PREVENIAMO. MIGLIORIAMO.' e triangolo rosso 'DISATTENZIONE. RISCHI. COSTI. CAOS.'; logo '81+' + '81plus.net'. TRAMA (usa questi eventi come vignette; se sono meno di 10 aggiungi vignette di contesto, dialogo e reazione per arrivare a 10-12): 1) DOSAGIX causa il pericolo 'Rintracciabilita' (Rintracciabilita ed Etichettatura); poi ROBOTIX81+SICURIX applicano il METODO81+; 2) VOLTIX causa il pericolo 'Sorveglianza sanitaria' (Sorveglianza Sanitaria / Medico Competente); poi BLINKIX+SICURIX applicano il METODO81+; 3) VOLTIX causa il pericolo 'Formazione specifica' (Formazione Specifica (rischio medio)); poi PRIVACIX+SICURIX applicano il METODO81+; 4) POLVERIX causa il pericolo 'Documento' (Documento Valutazione Rischi (DVR)); poi SCUDIX+SICURIX applicano il METODO81+; 5) SCADUTIX causa il pericolo 'Documento' (Manuale HACCP di Autocontrollo); poi CHECKIX+SICURIX applicano il METODO81+; 6) CADUTIX causa il pericolo 'Ruolo/Preposto' (Formazione Preposto); poi CHEFIX+SICURIX applicano il METODO81+; 7) MESCOLIX causa il pericolo 'Corso' (Corso Alimentarista); poi CONSENSIX+SICURIX applicano il METODO81+; 8) FRETTIX causa il pericolo 'Infestanti' (Lotta agli Infestanti (Pest Control)); poi CHEFIX+SICURIX applicano il METODO81+; 9) PERMISSIONIX causa il pericolo 'Videosorveglianza' (Videosorveglianza a norma); poi HYGIENIX+SICURIX applicano il METODO81+; 10) MULTIX causa il pericolo 'Temperature' (Controllo Temperature e Celle); poi ROBOTIX81+SICURIX applicano il METODO81+. PALETTE BRAND ESCLUSIVA: nero #05050A, bianco panna, arancione #FF6A1A/#E8501A; ROSSO solo per 'PERICOLO', VERDE per la checklist 'Metodo 81+'. Logo '81+' ben visibile in OGNI vignetta. REGOLA STORIA: SICURIX NON agisce mai da solo - in OGNI vignetta di soluzione si fa AIUTARE dai suoi colleghi EROI (lavoro di squadra, ognuno col suo ruolo). TESTO: didascalie e fumetti MOLTO BREVI (1-4 parole), GRANDI, centrati, in ITALIANO con ORTOGRAFIA PERFETTA, senza parole inventate, lettere doppie errate o testo tagliato. CATTIVI (coerenti col canone): DOSAGIX, VOLTIX, POLVERIX, SCADUTIX, CADUTIX, MESCOLIX, FRETTIX, PERMISSIONIX, MULTIX. EROI: ROBOTIX81, BLINKIX, PRIVACIX, SCUDIX, CHECKIX, CHEFIX, CONSENSIX, HYGIENIX. NEGATIVE: nessun marchio LEGO reale, nessun personaggio protetto (Asterix ecc.), niente gore/horror, niente claim assoluti ('rischio zero','garantito','zero multe').",Quello che l'ispettore controlla per primo in Commercio (e quasi nessuno lo sa),"In Commercio c'e' un obbligo che in tanti scoprono solo con la sanzione

In commercio gli adempimenti obbligatori non aspettano: Rintracciabilita, Sorveglianza sanitaria, Formazione specifica, Documento, Ruolo/Preposto, Corso, Infestanti, Videosorveglianza, Temperature. In questa pagina TALES OF SICURIX il PERICOLO prende forma... e il METODO81+ lo rimette in ordine, passo dopo passo. Immagina la scena: prima il caos, poi la checklist che sistema tutto. Mettere ordine ora costa poco. Rimediare dopo costa caro.
👉 Iscriviti al corso: Manuale di rintracciabilità -> https://81plus.net/?corso=manuale-di-rintracciabilit
▶️ YouTube: youtube.com/@sicurissimo
Contenuto informativo. Prima vedi. Poi sistemi. 81plus.net",Manuale di rintracciabilità,https://81plus.net/?corso=manuale-di-rintracciabilit,#TalesOfSicurix #SICURIX #Metodo81 #81plus #Sicurissimo #HACCP #Sicurezza #Privacy #SicurezzaSulLavoro,SICURIX_TALES_478310_15_9_2_0_12_3_13_17_24_16.webp,https://drive.google.com/drive/folders/1hICKXdl9JTZBL1pemG19oE_661z-EH_k,IMG_ERR
77.39.99,PA,O,Sicurezza+Privacy,11,Formazione Generale Lavoratori | Nomina DPO / RPD | Stress Lavoro-Correlato | Sorveglianza Sanitaria / Medico Competente | Nomina Incaricati/Responsabili | Valutazione d'Impatto (DPIA) | Procedura Data Breach | Registro dei Trattamenti | Addetto Primo Soccorso | Formazione Specifica (rischio medio) | Uso e Formazione DPI,Accordo Stato-Regioni | GDPR art.37 | D.Lgs81/08 art.28 | D.Lgs81/08 art.41 | GDPR art.28-29 | GDPR art.35 | GDPR art.33-34 | GDPR art.30 | DM 388/2003 | D.Lgs81/08 art.77,"CHECKIX>SCHIACCIX, CHEFIX>LEAKIX, SICURIX>OBLIVIX, FORMIX>VIBRIX, SCUDIX>CANCELIX, SICURIX>FRETTIX, CHECKIX>HACKIX, SICURIX>PERMISSIONIX, CHEFIX>SCHIACCIX, PRIVACIX>POLVERIX, DOCUMIX>CADUTIX","Crea una PAGINA A FUMETTI a STORIA COMPLETA, verticale A4 (1024x1536), QUALITA' EDITORIALE DA STAMPA, stile ufficiale 'SICURIX TALES' IDENTICO alle immagini di riferimento allegate (stessi personaggi a mattoncini 3D, stessa impaginazione, stessi colori, stesse rese): minifigure espressive, ambientazioni ricche e dettagliate del settore, luci morbide, profondita', bordi vignetta netti. IMPAGINAZIONE OBBLIGATORIA: da 10 a 12 VIGNETTE numerate che raccontano UNA STORIA con arco narrativo completo (1 situazione normale -> 2-4 arrivano i pericoli coi cattivi -> 5-6 tensione/conseguenza -> 7-9 arriva SICURIX con gli eroi e applica il METODO81+ passo per passo -> 10-11 risoluzione ordinata -> 12 finale). HEADER in alto: SICURIX (mantello, medaglione arancione '81+', bussola) che presenta in un fumetto; grande titolo 'SICURIX TALES'; sottotitolo 'PA: Pericolo vs Soluzione con Metodo 81+'; legenda 3 voci (verde Sicurezza, rosso Rischio, blu 81+ Soluzione); fila di EROI coi nomi: CHECKIX, CHEFIX, SICURIX, FORMIX, SCUDIX, PRIVACIX. FOOTER in basso: grande 'Prima vedi. Poi sistemi.'; banner scudo verde 'PROTEGGIAMO. PREVENIAMO. MIGLIORIAMO.' e triangolo rosso 'DISATTENZIONE. RISCHI. COSTI. CAOS.'; logo '81+' + '81plus.net'. TRAMA (usa questi eventi come vignette; se sono meno di 10 aggiungi vignette di contesto, dialogo e reazione per arrivare a 10-12): 1) SCHIACCIX causa il pericolo 'Formazione base' (Formazione Generale Lavoratori); poi CHECKIX+SICURIX applicano il METODO81+; 2) LEAKIX causa il pericolo 'DPO' (Nomina DPO / RPD); poi CHEFIX+SICURIX applicano il METODO81+; 3) OBLIVIX causa il pericolo 'Stress' (Stress Lavoro-Correlato); poi SICURIX+SICURIX applicano il METODO81+; 4) VIBRIX causa il pericolo 'Sorveglianza sanitaria' (Sorveglianza Sanitaria / Medico Competente); poi FORMIX+SICURIX applicano il METODO81+; 5) CANCELIX causa il pericolo 'Nomine' (Nomina Incaricati/Responsabili); poi SCUDIX+SICURIX applicano il METODO81+; 6) FRETTIX causa il pericolo 'DPIA' (Valutazione d'Impatto (DPIA)); poi SICURIX+SICURIX applicano il METODO81+; 7) HACKIX causa il pericolo 'Data breach' (Procedura Data Breach); poi CHECKIX+SICURIX applicano il METODO81+; 8) PERMISSIONIX causa il pericolo 'Registro' (Registro dei Trattamenti); poi SICURIX+SICURIX applicano il METODO81+; 9) SCHIACCIX causa il pericolo 'Emergenze/Soccorso' (Addetto Primo Soccorso); poi CHEFIX+SICURIX applicano il METODO81+; 10) POLVERIX causa il pericolo 'Formazione specifica' (Formazione Specifica (rischio medio)); poi PRIVACIX+SICURIX applicano il METODO81+; 11) CADUTIX causa il pericolo 'DPI' (Uso e Formazione DPI); poi DOCUMIX+SICURIX applicano il METODO81+. PALETTE BRAND ESCLUSIVA: nero #05050A, bianco panna, arancione #FF6A1A/#E8501A; ROSSO solo per 'PERICOLO', VERDE per la checklist 'Metodo 81+'. Logo '81+' ben visibile in OGNI vignetta. REGOLA STORIA: SICURIX NON agisce mai da solo - in OGNI vignetta di soluzione si fa AIUTARE dai suoi colleghi EROI (lavoro di squadra, ognuno col suo ruolo). TESTO: didascalie e fumetti MOLTO BREVI (1-4 parole), GRANDI, centrati, in ITALIANO con ORTOGRAFIA PERFETTA, senza parole inventate, lettere doppie errate o testo tagliato. CATTIVI (coerenti col canone): SCHIACCIX, LEAKIX, OBLIVIX, VIBRIX, CANCELIX, FRETTIX, HACKIX, PERMISSIONIX, POLVERIX, CADUTIX. EROI: CHECKIX, CHEFIX, SICURIX, FORMIX, SCUDIX, PRIVACIX, DOCUMIX. NEGATIVE: nessun marchio LEGO reale, nessun personaggio protetto (Asterix ecc.), niente gore/horror, niente claim assoluti ('rischio zero','garantito','zero multe').",La differenza tra chi in PA dorme sereno e chi trema al controllo,"In PA non e' 'se' arriva il controllo, e' 'quando'. Sei pronto?

In pa gli adempimenti obbligatori non aspettano: Formazione base, DPO, Stress, Sorveglianza sanitaria, Nomine, DPIA, Data breach, Registro, Emergenze/Soccorso, Formazione specifica, DPI. In questa pagina TALES OF SICURIX il PERICOLO prende forma... e il METODO81+ lo rimette in ordine, passo dopo passo. Immagina la scena: prima il caos, poi la checklist che sistema tutto. Chi si mette in regola prima, dorme meglio dopo.
👉 Iscriviti al corso: Corso lavoratore parte GENERALE 4 ore -> https://81plus.net/?corso=corso-lavoratore-parte-generale-4-ore
▶️ YouTube: youtube.com/@sicurissimo
Contenuto informativo. Prima vedi. Poi sistemi. 81plus.net",Corso lavoratore parte GENERALE 4 ore,https://81plus.net/?corso=corso-lavoratore-parte-generale-4-ore,#TalesOfSicurix #SICURIX #Metodo81 #81plus #Sicurissimo #Sicurezza #Privacy #SicurezzaSulLavoro,SICURIX_TALES_773999_1_17_11_9_14_18_16_13_6_2_8.webp,https://drive.google.com/drive/folders/1hICKXdl9JTZBL1pemG19oE_661z-EH_k,IMG_ERR
88.91.00,Arte/Sport,R,Sicurezza+HACCP+Privacy,10,Formazione Specifica (rischio medio) | Rappresentante Lavoratori Sicurezza (RLS) | Manuale HACCP di Autocontrollo | Documento Valutazione Rischi (DVR) | Addetto Antincendio | Stress Lavoro-Correlato | Movimentazione Manuale Carichi | Lotta agli Infestanti (Pest Control) | Formazione Preposto | Nomina Incaricati/Responsabili,Accordo Stato-Regioni | D.Lgs81/08 art.47 | Reg.CE 852/2004 | D.Lgs81/08 art.28 | DM 2/9/2021 | D.Lgs81/08 Tit.VI | D.Lgs81/08 art.37 | GDPR art.28-29,"BLINKIX>RISKIX, PREPOSTIX>NONDPIX, PRIVACIX>ACQUAIX, TRACCIX>MULTIX, CHECKIX>SEGNALEX, CHEFIX>CADUTIX, TRACCIX>RUMORIX, SCUDIX>OBLIVIX, CHEFIX>SCIVOLIX, CONSENSIX>SPYIX","Crea una PAGINA A FUMETTI a STORIA COMPLETA, verticale A4 (1024x1536), QUALITA' EDITORIALE DA STAMPA, stile ufficiale 'SICURIX TALES' IDENTICO alle immagini di riferimento allegate (stessi personaggi a mattoncini 3D, stessa impaginazione, stessi colori, stesse rese): minifigure espressive, ambientazioni ricche e dettagliate del settore, luci morbide, profondita', bordi vignetta netti. IMPAGINAZIONE OBBLIGATORIA: da 10 a 12 VIGNETTE numerate che raccontano UNA STORIA con arco narrativo completo (1 situazione normale -> 2-4 arrivano i pericoli coi cattivi -> 5-6 tensione/conseguenza -> 7-9 arriva SICURIX con gli eroi e applica il METODO81+ passo per passo -> 10-11 risoluzione ordinata -> 12 finale). HEADER in alto: SICURIX (mantello, medaglione arancione '81+', bussola) che presenta in un fumetto; grande titolo 'SICURIX TALES'; sottotitolo 'ARTE/SPORT: Pericolo vs Soluzione con Metodo 81+'; legenda 3 voci (verde Sicurezza, rosso Rischio, blu 81+ Soluzione); fila di EROI coi nomi: BLINKIX, PREPOSTIX, PRIVACIX, TRACCIX, CHECKIX, CHEFIX. FOOTER in basso: grande 'Prima vedi. Poi sistemi.'; banner scudo verde 'PROTEGGIAMO. PREVENIAMO. MIGLIORIAMO.' e triangolo rosso 'DISATTENZIONE. RISCHI. COSTI. CAOS.'; logo '81+' + '81plus.net'. TRAMA (usa questi eventi come vignette; se sono meno di 10 aggiungi vignette di contesto, dialogo e reazione per arrivare a 10-12): 1) RISKIX causa il pericolo 'Formazione specifica' (Formazione Specifica (rischio medio)); poi BLINKIX+SICURIX applicano il METODO81+; 2) NONDPIX causa il pericolo 'Ruolo/RLS' (Rappresentante Lavoratori Sicurezza (RLS)); poi PREPOSTIX+SICURIX applicano il METODO81+; 3) ACQUAIX causa il pericolo 'Documento' (Manuale HACCP di Autocontrollo); poi PRIVACIX+SICURIX applicano il METODO81+; 4) MULTIX causa il pericolo 'Documento' (Documento Valutazione Rischi (DVR)); poi TRACCIX+SICURIX applicano il METODO81+; 5) SEGNALEX causa il pericolo 'Emergenze/Incendio' (Addetto Antincendio); poi CHECKIX+SICURIX applicano il METODO81+; 6) CADUTIX causa il pericolo 'Stress' (Stress Lavoro-Correlato); poi CHEFIX+SICURIX applicano il METODO81+; 7) RUMORIX causa il pericolo 'MMC' (Movimentazione Manuale Carichi); poi TRACCIX+SICURIX applicano il METODO81+; 8) OBLIVIX causa il pericolo 'Infestanti' (Lotta agli Infestanti (Pest Control)); poi SCUDIX+SICURIX applicano il METODO81+; 9) SCIVOLIX causa il pericolo 'Ruolo/Preposto' (Formazione Preposto); poi CHEFIX+SICURIX applicano il METODO81+; 10) SPYIX causa il pericolo 'Nomine' (Nomina Incaricati/Responsabili); poi CONSENSIX+SICURIX applicano il METODO81+. PALETTE BRAND ESCLUSIVA: nero #05050A, bianco panna, arancione #FF6A1A/#E8501A; ROSSO solo per 'PERICOLO', VERDE per la checklist 'Metodo 81+'. Logo '81+' ben visibile in OGNI vignetta. REGOLA STORIA: SICURIX NON agisce mai da solo - in OGNI vignetta di soluzione si fa AIUTARE dai suoi colleghi EROI (lavoro di squadra, ognuno col suo ruolo). TESTO: didascalie e fumetti MOLTO BREVI (1-4 parole), GRANDI, centrati, in ITALIANO con ORTOGRAFIA PERFETTA, senza parole inventate, lettere doppie errate o testo tagliato. CATTIVI (coerenti col canone): RISKIX, NONDPIX, ACQUAIX, MULTIX, SEGNALEX, CADUTIX, RUMORIX, OBLIVIX, SCIVOLIX, SPYIX. EROI: BLINKIX, PREPOSTIX, PRIVACIX, TRACCIX, CHECKIX, CHEFIX, SCUDIX, CONSENSIX. NEGATIVE: nessun marchio LEGO reale, nessun personaggio protetto (Asterix ecc.), niente gore/horror, niente claim assoluti ('rischio zero','garantito','zero multe').",In Arte/Sport c'e' un obbligo che in tanti scoprono solo con la sanzione,"In Arte/Sport non e' 'se' arriva il controllo, e' 'quando'. Sei pronto?

In arte/sport gli adempimenti obbligatori non aspettano: Formazione specifica, Ruolo/RLS, Documento, Emergenze/Incendio, Stress, MMC, Infestanti, Ruolo/Preposto, Nomine. In questa pagina TALES OF SICURIX il PERICOLO prende forma... e il METODO81+ lo rimette in ordine, passo dopo passo. Immagina la scena: prima il caos, poi la checklist che sistema tutto. Mettere ordine ora costa poco. Rimediare dopo costa caro.
👉 Iscriviti al corso: Corso lavoratore parte GENERALE 4 ore -> https://81plus.net/?corso=corso-lavoratore-parte-generale-4-ore
▶️ YouTube: youtube.com/@sicurissimo
Contenuto informativo. Prima vedi. Poi sistemi. 81plus.net",Corso lavoratore parte GENERALE 4 ore,https://81plus.net/?corso=corso-lavoratore-parte-generale-4-ore,#TalesOfSicurix #SICURIX #Metodo81 #81plus #Sicurissimo #Sicurezza #HACCP #Privacy #SicurezzaSulLavoro,SICURIX_TALES_889100_2_4_12_0_7_11_10_17_3_21.webp,https://drive.google.com/drive/folders/1hICKXdl9JTZBL1pemG19oE_661z-EH_k,IMG_ERR
22.11.10,Manifattura,C,HACCP+Sicurezza+Privacy+Ambientale,12,Lotta agli Infestanti (Pest Control) | Uso e Formazione DPI | Procedura Data Breach | Controllo Temperature e Celle | Sorveglianza Sanitaria / Medico Competente | Addetto Antincendio | Formazione Specifica (rischio alto) | Gestione Rifiuti e Registro | Manuale HACCP di Autocontrollo | Piano di Sanificazione | Formazione Ambientale | Formazione Generale Lavoratori,Reg.CE 852/2004 | D.Lgs81/08 art.77 | GDPR art.33-34 | D.Lgs81/08 art.41 | DM 2/9/2021 | Accordo Stato-Regioni | D.Lgs152/06,"PRIVACIX>SCADUTIX, CHEFIX>FUMIX, DOCUMIX>SPYIX, LUXPECTORIX>DOSAGIX, PREPOSTIX>SEGNALEX, CHEFIX>SCHIACCIX, CONSENSIX>SCHIACCIX, CHEFIX>OBLIVIX, ROBOTIX81>TEMPORIX, CONSENSIX>CAOSIX, TRACCIX>MULTIX, ROBOTIX81>MULTIX","Crea una PAGINA A FUMETTI a STORIA COMPLETA, verticale A4 (1024x1536), QUALITA' EDITORIALE DA STAMPA, stile ufficiale 'SICURIX TALES' IDENTICO alle immagini di riferimento allegate (stessi personaggi a mattoncini 3D, stessa impaginazione, stessi colori, stesse rese): minifigure espressive, ambientazioni ricche e dettagliate del settore, luci morbide, profondita', bordi vignetta netti. IMPAGINAZIONE OBBLIGATORIA: da 10 a 12 VIGNETTE numerate che raccontano UNA STORIA con arco narrativo completo (1 situazione normale -> 2-4 arrivano i pericoli coi cattivi -> 5-6 tensione/conseguenza -> 7-9 arriva SICURIX con gli eroi e applica il METODO81+ passo per passo -> 10-11 risoluzione ordinata -> 12 finale). HEADER in alto: SICURIX (mantello, medaglione arancione '81+', bussola) che presenta in un fumetto; grande titolo 'SICURIX TALES'; sottotitolo 'MANIFATTURA: Pericolo vs Soluzione con Metodo 81+'; legenda 3 voci (verde Sicurezza, rosso Rischio, blu 81+ Soluzione); fila di EROI coi nomi: PRIVACIX, CHEFIX, DOCUMIX, LUXPECTORIX, PREPOSTIX, CONSENSIX. FOOTER in basso: grande 'Prima vedi. Poi sistemi.'; banner scudo verde 'PROTEGGIAMO. PREVENIAMO. MIGLIORIAMO.' e triangolo rosso 'DISATTENZIONE. RISCHI. COSTI. CAOS.'; logo '81+' + '81plus.net'. TRAMA (usa questi eventi come vignette; se sono meno di 10 aggiungi vignette di contesto, dialogo e reazione per arrivare a 10-12): 1) SCADUTIX causa il pericolo 'Infestanti' (Lotta agli Infestanti (Pest Control)); poi PRIVACIX+SICURIX applicano il METODO81+; 2) FUMIX causa il pericolo 'DPI' (Uso e Formazione DPI); poi CHEFIX+SICURIX applicano il METODO81+; 3) SPYIX causa il pericolo 'Data breach' (Procedura Data Breach); poi DOCUMIX+SICURIX applicano il METODO81+; 4) DOSAGIX causa il pericolo 'Temperature' (Controllo Temperature e Celle); poi LUXPECTORIX+SICURIX applicano il METODO81+; 5) SEGNALEX causa il pericolo 'Sorveglianza sanitaria' (Sorveglianza Sanitaria / Medico Competente); poi PREPOSTIX+SICURIX applicano il METODO81+; 6) SCHIACCIX causa il pericolo 'Emergenze/Incendio' (Addetto Antincendio); poi CHEFIX+SICURIX applicano il METODO81+; 7) SCHIACCIX causa il pericolo 'Formazione specifica' (Formazione Specifica (rischio alto)); poi CONSENSIX+SICURIX applicano il METODO81+; 8) OBLIVIX causa il pericolo 'Rifiuti' (Gestione Rifiuti e Registro); poi CHEFIX+SICURIX applicano il METODO81+; 9) TEMPORIX causa il pericolo 'Documento' (Manuale HACCP di Autocontrollo); poi ROBOTIX81+SICURIX applicano il METODO81+; 10) CAOSIX causa il pericolo 'Sanificazione' (Piano di Sanificazione); poi CONSENSIX+SICURIX applicano il METODO81+; 11) MULTIX causa il pericolo 'Formazione' (Formazione Ambientale); poi TRACCIX+SICURIX applicano il METODO81+; 12) MULTIX causa il pericolo 'Formazione base' (Formazione Generale Lavoratori); poi ROBOTIX81+SICURIX applicano il METODO81+. PALETTE BRAND ESCLUSIVA: nero #05050A, bianco panna, arancione #FF6A1A/#E8501A; ROSSO solo per 'PERICOLO', VERDE per la checklist 'Metodo 81+'. Logo '81+' ben visibile in OGNI vignetta. REGOLA STORIA: SICURIX NON agisce mai da solo - in OGNI vignetta di soluzione si fa AIUTARE dai suoi colleghi EROI (lavoro di squadra, ognuno col suo ruolo). TESTO: didascalie e fumetti MOLTO BREVI (1-4 parole), GRANDI, centrati, in ITALIANO con ORTOGRAFIA PERFETTA, senza parole inventate, lettere doppie errate o testo tagliato. CATTIVI (coerenti col canone): SCADUTIX, FUMIX, SPYIX, DOSAGIX, SEGNALEX, SCHIACCIX, OBLIVIX, TEMPORIX, CAOSIX, MULTIX. EROI: PRIVACIX, CHEFIX, DOCUMIX, LUXPECTORIX, PREPOSTIX, CONSENSIX, ROBOTIX81, TRACCIX. NEGATIVE: nessun marchio LEGO reale, nessun personaggio protetto (Asterix ecc.), niente gore/horror, niente claim assoluti ('rischio zero','garantito','zero multe').",Manifattura: 3 minuti oggi o un problema enorme domani. Scegli tu.,"In Manifattura c'e' un obbligo che in tanti scoprono solo con la sanzione

In manifattura gli adempimenti obbligatori non aspettano: Infestanti, DPI, Data breach, Temperature, Sorveglianza sanitaria, Emergenze/Incendio, Formazione specifica, Rifiuti, Documento, Sanificazione, Formazione, Formazione base. In questa pagina TALES OF SICURIX il PERICOLO prende forma... e il METODO81+ lo rimette in ordine, passo dopo passo. Immagina la scena: prima il caos, poi la checklist che sistema tutto. Chi si mette in regola prima, dorme meglio dopo.
👉 Iscriviti al corso: Haccp - Corso responsabile industria alimentare -> https://81plus.net/?corso=haccp-corso-responsabile-industria-alimentare
▶️ YouTube: youtube.com/@sicurissimo
Contenuto informativo. Prima vedi. Poi sistemi. 81plus.net",Haccp - Corso responsabile industria alimentare,https://81plus.net/?corso=haccp-corso-responsabile-industria-alimentare,#TalesOfSicurix #SICURIX #Metodo81 #81plus #Sicurissimo #HACCP #Sicurezza #Privacy #Ambientale #SicurezzaSulLavoro,SICURIX_TALES_221110_19_8_25_18_9_7_2_26_14_16_27_1.webp,https://drive.google.com/drive/folders/1hICKXdl9JTZBL1pemG19oE_661z-EH_k,IMG_ERR
90.13.00,Altri servizi,S,Sicurezza+HACCP+Privacy,11,Formazione Generale Lavoratori | Addetto Primo Soccorso | Sorveglianza Sanitaria / Medico Competente | Rappresentante Lavoratori Sicurezza (RLS) | Stress Lavoro-Correlato | Piano di Sanificazione | Formazione GDPR | Lotta agli Infestanti (Pest Control) | RSPP / Datore di Lavoro RSPP | Formazione Specifica (rischio medio) | Formazione Preposto,Accordo Stato-Regioni | DM 388/2003 | D.Lgs81/08 art.41 | D.Lgs81/08 art.47 | D.Lgs81/08 art.28 | Reg.CE 852/2004 | GDPR art.32 | D.Lgs81/08 art.34 | D.Lgs81/08 art.37,"LUXPECTORIX>CHIMIKIX, SCUDIX>OBLIVIX, FORMIX>SCIVOLIX, PRIVACIX>SEGNALEX, PREPOSTIX>CAOSIX, FORMIX>DOSAGIX, PRIVACIX>CAOSIX, SCUDIX>FRETTIX, PREPOSTIX>CADUTIX, DOCUMIX>BIOXIX, HYGIENIX>VOLTIX","Crea una PAGINA A FUMETTI a STORIA COMPLETA, verticale A4 (1024x1536), QUALITA' EDITORIALE DA STAMPA, stile ufficiale 'SICURIX TALES' IDENTICO alle immagini di riferimento allegate (stessi personaggi a mattoncini 3D, stessa impaginazione, stessi colori, stesse rese): minifigure espressive, ambientazioni ricche e dettagliate del settore, luci morbide, profondita', bordi vignetta netti. IMPAGINAZIONE OBBLIGATORIA: da 10 a 12 VIGNETTE numerate che raccontano UNA STORIA con arco narrativo completo (1 situazione normale -> 2-4 arrivano i pericoli coi cattivi -> 5-6 tensione/conseguenza -> 7-9 arriva SICURIX con gli eroi e applica il METODO81+ passo per passo -> 10-11 risoluzione ordinata -> 12 finale). HEADER in alto: SICURIX (mantello, medaglione arancione '81+', bussola) che presenta in un fumetto; grande titolo 'SICURIX TALES'; sottotitolo 'ALTRI SERVIZI: Pericolo vs Soluzione con Metodo 81+'; legenda 3 voci (verde Sicurezza, rosso Rischio, blu 81+ Soluzione); fila di EROI coi nomi: LUXPECTORIX, SCUDIX, FORMIX, PRIVACIX, PREPOSTIX, DOCUMIX. FOOTER in basso: grande 'Prima vedi. Poi sistemi.'; banner scudo verde 'PROTEGGIAMO. PREVENIAMO. MIGLIORIAMO.' e triangolo rosso 'DISATTENZIONE. RISCHI. COSTI. CAOS.'; logo '81+' + '81plus.net'. TRAMA (usa questi eventi come vignette; se sono meno di 10 aggiungi vignette di contesto, dialogo e reazione per arrivare a 10-12): 1) CHIMIKIX causa il pericolo 'Formazione base' (Formazione Generale Lavoratori); poi LUXPECTORIX+SICURIX applicano il METODO81+; 2) OBLIVIX causa il pericolo 'Emergenze/Soccorso' (Addetto Primo Soccorso); poi SCUDIX+SICURIX applicano il METODO81+; 3) SCIVOLIX causa il pericolo 'Sorveglianza sanitaria' (Sorveglianza Sanitaria / Medico Competente); poi FORMIX+SICURIX applicano il METODO81+; 4) SEGNALEX causa il pericolo 'Ruolo/RLS' (Rappresentante Lavoratori Sicurezza (RLS)); poi PRIVACIX+SICURIX applicano il METODO81+; 5) CAOSIX causa il pericolo 'Stress' (Stress Lavoro-Correlato); poi PREPOSTIX+SICURIX applicano il METODO81+; 6) DOSAGIX causa il pericolo 'Sanificazione' (Piano di Sanificazione); poi FORMIX+SICURIX applicano il METODO81+; 7) CAOSIX causa il pericolo 'Formazione' (Formazione GDPR); poi PRIVACIX+SICURIX applicano il METODO81+; 8) FRETTIX causa il pericolo 'Infestanti' (Lotta agli Infestanti (Pest Control)); poi SCUDIX+SICURIX applicano il METODO81+; 9) CADUTIX causa il pericolo 'Ruolo/RSPP' (RSPP / Datore di Lavoro RSPP); poi PREPOSTIX+SICURIX applicano il METODO81+; 10) BIOXIX causa il pericolo 'Formazione specifica' (Formazione Specifica (rischio medio)); poi DOCUMIX+SICURIX applicano il METODO81+; 11) VOLTIX causa il pericolo 'Ruolo/Preposto' (Formazione Preposto); poi HYGIENIX+SICURIX applicano il METODO81+. PALETTE BRAND ESCLUSIVA: nero #05050A, bianco panna, arancione #FF6A1A/#E8501A; ROSSO solo per 'PERICOLO', VERDE per la checklist 'Metodo 81+'. Logo '81+' ben visibile in OGNI vignetta. REGOLA STORIA: SICURIX NON agisce mai da solo - in OGNI vignetta di soluzione si fa AIUTARE dai suoi colleghi EROI (lavoro di squadra, ognuno col suo ruolo). TESTO: didascalie e fumetti MOLTO BREVI (1-4 parole), GRANDI, centrati, in ITALIANO con ORTOGRAFIA PERFETTA, senza parole inventate, lettere doppie errate o testo tagliato. CATTIVI (coerenti col canone): CHIMIKIX, OBLIVIX, SCIVOLIX, SEGNALEX, CAOSIX, DOSAGIX, FRETTIX, CADUTIX, BIOXIX, VOLTIX. EROI: LUXPECTORIX, SCUDIX, FORMIX, PRIVACIX, PREPOSTIX, DOCUMIX, HYGIENIX. NEGATIVE: nessun marchio LEGO reale, nessun personaggio protetto (Asterix ecc.), niente gore/horror, niente claim assoluti ('rischio zero','garantito','zero multe').",In Altri servizi c'e' un obbligo che in tanti scoprono solo con la sanzione,"In Altri servizi non e' 'se' arriva il controllo, e' 'quando'. Sei pronto?

In altri servizi gli adempimenti obbligatori non aspettano: Formazione base, Emergenze/Soccorso, Sorveglianza sanitaria, Ruolo/RLS, Stress, Sanificazione, Formazione, Infestanti, Ruolo/RSPP, Formazione specifica, Ruolo/Preposto. In questa pagina TALES OF SICURIX il PERICOLO prende forma... e il METODO81+ lo rimette in ordine, passo dopo passo. Immagina la scena: prima il caos, poi la checklist che sistema tutto. Chi si mette in regola prima, dorme meglio dopo.
👉 Iscriviti al corso: Corso lavoratore parte GENERALE 4 ore -> https://81plus.net/?corso=corso-lavoratore-parte-generale-4-ore
▶️ YouTube: youtube.com/@sicurissimo
Contenuto informativo. Prima vedi. Poi sistemi. 81plus.net",Corso lavoratore parte GENERALE 4 ore,https://81plus.net/?corso=corso-lavoratore-parte-generale-4-ore,#TalesOfSicurix #SICURIX #Metodo81 #81plus #Sicurissimo #Sicurezza #HACCP #Privacy #SicurezzaSulLavoro,SICURIX_TALES_901300_1_6_9_4_11_14_22_17_5_2_3.webp,https://drive.google.com/drive/folders/1hICKXdl9JTZBL1pemG19oE_661z-EH_k,IMG_ERR
47.92.34,Commercio,G,HACCP+Privacy+Sicurezza,12,Corso Alimentarista | Registro dei Trattamenti | Addetto Primo Soccorso | Formazione Preposto | Videosorveglianza a norma | Nomina Incaricati/Responsabili | Informativa e Consensi | RSPP / Datore di Lavoro RSPP | Documento Valutazione Rischi (DVR) | Formazione Generale Lavoratori | Formazione Specifica (rischio medio) | Addetto Antincendio,Reg.CE 852/2004 | GDPR art.30 | DM 388/2003 | D.Lgs81/08 art.37 | Provv.Garante | GDPR art.28-29 | GDPR art.13 | D.Lgs81/08 art.34 | D.Lgs81/08 art.28 | Accordo Stato-Regioni | DM 2/9/2021,"CONSENSIX>SCADUTIX, LUXPECTORIX>CAOSIX, LUXPECTORIX>FRETTIX, CHEFIX>BIOXIX, HYGIENIX>CANCELIX, DOCUMIX>FRETTIX, DOCUMIX>CANCELIX, PREPOSTIX>VIBRIX, FORMIX>FUMIX, SCUDIX>VIBRIX, BLINKIX>BIOXIX, ROBOTIX81>CADUTIX","Crea una PAGINA A FUMETTI a STORIA COMPLETA, verticale A4 (1024x1536), QUALITA' EDITORIALE DA STAMPA, stile ufficiale 'SICURIX TALES' IDENTICO alle immagini di riferimento allegate (stessi personaggi a mattoncini 3D, stessa impaginazione, stessi colori, stesse rese): minifigure espressive, ambientazioni ricche e dettagliate del settore, luci morbide, profondita', bordi vignetta netti. IMPAGINAZIONE OBBLIGATORIA: da 10 a 12 VIGNETTE numerate che raccontano UNA STORIA con arco narrativo completo (1 situazione normale -> 2-4 arrivano i pericoli coi cattivi -> 5-6 tensione/conseguenza -> 7-9 arriva SICURIX con gli eroi e applica il METODO81+ passo per passo -> 10-11 risoluzione ordinata -> 12 finale). HEADER in alto: SICURIX (mantello, medaglione arancione '81+', bussola) che presenta in un fumetto; grande titolo 'SICURIX TALES'; sottotitolo 'COMMERCIO: Pericolo vs Soluzione con Metodo 81+'; legenda 3 voci (verde Sicurezza, rosso Rischio, blu 81+ Soluzione); fila di EROI coi nomi: CONSENSIX, LUXPECTORIX, CHEFIX, HYGIENIX, DOCUMIX, PREPOSTIX. FOOTER in basso: grande 'Prima vedi. Poi sistemi.'; banner scudo verde 'PROTEGGIAMO. PREVENIAMO. MIGLIORIAMO.' e triangolo rosso 'DISATTENZIONE. RISCHI. COSTI. CAOS.'; logo '81+' + '81plus.net'. TRAMA (usa questi eventi come vignette; se sono meno di 10 aggiungi vignette di contesto, dialogo e reazione per arrivare a 10-12): 1) SCADUTIX causa il pericolo 'Corso' (Corso Alimentarista); poi CONSENSIX+SICURIX applicano il METODO81+; 2) CAOSIX causa il pericolo 'Registro' (Registro dei Trattamenti); poi LUXPECTORIX+SICURIX applicano il METODO81+; 3) FRETTIX causa il pericolo 'Emergenze/Soccorso' (Addetto Primo Soccorso); poi LUXPECTORIX+SICURIX applicano il METODO81+; 4) BIOXIX causa il pericolo 'Ruolo/Preposto' (Formazione Preposto); poi CHEFIX+SICURIX applicano il METODO81+; 5) CANCELIX causa il pericolo 'Videosorveglianza' (Videosorveglianza a norma); poi HYGIENIX+SICURIX applicano il METODO81+; 6) FRETTIX causa il pericolo 'Nomine' (Nomina Incaricati/Responsabili); poi DOCUMIX+SICURIX applicano il METODO81+; 7) CANCELIX causa il pericolo 'Documento' (Informativa e Consensi); poi DOCUMIX+SICURIX applicano il METODO81+; 8) VIBRIX causa il pericolo 'Ruolo/RSPP' (RSPP / Datore di Lavoro RSPP); poi PREPOSTIX+SICURIX applicano il METODO81+; 9) FUMIX causa il pericolo 'Documento' (Documento Valutazione Rischi (DVR)); poi FORMIX+SICURIX applicano il METODO81+; 10) VIBRIX causa il pericolo 'Formazione base' (Formazione Generale Lavoratori); poi SCUDIX+SICURIX applicano il METODO81+; 11) BIOXIX causa il pericolo 'Formazione specifica' (Formazione Specifica (rischio medio)); poi BLINKIX+SICURIX applicano il METODO81+; 12) CADUTIX causa il pericolo 'Emergenze/Incendio' (Addetto Antincendio); poi ROBOTIX81+SICURIX applicano il METODO81+. PALETTE BRAND ESCLUSIVA: nero #05050A, bianco panna, arancione #FF6A1A/#E8501A; ROSSO solo per 'PERICOLO', VERDE per la checklist 'Metodo 81+'. Logo '81+' ben visibile in OGNI vignetta. REGOLA STORIA: SICURIX NON agisce mai da solo - in OGNI vignetta di soluzione si fa AIUTARE dai suoi colleghi EROI (lavoro di squadra, ognuno col suo ruolo). TESTO: didascalie e fumetti MOLTO BREVI (1-4 parole), GRANDI, centrati, in ITALIANO con ORTOGRAFIA PERFETTA, senza parole inventate, lettere doppie errate o testo tagliato. CATTIVI (coerenti col canone): SCADUTIX, CAOSIX, FRETTIX, BIOXIX, CANCELIX, VIBRIX, FUMIX, CADUTIX. EROI: CONSENSIX, LUXPECTORIX, CHEFIX, HYGIENIX, DOCUMIX, PREPOSTIX, FORMIX, SCUDIX, BLINKIX, ROBOTIX81. NEGATIVE: nessun marchio LEGO reale, nessun personaggio protetto (Asterix ecc.), niente gore/horror, niente claim assoluti ('rischio zero','garantito','zero multe').",Quello che l'ispettore controlla per primo in Commercio (e quasi nessuno lo sa),"Quello che l'ispettore controlla per primo in Commercio (e quasi nessuno lo sa)

In commercio gli adempimenti obbligatori non aspettano: Corso, Registro, Emergenze/Soccorso, Ruolo/Preposto, Videosorveglianza, Nomine, Documento, Ruolo/RSPP, Formazione base, Formazione specifica, Emergenze/Incendio. In questa pagina TALES OF SICURIX il PERICOLO prende forma... e il METODO81+ lo rimette in ordine, passo dopo passo. Immagina la scena: prima il caos, poi la checklist che sistema tutto. Mettere ordine ora costa poco. Rimediare dopo costa caro.
👉 Iscriviti al corso: Haccp - Corso responsabile industria alimentare -> https://81plus.net/?corso=haccp-corso-responsabile-industria-alimentare
▶️ YouTube: youtube.com/@sicurissimo
Contenuto informativo. Prima vedi. Poi sistemi. 81plus.net",Haccp - Corso responsabile industria alimentare,https://81plus.net/?corso=haccp-corso-responsabile-industria-alimentare,#TalesOfSicurix #SICURIX #Metodo81 #81plus #Sicurissimo #HACCP #Privacy #Sicurezza #SicurezzaSulLavoro,SICURIX_TALES_479234_13_20_6_3_24_21_19_5_0_1_2_7.webp,https://drive.google.com/drive/folders/1hICKXdl9JTZBL1pemG19oE_661z-EH_k,IMG_ERR
17.24.00,Manifattura,C,HACCP+Sicurezza+Privacy,11,Lotta agli Infestanti (Pest Control) | Movimentazione Manuale Carichi | Formazione GDPR | Stress Lavoro-Correlato | RSPP / Datore di Lavoro RSPP | Attrezzature e Macchine | Sorveglianza Sanitaria / Medico Competente | Gestione Allergeni | Piano di Sanificazione | Rintracciabilita ed Etichettatura | Informativa e Consensi,Reg.CE 852/2004 | D.Lgs81/08 Tit.VI | GDPR art.32 | D.Lgs81/08 art.28 | D.Lgs81/08 art.34 | D.Lgs81/08 Tit.III | D.Lgs81/08 art.41 | Reg.UE 1169/2011 | Reg.CE 178/2002 | GDPR art.13,"CONSENSIX>MESCOLIX, CHEFIX>SEGNALEX, ROBOTIX81>HACKIX, TRACCIX>VOLTIX, CONSENSIX>CADUTIX, PRIVACIX>RUMORIX, SCUDIX>BIOXIX, PRIVACIX>SCADUTIX, CHEFIX>CROSSIX, SICURIX>IMPROVVISIX, TRACCIX>IMPROVVISIX","Crea una PAGINA A FUMETTI a STORIA COMPLETA, verticale A4 (1024x1536), QUALITA' EDITORIALE DA STAMPA, stile ufficiale 'SICURIX TALES' IDENTICO alle immagini di riferimento allegate (stessi personaggi a mattoncini 3D, stessa impaginazione, stessi colori, stesse rese): minifigure espressive, ambientazioni ricche e dettagliate del settore, luci morbide, profondita', bordi vignetta netti. IMPAGINAZIONE OBBLIGATORIA: da 10 a 12 VIGNETTE numerate che raccontano UNA STORIA con arco narrativo completo (1 situazione normale -> 2-4 arrivano i pericoli coi cattivi -> 5-6 tensione/conseguenza -> 7-9 arriva SICURIX con gli eroi e applica il METODO81+ passo per passo -> 10-11 risoluzione ordinata -> 12 finale). HEADER in alto: SICURIX (mantello, medaglione arancione '81+', bussola) che presenta in un fumetto; grande titolo 'SICURIX TALES'; sottotitolo 'MANIFATTURA: Pericolo vs Soluzione con Metodo 81+'; legenda 3 voci (verde Sicurezza, rosso Rischio, blu 81+ Soluzione); fila di EROI coi nomi: CONSENSIX, CHEFIX, ROBOTIX81, TRACCIX, PRIVACIX, SCUDIX. FOOTER in basso: grande 'Prima vedi. Poi sistemi.'; banner scudo verde 'PROTEGGIAMO. PREVENIAMO. MIGLIORIAMO.' e triangolo rosso 'DISATTENZIONE. RISCHI. COSTI. CAOS.'; logo '81+' + '81plus.net'. TRAMA (usa questi eventi come vignette; se sono meno di 10 aggiungi vignette di contesto, dialogo e reazione per arrivare a 10-12): 1) MESCOLIX causa il pericolo 'Infestanti' (Lotta agli Infestanti (Pest Control)); poi CONSENSIX+SICURIX applicano il METODO81+; 2) SEGNALEX causa il pericolo 'MMC' (Movimentazione Manuale Carichi); poi CHEFIX+SICURIX applicano il METODO81+; 3) HACKIX causa il pericolo 'Formazione' (Formazione GDPR); poi ROBOTIX81+SICURIX applicano il METODO81+; 4) VOLTIX causa il pericolo 'Stress' (Stress Lavoro-Correlato); poi TRACCIX+SICURIX applicano il METODO81+; 5) CADUTIX causa il pericolo 'Ruolo/RSPP' (RSPP / Datore di Lavoro RSPP); poi CONSENSIX+SICURIX applicano il METODO81+; 6) RUMORIX causa il pericolo 'Attrezzature' (Attrezzature e Macchine); poi PRIVACIX+SICURIX applicano il METODO81+; 7) BIOXIX causa il pericolo 'Sorveglianza sanitaria' (Sorveglianza Sanitaria / Medico Competente); poi SCUDIX+SICURIX applicano il METODO81+; 8) SCADUTIX causa il pericolo 'Allergeni' (Gestione Allergeni); poi PRIVACIX+SICURIX applicano il METODO81+; 9) CROSSIX causa il pericolo 'Sanificazione' (Piano di Sanificazione); poi CHEFIX+SICURIX applicano il METODO81+; 10) IMPROVVISIX causa il pericolo 'Rintracciabilita' (Rintracciabilita ed Etichettatura); poi SICURIX+SICURIX applicano il METODO81+; 11) IMPROVVISIX causa il pericolo 'Documento' (Informativa e Consensi); poi TRACCIX+SICURIX applicano il METODO81+. PALETTE BRAND ESCLUSIVA: nero #05050A, bianco panna, arancione #FF6A1A/#E8501A; ROSSO solo per 'PERICOLO', VERDE per la checklist 'Metodo 81+'. Logo '81+' ben visibile in OGNI vignetta. REGOLA STORIA: SICURIX NON agisce mai da solo - in OGNI vignetta di soluzione si fa AIUTARE dai suoi colleghi EROI (lavoro di squadra, ognuno col suo ruolo). TESTO: didascalie e fumetti MOLTO BREVI (1-4 parole), GRANDI, centrati, in ITALIANO con ORTOGRAFIA PERFETTA, senza parole inventate, lettere doppie errate o testo tagliato. CATTIVI (coerenti col canone): MESCOLIX, SEGNALEX, HACKIX, VOLTIX, CADUTIX, RUMORIX, BIOXIX, SCADUTIX, CROSSIX, IMPROVVISIX. EROI: CONSENSIX, CHEFIX, ROBOTIX81, TRACCIX, PRIVACIX, SCUDIX, SICURIX. NEGATIVE: nessun marchio LEGO reale, nessun personaggio protetto (Asterix ecc.), niente gore/horror, niente claim assoluti ('rischio zero','garantito','zero multe').",Manifattura: 3 minuti oggi o un problema enorme domani. Scegli tu.,"Manifattura: 3 minuti oggi o un problema enorme domani. Scegli tu.

In manifattura gli adempimenti obbligatori non aspettano: Infestanti, MMC, Formazione, Stress, Ruolo/RSPP, Attrezzature, Sorveglianza sanitaria, Allergeni, Sanificazione, Rintracciabilita, Documento. In questa pagina TALES OF SICURIX il PERICOLO prende forma... e il METODO81+ lo rimette in ordine, passo dopo passo. Immagina la scena: prima il caos, poi la checklist che sistema tutto. Chi si mette in regola prima, dorme meglio dopo.
👉 Iscriviti al corso: Haccp - Corso responsabile industria alimentare -> https://81plus.net/?corso=haccp-corso-responsabile-industria-alimentare
▶️ YouTube: youtube.com/@sicurissimo
Contenuto informativo. Prima vedi. Poi sistemi. 81plus.net",Haccp - Corso responsabile industria alimentare,https://81plus.net/?corso=haccp-corso-responsabile-industria-alimentare,#TalesOfSicurix #SICURIX #Metodo81 #81plus #Sicurissimo #HACCP #Sicurezza #Privacy #SicurezzaSulLavoro,SICURIX_TALES_172400_19_10_24_11_5_13_9_20_16_17_21.webp,https://drive.google.com/drive/folders/1hICKXdl9JTZBL1pemG19oE_661z-EH_k,IMG_ERR
74.11.20,Servizi alle imprese,N,Sicurezza+Privacy,10,Documento Valutazione Rischi (DVR) | Procedura Data Breach | Formazione Specifica (rischio basso) | Formazione Generale Lavoratori | Formazione GDPR | Addetto Primo Soccorso | Uso e Formazione DPI | RSPP / Datore di Lavoro RSPP | Addetto Antincendio | Rappresentante Lavoratori Sicurezza (RLS),D.Lgs81/08 art.28 | GDPR art.33-34 | Accordo Stato-Regioni | GDPR art.32 | DM 388/2003 | D.Lgs81/08 art.77 | D.Lgs81/08 art.34 | DM 2/9/2021 | D.Lgs81/08 art.47,"CONSENSIX>ØTIX, SICURIX>IMPROVVISIX, CHEFIX>CADUTIX, TRACCIX>ØTIX, HYGIENIX>MULTIX, LUXPECTORIX>RISKIX, DOCUMIX>FUMIX, SCUDIX>RISKIX, TRACCIX>TAGLIX, BLINKIX>SEGNALEX","Crea una PAGINA A FUMETTI a STORIA COMPLETA, verticale A4 (1024x1536), QUALITA' EDITORIALE DA STAMPA, stile ufficiale 'SICURIX TALES' IDENTICO alle immagini di riferimento allegate (stessi personaggi a mattoncini 3D, stessa impaginazione, stessi colori, stesse rese): minifigure espressive, ambientazioni ricche e dettagliate del settore, luci morbide, profondita', bordi vignetta netti. IMPAGINAZIONE OBBLIGATORIA: da 10 a 12 VIGNETTE numerate che raccontano UNA STORIA con arco narrativo completo (1 situazione normale -> 2-4 arrivano i pericoli coi cattivi -> 5-6 tensione/conseguenza -> 7-9 arriva SICURIX con gli eroi e applica il METODO81+ passo per passo -> 10-11 risoluzione ordinata -> 12 finale). HEADER in alto: SICURIX (mantello, medaglione arancione '81+', bussola) che presenta in un fumetto; grande titolo 'SICURIX TALES'; sottotitolo 'SERVIZI ALLE IMPRESE: Pericolo vs Soluzione con Metodo 81+'; legenda 3 voci (verde Sicurezza, rosso Rischio, blu 81+ Soluzione); fila di EROI coi nomi: CONSENSIX, SICURIX, CHEFIX, TRACCIX, HYGIENIX, LUXPECTORIX. FOOTER in basso: grande 'Prima vedi. Poi sistemi.'; banner scudo verde 'PROTEGGIAMO. PREVENIAMO. MIGLIORIAMO.' e triangolo rosso 'DISATTENZIONE. RISCHI. COSTI. CAOS.'; logo '81+' + '81plus.net'. TRAMA (usa questi eventi come vignette; se sono meno di 10 aggiungi vignette di contesto, dialogo e reazione per arrivare a 10-12): 1) ØTIX causa il pericolo 'Documento' (Documento Valutazione Rischi (DVR)); poi CONSENSIX+SICURIX applicano il METODO81+; 2) IMPROVVISIX causa il pericolo 'Data breach' (Procedura Data Breach); poi SICURIX+SICURIX applicano il METODO81+; 3) CADUTIX causa il pericolo 'Formazione specifica' (Formazione Specifica (rischio basso)); poi CHEFIX+SICURIX applicano il METODO81+; 4) ØTIX causa il pericolo 'Formazione base' (Formazione Generale Lavoratori); poi TRACCIX+SICURIX applicano il METODO81+; 5) MULTIX causa il pericolo 'Formazione' (Formazione GDPR); poi HYGIENIX+SICURIX applicano il METODO81+; 6) RISKIX causa il pericolo 'Emergenze/Soccorso' (Addetto Primo Soccorso); poi LUXPECTORIX+SICURIX applicano il METODO81+; 7) FUMIX causa il pericolo 'DPI' (Uso e Formazione DPI); poi DOCUMIX+SICURIX applicano il METODO81+; 8) RISKIX causa il pericolo 'Ruolo/RSPP' (RSPP / Datore di Lavoro RSPP); poi SCUDIX+SICURIX applicano il METODO81+; 9) TAGLIX causa il pericolo 'Emergenze/Incendio' (Addetto Antincendio); poi TRACCIX+SICURIX applicano il METODO81+; 10) SEGNALEX causa il pericolo 'Ruolo/RLS' (Rappresentante Lavoratori Sicurezza (RLS)); poi BLINKIX+SICURIX applicano il METODO81+. PALETTE BRAND ESCLUSIVA: nero #05050A, bianco panna, arancione #FF6A1A/#E8501A; ROSSO solo per 'PERICOLO', VERDE per la checklist 'Metodo 81+'. Logo '81+' ben visibile in OGNI vignetta. REGOLA STORIA: SICURIX NON agisce mai da solo - in OGNI vignetta di soluzione si fa AIUTARE dai suoi colleghi EROI (lavoro di squadra, ognuno col suo ruolo). TESTO: didascalie e fumetti MOLTO BREVI (1-4 parole), GRANDI, centrati, in ITALIANO con ORTOGRAFIA PERFETTA, senza parole inventate, lettere doppie errate o testo tagliato. CATTIVI (coerenti col canone): ØTIX, IMPROVVISIX, CADUTIX, MULTIX, RISKIX, FUMIX, TAGLIX, SEGNALEX. EROI: CONSENSIX, SICURIX, CHEFIX, TRACCIX, HYGIENIX, LUXPECTORIX, DOCUMIX, SCUDIX, BLINKIX. NEGATIVE: nessun marchio LEGO reale, nessun personaggio protetto (Asterix ecc.), niente gore/horror, niente claim assoluti ('rischio zero','garantito','zero multe').",Servizi alle imprese: 3 minuti oggi o un problema enorme domani. Scegli tu.,"In Servizi alle imprese c'e' un obbligo che in tanti scoprono solo con la sanzione

In servizi alle imprese gli adempimenti obbligatori non aspettano: Documento, Data breach, Formazione specifica, Formazione base, Formazione, Emergenze/Soccorso, DPI, Ruolo/RSPP, Emergenze/Incendio, Ruolo/RLS. In questa pagina TALES OF SICURIX il PERICOLO prende forma... e il METODO81+ lo rimette in ordine, passo dopo passo. Immagina la scena: prima il caos, poi la checklist che sistema tutto. La regola c'e' gia': tu falla lavorare per te.
👉 Iscriviti al corso: Corso lavoratore parte GENERALE 4 ore -> https://81plus.net/?corso=corso-lavoratore-parte-generale-4-ore
▶️ YouTube: youtube.com/@sicurissimo
Contenuto informativo. Prima vedi. Poi sistemi. 81plus.net",Corso lavoratore parte GENERALE 4 ore,https://81plus.net/?corso=corso-lavoratore-parte-generale-4-ore,#TalesOfSicurix #SICURIX #Metodo81 #81plus #Sicurissimo #Sicurezza #Privacy #SicurezzaSulLavoro,SICURIX_TALES_741120_0_13_2_1_12_6_8_5_7_4.webp,https://drive.google.com/drive/folders/1hICKXdl9JTZBL1pemG19oE_661z-EH_k,IMG_ERR
46.85.01,Commercio,G,HACCP+Sicurezza+Privacy,11,Rintracciabilita ed Etichettatura | Piano di Sanificazione | Addetto Primo Soccorso | Stress Lavoro-Correlato | Formazione GDPR | Formazione Generale Lavoratori | Movimentazione Manuale Carichi | Manuale HACCP di Autocontrollo | Informativa e Consensi | Formazione Preposto | Procedura Data Breach,Reg.CE 178/2002 | Reg.CE 852/2004 | DM 388/2003 | D.Lgs81/08 art.28 | GDPR art.32 | Accordo Stato-Regioni | D.Lgs81/08 Tit.VI | GDPR art.13 | D.Lgs81/08 art.37 | GDPR art.33-34,"DOCUMIX>MULTIX, BLINKIX>FRETTIX, CHEFIX>OBLIVIX, ROBOTIX81>FRETTIX, BLINKIX>IMPROVVISIX, DOCUMIX>FUMIX, SICURIX>BIOXIX, DOCUMIX>MESCOLIX, LUXPECTORIX>SPYIX, TRACCIX>SEGNALEX, SCUDIX>MULTIX","Crea una PAGINA A FUMETTI a STORIA COMPLETA, verticale A4 (1024x1536), QUALITA' EDITORIALE DA STAMPA, stile ufficiale 'SICURIX TALES' IDENTICO alle immagini di riferimento allegate (stessi personaggi a mattoncini 3D, stessa impaginazione, stessi colori, stesse rese): minifigure espressive, ambientazioni ricche e dettagliate del settore, luci morbide, profondita', bordi vignetta netti. IMPAGINAZIONE OBBLIGATORIA: da 10 a 12 VIGNETTE numerate che raccontano UNA STORIA con arco narrativo completo (1 situazione normale -> 2-4 arrivano i pericoli coi cattivi -> 5-6 tensione/conseguenza -> 7-9 arriva SICURIX con gli eroi e applica il METODO81+ passo per passo -> 10-11 risoluzione ordinata -> 12 finale). HEADER in alto: SICURIX (mantello, medaglione arancione '81+', bussola) che presenta in un fumetto; grande titolo 'SICURIX TALES'; sottotitolo 'COMMERCIO: Pericolo vs Soluzione con Metodo 81+'; legenda 3 voci (verde Sicurezza, rosso Rischio, blu 81+ Soluzione); fila di EROI coi nomi: DOCUMIX, BLINKIX, CHEFIX, ROBOTIX81, SICURIX, LUXPECTORIX. FOOTER in basso: grande 'Prima vedi. Poi sistemi.'; banner scudo verde 'PROTEGGIAMO. PREVENIAMO. MIGLIORIAMO.' e triangolo rosso 'DISATTENZIONE. RISCHI. COSTI. CAOS.'; logo '81+' + '81plus.net'. TRAMA (usa questi eventi come vignette; se sono meno di 10 aggiungi vignette di contesto, dialogo e reazione per arrivare a 10-12): 1) MULTIX causa il pericolo 'Rintracciabilita' (Rintracciabilita ed Etichettatura); poi DOCUMIX+SICURIX applicano il METODO81+; 2) FRETTIX causa il pericolo 'Sanificazione' (Piano di Sanificazione); poi BLINKIX+SICURIX applicano il METODO81+; 3) OBLIVIX causa il pericolo 'Emergenze/Soccorso' (Addetto Primo Soccorso); poi CHEFIX+SICURIX applicano il METODO81+; 4) FRETTIX causa il pericolo 'Stress' (Stress Lavoro-Correlato); poi ROBOTIX81+SICURIX applicano il METODO81+; 5) IMPROVVISIX causa il pericolo 'Formazione' (Formazione GDPR); poi BLINKIX+SICURIX applicano il METODO81+; 6) FUMIX causa il pericolo 'Formazione base' (Formazione Generale Lavoratori); poi DOCUMIX+SICURIX applicano il METODO81+; 7) BIOXIX causa il pericolo 'MMC' (Movimentazione Manuale Carichi); poi SICURIX+SICURIX applicano il METODO81+; 8) MESCOLIX causa il pericolo 'Documento' (Manuale HACCP di Autocontrollo); poi DOCUMIX+SICURIX applicano il METODO81+; 9) SPYIX causa il pericolo 'Documento' (Informativa e Consensi); poi LUXPECTORIX+SICURIX applicano il METODO81+; 10) SEGNALEX causa il pericolo 'Ruolo/Preposto' (Formazione Preposto); poi TRACCIX+SICURIX applicano il METODO81+; 11) MULTIX causa il pericolo 'Data breach' (Procedura Data Breach); poi SCUDIX+SICURIX applicano il METODO81+. PALETTE BRAND ESCLUSIVA: nero #05050A, bianco panna, arancione #FF6A1A/#E8501A; ROSSO solo per 'PERICOLO', VERDE per la checklist 'Metodo 81+'. Logo '81+' ben visibile in OGNI vignetta. REGOLA STORIA: SICURIX NON agisce mai da solo - in OGNI vignetta di soluzione si fa AIUTARE dai suoi colleghi EROI (lavoro di squadra, ognuno col suo ruolo). TESTO: didascalie e fumetti MOLTO BREVI (1-4 parole), GRANDI, centrati, in ITALIANO con ORTOGRAFIA PERFETTA, senza parole inventate, lettere doppie errate o testo tagliato. CATTIVI (coerenti col canone): MULTIX, FRETTIX, OBLIVIX, IMPROVVISIX, FUMIX, BIOXIX, MESCOLIX, SPYIX, SEGNALEX. EROI: DOCUMIX, BLINKIX, CHEFIX, ROBOTIX81, SICURIX, LUXPECTORIX, TRACCIX, SCUDIX. NEGATIVE: nessun marchio LEGO reale, nessun personaggio protetto (Asterix ecc.), niente gore/horror, niente claim assoluti ('rischio zero','garantito','zero multe').",Commercio: 3 minuti oggi o un problema enorme domani. Scegli tu.,"Quello che l'ispettore controlla per primo in Commercio (e quasi nessuno lo sa)

In commercio gli adempimenti obbligatori non aspettano: Rintracciabilita, Sanificazione, Emergenze/Soccorso, Stress, Formazione, Formazione base, MMC, Documento, Ruolo/Preposto, Data breach. In questa pagina TALES OF SICURIX il PERICOLO prende forma... e il METODO81+ lo rimette in ordine, passo dopo passo. Immagina la scena: prima il caos, poi la checklist che sistema tutto. La regola c'e' gia': tu falla lavorare per te.
👉 Iscriviti al corso: Manuale di rintracciabilità -> https://81plus.net/?corso=manuale-di-rintracciabilit
▶️ YouTube: youtube.com/@sicurissimo
Contenuto informativo. Prima vedi. Poi sistemi. 81plus.net",Manuale di rintracciabilità,https://81plus.net/?corso=manuale-di-rintracciabilit,#TalesOfSicurix #SICURIX #Metodo81 #81plus #Sicurissimo #HACCP #Sicurezza #Privacy #SicurezzaSulLavoro,SICURIX_TALES_468501_15_14_6_11_22_1_10_12_19_3_23.webp,https://drive.google.com/drive/folders/1hICKXdl9JTZBL1pemG19oE_661z-EH_k,IMG_ERR
20.30.00,Manifattura,C,Sicurezza+HACCP+Privacy+Ambientale,10,Rappresentante Lavoratori Sicurezza (RLS) | Addetto Antincendio | Rintracciabilita ed Etichettatura | Procedura Data Breach | Registro dei Trattamenti | Stress Lavoro-Correlato | Formazione Specifica (rischio alto) | Attrezzature e Macchine | Formazione Ambientale | Corso Alimentarista,D.Lgs81/08 art.47 | DM 2/9/2021 | Reg.CE 178/2002 | GDPR art.33-34 | GDPR art.30 | D.Lgs81/08 art.28 | Accordo Stato-Regioni | D.Lgs81/08 Tit.III | D.Lgs152/06 | Reg.CE 852/2004,"CIFRIX>SOTTOVALUTIX, SCUDIX>NONDPIX, SICURIX>CROSSIX, CONSENSIX>LEAKIX, TRACCIX>HACKIX, PREPOSTIX>RISKIX, DOCUMIX>BIOXIX, PRIVACIX>POLVERIX, SICURIX>FRETTIX, CIFRIX>MULTIX","Crea una PAGINA A FUMETTI a STORIA COMPLETA, verticale A4 (1024x1536), QUALITA' EDITORIALE DA STAMPA, stile ufficiale 'SICURIX TALES' IDENTICO alle immagini di riferimento allegate (stessi personaggi a mattoncini 3D, stessa impaginazione, stessi colori, stesse rese): minifigure espressive, ambientazioni ricche e dettagliate del settore, luci morbide, profondita', bordi vignetta netti. IMPAGINAZIONE OBBLIGATORIA: da 10 a 12 VIGNETTE numerate che raccontano UNA STORIA con arco narrativo completo (1 situazione normale -> 2-4 arrivano i pericoli coi cattivi -> 5-6 tensione/conseguenza -> 7-9 arriva SICURIX con gli eroi e applica il METODO81+ passo per passo -> 10-11 risoluzione ordinata -> 12 finale). HEADER in alto: SICURIX (mantello, medaglione arancione '81+', bussola) che presenta in un fumetto; grande titolo 'SICURIX TALES'; sottotitolo 'MANIFATTURA: Pericolo vs Soluzione con Metodo 81+'; legenda 3 voci (verde Sicurezza, rosso Rischio, blu 81+ Soluzione); fila di EROI coi nomi: CIFRIX, SCUDIX, SICURIX, CONSENSIX, TRACCIX, PREPOSTIX. FOOTER in basso: grande 'Prima vedi. Poi sistemi.'; banner scudo verde 'PROTEGGIAMO. PREVENIAMO. MIGLIORIAMO.' e triangolo rosso 'DISATTENZIONE. RISCHI. COSTI. CAOS.'; logo '81+' + '81plus.net'. TRAMA (usa questi eventi come vignette; se sono meno di 10 aggiungi vignette di contesto, dialogo e reazione per arrivare a 10-12): 1) SOTTOVALUTIX causa il pericolo 'Ruolo/RLS' (Rappresentante Lavoratori Sicurezza (RLS)); poi CIFRIX+SICURIX applicano il METODO81+; 2) NONDPIX causa il pericolo 'Emergenze/Incendio' (Addetto Antincendio); poi SCUDIX+SICURIX applicano il METODO81+; 3) CROSSIX causa il pericolo 'Rintracciabilita' (Rintracciabilita ed Etichettatura); poi SICURIX+SICURIX applicano il METODO81+; 4) LEAKIX causa il pericolo 'Data breach' (Procedura Data Breach); poi CONSENSIX+SICURIX applicano il METODO81+; 5) HACKIX causa il pericolo 'Registro' (Registro dei Trattamenti); poi TRACCIX+SICURIX applicano il METODO81+; 6) RISKIX causa il pericolo 'Stress' (Stress Lavoro-Correlato); poi PREPOSTIX+SICURIX applicano il METODO81+; 7) BIOXIX causa il pericolo 'Formazione specifica' (Formazione Specifica (rischio alto)); poi DOCUMIX+SICURIX applicano il METODO81+; 8) POLVERIX causa il pericolo 'Attrezzature' (Attrezzature e Macchine); poi PRIVACIX+SICURIX applicano il METODO81+; 9) FRETTIX causa il pericolo 'Formazione' (Formazione Ambientale); poi SICURIX+SICURIX applicano il METODO81+; 10) MULTIX causa il pericolo 'Corso' (Corso Alimentarista); poi CIFRIX+SICURIX applicano il METODO81+. PALETTE BRAND ESCLUSIVA: nero #05050A, bianco panna, arancione #FF6A1A/#E8501A; ROSSO solo per 'PERICOLO', VERDE per la checklist 'Metodo 81+'. Logo '81+' ben visibile in OGNI vignetta. REGOLA STORIA: SICURIX NON agisce mai da solo - in OGNI vignetta di soluzione si fa AIUTARE dai suoi colleghi EROI (lavoro di squadra, ognuno col suo ruolo). TESTO: didascalie e fumetti MOLTO BREVI (1-4 parole), GRANDI, centrati, in ITALIANO con ORTOGRAFIA PERFETTA, senza parole inventate, lettere doppie errate o testo tagliato. CATTIVI (coerenti col canone): SOTTOVALUTIX, NONDPIX, CROSSIX, LEAKIX, HACKIX, RISKIX, BIOXIX, POLVERIX, FRETTIX, MULTIX. EROI: CIFRIX, SCUDIX, SICURIX, CONSENSIX, TRACCIX, PREPOSTIX, DOCUMIX, PRIVACIX. NEGATIVE: nessun marchio LEGO reale, nessun personaggio protetto (Asterix ecc.), niente gore/horror, niente claim assoluti ('rischio zero','garantito','zero multe').","In Manifattura non e' 'se' arriva il controllo, e' 'quando'. Sei pronto?","Manifattura: 3 minuti oggi o un problema enorme domani. Scegli tu.

In manifattura gli adempimenti obbligatori non aspettano: Ruolo/RLS, Emergenze/Incendio, Rintracciabilita, Data breach, Registro, Stress, Formazione specifica, Attrezzature, Formazione, Corso. In questa pagina TALES OF SICURIX il PERICOLO prende forma... e il METODO81+ lo rimette in ordine, passo dopo passo. Immagina la scena: prima il caos, poi la checklist che sistema tutto. Chi si mette in regola prima, dorme meglio dopo.
👉 Iscriviti al corso: Corso RLS -> https://81plus.net/?corso=corso-rls
▶️ YouTube: youtube.com/@sicurissimo
Contenuto informativo. Prima vedi. Poi sistemi. 81plus.net",Corso RLS,https://81plus.net/?corso=corso-rls,#TalesOfSicurix #SICURIX #Metodo81 #81plus #Sicurissimo #Sicurezza #HACCP #Privacy #Ambientale #SicurezzaSulLavoro,SICURIX_TALES_203000_4_7_18_26_23_11_2_13_28_16.webp,https://drive.google.com/drive/folders/1hICKXdl9JTZBL1pemG19oE_661z-EH_k,IMG_ERR
77.52.00,PA,O,Sicurezza+Privacy,11,Uso e Formazione DPI | Valutazione d'Impatto (DPIA) | Movimentazione Manuale Carichi | Stress Lavoro-Correlato | Formazione Specifica (rischio medio) | Formazione Generale Lavoratori | Documento Valutazione Rischi (DVR) | Nomina Incaricati/Responsabili | Informativa e Consensi | Formazione GDPR | Sorveglianza Sanitaria / Medico Competente,D.Lgs81/08 art.77 | GDPR art.35 | D.Lgs81/08 Tit.VI | D.Lgs81/08 art.28 | Accordo Stato-Regioni | GDPR art.28-29 | GDPR art.13 | GDPR art.32 | D.Lgs81/08 art.41,"CONSENSIX>BIOXIX, PREPOSTIX>OBLIVIX, LUXPECTORIX>SCHIACCIX, CHEFIX>OBLIVIX, CHEFIX>FUMIX, PRIVACIX>SCIVOLIX, PRIVACIX>OBLIVIX, CONSENSIX>PHISHIX, ROBOTIX81>OBLIVIX, PREPOSTIX>PERMISSIONIX, TRACCIX>VIBRIX","Crea una PAGINA A FUMETTI a STORIA COMPLETA, verticale A4 (1024x1536), QUALITA' EDITORIALE DA STAMPA, stile ufficiale 'SICURIX TALES' IDENTICO alle immagini di riferimento allegate (stessi personaggi a mattoncini 3D, stessa impaginazione, stessi colori, stesse rese): minifigure espressive, ambientazioni ricche e dettagliate del settore, luci morbide, profondita', bordi vignetta netti. IMPAGINAZIONE OBBLIGATORIA: da 10 a 12 VIGNETTE numerate che raccontano UNA STORIA con arco narrativo completo (1 situazione normale -> 2-4 arrivano i pericoli coi cattivi -> 5-6 tensione/conseguenza -> 7-9 arriva SICURIX con gli eroi e applica il METODO81+ passo per passo -> 10-11 risoluzione ordinata -> 12 finale). HEADER in alto: SICURIX (mantello, medaglione arancione '81+', bussola) che presenta in un fumetto; grande titolo 'SICURIX TALES'; sottotitolo 'PA: Pericolo vs Soluzione con Metodo 81+'; legenda 3 voci (verde Sicurezza, rosso Rischio, blu 81+ Soluzione); fila di EROI coi nomi: CONSENSIX, PREPOSTIX, LUXPECTORIX, CHEFIX, PRIVACIX, ROBOTIX81. FOOTER in basso: grande 'Prima vedi. Poi sistemi.'; banner scudo verde 'PROTEGGIAMO. PREVENIAMO. MIGLIORIAMO.' e triangolo rosso 'DISATTENZIONE. RISCHI. COSTI. CAOS.'; logo '81+' + '81plus.net'. TRAMA (usa questi eventi come vignette; se sono meno di 10 aggiungi vignette di contesto, dialogo e reazione per arrivare a 10-12): 1) BIOXIX causa il pericolo 'DPI' (Uso e Formazione DPI); poi CONSENSIX+SICURIX applicano il METODO81+; 2) OBLIVIX causa il pericolo 'DPIA' (Valutazione d'Impatto (DPIA)); poi PREPOSTIX+SICURIX applicano il METODO81+; 3) SCHIACCIX causa il pericolo 'MMC' (Movimentazione Manuale Carichi); poi LUXPECTORIX+SICURIX applicano il METODO81+; 4) OBLIVIX causa il pericolo 'Stress' (Stress Lavoro-Correlato); poi CHEFIX+SICURIX applicano il METODO81+; 5) FUMIX causa il pericolo 'Formazione specifica' (Formazione Specifica (rischio medio)); poi CHEFIX+SICURIX applicano il METODO81+; 6) SCIVOLIX causa il pericolo 'Formazione base' (Formazione Generale Lavoratori); poi PRIVACIX+SICURIX applicano il METODO81+; 7) OBLIVIX causa il pericolo 'Documento' (Documento Valutazione Rischi (DVR)); poi PRIVACIX+SICURIX applicano il METODO81+; 8) PHISHIX causa il pericolo 'Nomine' (Nomina Incaricati/Responsabili); poi CONSENSIX+SICURIX applicano il METODO81+; 9) OBLIVIX causa il pericolo 'Documento' (Informativa e Consensi); poi ROBOTIX81+SICURIX applicano il METODO81+; 10) PERMISSIONIX causa il pericolo 'Formazione' (Formazione GDPR); poi PREPOSTIX+SICURIX applicano il METODO81+; 11) VIBRIX causa il pericolo 'Sorveglianza sanitaria' (Sorveglianza Sanitaria / Medico Competente); poi TRACCIX+SICURIX applicano il METODO81+. PALETTE BRAND ESCLUSIVA: nero #05050A, bianco panna, arancione #FF6A1A/#E8501A; ROSSO solo per 'PERICOLO', VERDE per la checklist 'Metodo 81+'. Logo '81+' ben visibile in OGNI vignetta. REGOLA STORIA: SICURIX NON agisce mai da solo - in OGNI vignetta di soluzione si fa AIUTARE dai suoi colleghi EROI (lavoro di squadra, ognuno col suo ruolo). TESTO: didascalie e fumetti MOLTO BREVI (1-4 parole), GRANDI, centrati, in ITALIANO con ORTOGRAFIA PERFETTA, senza parole inventate, lettere doppie errate o testo tagliato. CATTIVI (coerenti col canone): BIOXIX, OBLIVIX, SCHIACCIX, FUMIX, SCIVOLIX, PHISHIX, PERMISSIONIX, VIBRIX. EROI: CONSENSIX, PREPOSTIX, LUXPECTORIX, CHEFIX, PRIVACIX, ROBOTIX81, TRACCIX. NEGATIVE: nessun marchio LEGO reale, nessun personaggio protetto (Asterix ecc.), niente gore/horror, niente claim assoluti ('rischio zero','garantito','zero multe').",Quello che l'ispettore controlla per primo in PA (e quasi nessuno lo sa),"PA: 3 minuti oggi o un problema enorme domani. Scegli tu.

In pa gli adempimenti obbligatori non aspettano: DPI, DPIA, MMC, Stress, Formazione specifica, Formazione base, Documento, Nomine, Formazione, Sorveglianza sanitaria. In questa pagina TALES OF SICURIX il PERICOLO prende forma... e il METODO81+ lo rimette in ordine, passo dopo passo. Immagina la scena: prima il caos, poi la checklist che sistema tutto. La regola c'e' gia': tu falla lavorare per te.
👉 Iscriviti al corso: Corso Lavori in Quota e DPI Anticaduta -> https://81plus.net/?corso=corso-lavori-in-quota-e-dpi-anticaduta
▶️ YouTube: youtube.com/@sicurissimo
Contenuto informativo. Prima vedi. Poi sistemi. 81plus.net",Corso Lavori in Quota e DPI Anticaduta,https://81plus.net/?corso=corso-lavori-in-quota-e-dpi-anticaduta,#TalesOfSicurix #SICURIX #Metodo81 #81plus #Sicurissimo #Sicurezza #Privacy #SicurezzaSulLavoro,SICURIX_TALES_775200_8_18_10_11_2_1_0_14_12_15_9.webp,https://drive.google.com/drive/folders/1hICKXdl9JTZBL1pemG19oE_661z-EH_k,IMG_ERR
42.99.00,Costruzioni,F,Sicurezza+Privacy+Ambientale,10,Documento Valutazione Rischi (DVR) | Nomina Incaricati/Responsabili | Attrezzature e Macchine | Formazione Ambientale | Procedura Data Breach | Informativa e Consensi | Sorveglianza Sanitaria / Medico Competente | Formazione GDPR | Addetto Antincendio | Movimentazione Manuale Carichi,D.Lgs81/08 art.28 | GDPR art.28-29 | D.Lgs81/08 Tit.III | D.Lgs152/06 | GDPR art.33-34 | GDPR art.13 | D.Lgs81/08 art.41 | GDPR art.32 | DM 2/9/2021 | D.Lgs81/08 Tit.VI,"CHEFIX>SEGNALEX, HYGIENIX>RISKIX, DOCUMIX>SCIVOLIX, DOCUMIX>MULTIX, CONSENSIX>IMPROVVISIX, CONSENSIX>OBLIVIX, HYGIENIX>ØTIX, TRACCIX>HACKIX, TRACCIX>VIBRIX, BLINKIX>NONDPIX","Crea una PAGINA A FUMETTI a STORIA COMPLETA, verticale A4 (1024x1536), QUALITA' EDITORIALE DA STAMPA, stile ufficiale 'SICURIX TALES' IDENTICO alle immagini di riferimento allegate (stessi personaggi a mattoncini 3D, stessa impaginazione, stessi colori, stesse rese): minifigure espressive, ambientazioni ricche e dettagliate del settore, luci morbide, profondita', bordi vignetta netti. IMPAGINAZIONE OBBLIGATORIA: da 10 a 12 VIGNETTE numerate che raccontano UNA STORIA con arco narrativo completo (1 situazione normale -> 2-4 arrivano i pericoli coi cattivi -> 5-6 tensione/conseguenza -> 7-9 arriva SICURIX con gli eroi e applica il METODO81+ passo per passo -> 10-11 risoluzione ordinata -> 12 finale). HEADER in alto: SICURIX (mantello, medaglione arancione '81+', bussola) che presenta in un fumetto; grande titolo 'SICURIX TALES'; sottotitolo 'COSTRUZIONI: Pericolo vs Soluzione con Metodo 81+'; legenda 3 voci (verde Sicurezza, rosso Rischio, blu 81+ Soluzione); fila di EROI coi nomi: CHEFIX, HYGIENIX, DOCUMIX, CONSENSIX, TRACCIX, BLINKIX. FOOTER in basso: grande 'Prima vedi. Poi sistemi.'; banner scudo verde 'PROTEGGIAMO. PREVENIAMO. MIGLIORIAMO.' e triangolo rosso 'DISATTENZIONE. RISCHI. COSTI. CAOS.'; logo '81+' + '81plus.net'. TRAMA (usa questi eventi come vignette; se sono meno di 10 aggiungi vignette di contesto, dialogo e reazione per arrivare a 10-12): 1) SEGNALEX causa il pericolo 'Documento' (Documento Valutazione Rischi (DVR)); poi CHEFIX+SICURIX applicano il METODO81+; 2) RISKIX causa il pericolo 'Nomine' (Nomina Incaricati/Responsabili); poi HYGIENIX+SICURIX applicano il METODO81+; 3) SCIVOLIX causa il pericolo 'Attrezzature' (Attrezzature e Macchine); poi DOCUMIX+SICURIX applicano il METODO81+; 4) MULTIX causa il pericolo 'Formazione' (Formazione Ambientale); poi DOCUMIX+SICURIX applicano il METODO81+; 5) IMPROVVISIX causa il pericolo 'Data breach' (Procedura Data Breach); poi CONSENSIX+SICURIX applicano il METODO81+; 6) OBLIVIX causa il pericolo 'Documento' (Informativa e Consensi); poi CONSENSIX+SICURIX applicano il METODO81+; 7) ØTIX causa il pericolo 'Sorveglianza sanitaria' (Sorveglianza Sanitaria / Medico Competente); poi HYGIENIX+SICURIX applicano il METODO81+; 8) HACKIX causa il pericolo 'Formazione' (Formazione GDPR); poi TRACCIX+SICURIX applicano il METODO81+; 9) VIBRIX causa il pericolo 'Emergenze/Incendio' (Addetto Antincendio); poi TRACCIX+SICURIX applicano il METODO81+; 10) NONDPIX causa il pericolo 'MMC' (Movimentazione Manuale Carichi); poi BLINKIX+SICURIX applicano il METODO81+. PALETTE BRAND ESCLUSIVA: nero #05050A, bianco panna, arancione #FF6A1A/#E8501A; ROSSO solo per 'PERICOLO', VERDE per la checklist 'Metodo 81+'. Logo '81+' ben visibile in OGNI vignetta. REGOLA STORIA: SICURIX NON agisce mai da solo - in OGNI vignetta di soluzione si fa AIUTARE dai suoi colleghi EROI (lavoro di squadra, ognuno col suo ruolo). TESTO: didascalie e fumetti MOLTO BREVI (1-4 parole), GRANDI, centrati, in ITALIANO con ORTOGRAFIA PERFETTA, senza parole inventate, lettere doppie errate o testo tagliato. CATTIVI (coerenti col canone): SEGNALEX, RISKIX, SCIVOLIX, MULTIX, IMPROVVISIX, OBLIVIX, ØTIX, HACKIX, VIBRIX, NONDPIX. EROI: CHEFIX, HYGIENIX, DOCUMIX, CONSENSIX, TRACCIX, BLINKIX. NEGATIVE: nessun marchio LEGO reale, nessun personaggio protetto (Asterix ecc.), niente gore/horror, niente claim assoluti ('rischio zero','garantito','zero multe').",Costruzioni: 3 minuti oggi o un problema enorme domani. Scegli tu.,"In Costruzioni c'e' un obbligo che in tanti scoprono solo con la sanzione

In costruzioni gli adempimenti obbligatori non aspettano: Documento, Nomine, Attrezzature, Formazione, Data breach, Sorveglianza sanitaria, Emergenze/Incendio, MMC. In questa pagina TALES OF SICURIX il PERICOLO prende forma... e il METODO81+ lo rimette in ordine, passo dopo passo. Immagina la scena: prima il caos, poi la checklist che sistema tutto. Mettere ordine ora costa poco. Rimediare dopo costa caro.
👉 Iscriviti al corso: Corso lavoratore parte GENERALE 4 ore -> https://81plus.net/?corso=corso-lavoratore-parte-generale-4-ore
▶️ YouTube: youtube.com/@sicurissimo
Contenuto informativo. Prima vedi. Poi sistemi. 81plus.net",Corso lavoratore parte GENERALE 4 ore,https://81plus.net/?corso=corso-lavoratore-parte-generale-4-ore,#TalesOfSicurix #SICURIX #Metodo81 #81plus #Sicurissimo #Sicurezza #Privacy #Ambientale #SicurezzaSulLavoro,SICURIX_TALES_429900_0_17_13_21_19_15_9_18_7_10.webp,https://drive.google.com/drive/folders/1hICKXdl9JTZBL1pemG19oE_661z-EH_k,IMG_ERR
46.21.10,Commercio,G,Sicurezza+HACCP+Privacy,11,Sorveglianza Sanitaria / Medico Competente | Documento Valutazione Rischi (DVR) | Gestione Allergeni | Registro dei Trattamenti | Addetto Primo Soccorso | Formazione Preposto | Manuale HACCP di Autocontrollo | Stress Lavoro-Correlato | Videosorveglianza a norma | Addetto Antincendio | Rappresentante Lavoratori Sicurezza (RLS),D.Lgs81/08 art.41 | D.Lgs81/08 art.28 | Reg.UE 1169/2011 | GDPR art.30 | DM 388/2003 | D.Lgs81/08 art.37 | Reg.CE 852/2004 | Provv.Garante | DM 2/9/2021 | D.Lgs81/08 art.47,"PRIVACIX>BIOXIX, ROBOTIX81>CHIMIKIX, PRIVACIX>SCADUTIX, SICURIX>CAOSIX, SICURIX>SCIVOLIX, HYGIENIX>ØTIX, PREPOSTIX>SPORCKIX, CONSENSIX>SEGNALEX, ROBOTIX81>MULTIX, BLINKIX>FRETTIX, SCUDIX>OBLIVIX","Crea una PAGINA A FUMETTI a STORIA COMPLETA, verticale A4 (1024x1536), QUALITA' EDITORIALE DA STAMPA, stile ufficiale 'SICURIX TALES' IDENTICO alle immagini di riferimento allegate (stessi personaggi a mattoncini 3D, stessa impaginazione, stessi colori, stesse rese): minifigure espressive, ambientazioni ricche e dettagliate del settore, luci morbide, profondita', bordi vignetta netti. IMPAGINAZIONE OBBLIGATORIA: da 10 a 12 VIGNETTE numerate che raccontano UNA STORIA con arco narrativo completo (1 situazione normale -> 2-4 arrivano i pericoli coi cattivi -> 5-6 tensione/conseguenza -> 7-9 arriva SICURIX con gli eroi e applica il METODO81+ passo per passo -> 10-11 risoluzione ordinata -> 12 finale). HEADER in alto: SICURIX (mantello, medaglione arancione '81+', bussola) che presenta in un fumetto; grande titolo 'SICURIX TALES'; sottotitolo 'COMMERCIO: Pericolo vs Soluzione con Metodo 81+'; legenda 3 voci (verde Sicurezza, rosso Rischio, blu 81+ Soluzione); fila di EROI coi nomi: PRIVACIX, ROBOTIX81, SICURIX, HYGIENIX, PREPOSTIX, CONSENSIX. FOOTER in basso: grande 'Prima vedi. Poi sistemi.'; banner scudo verde 'PROTEGGIAMO. PREVENIAMO. MIGLIORIAMO.' e triangolo rosso 'DISATTENZIONE. RISCHI. COSTI. CAOS.'; logo '81+' + '81plus.net'. TRAMA (usa questi eventi come vignette; se sono meno di 10 aggiungi vignette di contesto, dialogo e reazione per arrivare a 10-12): 1) BIOXIX causa il pericolo 'Sorveglianza sanitaria' (Sorveglianza Sanitaria / Medico Competente); poi PRIVACIX+SICURIX applicano il METODO81+; 2) CHIMIKIX causa il pericolo 'Documento' (Documento Valutazione Rischi (DVR)); poi ROBOTIX81+SICURIX applicano il METODO81+; 3) SCADUTIX causa il pericolo 'Allergeni' (Gestione Allergeni); poi PRIVACIX+SICURIX applicano il METODO81+; 4) CAOSIX causa il pericolo 'Registro' (Registro dei Trattamenti); poi SICURIX+SICURIX applicano il METODO81+; 5) SCIVOLIX causa il pericolo 'Emergenze/Soccorso' (Addetto Primo Soccorso); poi SICURIX+SICURIX applicano il METODO81+; 6) ØTIX causa il pericolo 'Ruolo/Preposto' (Formazione Preposto); poi HYGIENIX+SICURIX applicano il METODO81+; 7) SPORCKIX causa il pericolo 'Documento' (Manuale HACCP di Autocontrollo); poi PREPOSTIX+SICURIX applicano il METODO81+; 8) SEGNALEX causa il pericolo 'Stress' (Stress Lavoro-Correlato); poi CONSENSIX+SICURIX applicano il METODO81+; 9) MULTIX causa il pericolo 'Videosorveglianza' (Videosorveglianza a norma); poi ROBOTIX81+SICURIX applicano il METODO81+; 10) FRETTIX causa il pericolo 'Emergenze/Incendio' (Addetto Antincendio); poi BLINKIX+SICURIX applicano il METODO81+; 11) OBLIVIX causa il pericolo 'Ruolo/RLS' (Rappresentante Lavoratori Sicurezza (RLS)); poi SCUDIX+SICURIX applicano il METODO81+. PALETTE BRAND ESCLUSIVA: nero #05050A, bianco panna, arancione #FF6A1A/#E8501A; ROSSO solo per 'PERICOLO', VERDE per la checklist 'Metodo 81+'. Logo '81+' ben visibile in OGNI vignetta. REGOLA STORIA: SICURIX NON agisce mai da solo - in OGNI vignetta di soluzione si fa AIUTARE dai suoi colleghi EROI (lavoro di squadra, ognuno col suo ruolo). TESTO: didascalie e fumetti MOLTO BREVI (1-4 parole), GRANDI, centrati, in ITALIANO con ORTOGRAFIA PERFETTA, senza parole inventate, lettere doppie errate o testo tagliato. CATTIVI (coerenti col canone): BIOXIX, CHIMIKIX, SCADUTIX, CAOSIX, SCIVOLIX, ØTIX, SPORCKIX, SEGNALEX, MULTIX, FRETTIX, OBLIVIX. EROI: PRIVACIX, ROBOTIX81, SICURIX, HYGIENIX, PREPOSTIX, CONSENSIX, BLINKIX, SCUDIX. NEGATIVE: nessun marchio LEGO reale, nessun personaggio protetto (Asterix ecc.), niente gore/horror, niente claim assoluti ('rischio zero','garantito','zero multe').",La differenza tra chi in Commercio dorme sereno e chi trema al controllo,"In Commercio c'e' un obbligo che in tanti scoprono solo con la sanzione

In commercio gli adempimenti obbligatori non aspettano: Sorveglianza sanitaria, Documento, Allergeni, Registro, Emergenze/Soccorso, Ruolo/Preposto, Stress, Videosorveglianza, Emergenze/Incendio, Ruolo/RLS. In questa pagina TALES OF SICURIX il PERICOLO prende forma... e il METODO81+ lo rimette in ordine, passo dopo passo. Immagina la scena: prima il caos, poi la checklist che sistema tutto. La regola c'e' gia': tu falla lavorare per te.
👉 Iscriviti al corso: Corso lavoratore parte GENERALE 4 ore -> https://81plus.net/?corso=corso-lavoratore-parte-generale-4-ore
▶️ YouTube: youtube.com/@sicurissimo
Contenuto informativo. Prima vedi. Poi sistemi. 81plus.net",Corso lavoratore parte GENERALE 4 ore,https://81plus.net/?corso=corso-lavoratore-parte-generale-4-ore,#TalesOfSicurix #SICURIX #Metodo81 #81plus #Sicurissimo #Sicurezza #HACCP #Privacy #SicurezzaSulLavoro,SICURIX_TALES_462110_9_0_18_20_6_3_12_11_24_7_4.webp,https://drive.google.com/drive/folders/1hICKXdl9JTZBL1pemG19oE_661z-EH_k,IMG_ERR
68.20.02,Attivita professionali,M,Privacy+Sicurezza,10,Registro dei Trattamenti | Addetto Primo Soccorso | Uso e Formazione DPI | Addetto Antincendio | Formazione Preposto | Nomina Incaricati/Responsabili | Formazione Generale Lavoratori | RSPP / Datore di Lavoro RSPP | Rappresentante Lavoratori Sicurezza (RLS) | Informativa e Consensi,GDPR art.30 | DM 388/2003 | D.Lgs81/08 art.77 | DM 2/9/2021 | D.Lgs81/08 art.37 | GDPR art.28-29 | Accordo Stato-Regioni | D.Lgs81/08 art.34 | D.Lgs81/08 art.47 | GDPR art.13,"CHECKIX>OBLIVIX, DOCUMIX>CAOSIX, CHECKIX>RUMORIX, TRACCIX>SEGNALEX, ROBOTIX81>IMPROVVISIX, CIFRIX>RISKIX, TRACCIX>OBLIVIX, LUXPECTORIX>MULTIX, PRIVACIX>TAGLIX, HYGIENIX>RISKIX","Crea una PAGINA A FUMETTI a STORIA COMPLETA, verticale A4 (1024x1536), QUALITA' EDITORIALE DA STAMPA, stile ufficiale 'SICURIX TALES' IDENTICO alle immagini di riferimento allegate (stessi personaggi a mattoncini 3D, stessa impaginazione, stessi colori, stesse rese): minifigure espressive, ambientazioni ricche e dettagliate del settore, luci morbide, profondita', bordi vignetta netti. IMPAGINAZIONE OBBLIGATORIA: da 10 a 12 VIGNETTE numerate che raccontano UNA STORIA con arco narrativo completo (1 situazione normale -> 2-4 arrivano i pericoli coi cattivi -> 5-6 tensione/conseguenza -> 7-9 arriva SICURIX con gli eroi e applica il METODO81+ passo per passo -> 10-11 risoluzione ordinata -> 12 finale). HEADER in alto: SICURIX (mantello, medaglione arancione '81+', bussola) che presenta in un fumetto; grande titolo 'SICURIX TALES'; sottotitolo 'ATTIVITA PROFESSIONALI: Pericolo vs Soluzione con Metodo 81+'; legenda 3 voci (verde Sicurezza, rosso Rischio, blu 81+ Soluzione); fila di EROI coi nomi: CHECKIX, DOCUMIX, TRACCIX, ROBOTIX81, CIFRIX, LUXPECTORIX. FOOTER in basso: grande 'Prima vedi. Poi sistemi.'; banner scudo verde 'PROTEGGIAMO. PREVENIAMO. MIGLIORIAMO.' e triangolo rosso 'DISATTENZIONE. RISCHI. COSTI. CAOS.'; logo '81+' + '81plus.net'. TRAMA (usa questi eventi come vignette; se sono meno di 10 aggiungi vignette di contesto, dialogo e reazione per arrivare a 10-12): 1) OBLIVIX causa il pericolo 'Registro' (Registro dei Trattamenti); poi CHECKIX+SICURIX applicano il METODO81+; 2) CAOSIX causa il pericolo 'Emergenze/Soccorso' (Addetto Primo Soccorso); poi DOCUMIX+SICURIX applicano il METODO81+; 3) RUMORIX causa il pericolo 'DPI' (Uso e Formazione DPI); poi CHECKIX+SICURIX applicano il METODO81+; 4) SEGNALEX causa il pericolo 'Emergenze/Incendio' (Addetto Antincendio); poi TRACCIX+SICURIX applicano il METODO81+; 5) IMPROVVISIX causa il pericolo 'Ruolo/Preposto' (Formazione Preposto); poi ROBOTIX81+SICURIX applicano il METODO81+; 6) RISKIX causa il pericolo 'Nomine' (Nomina Incaricati/Responsabili); poi CIFRIX+SICURIX applicano il METODO81+; 7) OBLIVIX causa il pericolo 'Formazione base' (Formazione Generale Lavoratori); poi TRACCIX+SICURIX applicano il METODO81+; 8) MULTIX causa il pericolo 'Ruolo/RSPP' (RSPP / Datore di Lavoro RSPP); poi LUXPECTORIX+SICURIX applicano il METODO81+; 9) TAGLIX causa il pericolo 'Ruolo/RLS' (Rappresentante Lavoratori Sicurezza (RLS)); poi PRIVACIX+SICURIX applicano il METODO81+; 10) RISKIX causa il pericolo 'Documento' (Informativa e Consensi); poi HYGIENIX+SICURIX applicano il METODO81+. PALETTE BRAND ESCLUSIVA: nero #05050A, bianco panna, arancione #FF6A1A/#E8501A; ROSSO solo per 'PERICOLO', VERDE per la checklist 'Metodo 81+'. Logo '81+' ben visibile in OGNI vignetta. REGOLA STORIA: SICURIX NON agisce mai da solo - in OGNI vignetta di soluzione si fa AIUTARE dai suoi colleghi EROI (lavoro di squadra, ognuno col suo ruolo). TESTO: didascalie e fumetti MOLTO BREVI (1-4 parole), GRANDI, centrati, in ITALIANO con ORTOGRAFIA PERFETTA, senza parole inventate, lettere doppie errate o testo tagliato. CATTIVI (coerenti col canone): OBLIVIX, CAOSIX, RUMORIX, SEGNALEX, IMPROVVISIX, RISKIX, MULTIX, TAGLIX. EROI: CHECKIX, DOCUMIX, TRACCIX, ROBOTIX81, CIFRIX, LUXPECTORIX, PRIVACIX, HYGIENIX. NEGATIVE: nessun marchio LEGO reale, nessun personaggio protetto (Asterix ecc.), niente gore/horror, niente claim assoluti ('rischio zero','garantito','zero multe').",In Attivita professionali c'e' un obbligo che in tanti scoprono solo con la sanzione,"Quello che l'ispettore controlla per primo in Attivita professionali (e quasi nessuno lo sa)

In attivita professionali gli adempimenti obbligatori non aspettano: Registro, Emergenze/Soccorso, DPI, Emergenze/Incendio, Ruolo/Preposto, Nomine, Formazione base, Ruolo/RSPP, Ruolo/RLS, Documento. In questa pagina TALES OF SICURIX il PERICOLO prende forma... e il METODO81+ lo rimette in ordine, passo dopo passo. Immagina la scena: prima il caos, poi la checklist che sistema tutto. Chi si mette in regola prima, dorme meglio dopo.
👉 Iscriviti al corso: Corso privacy destinato ai lavoratori -> https://81plus.net/?corso=corso-privacy-destinato-ai-lavoratori
▶️ YouTube: youtube.com/@sicurissimo
Contenuto informativo. Prima vedi. Poi sistemi. 81plus.net",Corso privacy destinato ai lavoratori,https://81plus.net/?corso=corso-privacy-destinato-ai-lavoratori,#TalesOfSicurix #SICURIX #Metodo81 #81plus #Sicurissimo #Privacy #Sicurezza #SicurezzaSulLavoro,SICURIX_TALES_682002_10_6_8_7_3_11_1_5_4_9.webp,https://drive.google.com/drive/folders/1hICKXdl9JTZBL1pemG19oE_661z-EH_k,IMG_ERR
68.12.00,Attivita professionali,M,Sicurezza+Privacy,11,Formazione Preposto | Documento Valutazione Rischi (DVR) | Nomina Incaricati/Responsabili | Formazione GDPR | Addetto Antincendio | Formazione Generale Lavoratori | Registro dei Trattamenti | Uso e Formazione DPI | Informativa e Consensi | Addetto Primo Soccorso | Procedura Data Breach,D.Lgs81/08 art.37 | D.Lgs81/08 art.28 | GDPR art.28-29 | GDPR art.32 | DM 2/9/2021 | Accordo Stato-Regioni | GDPR art.30 | D.Lgs81/08 art.77 | GDPR art.13 | DM 388/2003 | GDPR art.33-34,"BLINKIX>CHIMIKIX, LUXPECTORIX>CADUTIX, CHEFIX>MULTIX, CIFRIX>MULTIX, DOCUMIX>RUMORIX, HYGIENIX>POLVERIX, CHEFIX>IMPROVVISIX, CIFRIX>RUMORIX, HYGIENIX>PHISHIX, CIFRIX>BIOXIX, CONSENSIX>CAOSIX","Crea una PAGINA A FUMETTI a STORIA COMPLETA, verticale A4 (1024x1536), QUALITA' EDITORIALE DA STAMPA, stile ufficiale 'SICURIX TALES' IDENTICO alle immagini di riferimento allegate (stessi personaggi a mattoncini 3D, stessa impaginazione, stessi colori, stesse rese): minifigure espressive, ambientazioni ricche e dettagliate del settore, luci morbide, profondita', bordi vignetta netti. IMPAGINAZIONE OBBLIGATORIA: da 10 a 12 VIGNETTE numerate che raccontano UNA STORIA con arco narrativo completo (1 situazione normale -> 2-4 arrivano i pericoli coi cattivi -> 5-6 tensione/conseguenza -> 7-9 arriva SICURIX con gli eroi e applica il METODO81+ passo per passo -> 10-11 risoluzione ordinata -> 12 finale). HEADER in alto: SICURIX (mantello, medaglione arancione '81+', bussola) che presenta in un fumetto; grande titolo 'SICURIX TALES'; sottotitolo 'ATTIVITA PROFESSIONALI: Pericolo vs Soluzione con Metodo 81+'; legenda 3 voci (verde Sicurezza, rosso Rischio, blu 81+ Soluzione); fila di EROI coi nomi: BLINKIX, LUXPECTORIX, CHEFIX, CIFRIX, DOCUMIX, HYGIENIX. FOOTER in basso: grande 'Prima vedi. Poi sistemi.'; banner scudo verde 'PROTEGGIAMO. PREVENIAMO. MIGLIORIAMO.' e triangolo rosso 'DISATTENZIONE. RISCHI. COSTI. CAOS.'; logo '81+' + '81plus.net'. TRAMA (usa questi eventi come vignette; se sono meno di 10 aggiungi vignette di contesto, dialogo e reazione per arrivare a 10-12): 1) CHIMIKIX causa il pericolo 'Ruolo/Preposto' (Formazione Preposto); poi BLINKIX+SICURIX applicano il METODO81+; 2) CADUTIX causa il pericolo 'Documento' (Documento Valutazione Rischi (DVR)); poi LUXPECTORIX+SICURIX applicano il METODO81+; 3) MULTIX causa il pericolo 'Nomine' (Nomina Incaricati/Responsabili); poi CHEFIX+SICURIX applicano il METODO81+; 4) MULTIX causa il pericolo 'Formazione' (Formazione GDPR); poi CIFRIX+SICURIX applicano il METODO81+; 5) RUMORIX causa il pericolo 'Emergenze/Incendio' (Addetto Antincendio); poi DOCUMIX+SICURIX applicano il METODO81+; 6) POLVERIX causa il pericolo 'Formazione base' (Formazione Generale Lavoratori); poi HYGIENIX+SICURIX applicano il METODO81+; 7) IMPROVVISIX causa il pericolo 'Registro' (Registro dei Trattamenti); poi CHEFIX+SICURIX applicano il METODO81+; 8) RUMORIX causa il pericolo 'DPI' (Uso e Formazione DPI); poi CIFRIX+SICURIX applicano il METODO81+; 9) PHISHIX causa il pericolo 'Documento' (Informativa e Consensi); poi HYGIENIX+SICURIX applicano il METODO81+; 10) BIOXIX causa il pericolo 'Emergenze/Soccorso' (Addetto Primo Soccorso); poi CIFRIX+SICURIX applicano il METODO81+; 11) CAOSIX causa il pericolo 'Data breach' (Procedura Data Breach); poi CONSENSIX+SICURIX applicano il METODO81+. PALETTE BRAND ESCLUSIVA: nero #05050A, bianco panna, arancione #FF6A1A/#E8501A; ROSSO solo per 'PERICOLO', VERDE per la checklist 'Metodo 81+'. Logo '81+' ben visibile in OGNI vignetta. REGOLA STORIA: SICURIX NON agisce mai da solo - in OGNI vignetta di soluzione si fa AIUTARE dai suoi colleghi EROI (lavoro di squadra, ognuno col suo ruolo). TESTO: didascalie e fumetti MOLTO BREVI (1-4 parole), GRANDI, centrati, in ITALIANO con ORTOGRAFIA PERFETTA, senza parole inventate, lettere doppie errate o testo tagliato. CATTIVI (coerenti col canone): CHIMIKIX, CADUTIX, MULTIX, RUMORIX, POLVERIX, IMPROVVISIX, PHISHIX, BIOXIX, CAOSIX. EROI: BLINKIX, LUXPECTORIX, CHEFIX, CIFRIX, DOCUMIX, HYGIENIX, CONSENSIX. NEGATIVE: nessun marchio LEGO reale, nessun personaggio protetto (Asterix ecc.), niente gore/horror, niente claim assoluti ('rischio zero','garantito','zero multe').",In Attivita professionali c'e' un obbligo che in tanti scoprono solo con la sanzione,"La differenza tra chi in Attivita professionali dorme sereno e chi trema al controllo

In attivita professionali gli adempimenti obbligatori non aspettano: Ruolo/Preposto, Documento, Nomine, Formazione, Emergenze/Incendio, Formazione base, Registro, DPI, Emergenze/Soccorso, Data breach. In questa pagina TALES OF SICURIX il PERICOLO prende forma... e il METODO81+ lo rimette in ordine, passo dopo passo. Immagina la scena: prima il caos, poi la checklist che sistema tutto. La regola c'e' gia': tu falla lavorare per te.
👉 Iscriviti al corso: Corso per Preposto -> https://81plus.net/?corso=corso-per-preposto
▶️ YouTube: youtube.com/@sicurissimo
Contenuto informativo. Prima vedi. Poi sistemi. 81plus.net",Corso per Preposto,https://81plus.net/?corso=corso-per-preposto,#TalesOfSicurix #SICURIX #Metodo81 #81plus #Sicurissimo #Sicurezza #Privacy #SicurezzaSulLavoro,SICURIX_TALES_681200_3_0_11_12_7_1_10_8_9_6_13.webp,https://drive.google.com/drive/folders/1hICKXdl9JTZBL1pemG19oE_661z-EH_k,IMG_ERR
47.78.99,Commercio,G,Sicurezza+HACCP+Privacy,11,Formazione Specifica (rischio medio) | RSPP / Datore di Lavoro RSPP | Sorveglianza Sanitaria / Medico Competente | Piano di Sanificazione | Corso Alimentarista | Documento Valutazione Rischi (DVR) | Videosorveglianza a norma | Procedura Data Breach | Rintracciabilita ed Etichettatura | Formazione Generale Lavoratori | Formazione Preposto,Accordo Stato-Regioni | D.Lgs81/08 art.34 | D.Lgs81/08 art.41 | Reg.CE 852/2004 | D.Lgs81/08 art.28 | Provv.Garante | GDPR art.33-34 | Reg.CE 178/2002 | D.Lgs81/08 art.37,"LUXPECTORIX>SEGNALEX, CIFRIX>SCIVOLIX, DOCUMIX>SCIVOLIX, PRIVACIX>CROSSIX, CHECKIX>FRETTIX, ROBOTIX81>FRETTIX, LUXPECTORIX>PHISHIX, BLINKIX>RISKIX, HYGIENIX>CAOSIX, TRACCIX>CADUTIX, CIFRIX>VIBRIX","Crea una PAGINA A FUMETTI a STORIA COMPLETA, verticale A4 (1024x1536), QUALITA' EDITORIALE DA STAMPA, stile ufficiale 'SICURIX TALES' IDENTICO alle immagini di riferimento allegate (stessi personaggi a mattoncini 3D, stessa impaginazione, stessi colori, stesse rese): minifigure espressive, ambientazioni ricche e dettagliate del settore, luci morbide, profondita', bordi vignetta netti. IMPAGINAZIONE OBBLIGATORIA: da 10 a 12 VIGNETTE numerate che raccontano UNA STORIA con arco narrativo completo (1 situazione normale -> 2-4 arrivano i pericoli coi cattivi -> 5-6 tensione/conseguenza -> 7-9 arriva SICURIX con gli eroi e applica il METODO81+ passo per passo -> 10-11 risoluzione ordinata -> 12 finale). HEADER in alto: SICURIX (mantello, medaglione arancione '81+', bussola) che presenta in un fumetto; grande titolo 'SICURIX TALES'; sottotitolo 'COMMERCIO: Pericolo vs Soluzione con Metodo 81+'; legenda 3 voci (verde Sicurezza, rosso Rischio, blu 81+ Soluzione); fila di EROI coi nomi: LUXPECTORIX, CIFRIX, DOCUMIX, PRIVACIX, CHECKIX, ROBOTIX81. FOOTER in basso: grande 'Prima vedi. Poi sistemi.'; banner scudo verde 'PROTEGGIAMO. PREVENIAMO. MIGLIORIAMO.' e triangolo rosso 'DISATTENZIONE. RISCHI. COSTI. CAOS.'; logo '81+' + '81plus.net'. TRAMA (usa questi eventi come vignette; se sono meno di 10 aggiungi vignette di contesto, dialogo e reazione per arrivare a 10-12): 1) SEGNALEX causa il pericolo 'Formazione specifica' (Formazione Specifica (rischio medio)); poi LUXPECTORIX+SICURIX applicano il METODO81+; 2) SCIVOLIX causa il pericolo 'Ruolo/RSPP' (RSPP / Datore di Lavoro RSPP); poi CIFRIX+SICURIX applicano il METODO81+; 3) SCIVOLIX causa il pericolo 'Sorveglianza sanitaria' (Sorveglianza Sanitaria / Medico Competente); poi DOCUMIX+SICURIX applicano il METODO81+; 4) CROSSIX causa il pericolo 'Sanificazione' (Piano di Sanificazione); poi PRIVACIX+SICURIX applicano il METODO81+; 5) FRETTIX causa il pericolo 'Corso' (Corso Alimentarista); poi CHECKIX+SICURIX applicano il METODO81+; 6) FRETTIX causa il pericolo 'Documento' (Documento Valutazione Rischi (DVR)); poi ROBOTIX81+SICURIX applicano il METODO81+; 7) PHISHIX causa il pericolo 'Videosorveglianza' (Videosorveglianza a norma); poi LUXPECTORIX+SICURIX applicano il METODO81+; 8) RISKIX causa il pericolo 'Data breach' (Procedura Data Breach); poi BLINKIX+SICURIX applicano il METODO81+; 9) CAOSIX causa il pericolo 'Rintracciabilita' (Rintracciabilita ed Etichettatura); poi HYGIENIX+SICURIX applicano il METODO81+; 10) CADUTIX causa il pericolo 'Formazione base' (Formazione Generale Lavoratori); poi TRACCIX+SICURIX applicano il METODO81+; 11) VIBRIX causa il pericolo 'Ruolo/Preposto' (Formazione Preposto); poi CIFRIX+SICURIX applicano il METODO81+. PALETTE BRAND ESCLUSIVA: nero #05050A, bianco panna, arancione #FF6A1A/#E8501A; ROSSO solo per 'PERICOLO', VERDE per la checklist 'Metodo 81+'. Logo '81+' ben visibile in OGNI vignetta. REGOLA STORIA: SICURIX NON agisce mai da solo - in OGNI vignetta di soluzione si fa AIUTARE dai suoi colleghi EROI (lavoro di squadra, ognuno col suo ruolo). TESTO: didascalie e fumetti MOLTO BREVI (1-4 parole), GRANDI, centrati, in ITALIANO con ORTOGRAFIA PERFETTA, senza parole inventate, lettere doppie errate o testo tagliato. CATTIVI (coerenti col canone): SEGNALEX, SCIVOLIX, CROSSIX, FRETTIX, PHISHIX, RISKIX, CAOSIX, CADUTIX, VIBRIX. EROI: LUXPECTORIX, CIFRIX, DOCUMIX, PRIVACIX, CHECKIX, ROBOTIX81, BLINKIX, HYGIENIX, TRACCIX. NEGATIVE: nessun marchio LEGO reale, nessun personaggio protetto (Asterix ecc.), niente gore/horror, niente claim assoluti ('rischio zero','garantito','zero multe').",Quello che l'ispettore controlla per primo in Commercio (e quasi nessuno lo sa),"In Commercio c'e' un obbligo che in tanti scoprono solo con la sanzione

In commercio gli adempimenti obbligatori non aspettano: Formazione specifica, Ruolo/RSPP, Sorveglianza sanitaria, Sanificazione, Corso, Documento, Videosorveglianza, Data breach, Rintracciabilita, Formazione base, Ruolo/Preposto. In questa pagina TALES OF SICURIX il PERICOLO prende forma... e il METODO81+ lo rimette in ordine, passo dopo passo. Immagina la scena: prima il caos, poi la checklist che sistema tutto. Non e' burocrazia: e' la tua tranquillita.
👉 Iscriviti al corso: Corso lavoratore parte GENERALE 4 ore -> https://81plus.net/?corso=corso-lavoratore-parte-generale-4-ore
▶️ YouTube: youtube.com/@sicurissimo
Contenuto informativo. Prima vedi. Poi sistemi. 81plus.net",Corso lavoratore parte GENERALE 4 ore,https://81plus.net/?corso=corso-lavoratore-parte-generale-4-ore,#TalesOfSicurix #SICURIX #Metodo81 #81plus #Sicurissimo #Sicurezza #HACCP #Privacy #SicurezzaSulLavoro,SICURIX_TALES_477899_2_5_9_14_13_0_24_23_15_1_3.webp,https://drive.google.com/drive/folders/1hICKXdl9JTZBL1pemG19oE_661z-EH_k,IMG_ERR
46.31.10,Commercio,G,HACCP+Sicurezza+Privacy,12,Piano di Sanificazione | Documento Valutazione Rischi (DVR) | Movimentazione Manuale Carichi | Rappresentante Lavoratori Sicurezza (RLS) | Registro dei Trattamenti | Addetto Primo Soccorso | Stress Lavoro-Correlato | Procedura Data Breach | Formazione Specifica (rischio medio) | Corso Alimentarista | Informativa e Consensi | Manuale HACCP di Autocontrollo,Reg.CE 852/2004 | D.Lgs81/08 art.28 | D.Lgs81/08 Tit.VI | D.Lgs81/08 art.47 | GDPR art.30 | DM 388/2003 | GDPR art.33-34 | Accordo Stato-Regioni | GDPR art.13,"LUXPECTORIX>TEMPORIX, TRACCIX>RISKIX, CHEFIX>BIOXIX, LUXPECTORIX>MULTIX, DOCUMIX>SPYIX, CONSENSIX>SOTTOVALUTIX, HYGIENIX>RUMORIX, HYGIENIX>RISKIX, SCUDIX>RUMORIX, CIFRIX>MULTIX, HYGIENIX>CANCELIX, CHECKIX>ACQUAIX","Crea una PAGINA A FUMETTI a STORIA COMPLETA, verticale A4 (1024x1536), QUALITA' EDITORIALE DA STAMPA, stile ufficiale 'SICURIX TALES' IDENTICO alle immagini di riferimento allegate (stessi personaggi a mattoncini 3D, stessa impaginazione, stessi colori, stesse rese): minifigure espressive, ambientazioni ricche e dettagliate del settore, luci morbide, profondita', bordi vignetta netti. IMPAGINAZIONE OBBLIGATORIA: da 10 a 12 VIGNETTE numerate che raccontano UNA STORIA con arco narrativo completo (1 situazione normale -> 2-4 arrivano i pericoli coi cattivi -> 5-6 tensione/conseguenza -> 7-9 arriva SICURIX con gli eroi e applica il METODO81+ passo per passo -> 10-11 risoluzione ordinata -> 12 finale). HEADER in alto: SICURIX (mantello, medaglione arancione '81+', bussola) che presenta in un fumetto; grande titolo 'SICURIX TALES'; sottotitolo 'COMMERCIO: Pericolo vs Soluzione con Metodo 81+'; legenda 3 voci (verde Sicurezza, rosso Rischio, blu 81+ Soluzione); fila di EROI coi nomi: LUXPECTORIX, TRACCIX, CHEFIX, DOCUMIX, CONSENSIX, HYGIENIX. FOOTER in basso: grande 'Prima vedi. Poi sistemi.'; banner scudo verde 'PROTEGGIAMO. PREVENIAMO. MIGLIORIAMO.' e triangolo rosso 'DISATTENZIONE. RISCHI. COSTI. CAOS.'; logo '81+' + '81plus.net'. TRAMA (usa questi eventi come vignette; se sono meno di 10 aggiungi vignette di contesto, dialogo e reazione per arrivare a 10-12): 1) TEMPORIX causa il pericolo 'Sanificazione' (Piano di Sanificazione); poi LUXPECTORIX+SICURIX applicano il METODO81+; 2) RISKIX causa il pericolo 'Documento' (Documento Valutazione Rischi (DVR)); poi TRACCIX+SICURIX applicano il METODO81+; 3) BIOXIX causa il pericolo 'MMC' (Movimentazione Manuale Carichi); poi CHEFIX+SICURIX applicano il METODO81+; 4) MULTIX causa il pericolo 'Ruolo/RLS' (Rappresentante Lavoratori Sicurezza (RLS)); poi LUXPECTORIX+SICURIX applicano il METODO81+; 5) SPYIX causa il pericolo 'Registro' (Registro dei Trattamenti); poi DOCUMIX+SICURIX applicano il METODO81+; 6) SOTTOVALUTIX causa il pericolo 'Emergenze/Soccorso' (Addetto Primo Soccorso); poi CONSENSIX+SICURIX applicano il METODO81+; 7) RUMORIX causa il pericolo 'Stress' (Stress Lavoro-Correlato); poi HYGIENIX+SICURIX applicano il METODO81+; 8) RISKIX causa il pericolo 'Data breach' (Procedura Data Breach); poi HYGIENIX+SICURIX applicano il METODO81+; 9) RUMORIX causa il pericolo 'Formazione specifica' (Formazione Specifica (rischio medio)); poi SCUDIX+SICURIX applicano il METODO81+; 10) MULTIX causa il pericolo 'Corso' (Corso Alimentarista); poi CIFRIX+SICURIX applicano il METODO81+; 11) CANCELIX causa il pericolo 'Documento' (Informativa e Consensi); poi HYGIENIX+SICURIX applicano il METODO81+; 12) ACQUAIX causa il pericolo 'Documento' (Manuale HACCP di Autocontrollo); poi CHECKIX+SICURIX applicano il METODO81+. PALETTE BRAND ESCLUSIVA: nero #05050A, bianco panna, arancione #FF6A1A/#E8501A; ROSSO solo per 'PERICOLO', VERDE per la checklist 'Metodo 81+'. Logo '81+' ben visibile in OGNI vignetta. REGOLA STORIA: SICURIX NON agisce mai da solo - in OGNI vignetta di soluzione si fa AIUTARE dai suoi colleghi EROI (lavoro di squadra, ognuno col suo ruolo). TESTO: didascalie e fumetti MOLTO BREVI (1-4 parole), GRANDI, centrati, in ITALIANO con ORTOGRAFIA PERFETTA, senza parole inventate, lettere doppie errate o testo tagliato. CATTIVI (coerenti col canone): TEMPORIX, RISKIX, BIOXIX, MULTIX, SPYIX, SOTTOVALUTIX, RUMORIX, CANCELIX, ACQUAIX. EROI: LUXPECTORIX, TRACCIX, CHEFIX, DOCUMIX, CONSENSIX, HYGIENIX, SCUDIX, CIFRIX, CHECKIX. NEGATIVE: nessun marchio LEGO reale, nessun personaggio protetto (Asterix ecc.), niente gore/horror, niente claim assoluti ('rischio zero','garantito','zero multe').",Commercio: 3 minuti oggi o un problema enorme domani. Scegli tu.,"In Commercio c'e' un obbligo che in tanti scoprono solo con la sanzione

In commercio gli adempimenti obbligatori non aspettano: Sanificazione, Documento, MMC, Ruolo/RLS, Registro, Emergenze/Soccorso, Stress, Data breach, Formazione specifica, Corso. In questa pagina TALES OF SICURIX il PERICOLO prende forma... e il METODO81+ lo rimette in ordine, passo dopo passo. Immagina la scena: prima il caos, poi la checklist che sistema tutto. Non e' burocrazia: e' la tua tranquillita.
👉 Iscriviti al corso: Corso per addetto operazioni di pulizia e sanificazione aziendale rischio Covid-19 -> https://81plus.net/?corso=corso-per-addetto-operazioni-di-pulizia-e-sanificazione-azie
▶️ YouTube: youtube.com/@sicurissimo
Contenuto informativo. Prima vedi. Poi sistemi. 81plus.net",Corso per addetto operazioni di pulizia e sanificazione aziendale rischio Covid-19,https://81plus.net/?corso=corso-per-addetto-operazioni-di-pulizia-e-sanificazione-azie,#TalesOfSicurix #SICURIX #Metodo81 #81plus #Sicurissimo #HACCP #Sicurezza #Privacy #SicurezzaSulLavoro,SICURIX_TALES_463110_14_0_10_4_20_6_11_23_2_13_19_12.webp,https://drive.google.com/drive/folders/1hICKXdl9JTZBL1pemG19oE_661z-EH_k,IMG_ERR
46.13.01,Commercio,G,Sicurezza+Privacy+HACCP,11,Formazione Preposto | Formazione Generale Lavoratori | Uso e Formazione DPI | Formazione GDPR | Formazione Specifica (rischio medio) | Gestione Allergeni | Corso Alimentarista | Documento Valutazione Rischi (DVR) | Manuale HACCP di Autocontrollo | Nomina Incaricati/Responsabili | Stress Lavoro-Correlato,D.Lgs81/08 art.37 | Accordo Stato-Regioni | D.Lgs81/08 art.77 | GDPR art.32 | Reg.UE 1169/2011 | Reg.CE 852/2004 | D.Lgs81/08 art.28 | GDPR art.28-29,"BLINKIX>TAGLIX, BLINKIX>CAOSIX, PREPOSTIX>FUMIX, PREPOSTIX>PERMISSIONIX, FORMIX>FUMIX, LUXPECTORIX>SPORCKIX, CHEFIX>OBLIVIX, SCUDIX>SCHIACCIX, CIFRIX>MESCOLIX, CHECKIX>CANCELIX, ROBOTIX81>MULTIX","Crea una PAGINA A FUMETTI a STORIA COMPLETA, verticale A4 (1024x1536), QUALITA' EDITORIALE DA STAMPA, stile ufficiale 'SICURIX TALES' IDENTICO alle immagini di riferimento allegate (stessi personaggi a mattoncini 3D, stessa impaginazione, stessi colori, stesse rese): minifigure espressive, ambientazioni ricche e dettagliate del settore, luci morbide, profondita', bordi vignetta netti. IMPAGINAZIONE OBBLIGATORIA: da 10 a 12 VIGNETTE numerate che raccontano UNA STORIA con arco narrativo completo (1 situazione normale -> 2-4 arrivano i pericoli coi cattivi -> 5-6 tensione/conseguenza -> 7-9 arriva SICURIX con gli eroi e applica il METODO81+ passo per passo -> 10-11 risoluzione ordinata -> 12 finale). HEADER in alto: SICURIX (mantello, medaglione arancione '81+', bussola) che presenta in un fumetto; grande titolo 'SICURIX TALES'; sottotitolo 'COMMERCIO: Pericolo vs Soluzione con Metodo 81+'; legenda 3 voci (verde Sicurezza, rosso Rischio, blu 81+ Soluzione); fila di EROI coi nomi: BLINKIX, PREPOSTIX, FORMIX, LUXPECTORIX, CHEFIX, SCUDIX. FOOTER in basso: grande 'Prima vedi. Poi sistemi.'; banner scudo verde 'PROTEGGIAMO. PREVENIAMO. MIGLIORIAMO.' e triangolo rosso 'DISATTENZIONE. RISCHI. COSTI. CAOS.'; logo '81+' + '81plus.net'. TRAMA (usa questi eventi come vignette; se sono meno di 10 aggiungi vignette di contesto, dialogo e reazione per arrivare a 10-12): 1) TAGLIX causa il pericolo 'Ruolo/Preposto' (Formazione Preposto); poi BLINKIX+SICURIX applicano il METODO81+; 2) CAOSIX causa il pericolo 'Formazione base' (Formazione Generale Lavoratori); poi BLINKIX+SICURIX applicano il METODO81+; 3) FUMIX causa il pericolo 'DPI' (Uso e Formazione DPI); poi PREPOSTIX+SICURIX applicano il METODO81+; 4) PERMISSIONIX causa il pericolo 'Formazione' (Formazione GDPR); poi PREPOSTIX+SICURIX applicano il METODO81+; 5) FUMIX causa il pericolo 'Formazione specifica' (Formazione Specifica (rischio medio)); poi FORMIX+SICURIX applicano il METODO81+; 6) SPORCKIX causa il pericolo 'Allergeni' (Gestione Allergeni); poi LUXPECTORIX+SICURIX applicano il METODO81+; 7) OBLIVIX causa il pericolo 'Corso' (Corso Alimentarista); poi CHEFIX+SICURIX applicano il METODO81+; 8) SCHIACCIX causa il pericolo 'Documento' (Documento Valutazione Rischi (DVR)); poi SCUDIX+SICURIX applicano il METODO81+; 9) MESCOLIX causa il pericolo 'Documento' (Manuale HACCP di Autocontrollo); poi CIFRIX+SICURIX applicano il METODO81+; 10) CANCELIX causa il pericolo 'Nomine' (Nomina Incaricati/Responsabili); poi CHECKIX+SICURIX applicano il METODO81+; 11) MULTIX causa il pericolo 'Stress' (Stress Lavoro-Correlato); poi ROBOTIX81+SICURIX applicano il METODO81+. PALETTE BRAND ESCLUSIVA: nero #05050A, bianco panna, arancione #FF6A1A/#E8501A; ROSSO solo per 'PERICOLO', VERDE per la checklist 'Metodo 81+'. Logo '81+' ben visibile in OGNI vignetta. REGOLA STORIA: SICURIX NON agisce mai da solo - in OGNI vignetta di soluzione si fa AIUTARE dai suoi colleghi EROI (lavoro di squadra, ognuno col suo ruolo). TESTO: didascalie e fumetti MOLTO BREVI (1-4 parole), GRANDI, centrati, in ITALIANO con ORTOGRAFIA PERFETTA, senza parole inventate, lettere doppie errate o testo tagliato. CATTIVI (coerenti col canone): TAGLIX, CAOSIX, FUMIX, PERMISSIONIX, SPORCKIX, OBLIVIX, SCHIACCIX, MESCOLIX, CANCELIX, MULTIX. EROI: BLINKIX, PREPOSTIX, FORMIX, LUXPECTORIX, CHEFIX, SCUDIX, CIFRIX, CHECKIX, ROBOTIX81. NEGATIVE: nessun marchio LEGO reale, nessun personaggio protetto (Asterix ecc.), niente gore/horror, niente claim assoluti ('rischio zero','garantito','zero multe').",Quello che l'ispettore controlla per primo in Commercio (e quasi nessuno lo sa),"La differenza tra chi in Commercio dorme sereno e chi trema al controllo

In commercio gli adempimenti obbligatori non aspettano: Ruolo/Preposto, Formazione base, DPI, Formazione, Formazione specifica, Allergeni, Corso, Documento, Nomine, Stress. In questa pagina TALES OF SICURIX il PERICOLO prende forma... e il METODO81+ lo rimette in ordine, passo dopo passo. Immagina la scena: prima il caos, poi la checklist che sistema tutto. Non e' burocrazia: e' la tua tranquillita.
👉 Iscriviti al corso: Corso per Preposto -> https://81plus.net/?corso=corso-per-preposto
▶️ YouTube: youtube.com/@sicurissimo
Contenuto informativo. Prima vedi. Poi sistemi. 81plus.net",Corso per Preposto,https://81plus.net/?corso=corso-per-preposto,#TalesOfSicurix #SICURIX #Metodo81 #81plus #Sicurissimo #Sicurezza #Privacy #HACCP #SicurezzaSulLavoro,SICURIX_TALES_461301_3_1_8_22_2_18_13_0_12_21_11.webp,https://drive.google.com/drive/folders/1hICKXdl9JTZBL1pemG19oE_661z-EH_k,IMG_ERR
10.86.00,Manifattura,C,Sicurezza+Ambientale+HACCP+Privacy,12,Uso e Formazione DPI | Gestione Rifiuti e Registro | Addetto Primo Soccorso | Controllo Temperature e Celle | Registro dei Trattamenti | Attrezzature e Macchine | Procedura Data Breach | Corso Alimentarista | Stress Lavoro-Correlato | Addetto Antincendio | Documento Valutazione Rischi (DVR) | Piano di Sanificazione,D.Lgs81/08 art.77 | D.Lgs152/06 | DM 388/2003 | Reg.CE 852/2004 | GDPR art.30 | D.Lgs81/08 Tit.III | GDPR art.33-34 | D.Lgs81/08 art.28 | DM 2/9/2021,"SCUDIX>OBLIVIX, FORMIX>IMPROVVISIX, BLINKIX>CHIMIKIX, TRACCIX>ACQUAIX, SICURIX>PHISHIX, ROBOTIX81>RUMORIX, CHEFIX>CAOSIX, CHECKIX>TEMPORIX, SCUDIX>VIBRIX, CHECKIX>RISKIX, SICURIX>VIBRIX, SCUDIX>SPORCKIX","Crea una PAGINA A FUMETTI a STORIA COMPLETA, verticale A4 (1024x1536), QUALITA' EDITORIALE DA STAMPA, stile ufficiale 'SICURIX TALES' IDENTICO alle immagini di riferimento allegate (stessi personaggi a mattoncini 3D, stessa impaginazione, stessi colori, stesse rese): minifigure espressive, ambientazioni ricche e dettagliate del settore, luci morbide, profondita', bordi vignetta netti. IMPAGINAZIONE OBBLIGATORIA: da 10 a 12 VIGNETTE numerate che raccontano UNA STORIA con arco narrativo completo (1 situazione normale -> 2-4 arrivano i pericoli coi cattivi -> 5-6 tensione/conseguenza -> 7-9 arriva SICURIX con gli eroi e applica il METODO81+ passo per passo -> 10-11 risoluzione ordinata -> 12 finale). HEADER in alto: SICURIX (mantello, medaglione arancione '81+', bussola) che presenta in un fumetto; grande titolo 'SICURIX TALES'; sottotitolo 'MANIFATTURA: Pericolo vs Soluzione con Metodo 81+'; legenda 3 voci (verde Sicurezza, rosso Rischio, blu 81+ Soluzione); fila di EROI coi nomi: SCUDIX, FORMIX, BLINKIX, TRACCIX, SICURIX, ROBOTIX81. FOOTER in basso: grande 'Prima vedi. Poi sistemi.'; banner scudo verde 'PROTEGGIAMO. PREVENIAMO. MIGLIORIAMO.' e triangolo rosso 'DISATTENZIONE. RISCHI. COSTI. CAOS.'; logo '81+' + '81plus.net'. TRAMA (usa questi eventi come vignette; se sono meno di 10 aggiungi vignette di contesto, dialogo e reazione per arrivare a 10-12): 1) OBLIVIX causa il pericolo 'DPI' (Uso e Formazione DPI); poi SCUDIX+SICURIX applicano il METODO81+; 2) IMPROVVISIX causa il pericolo 'Rifiuti' (Gestione Rifiuti e Registro); poi FORMIX+SICURIX applicano il METODO81+; 3) CHIMIKIX causa il pericolo 'Emergenze/Soccorso' (Addetto Primo Soccorso); poi BLINKIX+SICURIX applicano il METODO81+; 4) ACQUAIX causa il pericolo 'Temperature' (Controllo Temperature e Celle); poi TRACCIX+SICURIX applicano il METODO81+; 5) PHISHIX causa il pericolo 'Registro' (Registro dei Trattamenti); poi SICURIX+SICURIX applicano il METODO81+; 6) RUMORIX causa il pericolo 'Attrezzature' (Attrezzature e Macchine); poi ROBOTIX81+SICURIX applicano il METODO81+; 7) CAOSIX causa il pericolo 'Data breach' (Procedura Data Breach); poi CHEFIX+SICURIX applicano il METODO81+; 8) TEMPORIX causa il pericolo 'Corso' (Corso Alimentarista); poi CHECKIX+SICURIX applicano il METODO81+; 9) VIBRIX causa il pericolo 'Stress' (Stress Lavoro-Correlato); poi SCUDIX+SICURIX applicano il METODO81+; 10) RISKIX causa il pericolo 'Emergenze/Incendio' (Addetto Antincendio); poi CHECKIX+SICURIX applicano il METODO81+; 11) VIBRIX causa il pericolo 'Documento' (Documento Valutazione Rischi (DVR)); poi SICURIX+SICURIX applicano il METODO81+; 12) SPORCKIX causa il pericolo 'Sanificazione' (Piano di Sanificazione); poi SCUDIX+SICURIX applicano il METODO81+. PALETTE BRAND ESCLUSIVA: nero #05050A, bianco panna, arancione #FF6A1A/#E8501A; ROSSO solo per 'PERICOLO', VERDE per la checklist 'Metodo 81+'. Logo '81+' ben visibile in OGNI vignetta. REGOLA STORIA: SICURIX NON agisce mai da solo - in OGNI vignetta di soluzione si fa AIUTARE dai suoi colleghi EROI (lavoro di squadra, ognuno col suo ruolo). TESTO: didascalie e fumetti MOLTO BREVI (1-4 parole), GRANDI, centrati, in ITALIANO con ORTOGRAFIA PERFETTA, senza parole inventate, lettere doppie errate o testo tagliato. CATTIVI (coerenti col canone): OBLIVIX, IMPROVVISIX, CHIMIKIX, ACQUAIX, PHISHIX, RUMORIX, CAOSIX, TEMPORIX, VIBRIX, RISKIX, SPORCKIX. EROI: SCUDIX, FORMIX, BLINKIX, TRACCIX, SICURIX, ROBOTIX81, CHEFIX, CHECKIX. NEGATIVE: nessun marchio LEGO reale, nessun personaggio protetto (Asterix ecc.), niente gore/horror, niente claim assoluti ('rischio zero','garantito','zero multe').","In Manifattura non e' 'se' arriva il controllo, e' 'quando'. Sei pronto?","Manifattura: 3 minuti oggi o un problema enorme domani. Scegli tu.

In manifattura gli adempimenti obbligatori non aspettano: DPI, Rifiuti, Emergenze/Soccorso, Temperature, Registro, Attrezzature, Data breach, Corso, Stress, Emergenze/Incendio, Documento, Sanificazione. In questa pagina TALES OF SICURIX il PERICOLO prende forma... e il METODO81+ lo rimette in ordine, passo dopo passo. Immagina la scena: prima il caos, poi la checklist che sistema tutto. Non e' burocrazia: e' la tua tranquillita.
👉 Iscriviti al corso: Corso Lavori in Quota e DPI Anticaduta -> https://81plus.net/?corso=corso-lavori-in-quota-e-dpi-anticaduta
▶️ YouTube: youtube.com/@sicurissimo
Contenuto informativo. Prima vedi. Poi sistemi. 81plus.net",Corso Lavori in Quota e DPI Anticaduta,https://81plus.net/?corso=corso-lavori-in-quota-e-dpi-anticaduta,#TalesOfSicurix #SICURIX #Metodo81 #81plus #Sicurissimo #Sicurezza #Ambientale #HACCP #Privacy #SicurezzaSulLavoro,SICURIX_TALES_108600_8_27_6_19_23_13_26_16_11_7_0_17.webp,https://drive.google.com/drive/folders/1hICKXdl9JTZBL1pemG19oE_661z-EH_k,IMG_ERR
96.10.22,Famiglie datori,T,Privacy+Sicurezza,11,Formazione GDPR | Addetto Primo Soccorso | Formazione Specifica (rischio basso) | Formazione Generale Lavoratori | RSPP / Datore di Lavoro RSPP | Rappresentante Lavoratori Sicurezza (RLS) | Procedura Data Breach | Addetto Antincendio | Uso e Formazione DPI | Documento Valutazione Rischi (DVR) | Nomina Incaricati/Responsabili,GDPR art.32 | DM 388/2003 | Accordo Stato-Regioni | D.Lgs81/08 art.34 | D.Lgs81/08 art.47 | GDPR art.33-34 | DM 2/9/2021 | D.Lgs81/08 art.77 | D.Lgs81/08 art.28 | GDPR art.28-29,"CIFRIX>LEAKIX, LUXPECTORIX>RISKIX, LUXPECTORIX>RUMORIX, PREPOSTIX>POLVERIX, PRIVACIX>IMPROVVISIX, DOCUMIX>FRETTIX, PRIVACIX>SPYIX, CONSENSIX>CADUTIX, TRACCIX>CADUTIX, CHECKIX>RUMORIX, CONSENSIX>PERMISSIONIX","Crea una PAGINA A FUMETTI a STORIA COMPLETA, verticale A4 (1024x1536), QUALITA' EDITORIALE DA STAMPA, stile ufficiale 'SICURIX TALES' IDENTICO alle immagini di riferimento allegate (stessi personaggi a mattoncini 3D, stessa impaginazione, stessi colori, stesse rese): minifigure espressive, ambientazioni ricche e dettagliate del settore, luci morbide, profondita', bordi vignetta netti. IMPAGINAZIONE OBBLIGATORIA: da 10 a 12 VIGNETTE numerate che raccontano UNA STORIA con arco narrativo completo (1 situazione normale -> 2-4 arrivano i pericoli coi cattivi -> 5-6 tensione/conseguenza -> 7-9 arriva SICURIX con gli eroi e applica il METODO81+ passo per passo -> 10-11 risoluzione ordinata -> 12 finale). HEADER in alto: SICURIX (mantello, medaglione arancione '81+', bussola) che presenta in un fumetto; grande titolo 'SICURIX TALES'; sottotitolo 'FAMIGLIE DATORI: Pericolo vs Soluzione con Metodo 81+'; legenda 3 voci (verde Sicurezza, rosso Rischio, blu 81+ Soluzione); fila di EROI coi nomi: CIFRIX, LUXPECTORIX, PREPOSTIX, PRIVACIX, DOCUMIX, CONSENSIX. FOOTER in basso: grande 'Prima vedi. Poi sistemi.'; banner scudo verde 'PROTEGGIAMO. PREVENIAMO. MIGLIORIAMO.' e triangolo rosso 'DISATTENZIONE. RISCHI. COSTI. CAOS.'; logo '81+' + '81plus.net'. TRAMA (usa questi eventi come vignette; se sono meno di 10 aggiungi vignette di contesto, dialogo e reazione per arrivare a 10-12): 1) LEAKIX causa il pericolo 'Formazione' (Formazione GDPR); poi CIFRIX+SICURIX applicano il METODO81+; 2) RISKIX causa il pericolo 'Emergenze/Soccorso' (Addetto Primo Soccorso); poi LUXPECTORIX+SICURIX applicano il METODO81+; 3) RUMORIX causa il pericolo 'Formazione specifica' (Formazione Specifica (rischio basso)); poi LUXPECTORIX+SICURIX applicano il METODO81+; 4) POLVERIX causa il pericolo 'Formazione base' (Formazione Generale Lavoratori); poi PREPOSTIX+SICURIX applicano il METODO81+; 5) IMPROVVISIX causa il pericolo 'Ruolo/RSPP' (RSPP / Datore di Lavoro RSPP); poi PRIVACIX+SICURIX applicano il METODO81+; 6) FRETTIX causa il pericolo 'Ruolo/RLS' (Rappresentante Lavoratori Sicurezza (RLS)); poi DOCUMIX+SICURIX applicano il METODO81+; 7) SPYIX causa il pericolo 'Data breach' (Procedura Data Breach); poi PRIVACIX+SICURIX applicano il METODO81+; 8) CADUTIX causa il pericolo 'Emergenze/Incendio' (Addetto Antincendio); poi CONSENSIX+SICURIX applicano il METODO81+; 9) CADUTIX causa il pericolo 'DPI' (Uso e Formazione DPI); poi TRACCIX+SICURIX applicano il METODO81+; 10) RUMORIX causa il pericolo 'Documento' (Documento Valutazione Rischi (DVR)); poi CHECKIX+SICURIX applicano il METODO81+; 11) PERMISSIONIX causa il pericolo 'Nomine' (Nomina Incaricati/Responsabili); poi CONSENSIX+SICURIX applicano il METODO81+. PALETTE BRAND ESCLUSIVA: nero #05050A, bianco panna, arancione #FF6A1A/#E8501A; ROSSO solo per 'PERICOLO', VERDE per la checklist 'Metodo 81+'. Logo '81+' ben visibile in OGNI vignetta. REGOLA STORIA: SICURIX NON agisce mai da solo - in OGNI vignetta di soluzione si fa AIUTARE dai suoi colleghi EROI (lavoro di squadra, ognuno col suo ruolo). TESTO: didascalie e fumetti MOLTO BREVI (1-4 parole), GRANDI, centrati, in ITALIANO con ORTOGRAFIA PERFETTA, senza parole inventate, lettere doppie errate o testo tagliato. CATTIVI (coerenti col canone): LEAKIX, RISKIX, RUMORIX, POLVERIX, IMPROVVISIX, FRETTIX, SPYIX, CADUTIX, PERMISSIONIX. EROI: CIFRIX, LUXPECTORIX, PREPOSTIX, PRIVACIX, DOCUMIX, CONSENSIX, TRACCIX, CHECKIX. NEGATIVE: nessun marchio LEGO reale, nessun personaggio protetto (Asterix ecc.), niente gore/horror, niente claim assoluti ('rischio zero','garantito','zero multe').",Famiglie datori: 3 minuti oggi o un problema enorme domani. Scegli tu.,"La differenza tra chi in Famiglie datori dorme sereno e chi trema al controllo

In famiglie datori gli adempimenti obbligatori non aspettano: Formazione, Emergenze/Soccorso, Formazione specifica, Formazione base, Ruolo/RSPP, Ruolo/RLS, Data breach, Emergenze/Incendio, DPI, Documento, Nomine. In questa pagina TALES OF SICURIX il PERICOLO prende forma... e il METODO81+ lo rimette in ordine, passo dopo passo. Immagina la scena: prima il caos, poi la checklist che sistema tutto. Non e' burocrazia: e' la tua tranquillita.
👉 Iscriviti al corso: GDPR 2016/679: privacy e trattamento dei dati personali -> https://81plus.net/?corso=gdpr-2016-679-privacy-e-trattamento-dei-dati-personali
▶️ YouTube: youtube.com/@sicurissimo
Contenuto informativo. Prima vedi. Poi sistemi. 81plus.net",GDPR 2016/679: privacy e trattamento dei dati personali,https://81plus.net/?corso=gdpr-2016-679-privacy-e-trattamento-dei-dati-personali,#TalesOfSicurix #SICURIX #Metodo81 #81plus #Sicurissimo #Privacy #Sicurezza #SicurezzaSulLavoro,SICURIX_TALES_961022_12_6_2_1_5_4_13_7_8_0_11.webp,https://drive.google.com/drive/folders/1hICKXdl9JTZBL1pemG19oE_661z-EH_k,IMG_ERR
23.31.00,Manifattura,C,HACCP+Sicurezza+Privacy,10,Corso Alimentarista | Rischio Rumore | Documento Valutazione Rischi (DVR) | Addetto Antincendio | Controllo Temperature e Celle | Formazione Specifica (rischio alto) | Attrezzature e Macchine | Informativa e Consensi | Rintracciabilita ed Etichettatura | Uso e Formazione DPI,Reg.CE 852/2004 | D.Lgs81/08 Tit.VIII | D.Lgs81/08 art.28 | DM 2/9/2021 | Accordo Stato-Regioni | D.Lgs81/08 Tit.III | GDPR art.13 | Reg.CE 178/2002 | D.Lgs81/08 art.77,"ROBOTIX81>MESCOLIX, TRACCIX>FRETTIX, CONSENSIX>MULTIX, DOCUMIX>OBLIVIX, TRACCIX>IMPROVVISIX, DOCUMIX>NONDPIX, CHECKIX>ØTIX, SICURIX>CANCELIX, CONSENSIX>MESCOLIX, CHEFIX>BIOXIX","Crea una PAGINA A FUMETTI a STORIA COMPLETA, verticale A4 (1024x1536), QUALITA' EDITORIALE DA STAMPA, stile ufficiale 'SICURIX TALES' IDENTICO alle immagini di riferimento allegate (stessi personaggi a mattoncini 3D, stessa impaginazione, stessi colori, stesse rese): minifigure espressive, ambientazioni ricche e dettagliate del settore, luci morbide, profondita', bordi vignetta netti. IMPAGINAZIONE OBBLIGATORIA: da 10 a 12 VIGNETTE numerate che raccontano UNA STORIA con arco narrativo completo (1 situazione normale -> 2-4 arrivano i pericoli coi cattivi -> 5-6 tensione/conseguenza -> 7-9 arriva SICURIX con gli eroi e applica il METODO81+ passo per passo -> 10-11 risoluzione ordinata -> 12 finale). HEADER in alto: SICURIX (mantello, medaglione arancione '81+', bussola) che presenta in un fumetto; grande titolo 'SICURIX TALES'; sottotitolo 'MANIFATTURA: Pericolo vs Soluzione con Metodo 81+'; legenda 3 voci (verde Sicurezza, rosso Rischio, blu 81+ Soluzione); fila di EROI coi nomi: ROBOTIX81, TRACCIX, CONSENSIX, DOCUMIX, CHECKIX, SICURIX. FOOTER in basso: grande 'Prima vedi. Poi sistemi.'; banner scudo verde 'PROTEGGIAMO. PREVENIAMO. MIGLIORIAMO.' e triangolo rosso 'DISATTENZIONE. RISCHI. COSTI. CAOS.'; logo '81+' + '81plus.net'. TRAMA (usa questi eventi come vignette; se sono meno di 10 aggiungi vignette di contesto, dialogo e reazione per arrivare a 10-12): 1) MESCOLIX causa il pericolo 'Corso' (Corso Alimentarista); poi ROBOTIX81+SICURIX applicano il METODO81+; 2) FRETTIX causa il pericolo 'Rumore' (Rischio Rumore); poi TRACCIX+SICURIX applicano il METODO81+; 3) MULTIX causa il pericolo 'Documento' (Documento Valutazione Rischi (DVR)); poi CONSENSIX+SICURIX applicano il METODO81+; 4) OBLIVIX causa il pericolo 'Emergenze/Incendio' (Addetto Antincendio); poi DOCUMIX+SICURIX applicano il METODO81+; 5) IMPROVVISIX causa il pericolo 'Temperature' (Controllo Temperature e Celle); poi TRACCIX+SICURIX applicano il METODO81+; 6) NONDPIX causa il pericolo 'Formazione specifica' (Formazione Specifica (rischio alto)); poi DOCUMIX+SICURIX applicano il METODO81+; 7) ØTIX causa il pericolo 'Attrezzature' (Attrezzature e Macchine); poi CHECKIX+SICURIX applicano il METODO81+; 8) CANCELIX causa il pericolo 'Documento' (Informativa e Consensi); poi SICURIX+SICURIX applicano il METODO81+; 9) MESCOLIX causa il pericolo 'Rintracciabilita' (Rintracciabilita ed Etichettatura); poi CONSENSIX+SICURIX applicano il METODO81+; 10) BIOXIX causa il pericolo 'DPI' (Uso e Formazione DPI); poi CHEFIX+SICURIX applicano il METODO81+. PALETTE BRAND ESCLUSIVA: nero #05050A, bianco panna, arancione #FF6A1A/#E8501A; ROSSO solo per 'PERICOLO', VERDE per la checklist 'Metodo 81+'. Logo '81+' ben visibile in OGNI vignetta. REGOLA STORIA: SICURIX NON agisce mai da solo - in OGNI vignetta di soluzione si fa AIUTARE dai suoi colleghi EROI (lavoro di squadra, ognuno col suo ruolo). TESTO: didascalie e fumetti MOLTO BREVI (1-4 parole), GRANDI, centrati, in ITALIANO con ORTOGRAFIA PERFETTA, senza parole inventate, lettere doppie errate o testo tagliato. CATTIVI (coerenti col canone): MESCOLIX, FRETTIX, MULTIX, OBLIVIX, IMPROVVISIX, NONDPIX, ØTIX, CANCELIX, BIOXIX. EROI: ROBOTIX81, TRACCIX, CONSENSIX, DOCUMIX, CHECKIX, SICURIX, CHEFIX. NEGATIVE: nessun marchio LEGO reale, nessun personaggio protetto (Asterix ecc.), niente gore/horror, niente claim assoluti ('rischio zero','garantito','zero multe').","In Manifattura non e' 'se' arriva il controllo, e' 'quando'. Sei pronto?","In Manifattura c'e' un obbligo che in tanti scoprono solo con la sanzione

In manifattura gli adempimenti obbligatori non aspettano: Corso, Rumore, Documento, Emergenze/Incendio, Temperature, Formazione specifica, Attrezzature, Rintracciabilita, DPI. In questa pagina TALES OF SICURIX il PERICOLO prende forma... e il METODO81+ lo rimette in ordine, passo dopo passo. Immagina la scena: prima il caos, poi la checklist che sistema tutto. La regola c'e' gia': tu falla lavorare per te.
👉 Iscriviti al corso: Haccp - Corso responsabile industria alimentare -> https://81plus.net/?corso=haccp-corso-responsabile-industria-alimentare
▶️ YouTube: youtube.com/@sicurissimo
Contenuto informativo. Prima vedi. Poi sistemi. 81plus.net",Haccp - Corso responsabile industria alimentare,https://81plus.net/?corso=haccp-corso-responsabile-industria-alimentare,#TalesOfSicurix #SICURIX #Metodo81 #81plus #Sicurissimo #HACCP #Sicurezza #Privacy #SicurezzaSulLavoro,SICURIX_TALES_233100_15_12_0_7_18_2_13_21_17_8.webp,https://drive.google.com/drive/folders/1hICKXdl9JTZBL1pemG19oE_661z-EH_k,IMG_ERR
22.21.00,Manifattura,C,Privacy+HACCP+Sicurezza,10,Registro dei Trattamenti | Gestione Allergeni | Formazione GDPR | Controllo Temperature e Celle | Lotta agli Infestanti (Pest Control) | Movimentazione Manuale Carichi | Uso e Formazione DPI | Documento Valutazione Rischi (DVR) | Stress Lavoro-Correlato | Sorveglianza Sanitaria / Medico Competente,GDPR art.30 | Reg.UE 1169/2011 | GDPR art.32 | Reg.CE 852/2004 | D.Lgs81/08 Tit.VI | D.Lgs81/08 art.77 | D.Lgs81/08 art.28 | D.Lgs81/08 art.41,"CONSENSIX>RISKIX, FORMIX>FRETTIX, ROBOTIX81>LEAKIX, CHEFIX>TEMPORIX, PREPOSTIX>FRETTIX, SICURIX>CADUTIX, BLINKIX>RISKIX, PRIVACIX>VIBRIX, HYGIENIX>FRETTIX, SICURIX>SOTTOVALUTIX","Crea una PAGINA A FUMETTI a STORIA COMPLETA, verticale A4 (1024x1536), QUALITA' EDITORIALE DA STAMPA, stile ufficiale 'SICURIX TALES' IDENTICO alle immagini di riferimento allegate (stessi personaggi a mattoncini 3D, stessa impaginazione, stessi colori, stesse rese): minifigure espressive, ambientazioni ricche e dettagliate del settore, luci morbide, profondita', bordi vignetta netti. IMPAGINAZIONE OBBLIGATORIA: da 10 a 12 VIGNETTE numerate che raccontano UNA STORIA con arco narrativo completo (1 situazione normale -> 2-4 arrivano i pericoli coi cattivi -> 5-6 tensione/conseguenza -> 7-9 arriva SICURIX con gli eroi e applica il METODO81+ passo per passo -> 10-11 risoluzione ordinata -> 12 finale). HEADER in alto: SICURIX (mantello, medaglione arancione '81+', bussola) che presenta in un fumetto; grande titolo 'SICURIX TALES'; sottotitolo 'MANIFATTURA: Pericolo vs Soluzione con Metodo 81+'; legenda 3 voci (verde Sicurezza, rosso Rischio, blu 81+ Soluzione); fila di EROI coi nomi: CONSENSIX, FORMIX, ROBOTIX81, CHEFIX, PREPOSTIX, SICURIX. FOOTER in basso: grande 'Prima vedi. Poi sistemi.'; banner scudo verde 'PROTEGGIAMO. PREVENIAMO. MIGLIORIAMO.' e triangolo rosso 'DISATTENZIONE. RISCHI. COSTI. CAOS.'; logo '81+' + '81plus.net'. TRAMA (usa questi eventi come vignette; se sono meno di 10 aggiungi vignette di contesto, dialogo e reazione per arrivare a 10-12): 1) RISKIX causa il pericolo 'Registro' (Registro dei Trattamenti); poi CONSENSIX+SICURIX applicano il METODO81+; 2) FRETTIX causa il pericolo 'Allergeni' (Gestione Allergeni); poi FORMIX+SICURIX applicano il METODO81+; 3) LEAKIX causa il pericolo 'Formazione' (Formazione GDPR); poi ROBOTIX81+SICURIX applicano il METODO81+; 4) TEMPORIX causa il pericolo 'Temperature' (Controllo Temperature e Celle); poi CHEFIX+SICURIX applicano il METODO81+; 5) FRETTIX causa il pericolo 'Infestanti' (Lotta agli Infestanti (Pest Control)); poi PREPOSTIX+SICURIX applicano il METODO81+; 6) CADUTIX causa il pericolo 'MMC' (Movimentazione Manuale Carichi); poi SICURIX+SICURIX applicano il METODO81+; 7) RISKIX causa il pericolo 'DPI' (Uso e Formazione DPI); poi BLINKIX+SICURIX applicano il METODO81+; 8) VIBRIX causa il pericolo 'Documento' (Documento Valutazione Rischi (DVR)); poi PRIVACIX+SICURIX applicano il METODO81+; 9) FRETTIX causa il pericolo 'Stress' (Stress Lavoro-Correlato); poi HYGIENIX+SICURIX applicano il METODO81+; 10) SOTTOVALUTIX causa il pericolo 'Sorveglianza sanitaria' (Sorveglianza Sanitaria / Medico Competente); poi SICURIX+SICURIX applicano il METODO81+. PALETTE BRAND ESCLUSIVA: nero #05050A, bianco panna, arancione #FF6A1A/#E8501A; ROSSO solo per 'PERICOLO', VERDE per la checklist 'Metodo 81+'. Logo '81+' ben visibile in OGNI vignetta. REGOLA STORIA: SICURIX NON agisce mai da solo - in OGNI vignetta di soluzione si fa AIUTARE dai suoi colleghi EROI (lavoro di squadra, ognuno col suo ruolo). TESTO: didascalie e fumetti MOLTO BREVI (1-4 parole), GRANDI, centrati, in ITALIANO con ORTOGRAFIA PERFETTA, senza parole inventate, lettere doppie errate o testo tagliato. CATTIVI (coerenti col canone): RISKIX, FRETTIX, LEAKIX, TEMPORIX, CADUTIX, VIBRIX, SOTTOVALUTIX. EROI: CONSENSIX, FORMIX, ROBOTIX81, CHEFIX, PREPOSTIX, SICURIX, BLINKIX, PRIVACIX, HYGIENIX. NEGATIVE: nessun marchio LEGO reale, nessun personaggio protetto (Asterix ecc.), niente gore/horror, niente claim assoluti ('rischio zero','garantito','zero multe').",Quello che l'ispettore controlla per primo in Manifattura (e quasi nessuno lo sa),"In Manifattura non e' 'se' arriva il controllo, e' 'quando'. Sei pronto?

In manifattura gli adempimenti obbligatori non aspettano: Registro, Allergeni, Formazione, Temperature, Infestanti, MMC, DPI, Documento, Stress, Sorveglianza sanitaria. In questa pagina TALES OF SICURIX il PERICOLO prende forma... e il METODO81+ lo rimette in ordine, passo dopo passo. Immagina la scena: prima il caos, poi la checklist che sistema tutto. Chi si mette in regola prima, dorme meglio dopo.
👉 Iscriviti al corso: Corso privacy destinato ai lavoratori -> https://81plus.net/?corso=corso-privacy-destinato-ai-lavoratori
▶️ YouTube: youtube.com/@sicurissimo
Contenuto informativo. Prima vedi. Poi sistemi. 81plus.net",Corso privacy destinato ai lavoratori,https://81plus.net/?corso=corso-privacy-destinato-ai-lavoratori,#TalesOfSicurix #SICURIX #Metodo81 #81plus #Sicurissimo #Privacy #HACCP #Sicurezza #SicurezzaSulLavoro,SICURIX_TALES_222100_23_21_25_19_20_10_8_0_11_9.webp,https://drive.google.com/drive/folders/1hICKXdl9JTZBL1pemG19oE_661z-EH_k,IMG_ERR
46.49.41,Commercio,G,HACCP+Sicurezza+Privacy,11,Manuale HACCP di Autocontrollo | Sorveglianza Sanitaria / Medico Competente | Controllo Temperature e Celle | Addetto Antincendio | Videosorveglianza a norma | Piano di Sanificazione | Registro dei Trattamenti | Rappresentante Lavoratori Sicurezza (RLS) | Rintracciabilita ed Etichettatura | Documento Valutazione Rischi (DVR) | Addetto Primo Soccorso,Reg.CE 852/2004 | D.Lgs81/08 art.41 | DM 2/9/2021 | Provv.Garante | GDPR art.30 | D.Lgs81/08 art.47 | Reg.CE 178/2002 | D.Lgs81/08 art.28 | DM 388/2003,"LUXPECTORIX>TEMPORIX, LUXPECTORIX>CHIMIKIX, PRIVACIX>OBLIVIX, CHEFIX>SCIVOLIX, FORMIX>IMPROVVISIX, CHECKIX>IMPROVVISIX, FORMIX>CANCELIX, ROBOTIX81>CADUTIX, DOCUMIX>FRETTIX, HYGIENIX>FRETTIX, PRIVACIX>FRETTIX","Crea una PAGINA A FUMETTI a STORIA COMPLETA, verticale A4 (1024x1536), QUALITA' EDITORIALE DA STAMPA, stile ufficiale 'SICURIX TALES' IDENTICO alle immagini di riferimento allegate (stessi personaggi a mattoncini 3D, stessa impaginazione, stessi colori, stesse rese): minifigure espressive, ambientazioni ricche e dettagliate del settore, luci morbide, profondita', bordi vignetta netti. IMPAGINAZIONE OBBLIGATORIA: da 10 a 12 VIGNETTE numerate che raccontano UNA STORIA con arco narrativo completo (1 situazione normale -> 2-4 arrivano i pericoli coi cattivi -> 5-6 tensione/conseguenza -> 7-9 arriva SICURIX con gli eroi e applica il METODO81+ passo per passo -> 10-11 risoluzione ordinata -> 12 finale). HEADER in alto: SICURIX (mantello, medaglione arancione '81+', bussola) che presenta in un fumetto; grande titolo 'SICURIX TALES'; sottotitolo 'COMMERCIO: Pericolo vs Soluzione con Metodo 81+'; legenda 3 voci (verde Sicurezza, rosso Rischio, blu 81+ Soluzione); fila di EROI coi nomi: LUXPECTORIX, PRIVACIX, CHEFIX, FORMIX, CHECKIX, ROBOTIX81. FOOTER in basso: grande 'Prima vedi. Poi sistemi.'; banner scudo verde 'PROTEGGIAMO. PREVENIAMO. MIGLIORIAMO.' e triangolo rosso 'DISATTENZIONE. RISCHI. COSTI. CAOS.'; logo '81+' + '81plus.net'. TRAMA (usa questi eventi come vignette; se sono meno di 10 aggiungi vignette di contesto, dialogo e reazione per arrivare a 10-12): 1) TEMPORIX causa il pericolo 'Documento' (Manuale HACCP di Autocontrollo); poi LUXPECTORIX+SICURIX applicano il METODO81+; 2) CHIMIKIX causa il pericolo 'Sorveglianza sanitaria' (Sorveglianza Sanitaria / Medico Competente); poi LUXPECTORIX+SICURIX applicano il METODO81+; 3) OBLIVIX causa il pericolo 'Temperature' (Controllo Temperature e Celle); poi PRIVACIX+SICURIX applicano il METODO81+; 4) SCIVOLIX causa il pericolo 'Emergenze/Incendio' (Addetto Antincendio); poi CHEFIX+SICURIX applicano il METODO81+; 5) IMPROVVISIX causa il pericolo 'Videosorveglianza' (Videosorveglianza a norma); poi FORMIX+SICURIX applicano il METODO81+; 6) IMPROVVISIX causa il pericolo 'Sanificazione' (Piano di Sanificazione); poi CHECKIX+SICURIX applicano il METODO81+; 7) CANCELIX causa il pericolo 'Registro' (Registro dei Trattamenti); poi FORMIX+SICURIX applicano il METODO81+; 8) CADUTIX causa il pericolo 'Ruolo/RLS' (Rappresentante Lavoratori Sicurezza (RLS)); poi ROBOTIX81+SICURIX applicano il METODO81+; 9) FRETTIX causa il pericolo 'Rintracciabilita' (Rintracciabilita ed Etichettatura); poi DOCUMIX+SICURIX applicano il METODO81+; 10) FRETTIX causa il pericolo 'Documento' (Documento Valutazione Rischi (DVR)); poi HYGIENIX+SICURIX applicano il METODO81+; 11) FRETTIX causa il pericolo 'Emergenze/Soccorso' (Addetto Primo Soccorso); poi PRIVACIX+SICURIX applicano il METODO81+. PALETTE BRAND ESCLUSIVA: nero #05050A, bianco panna, arancione #FF6A1A/#E8501A; ROSSO solo per 'PERICOLO', VERDE per la checklist 'Metodo 81+'. Logo '81+' ben visibile in OGNI vignetta. REGOLA STORIA: SICURIX NON agisce mai da solo - in OGNI vignetta di soluzione si fa AIUTARE dai suoi colleghi EROI (lavoro di squadra, ognuno col suo ruolo). TESTO: didascalie e fumetti MOLTO BREVI (1-4 parole), GRANDI, centrati, in ITALIANO con ORTOGRAFIA PERFETTA, senza parole inventate, lettere doppie errate o testo tagliato. CATTIVI (coerenti col canone): TEMPORIX, CHIMIKIX, OBLIVIX, SCIVOLIX, IMPROVVISIX, CANCELIX, CADUTIX, FRETTIX. EROI: LUXPECTORIX, PRIVACIX, CHEFIX, FORMIX, CHECKIX, ROBOTIX81, DOCUMIX, HYGIENIX. NEGATIVE: nessun marchio LEGO reale, nessun personaggio protetto (Asterix ecc.), niente gore/horror, niente claim assoluti ('rischio zero','garantito','zero multe').",La differenza tra chi in Commercio dorme sereno e chi trema al controllo,"La differenza tra chi in Commercio dorme sereno e chi trema al controllo

In commercio gli adempimenti obbligatori non aspettano: Documento, Sorveglianza sanitaria, Temperature, Emergenze/Incendio, Videosorveglianza, Sanificazione, Registro, Ruolo/RLS, Rintracciabilita, Emergenze/Soccorso. In questa pagina TALES OF SICURIX il PERICOLO prende forma... e il METODO81+ lo rimette in ordine, passo dopo passo. Immagina la scena: prima il caos, poi la checklist che sistema tutto. Chi si mette in regola prima, dorme meglio dopo.
👉 Iscriviti al corso: Manuale autocontrollo alimentare -> https://81plus.net/?corso=manuale-autocontrollo-alimentare
▶️ YouTube: youtube.com/@sicurissimo
Contenuto informativo. Prima vedi. Poi sistemi. 81plus.net",Manuale autocontrollo alimentare,https://81plus.net/?corso=manuale-autocontrollo-alimentare,#TalesOfSicurix #SICURIX #Metodo81 #81plus #Sicurissimo #HACCP #Sicurezza #Privacy #SicurezzaSulLavoro,SICURIX_TALES_464941_12_9_16_7_24_14_20_4_15_0_6.webp,https://drive.google.com/drive/folders/1hICKXdl9JTZBL1pemG19oE_661z-EH_k,IMG_ERR
55.20.31,Alloggio/Ristorazione,I,Sicurezza+Privacy+HACCP,12,Rappresentante Lavoratori Sicurezza (RLS) | Procedura Data Breach | Stress Lavoro-Correlato | Addetto Antincendio | Gestione Allergeni | Addetto Primo Soccorso | Rintracciabilita ed Etichettatura | Manuale HACCP di Autocontrollo | Uso e Formazione DPI | Formazione Generale Lavoratori | Formazione Preposto | Formazione GDPR,D.Lgs81/08 art.47 | GDPR art.33-34 | D.Lgs81/08 art.28 | DM 2/9/2021 | Reg.UE 1169/2011 | DM 388/2003 | Reg.CE 178/2002 | Reg.CE 852/2004 | D.Lgs81/08 art.77 | Accordo Stato-Regioni | D.Lgs81/08 art.37 | GDPR art.32,"CHEFIX>BIOXIX, TRACCIX>OBLIVIX, PRIVACIX>VIBRIX, SICURIX>ØTIX, PREPOSTIX>CAOSIX, FORMIX>CHIMIKIX, CHECKIX>DOSAGIX, SICURIX>SCADUTIX, LUXPECTORIX>SCIVOLIX, SCUDIX>SEGNALEX, CHEFIX>SCIVOLIX, LUXPECTORIX>HACKIX","Crea una PAGINA A FUMETTI a STORIA COMPLETA, verticale A4 (1024x1536), QUALITA' EDITORIALE DA STAMPA, stile ufficiale 'SICURIX TALES' IDENTICO alle immagini di riferimento allegate (stessi personaggi a mattoncini 3D, stessa impaginazione, stessi colori, stesse rese): minifigure espressive, ambientazioni ricche e dettagliate del settore, luci morbide, profondita', bordi vignetta netti. IMPAGINAZIONE OBBLIGATORIA: da 10 a 12 VIGNETTE numerate che raccontano UNA STORIA con arco narrativo completo (1 situazione normale -> 2-4 arrivano i pericoli coi cattivi -> 5-6 tensione/conseguenza -> 7-9 arriva SICURIX con gli eroi e applica il METODO81+ passo per passo -> 10-11 risoluzione ordinata -> 12 finale). HEADER in alto: SICURIX (mantello, medaglione arancione '81+', bussola) che presenta in un fumetto; grande titolo 'SICURIX TALES'; sottotitolo 'ALLOGGIO/RISTORAZIONE: Pericolo vs Soluzione con Metodo 81+'; legenda 3 voci (verde Sicurezza, rosso Rischio, blu 81+ Soluzione); fila di EROI coi nomi: CHEFIX, TRACCIX, PRIVACIX, SICURIX, PREPOSTIX, FORMIX. FOOTER in basso: grande 'Prima vedi. Poi sistemi.'; banner scudo verde 'PROTEGGIAMO. PREVENIAMO. MIGLIORIAMO.' e triangolo rosso 'DISATTENZIONE. RISCHI. COSTI. CAOS.'; logo '81+' + '81plus.net'. TRAMA (usa questi eventi come vignette; se sono meno di 10 aggiungi vignette di contesto, dialogo e reazione per arrivare a 10-12): 1) BIOXIX causa il pericolo 'Ruolo/RLS' (Rappresentante Lavoratori Sicurezza (RLS)); poi CHEFIX+SICURIX applicano il METODO81+; 2) OBLIVIX causa il pericolo 'Data breach' (Procedura Data Breach); poi TRACCIX+SICURIX applicano il METODO81+; 3) VIBRIX causa il pericolo 'Stress' (Stress Lavoro-Correlato); poi PRIVACIX+SICURIX applicano il METODO81+; 4) ØTIX causa il pericolo 'Emergenze/Incendio' (Addetto Antincendio); poi SICURIX+SICURIX applicano il METODO81+; 5) CAOSIX causa il pericolo 'Allergeni' (Gestione Allergeni); poi PREPOSTIX+SICURIX applicano il METODO81+; 6) CHIMIKIX causa il pericolo 'Emergenze/Soccorso' (Addetto Primo Soccorso); poi FORMIX+SICURIX applicano il METODO81+; 7) DOSAGIX causa il pericolo 'Rintracciabilita' (Rintracciabilita ed Etichettatura); poi CHECKIX+SICURIX applicano il METODO81+; 8) SCADUTIX causa il pericolo 'Documento' (Manuale HACCP di Autocontrollo); poi SICURIX+SICURIX applicano il METODO81+; 9) SCIVOLIX causa il pericolo 'DPI' (Uso e Formazione DPI); poi LUXPECTORIX+SICURIX applicano il METODO81+; 10) SEGNALEX causa il pericolo 'Formazione base' (Formazione Generale Lavoratori); poi SCUDIX+SICURIX applicano il METODO81+; 11) SCIVOLIX causa il pericolo 'Ruolo/Preposto' (Formazione Preposto); poi CHEFIX+SICURIX applicano il METODO81+; 12) HACKIX causa il pericolo 'Formazione' (Formazione GDPR); poi LUXPECTORIX+SICURIX applicano il METODO81+. PALETTE BRAND ESCLUSIVA: nero #05050A, bianco panna, arancione #FF6A1A/#E8501A; ROSSO solo per 'PERICOLO', VERDE per la checklist 'Metodo 81+'. Logo '81+' ben visibile in OGNI vignetta. REGOLA STORIA: SICURIX NON agisce mai da solo - in OGNI vignetta di soluzione si fa AIUTARE dai suoi colleghi EROI (lavoro di squadra, ognuno col suo ruolo). TESTO: didascalie e fumetti MOLTO BREVI (1-4 parole), GRANDI, centrati, in ITALIANO con ORTOGRAFIA PERFETTA, senza parole inventate, lettere doppie errate o testo tagliato. CATTIVI (coerenti col canone): BIOXIX, OBLIVIX, VIBRIX, ØTIX, CAOSIX, CHIMIKIX, DOSAGIX, SCADUTIX, SCIVOLIX, SEGNALEX, HACKIX. EROI: CHEFIX, TRACCIX, PRIVACIX, SICURIX, PREPOSTIX, FORMIX, CHECKIX, LUXPECTORIX, SCUDIX. NEGATIVE: nessun marchio LEGO reale, nessun personaggio protetto (Asterix ecc.), niente gore/horror, niente claim assoluti ('rischio zero','garantito','zero multe').","In Alloggio/Ristorazione non e' 'se' arriva il controllo, e' 'quando'. Sei pronto?","In Alloggio/Ristorazione non e' 'se' arriva il controllo, e' 'quando'. Sei pronto?

In alloggio/ristorazione gli adempimenti obbligatori non aspettano: Ruolo/RLS, Data breach, Stress, Emergenze/Incendio, Allergeni, Emergenze/Soccorso, Rintracciabilita, Documento, DPI, Formazione base, Ruolo/Preposto, Formazione. In questa pagina TALES OF SICURIX il PERICOLO prende forma... e il METODO81+ lo rimette in ordine, passo dopo passo. Immagina la scena: prima il caos, poi la checklist che sistema tutto. Mettere ordine ora costa poco. Rimediare dopo costa caro.
👉 Iscriviti al corso: Corso RLS -> https://81plus.net/?corso=corso-rls
▶️ YouTube: youtube.com/@sicurissimo
Contenuto informativo. Prima vedi. Poi sistemi. 81plus.net",Corso RLS,https://81plus.net/?corso=corso-rls,#TalesOfSicurix #SICURIX #Metodo81 #81plus #Sicurissimo #Sicurezza #Privacy #HACCP #SicurezzaSulLavoro,SICURIX_TALES_552031_4_23_11_7_18_6_15_12_8_1_3_22.webp,https://drive.google.com/drive/folders/1hICKXdl9JTZBL1pemG19oE_661z-EH_k,IMG_ERR
79.90.02,PA,O,Sicurezza+Privacy,12,Documento Valutazione Rischi (DVR) | Sorveglianza Sanitaria / Medico Competente | Movimentazione Manuale Carichi | Rappresentante Lavoratori Sicurezza (RLS) | Formazione Preposto | Formazione Generale Lavoratori | Valutazione d'Impatto (DPIA) | Addetto Primo Soccorso | RSPP / Datore di Lavoro RSPP | Stress Lavoro-Correlato | Registro dei Trattamenti | Addetto Antincendio,D.Lgs81/08 art.28 | D.Lgs81/08 art.41 | D.Lgs81/08 Tit.VI | D.Lgs81/08 art.47 | D.Lgs81/08 art.37 | Accordo Stato-Regioni | GDPR art.35 | DM 388/2003 | D.Lgs81/08 art.34 | GDPR art.30 | DM 2/9/2021,"CHECKIX>RUMORIX, ROBOTIX81>VIBRIX, CIFRIX>RISKIX, DOCUMIX>POLVERIX, CHECKIX>SCIVOLIX, CIFRIX>SCHIACCIX, SCUDIX>SPYIX, TRACCIX>BIOXIX, HYGIENIX>RUMORIX, ROBOTIX81>SCIVOLIX, CHECKIX>SPYIX, HYGIENIX>CADUTIX","Crea una PAGINA A FUMETTI a STORIA COMPLETA, verticale A4 (1024x1536), QUALITA' EDITORIALE DA STAMPA, stile ufficiale 'SICURIX TALES' IDENTICO alle immagini di riferimento allegate (stessi personaggi a mattoncini 3D, stessa impaginazione, stessi colori, stesse rese): minifigure espressive, ambientazioni ricche e dettagliate del settore, luci morbide, profondita', bordi vignetta netti. IMPAGINAZIONE OBBLIGATORIA: da 10 a 12 VIGNETTE numerate che raccontano UNA STORIA con arco narrativo completo (1 situazione normale -> 2-4 arrivano i pericoli coi cattivi -> 5-6 tensione/conseguenza -> 7-9 arriva SICURIX con gli eroi e applica il METODO81+ passo per passo -> 10-11 risoluzione ordinata -> 12 finale). HEADER in alto: SICURIX (mantello, medaglione arancione '81+', bussola) che presenta in un fumetto; grande titolo 'SICURIX TALES'; sottotitolo 'PA: Pericolo vs Soluzione con Metodo 81+'; legenda 3 voci (verde Sicurezza, rosso Rischio, blu 81+ Soluzione); fila di EROI coi nomi: CHECKIX, ROBOTIX81, CIFRIX, DOCUMIX, SCUDIX, TRACCIX. FOOTER in basso: grande 'Prima vedi. Poi sistemi.'; banner scudo verde 'PROTEGGIAMO. PREVENIAMO. MIGLIORIAMO.' e triangolo rosso 'DISATTENZIONE. RISCHI. COSTI. CAOS.'; logo '81+' + '81plus.net'. TRAMA (usa questi eventi come vignette; se sono meno di 10 aggiungi vignette di contesto, dialogo e reazione per arrivare a 10-12): 1) RUMORIX causa il pericolo 'Documento' (Documento Valutazione Rischi (DVR)); poi CHECKIX+SICURIX applicano il METODO81+; 2) VIBRIX causa il pericolo 'Sorveglianza sanitaria' (Sorveglianza Sanitaria / Medico Competente); poi ROBOTIX81+SICURIX applicano il METODO81+; 3) RISKIX causa il pericolo 'MMC' (Movimentazione Manuale Carichi); poi CIFRIX+SICURIX applicano il METODO81+; 4) POLVERIX causa il pericolo 'Ruolo/RLS' (Rappresentante Lavoratori Sicurezza (RLS)); poi DOCUMIX+SICURIX applicano il METODO81+; 5) SCIVOLIX causa il pericolo 'Ruolo/Preposto' (Formazione Preposto); poi CHECKIX+SICURIX applicano il METODO81+; 6) SCHIACCIX causa il pericolo 'Formazione base' (Formazione Generale Lavoratori); poi CIFRIX+SICURIX applicano il METODO81+; 7) SPYIX causa il pericolo 'DPIA' (Valutazione d'Impatto (DPIA)); poi SCUDIX+SICURIX applicano il METODO81+; 8) BIOXIX causa il pericolo 'Emergenze/Soccorso' (Addetto Primo Soccorso); poi TRACCIX+SICURIX applicano il METODO81+; 9) RUMORIX causa il pericolo 'Ruolo/RSPP' (RSPP / Datore di Lavoro RSPP); poi HYGIENIX+SICURIX applicano il METODO81+; 10) SCIVOLIX causa il pericolo 'Stress' (Stress Lavoro-Correlato); poi ROBOTIX81+SICURIX applicano il METODO81+; 11) SPYIX causa il pericolo 'Registro' (Registro dei Trattamenti); poi CHECKIX+SICURIX applicano il METODO81+; 12) CADUTIX causa il pericolo 'Emergenze/Incendio' (Addetto Antincendio); poi HYGIENIX+SICURIX applicano il METODO81+. PALETTE BRAND ESCLUSIVA: nero #05050A, bianco panna, arancione #FF6A1A/#E8501A; ROSSO solo per 'PERICOLO', VERDE per la checklist 'Metodo 81+'. Logo '81+' ben visibile in OGNI vignetta. REGOLA STORIA: SICURIX NON agisce mai da solo - in OGNI vignetta di soluzione si fa AIUTARE dai suoi colleghi EROI (lavoro di squadra, ognuno col suo ruolo). TESTO: didascalie e fumetti MOLTO BREVI (1-4 parole), GRANDI, centrati, in ITALIANO con ORTOGRAFIA PERFETTA, senza parole inventate, lettere doppie errate o testo tagliato. CATTIVI (coerenti col canone): RUMORIX, VIBRIX, RISKIX, POLVERIX, SCIVOLIX, SCHIACCIX, SPYIX, BIOXIX, CADUTIX. EROI: CHECKIX, ROBOTIX81, CIFRIX, DOCUMIX, SCUDIX, TRACCIX, HYGIENIX. NEGATIVE: nessun marchio LEGO reale, nessun personaggio protetto (Asterix ecc.), niente gore/horror, niente claim assoluti ('rischio zero','garantito','zero multe').",PA: 3 minuti oggi o un problema enorme domani. Scegli tu.,"PA: 3 minuti oggi o un problema enorme domani. Scegli tu.

In pa gli adempimenti obbligatori non aspettano: Documento, Sorveglianza sanitaria, MMC, Ruolo/RLS, Ruolo/Preposto, Formazione base, DPIA, Emergenze/Soccorso, Ruolo/RSPP, Stress, Registro, Emergenze/Incendio. In questa pagina TALES OF SICURIX il PERICOLO prende forma... e il METODO81+ lo rimette in ordine, passo dopo passo. Immagina la scena: prima il caos, poi la checklist che sistema tutto. Mettere ordine ora costa poco. Rimediare dopo costa caro.
👉 Iscriviti al corso: Corso lavoratore parte GENERALE 4 ore -> https://81plus.net/?corso=corso-lavoratore-parte-generale-4-ore
▶️ YouTube: youtube.com/@sicurissimo
Contenuto informativo. Prima vedi. Poi sistemi. 81plus.net",Corso lavoratore parte GENERALE 4 ore,https://81plus.net/?corso=corso-lavoratore-parte-generale-4-ore,#TalesOfSicurix #SICURIX #Metodo81 #81plus #Sicurissimo #Sicurezza #Privacy #SicurezzaSulLavoro,SICURIX_TALES_799002_0_9_10_4_3_1_18_6_5_11_13_7.webp,https://drive.google.com/drive/folders/1hICKXdl9JTZBL1pemG19oE_661z-EH_k,IMG_ERR
46.49.91,Commercio,G,Sicurezza+HACCP+Privacy,12,Formazione Specifica (rischio medio) | Corso Alimentarista | Formazione GDPR | Addetto Primo Soccorso | Addetto Antincendio | Manuale HACCP di Autocontrollo | Formazione Generale Lavoratori | Rintracciabilita ed Etichettatura | Sorveglianza Sanitaria / Medico Competente | Piano di Sanificazione | Documento Valutazione Rischi (DVR) | Lotta agli Infestanti (Pest Control),Accordo Stato-Regioni | Reg.CE 852/2004 | GDPR art.32 | DM 388/2003 | DM 2/9/2021 | Reg.CE 178/2002 | D.Lgs81/08 art.41 | D.Lgs81/08 art.28,"PREPOSTIX>FUMIX, PREPOSTIX>DOSAGIX, PRIVACIX>MULTIX, CIFRIX>RISKIX, CONSENSIX>SCIVOLIX, CHECKIX>SCADUTIX, SICURIX>SOTTOVALUTIX, SICURIX>OBLIVIX, SCUDIX>POLVERIX, SICURIX>DOSAGIX, BLINKIX>BIOXIX, CIFRIX>SCADUTIX","Crea una PAGINA A FUMETTI a STORIA COMPLETA, verticale A4 (1024x1536), QUALITA' EDITORIALE DA STAMPA, stile ufficiale 'SICURIX TALES' IDENTICO alle immagini di riferimento allegate (stessi personaggi a mattoncini 3D, stessa impaginazione, stessi colori, stesse rese): minifigure espressive, ambientazioni ricche e dettagliate del settore, luci morbide, profondita', bordi vignetta netti. IMPAGINAZIONE OBBLIGATORIA: da 10 a 12 VIGNETTE numerate che raccontano UNA STORIA con arco narrativo completo (1 situazione normale -> 2-4 arrivano i pericoli coi cattivi -> 5-6 tensione/conseguenza -> 7-9 arriva SICURIX con gli eroi e applica il METODO81+ passo per passo -> 10-11 risoluzione ordinata -> 12 finale). HEADER in alto: SICURIX (mantello, medaglione arancione '81+', bussola) che presenta in un fumetto; grande titolo 'SICURIX TALES'; sottotitolo 'COMMERCIO: Pericolo vs Soluzione con Metodo 81+'; legenda 3 voci (verde Sicurezza, rosso Rischio, blu 81+ Soluzione); fila di EROI coi nomi: PREPOSTIX, PRIVACIX, CIFRIX, CONSENSIX, CHECKIX, SICURIX. FOOTER in basso: grande 'Prima vedi. Poi sistemi.'; banner scudo verde 'PROTEGGIAMO. PREVENIAMO. MIGLIORIAMO.' e triangolo rosso 'DISATTENZIONE. RISCHI. COSTI. CAOS.'; logo '81+' + '81plus.net'. TRAMA (usa questi eventi come vignette; se sono meno di 10 aggiungi vignette di contesto, dialogo e reazione per arrivare a 10-12): 1) FUMIX causa il pericolo 'Formazione specifica' (Formazione Specifica (rischio medio)); poi PREPOSTIX+SICURIX applicano il METODO81+; 2) DOSAGIX causa il pericolo 'Corso' (Corso Alimentarista); poi PREPOSTIX+SICURIX applicano il METODO81+; 3) MULTIX causa il pericolo 'Formazione' (Formazione GDPR); poi PRIVACIX+SICURIX applicano il METODO81+; 4) RISKIX causa il pericolo 'Emergenze/Soccorso' (Addetto Primo Soccorso); poi CIFRIX+SICURIX applicano il METODO81+; 5) SCIVOLIX causa il pericolo 'Emergenze/Incendio' (Addetto Antincendio); poi CONSENSIX+SICURIX applicano il METODO81+; 6) SCADUTIX causa il pericolo 'Documento' (Manuale HACCP di Autocontrollo); poi CHECKIX+SICURIX applicano il METODO81+; 7) SOTTOVALUTIX causa il pericolo 'Formazione base' (Formazione Generale Lavoratori); poi SICURIX+SICURIX applicano il METODO81+; 8) OBLIVIX causa il pericolo 'Rintracciabilita' (Rintracciabilita ed Etichettatura); poi SICURIX+SICURIX applicano il METODO81+; 9) POLVERIX causa il pericolo 'Sorveglianza sanitaria' (Sorveglianza Sanitaria / Medico Competente); poi SCUDIX+SICURIX applicano il METODO81+; 10) DOSAGIX causa il pericolo 'Sanificazione' (Piano di Sanificazione); poi SICURIX+SICURIX applicano il METODO81+; 11) BIOXIX causa il pericolo 'Documento' (Documento Valutazione Rischi (DVR)); poi BLINKIX+SICURIX applicano il METODO81+; 12) SCADUTIX causa il pericolo 'Infestanti' (Lotta agli Infestanti (Pest Control)); poi CIFRIX+SICURIX applicano il METODO81+. PALETTE BRAND ESCLUSIVA: nero #05050A, bianco panna, arancione #FF6A1A/#E8501A; ROSSO solo per 'PERICOLO', VERDE per la checklist 'Metodo 81+'. Logo '81+' ben visibile in OGNI vignetta. REGOLA STORIA: SICURIX NON agisce mai da solo - in OGNI vignetta di soluzione si fa AIUTARE dai suoi colleghi EROI (lavoro di squadra, ognuno col suo ruolo). TESTO: didascalie e fumetti MOLTO BREVI (1-4 parole), GRANDI, centrati, in ITALIANO con ORTOGRAFIA PERFETTA, senza parole inventate, lettere doppie errate o testo tagliato. CATTIVI (coerenti col canone): FUMIX, DOSAGIX, MULTIX, RISKIX, SCIVOLIX, SCADUTIX, SOTTOVALUTIX, OBLIVIX, POLVERIX, BIOXIX. EROI: PREPOSTIX, PRIVACIX, CIFRIX, CONSENSIX, CHECKIX, SICURIX, SCUDIX, BLINKIX. NEGATIVE: nessun marchio LEGO reale, nessun personaggio protetto (Asterix ecc.), niente gore/horror, niente claim assoluti ('rischio zero','garantito','zero multe').","In Commercio non e' 'se' arriva il controllo, e' 'quando'. Sei pronto?","In Commercio c'e' un obbligo che in tanti scoprono solo con la sanzione

In commercio gli adempimenti obbligatori non aspettano: Formazione specifica, Corso, Formazione, Emergenze/Soccorso, Emergenze/Incendio, Documento, Formazione base, Rintracciabilita, Sorveglianza sanitaria, Sanificazione, Infestanti. In questa pagina TALES OF SICURIX il PERICOLO prende forma... e il METODO81+ lo rimette in ordine, passo dopo passo. Immagina la scena: prima il caos, poi la checklist che sistema tutto. Chi si mette in regola prima, dorme meglio dopo.
👉 Iscriviti al corso: Corso lavoratore parte GENERALE 4 ore -> https://81plus.net/?corso=corso-lavoratore-parte-generale-4-ore
▶️ YouTube: youtube.com/@sicurissimo
Contenuto informativo. Prima vedi. Poi sistemi. 81plus.net",Corso lavoratore parte GENERALE 4 ore,https://81plus.net/?corso=corso-lavoratore-parte-generale-4-ore,#TalesOfSicurix #SICURIX #Metodo81 #81plus #Sicurissimo #Sicurezza #HACCP #Privacy #SicurezzaSulLavoro,SICURIX_TALES_464991_2_13_22_6_7_12_1_15_9_14_0_17.webp,https://drive.google.com/drive/folders/1hICKXdl9JTZBL1pemG19oE_661z-EH_k,IMG_ERR
66.12.00,Immobiliare,L,Privacy+Sicurezza,11,Videosorveglianza a norma | Formazione Specifica (rischio basso) | Nomina Incaricati/Responsabili | Rappresentante Lavoratori Sicurezza (RLS) | Documento Valutazione Rischi (DVR) | Registro dei Trattamenti | Informativa e Consensi | Procedura Data Breach | Formazione GDPR | Addetto Primo Soccorso | Formazione Preposto,Provv.Garante | Accordo Stato-Regioni | GDPR art.28-29 | D.Lgs81/08 art.47 | D.Lgs81/08 art.28 | GDPR art.30 | GDPR art.13 | GDPR art.33-34 | GDPR art.32 | DM 388/2003 | D.Lgs81/08 art.37,"PREPOSTIX>SPYIX, PREPOSTIX>MULTIX, PREPOSTIX>LEAKIX, LUXPECTORIX>NONDPIX, LUXPECTORIX>POLVERIX, CONSENSIX>FRETTIX, BLINKIX>CANCELIX, LUXPECTORIX>CANCELIX, CHECKIX>PHISHIX, FORMIX>VIBRIX, PRIVACIX>MULTIX","Crea una PAGINA A FUMETTI a STORIA COMPLETA, verticale A4 (1024x1536), QUALITA' EDITORIALE DA STAMPA, stile ufficiale 'SICURIX TALES' IDENTICO alle immagini di riferimento allegate (stessi personaggi a mattoncini 3D, stessa impaginazione, stessi colori, stesse rese): minifigure espressive, ambientazioni ricche e dettagliate del settore, luci morbide, profondita', bordi vignetta netti. IMPAGINAZIONE OBBLIGATORIA: da 10 a 12 VIGNETTE numerate che raccontano UNA STORIA con arco narrativo completo (1 situazione normale -> 2-4 arrivano i pericoli coi cattivi -> 5-6 tensione/conseguenza -> 7-9 arriva SICURIX con gli eroi e applica il METODO81+ passo per passo -> 10-11 risoluzione ordinata -> 12 finale). HEADER in alto: SICURIX (mantello, medaglione arancione '81+', bussola) che presenta in un fumetto; grande titolo 'SICURIX TALES'; sottotitolo 'IMMOBILIARE: Pericolo vs Soluzione con Metodo 81+'; legenda 3 voci (verde Sicurezza, rosso Rischio, blu 81+ Soluzione); fila di EROI coi nomi: PREPOSTIX, LUXPECTORIX, CONSENSIX, BLINKIX, CHECKIX, FORMIX. FOOTER in basso: grande 'Prima vedi. Poi sistemi.'; banner scudo verde 'PROTEGGIAMO. PREVENIAMO. MIGLIORIAMO.' e triangolo rosso 'DISATTENZIONE. RISCHI. COSTI. CAOS.'; logo '81+' + '81plus.net'. TRAMA (usa questi eventi come vignette; se sono meno di 10 aggiungi vignette di contesto, dialogo e reazione per arrivare a 10-12): 1) SPYIX causa il pericolo 'Videosorveglianza' (Videosorveglianza a norma); poi PREPOSTIX+SICURIX applicano il METODO81+; 2) MULTIX causa il pericolo 'Formazione specifica' (Formazione Specifica (rischio basso)); poi PREPOSTIX+SICURIX applicano il METODO81+; 3) LEAKIX causa il pericolo 'Nomine' (Nomina Incaricati/Responsabili); poi PREPOSTIX+SICURIX applicano il METODO81+; 4) NONDPIX causa il pericolo 'Ruolo/RLS' (Rappresentante Lavoratori Sicurezza (RLS)); poi LUXPECTORIX+SICURIX applicano il METODO81+; 5) POLVERIX causa il pericolo 'Documento' (Documento Valutazione Rischi (DVR)); poi LUXPECTORIX+SICURIX applicano il METODO81+; 6) FRETTIX causa il pericolo 'Registro' (Registro dei Trattamenti); poi CONSENSIX+SICURIX applicano il METODO81+; 7) CANCELIX causa il pericolo 'Documento' (Informativa e Consensi); poi BLINKIX+SICURIX applicano il METODO81+; 8) CANCELIX causa il pericolo 'Data breach' (Procedura Data Breach); poi LUXPECTORIX+SICURIX applicano il METODO81+; 9) PHISHIX causa il pericolo 'Formazione' (Formazione GDPR); poi CHECKIX+SICURIX applicano il METODO81+; 10) VIBRIX causa il pericolo 'Emergenze/Soccorso' (Addetto Primo Soccorso); poi FORMIX+SICURIX applicano il METODO81+; 11) MULTIX causa il pericolo 'Ruolo/Preposto' (Formazione Preposto); poi PRIVACIX+SICURIX applicano il METODO81+. PALETTE BRAND ESCLUSIVA: nero #05050A, bianco panna, arancione #FF6A1A/#E8501A; ROSSO solo per 'PERICOLO', VERDE per la checklist 'Metodo 81+'. Logo '81+' ben visibile in OGNI vignetta. REGOLA STORIA: SICURIX NON agisce mai da solo - in OGNI vignetta di soluzione si fa AIUTARE dai suoi colleghi EROI (lavoro di squadra, ognuno col suo ruolo). TESTO: didascalie e fumetti MOLTO BREVI (1-4 parole), GRANDI, centrati, in ITALIANO con ORTOGRAFIA PERFETTA, senza parole inventate, lettere doppie errate o testo tagliato. CATTIVI (coerenti col canone): SPYIX, MULTIX, LEAKIX, NONDPIX, POLVERIX, FRETTIX, CANCELIX, PHISHIX, VIBRIX. EROI: PREPOSTIX, LUXPECTORIX, CONSENSIX, BLINKIX, CHECKIX, FORMIX, PRIVACIX. NEGATIVE: nessun marchio LEGO reale, nessun personaggio protetto (Asterix ecc.), niente gore/horror, niente claim assoluti ('rischio zero','garantito','zero multe').","In Immobiliare non e' 'se' arriva il controllo, e' 'quando'. Sei pronto?","Quello che l'ispettore controlla per primo in Immobiliare (e quasi nessuno lo sa)

In immobiliare gli adempimenti obbligatori non aspettano: Videosorveglianza, Formazione specifica, Nomine, Ruolo/RLS, Documento, Registro, Data breach, Formazione, Emergenze/Soccorso, Ruolo/Preposto. In questa pagina TALES OF SICURIX il PERICOLO prende forma... e il METODO81+ lo rimette in ordine, passo dopo passo. Immagina la scena: prima il caos, poi la checklist che sistema tutto. Non e' burocrazia: e' la tua tranquillita.
👉 Iscriviti al corso: Corso privacy destinato ai lavoratori -> https://81plus.net/?corso=corso-privacy-destinato-ai-lavoratori
▶️ YouTube: youtube.com/@sicurissimo
Contenuto informativo. Prima vedi. Poi sistemi. 81plus.net",Corso privacy destinato ai lavoratori,https://81plus.net/?corso=corso-privacy-destinato-ai-lavoratori,#TalesOfSicurix #SICURIX #Metodo81 #81plus #Sicurissimo #Privacy #Sicurezza #SicurezzaSulLavoro,SICURIX_TALES_661200_14_2_11_4_0_10_9_13_12_6_3.webp,https://drive.google.com/drive/folders/1hICKXdl9JTZBL1pemG19oE_661z-EH_k,IMG_ERR
16.28.11,Manifattura,C,HACCP+Sicurezza+Ambientale,10,Rintracciabilita ed Etichettatura | Addetto Primo Soccorso | Manuale HACCP di Autocontrollo | Addetto Antincendio | Formazione Preposto | Documento Valutazione Rischi (DVR) | Rappresentante Lavoratori Sicurezza (RLS) | Sorveglianza Sanitaria / Medico Competente | Formazione Generale Lavoratori | Gestione Rifiuti e Registro,Reg.CE 178/2002 | DM 388/2003 | Reg.CE 852/2004 | DM 2/9/2021 | D.Lgs81/08 art.37 | D.Lgs81/08 art.28 | D.Lgs81/08 art.47 | D.Lgs81/08 art.41 | Accordo Stato-Regioni | D.Lgs152/06,"SICURIX>RISKIX, HYGIENIX>ØTIX, HYGIENIX>FRETTIX, CONSENSIX>NONDPIX, TRACCIX>SEGNALEX, BLINKIX>RUMORIX, PREPOSTIX>CADUTIX, CHEFIX>CADUTIX, FORMIX>SOTTOVALUTIX, PREPOSTIX>IMPROVVISIX","Crea una PAGINA A FUMETTI a STORIA COMPLETA, verticale A4 (1024x1536), QUALITA' EDITORIALE DA STAMPA, stile ufficiale 'SICURIX TALES' IDENTICO alle immagini di riferimento allegate (stessi personaggi a mattoncini 3D, stessa impaginazione, stessi colori, stesse rese): minifigure espressive, ambientazioni ricche e dettagliate del settore, luci morbide, profondita', bordi vignetta netti. IMPAGINAZIONE OBBLIGATORIA: da 10 a 12 VIGNETTE numerate che raccontano UNA STORIA con arco narrativo completo (1 situazione normale -> 2-4 arrivano i pericoli coi cattivi -> 5-6 tensione/conseguenza -> 7-9 arriva SICURIX con gli eroi e applica il METODO81+ passo per passo -> 10-11 risoluzione ordinata -> 12 finale). HEADER in alto: SICURIX (mantello, medaglione arancione '81+', bussola) che presenta in un fumetto; grande titolo 'SICURIX TALES'; sottotitolo 'MANIFATTURA: Pericolo vs Soluzione con Metodo 81+'; legenda 3 voci (verde Sicurezza, rosso Rischio, blu 81+ Soluzione); fila di EROI coi nomi: SICURIX, HYGIENIX, CONSENSIX, TRACCIX, BLINKIX, PREPOSTIX. FOOTER in basso: grande 'Prima vedi. Poi sistemi.'; banner scudo verde 'PROTEGGIAMO. PREVENIAMO. MIGLIORIAMO.' e triangolo rosso 'DISATTENZIONE. RISCHI. COSTI. CAOS.'; logo '81+' + '81plus.net'. TRAMA (usa questi eventi come vignette; se sono meno di 10 aggiungi vignette di contesto, dialogo e reazione per arrivare a 10-12): 1) RISKIX causa il pericolo 'Rintracciabilita' (Rintracciabilita ed Etichettatura); poi SICURIX+SICURIX applicano il METODO81+; 2) ØTIX causa il pericolo 'Emergenze/Soccorso' (Addetto Primo Soccorso); poi HYGIENIX+SICURIX applicano il METODO81+; 3) FRETTIX causa il pericolo 'Documento' (Manuale HACCP di Autocontrollo); poi HYGIENIX+SICURIX applicano il METODO81+; 4) NONDPIX causa il pericolo 'Emergenze/Incendio' (Addetto Antincendio); poi CONSENSIX+SICURIX applicano il METODO81+; 5) SEGNALEX causa il pericolo 'Ruolo/Preposto' (Formazione Preposto); poi TRACCIX+SICURIX applicano il METODO81+; 6) RUMORIX causa il pericolo 'Documento' (Documento Valutazione Rischi (DVR)); poi BLINKIX+SICURIX applicano il METODO81+; 7) CADUTIX causa il pericolo 'Ruolo/RLS' (Rappresentante Lavoratori Sicurezza (RLS)); poi PREPOSTIX+SICURIX applicano il METODO81+; 8) CADUTIX causa il pericolo 'Sorveglianza sanitaria' (Sorveglianza Sanitaria / Medico Competente); poi CHEFIX+SICURIX applicano il METODO81+; 9) SOTTOVALUTIX causa il pericolo 'Formazione base' (Formazione Generale Lavoratori); poi FORMIX+SICURIX applicano il METODO81+; 10) IMPROVVISIX causa il pericolo 'Rifiuti' (Gestione Rifiuti e Registro); poi PREPOSTIX+SICURIX applicano il METODO81+. PALETTE BRAND ESCLUSIVA: nero #05050A, bianco panna, arancione #FF6A1A/#E8501A; ROSSO solo per 'PERICOLO', VERDE per la checklist 'Metodo 81+'. Logo '81+' ben visibile in OGNI vignetta. REGOLA STORIA: SICURIX NON agisce mai da solo - in OGNI vignetta di soluzione si fa AIUTARE dai suoi colleghi EROI (lavoro di squadra, ognuno col suo ruolo). TESTO: didascalie e fumetti MOLTO BREVI (1-4 parole), GRANDI, centrati, in ITALIANO con ORTOGRAFIA PERFETTA, senza parole inventate, lettere doppie errate o testo tagliato. CATTIVI (coerenti col canone): RISKIX, ØTIX, FRETTIX, NONDPIX, SEGNALEX, RUMORIX, CADUTIX, SOTTOVALUTIX, IMPROVVISIX. EROI: SICURIX, HYGIENIX, CONSENSIX, TRACCIX, BLINKIX, PREPOSTIX, CHEFIX, FORMIX. NEGATIVE: nessun marchio LEGO reale, nessun personaggio protetto (Asterix ecc.), niente gore/horror, niente claim assoluti ('rischio zero','garantito','zero multe').",Quello che l'ispettore controlla per primo in Manifattura (e quasi nessuno lo sa),"In Manifattura non e' 'se' arriva il controllo, e' 'quando'. Sei pronto?

In manifattura gli adempimenti obbligatori non aspettano: Rintracciabilita, Emergenze/Soccorso, Documento, Emergenze/Incendio, Ruolo/Preposto, Ruolo/RLS, Sorveglianza sanitaria, Formazione base, Rifiuti. In questa pagina TALES OF SICURIX il PERICOLO prende forma... e il METODO81+ lo rimette in ordine, passo dopo passo. Immagina la scena: prima il caos, poi la checklist che sistema tutto. Mettere ordine ora costa poco. Rimediare dopo costa caro.
👉 Iscriviti al corso: Manuale di rintracciabilità -> https://81plus.net/?corso=manuale-di-rintracciabilit
▶️ YouTube: youtube.com/@sicurissimo
Contenuto informativo. Prima vedi. Poi sistemi. 81plus.net",Manuale di rintracciabilità,https://81plus.net/?corso=manuale-di-rintracciabilit,#TalesOfSicurix #SICURIX #Metodo81 #81plus #Sicurissimo #HACCP #Sicurezza #Ambientale #SicurezzaSulLavoro,SICURIX_TALES_162811_17_6_14_7_3_0_4_9_1_26.webp,https://drive.google.com/drive/folders/1hICKXdl9JTZBL1pemG19oE_661z-EH_k,IMG_ERR
90.20.09,Altri servizi,S,HACCP+Sicurezza+Privacy,11,Rintracciabilita ed Etichettatura | Sorveglianza Sanitaria / Medico Competente | Formazione GDPR | Controllo Temperature e Celle | Formazione Preposto | Formazione Generale Lavoratori | Piano di Sanificazione | Informativa e Consensi | Addetto Antincendio | Addetto Primo Soccorso | Rappresentante Lavoratori Sicurezza (RLS),Reg.CE 178/2002 | D.Lgs81/08 art.41 | GDPR art.32 | Reg.CE 852/2004 | D.Lgs81/08 art.37 | Accordo Stato-Regioni | GDPR art.13 | DM 2/9/2021 | DM 388/2003 | D.Lgs81/08 art.47,"PREPOSTIX>CAOSIX, SICURIX>TAGLIX, FORMIX>SPYIX, LUXPECTORIX>TEMPORIX, HYGIENIX>CHIMIKIX, CHECKIX>ØTIX, PRIVACIX>MULTIX, CHECKIX>RISKIX, CIFRIX>SCHIACCIX, BLINKIX>RUMORIX, CIFRIX>IMPROVVISIX","Crea una PAGINA A FUMETTI a STORIA COMPLETA, verticale A4 (1024x1536), QUALITA' EDITORIALE DA STAMPA, stile ufficiale 'SICURIX TALES' IDENTICO alle immagini di riferimento allegate (stessi personaggi a mattoncini 3D, stessa impaginazione, stessi colori, stesse rese): minifigure espressive, ambientazioni ricche e dettagliate del settore, luci morbide, profondita', bordi vignetta netti. IMPAGINAZIONE OBBLIGATORIA: da 10 a 12 VIGNETTE numerate che raccontano UNA STORIA con arco narrativo completo (1 situazione normale -> 2-4 arrivano i pericoli coi cattivi -> 5-6 tensione/conseguenza -> 7-9 arriva SICURIX con gli eroi e applica il METODO81+ passo per passo -> 10-11 risoluzione ordinata -> 12 finale). HEADER in alto: SICURIX (mantello, medaglione arancione '81+', bussola) che presenta in un fumetto; grande titolo 'SICURIX TALES'; sottotitolo 'ALTRI SERVIZI: Pericolo vs Soluzione con Metodo 81+'; legenda 3 voci (verde Sicurezza, rosso Rischio, blu 81+ Soluzione); fila di EROI coi nomi: PREPOSTIX, SICURIX, FORMIX, LUXPECTORIX, HYGIENIX, CHECKIX. FOOTER in basso: grande 'Prima vedi. Poi sistemi.'; banner scudo verde 'PROTEGGIAMO. PREVENIAMO. MIGLIORIAMO.' e triangolo rosso 'DISATTENZIONE. RISCHI. COSTI. CAOS.'; logo '81+' + '81plus.net'. TRAMA (usa questi eventi come vignette; se sono meno di 10 aggiungi vignette di contesto, dialogo e reazione per arrivare a 10-12): 1) CAOSIX causa il pericolo 'Rintracciabilita' (Rintracciabilita ed Etichettatura); poi PREPOSTIX+SICURIX applicano il METODO81+; 2) TAGLIX causa il pericolo 'Sorveglianza sanitaria' (Sorveglianza Sanitaria / Medico Competente); poi SICURIX+SICURIX applicano il METODO81+; 3) SPYIX causa il pericolo 'Formazione' (Formazione GDPR); poi FORMIX+SICURIX applicano il METODO81+; 4) TEMPORIX causa il pericolo 'Temperature' (Controllo Temperature e Celle); poi LUXPECTORIX+SICURIX applicano il METODO81+; 5) CHIMIKIX causa il pericolo 'Ruolo/Preposto' (Formazione Preposto); poi HYGIENIX+SICURIX applicano il METODO81+; 6) ØTIX causa il pericolo 'Formazione base' (Formazione Generale Lavoratori); poi CHECKIX+SICURIX applicano il METODO81+; 7) MULTIX causa il pericolo 'Sanificazione' (Piano di Sanificazione); poi PRIVACIX+SICURIX applicano il METODO81+; 8) RISKIX causa il pericolo 'Documento' (Informativa e Consensi); poi CHECKIX+SICURIX applicano il METODO81+; 9) SCHIACCIX causa il pericolo 'Emergenze/Incendio' (Addetto Antincendio); poi CIFRIX+SICURIX applicano il METODO81+; 10) RUMORIX causa il pericolo 'Emergenze/Soccorso' (Addetto Primo Soccorso); poi BLINKIX+SICURIX applicano il METODO81+; 11) IMPROVVISIX causa il pericolo 'Ruolo/RLS' (Rappresentante Lavoratori Sicurezza (RLS)); poi CIFRIX+SICURIX applicano il METODO81+. PALETTE BRAND ESCLUSIVA: nero #05050A, bianco panna, arancione #FF6A1A/#E8501A; ROSSO solo per 'PERICOLO', VERDE per la checklist 'Metodo 81+'. Logo '81+' ben visibile in OGNI vignetta. REGOLA STORIA: SICURIX NON agisce mai da solo - in OGNI vignetta di soluzione si fa AIUTARE dai suoi colleghi EROI (lavoro di squadra, ognuno col suo ruolo). TESTO: didascalie e fumetti MOLTO BREVI (1-4 parole), GRANDI, centrati, in ITALIANO con ORTOGRAFIA PERFETTA, senza parole inventate, lettere doppie errate o testo tagliato. CATTIVI (coerenti col canone): CAOSIX, TAGLIX, SPYIX, TEMPORIX, CHIMIKIX, ØTIX, MULTIX, RISKIX, SCHIACCIX, RUMORIX, IMPROVVISIX. EROI: PREPOSTIX, SICURIX, FORMIX, LUXPECTORIX, HYGIENIX, CHECKIX, PRIVACIX, CIFRIX, BLINKIX. NEGATIVE: nessun marchio LEGO reale, nessun personaggio protetto (Asterix ecc.), niente gore/horror, niente claim assoluti ('rischio zero','garantito','zero multe').",Altri servizi: 3 minuti oggi o un problema enorme domani. Scegli tu.,"In Altri servizi c'e' un obbligo che in tanti scoprono solo con la sanzione

In altri servizi gli adempimenti obbligatori non aspettano: Rintracciabilita, Sorveglianza sanitaria, Formazione, Temperature, Ruolo/Preposto, Formazione base, Sanificazione, Documento, Emergenze/Incendio, Emergenze/Soccorso, Ruolo/RLS. In questa pagina TALES OF SICURIX il PERICOLO prende forma... e il METODO81+ lo rimette in ordine, passo dopo passo. Immagina la scena: prima il caos, poi la checklist che sistema tutto. La regola c'e' gia': tu falla lavorare per te.
👉 Iscriviti al corso: Manuale di rintracciabilità -> https://81plus.net/?corso=manuale-di-rintracciabilit
▶️ YouTube: youtube.com/@sicurissimo
Contenuto informativo. Prima vedi. Poi sistemi. 81plus.net",Manuale di rintracciabilità,https://81plus.net/?corso=manuale-di-rintracciabilit,#TalesOfSicurix #SICURIX #Metodo81 #81plus #Sicurissimo #HACCP #Sicurezza #Privacy #SicurezzaSulLavoro,SICURIX_TALES_902009_15_9_22_16_3_1_14_19_7_6_4.webp,https://drive.google.com/drive/folders/1hICKXdl9JTZBL1pemG19oE_661z-EH_k,IMG_ERR
23.13.00,Manifattura,C,Privacy+HACCP+Sicurezza+Ambientale,11,Registro dei Trattamenti | Piano di Sanificazione | Controllo Temperature e Celle | Movimentazione Manuale Carichi | RSPP / Datore di Lavoro RSPP | Procedura Data Breach | Formazione Ambientale | Formazione Generale Lavoratori | Corso Alimentarista | Uso e Formazione DPI | Sorveglianza Sanitaria / Medico Competente,GDPR art.30 | Reg.CE 852/2004 | D.Lgs81/08 Tit.VI | D.Lgs81/08 art.34 | GDPR art.33-34 | D.Lgs152/06 | Accordo Stato-Regioni | D.Lgs81/08 art.77 | D.Lgs81/08 art.41,"BLINKIX>FRETTIX, LUXPECTORIX>TEMPORIX, DOCUMIX>IMPROVVISIX, LUXPECTORIX>CADUTIX, BLINKIX>VIBRIX, FORMIX>OBLIVIX, ROBOTIX81>FRETTIX, TRACCIX>VIBRIX, FORMIX>MULTIX, SICURIX>VIBRIX, CIFRIX>ØTIX","Crea una PAGINA A FUMETTI a STORIA COMPLETA, verticale A4 (1024x1536), QUALITA' EDITORIALE DA STAMPA, stile ufficiale 'SICURIX TALES' IDENTICO alle immagini di riferimento allegate (stessi personaggi a mattoncini 3D, stessa impaginazione, stessi colori, stesse rese): minifigure espressive, ambientazioni ricche e dettagliate del settore, luci morbide, profondita', bordi vignetta netti. IMPAGINAZIONE OBBLIGATORIA: da 10 a 12 VIGNETTE numerate che raccontano UNA STORIA con arco narrativo completo (1 situazione normale -> 2-4 arrivano i pericoli coi cattivi -> 5-6 tensione/conseguenza -> 7-9 arriva SICURIX con gli eroi e applica il METODO81+ passo per passo -> 10-11 risoluzione ordinata -> 12 finale). HEADER in alto: SICURIX (mantello, medaglione arancione '81+', bussola) che presenta in un fumetto; grande titolo 'SICURIX TALES'; sottotitolo 'MANIFATTURA: Pericolo vs Soluzione con Metodo 81+'; legenda 3 voci (verde Sicurezza, rosso Rischio, blu 81+ Soluzione); fila di EROI coi nomi: BLINKIX, LUXPECTORIX, DOCUMIX, FORMIX, ROBOTIX81, TRACCIX. FOOTER in basso: grande 'Prima vedi. Poi sistemi.'; banner scudo verde 'PROTEGGIAMO. PREVENIAMO. MIGLIORIAMO.' e triangolo rosso 'DISATTENZIONE. RISCHI. COSTI. CAOS.'; logo '81+' + '81plus.net'. TRAMA (usa questi eventi come vignette; se sono meno di 10 aggiungi vignette di contesto, dialogo e reazione per arrivare a 10-12): 1) FRETTIX causa il pericolo 'Registro' (Registro dei Trattamenti); poi BLINKIX+SICURIX applicano il METODO81+; 2) TEMPORIX causa il pericolo 'Sanificazione' (Piano di Sanificazione); poi LUXPECTORIX+SICURIX applicano il METODO81+; 3) IMPROVVISIX causa il pericolo 'Temperature' (Controllo Temperature e Celle); poi DOCUMIX+SICURIX applicano il METODO81+; 4) CADUTIX causa il pericolo 'MMC' (Movimentazione Manuale Carichi); poi LUXPECTORIX+SICURIX applicano il METODO81+; 5) VIBRIX causa il pericolo 'Ruolo/RSPP' (RSPP / Datore di Lavoro RSPP); poi BLINKIX+SICURIX applicano il METODO81+; 6) OBLIVIX causa il pericolo 'Data breach' (Procedura Data Breach); poi FORMIX+SICURIX applicano il METODO81+; 7) FRETTIX causa il pericolo 'Formazione' (Formazione Ambientale); poi ROBOTIX81+SICURIX applicano il METODO81+; 8) VIBRIX causa il pericolo 'Formazione base' (Formazione Generale Lavoratori); poi TRACCIX+SICURIX applicano il METODO81+; 9) MULTIX causa il pericolo 'Corso' (Corso Alimentarista); poi FORMIX+SICURIX applicano il METODO81+; 10) VIBRIX causa il pericolo 'DPI' (Uso e Formazione DPI); poi SICURIX+SICURIX applicano il METODO81+; 11) ØTIX causa il pericolo 'Sorveglianza sanitaria' (Sorveglianza Sanitaria / Medico Competente); poi CIFRIX+SICURIX applicano il METODO81+. PALETTE BRAND ESCLUSIVA: nero #05050A, bianco panna, arancione #FF6A1A/#E8501A; ROSSO solo per 'PERICOLO', VERDE per la checklist 'Metodo 81+'. Logo '81+' ben visibile in OGNI vignetta. REGOLA STORIA: SICURIX NON agisce mai da solo - in OGNI vignetta di soluzione si fa AIUTARE dai suoi colleghi EROI (lavoro di squadra, ognuno col suo ruolo). TESTO: didascalie e fumetti MOLTO BREVI (1-4 parole), GRANDI, centrati, in ITALIANO con ORTOGRAFIA PERFETTA, senza parole inventate, lettere doppie errate o testo tagliato. CATTIVI (coerenti col canone): FRETTIX, TEMPORIX, IMPROVVISIX, CADUTIX, VIBRIX, OBLIVIX, MULTIX, ØTIX. EROI: BLINKIX, LUXPECTORIX, DOCUMIX, FORMIX, ROBOTIX81, TRACCIX, SICURIX, CIFRIX. NEGATIVE: nessun marchio LEGO reale, nessun personaggio protetto (Asterix ecc.), niente gore/horror, niente claim assoluti ('rischio zero','garantito','zero multe').",Manifattura: 3 minuti oggi o un problema enorme domani. Scegli tu.,"In Manifattura c'e' un obbligo che in tanti scoprono solo con la sanzione

In manifattura gli adempimenti obbligatori non aspettano: Registro, Sanificazione, Temperature, MMC, Ruolo/RSPP, Data breach, Formazione, Formazione base, Corso, DPI, Sorveglianza sanitaria. In questa pagina TALES OF SICURIX il PERICOLO prende forma... e il METODO81+ lo rimette in ordine, passo dopo passo. Immagina la scena: prima il caos, poi la checklist che sistema tutto. La regola c'e' gia': tu falla lavorare per te.
👉 Iscriviti al corso: Corso privacy destinato ai lavoratori -> https://81plus.net/?corso=corso-privacy-destinato-ai-lavoratori
▶️ YouTube: youtube.com/@sicurissimo
Contenuto informativo. Prima vedi. Poi sistemi. 81plus.net",Corso privacy destinato ai lavoratori,https://81plus.net/?corso=corso-privacy-destinato-ai-lavoratori,#TalesOfSicurix #SICURIX #Metodo81 #81plus #Sicurissimo #Privacy #HACCP #Sicurezza #Ambientale #SicurezzaSulLavoro,SICURIX_TALES_231300_22_16_18_10_5_25_27_1_15_8_9.webp,https://drive.google.com/drive/folders/1hICKXdl9JTZBL1pemG19oE_661z-EH_k,IMG_ERR
90.39.01,Altri servizi,S,Sicurezza+HACCP+Privacy,11,Uso e Formazione DPI | Formazione Preposto | Piano di Sanificazione | Manuale HACCP di Autocontrollo | Rintracciabilita ed Etichettatura | Documento Valutazione Rischi (DVR) | Registro dei Trattamenti | Rappresentante Lavoratori Sicurezza (RLS) | RSPP / Datore di Lavoro RSPP | Controllo Temperature e Celle | Movimentazione Manuale Carichi,D.Lgs81/08 art.77 | D.Lgs81/08 art.37 | Reg.CE 852/2004 | Reg.CE 178/2002 | D.Lgs81/08 art.28 | GDPR art.30 | D.Lgs81/08 art.47 | D.Lgs81/08 art.34 | D.Lgs81/08 Tit.VI,"CHEFIX>SOTTOVALUTIX, DOCUMIX>OBLIVIX, PREPOSTIX>CROSSIX, SCUDIX>FRETTIX, BLINKIX>CROSSIX, TRACCIX>BIOXIX, CHECKIX>OBLIVIX, SCUDIX>SEGNALEX, ROBOTIX81>CHIMIKIX, CIFRIX>DOSAGIX, DOCUMIX>NONDPIX","Crea una PAGINA A FUMETTI a STORIA COMPLETA, verticale A4 (1024x1536), QUALITA' EDITORIALE DA STAMPA, stile ufficiale 'SICURIX TALES' IDENTICO alle immagini di riferimento allegate (stessi personaggi a mattoncini 3D, stessa impaginazione, stessi colori, stesse rese): minifigure espressive, ambientazioni ricche e dettagliate del settore, luci morbide, profondita', bordi vignetta netti. IMPAGINAZIONE OBBLIGATORIA: da 10 a 12 VIGNETTE numerate che raccontano UNA STORIA con arco narrativo completo (1 situazione normale -> 2-4 arrivano i pericoli coi cattivi -> 5-6 tensione/conseguenza -> 7-9 arriva SICURIX con gli eroi e applica il METODO81+ passo per passo -> 10-11 risoluzione ordinata -> 12 finale). HEADER in alto: SICURIX (mantello, medaglione arancione '81+', bussola) che presenta in un fumetto; grande titolo 'SICURIX TALES'; sottotitolo 'ALTRI SERVIZI: Pericolo vs Soluzione con Metodo 81+'; legenda 3 voci (verde Sicurezza, rosso Rischio, blu 81+ Soluzione); fila di EROI coi nomi: CHEFIX, DOCUMIX, PREPOSTIX, SCUDIX, BLINKIX, TRACCIX. FOOTER in basso: grande 'Prima vedi. Poi sistemi.'; banner scudo verde 'PROTEGGIAMO. PREVENIAMO. MIGLIORIAMO.' e triangolo rosso 'DISATTENZIONE. RISCHI. COSTI. CAOS.'; logo '81+' + '81plus.net'. TRAMA (usa questi eventi come vignette; se sono meno di 10 aggiungi vignette di contesto, dialogo e reazione per arrivare a 10-12): 1) SOTTOVALUTIX causa il pericolo 'DPI' (Uso e Formazione DPI); poi CHEFIX+SICURIX applicano il METODO81+; 2) OBLIVIX causa il pericolo 'Ruolo/Preposto' (Formazione Preposto); poi DOCUMIX+SICURIX applicano il METODO81+; 3) CROSSIX causa il pericolo 'Sanificazione' (Piano di Sanificazione); poi PREPOSTIX+SICURIX applicano il METODO81+; 4) FRETTIX causa il pericolo 'Documento' (Manuale HACCP di Autocontrollo); poi SCUDIX+SICURIX applicano il METODO81+; 5) CROSSIX causa il pericolo 'Rintracciabilita' (Rintracciabilita ed Etichettatura); poi BLINKIX+SICURIX applicano il METODO81+; 6) BIOXIX causa il pericolo 'Documento' (Documento Valutazione Rischi (DVR)); poi TRACCIX+SICURIX applicano il METODO81+; 7) OBLIVIX causa il pericolo 'Registro' (Registro dei Trattamenti); poi CHECKIX+SICURIX applicano il METODO81+; 8) SEGNALEX causa il pericolo 'Ruolo/RLS' (Rappresentante Lavoratori Sicurezza (RLS)); poi SCUDIX+SICURIX applicano il METODO81+; 9) CHIMIKIX causa il pericolo 'Ruolo/RSPP' (RSPP / Datore di Lavoro RSPP); poi ROBOTIX81+SICURIX applicano il METODO81+; 10) DOSAGIX causa il pericolo 'Temperature' (Controllo Temperature e Celle); poi CIFRIX+SICURIX applicano il METODO81+; 11) NONDPIX causa il pericolo 'MMC' (Movimentazione Manuale Carichi); poi DOCUMIX+SICURIX applicano il METODO81+. PALETTE BRAND ESCLUSIVA: nero #05050A, bianco panna, arancione #FF6A1A/#E8501A; ROSSO solo per 'PERICOLO', VERDE per la checklist 'Metodo 81+'. Logo '81+' ben visibile in OGNI vignetta. REGOLA STORIA: SICURIX NON agisce mai da solo - in OGNI vignetta di soluzione si fa AIUTARE dai suoi colleghi EROI (lavoro di squadra, ognuno col suo ruolo). TESTO: didascalie e fumetti MOLTO BREVI (1-4 parole), GRANDI, centrati, in ITALIANO con ORTOGRAFIA PERFETTA, senza parole inventate, lettere doppie errate o testo tagliato. CATTIVI (coerenti col canone): SOTTOVALUTIX, OBLIVIX, CROSSIX, FRETTIX, BIOXIX, SEGNALEX, CHIMIKIX, DOSAGIX, NONDPIX. EROI: CHEFIX, DOCUMIX, PREPOSTIX, SCUDIX, BLINKIX, TRACCIX, CHECKIX, ROBOTIX81, CIFRIX. NEGATIVE: nessun marchio LEGO reale, nessun personaggio protetto (Asterix ecc.), niente gore/horror, niente claim assoluti ('rischio zero','garantito','zero multe').",Altri servizi: 3 minuti oggi o un problema enorme domani. Scegli tu.,"In Altri servizi c'e' un obbligo che in tanti scoprono solo con la sanzione

In altri servizi gli adempimenti obbligatori non aspettano: DPI, Ruolo/Preposto, Sanificazione, Documento, Rintracciabilita, Registro, Ruolo/RLS, Ruolo/RSPP, Temperature, MMC. In questa pagina TALES OF SICURIX il PERICOLO prende forma... e il METODO81+ lo rimette in ordine, passo dopo passo. Immagina la scena: prima il caos, poi la checklist che sistema tutto. Mettere ordine ora costa poco. Rimediare dopo costa caro.
👉 Iscriviti al corso: Corso Lavori in Quota e DPI Anticaduta -> https://81plus.net/?corso=corso-lavori-in-quota-e-dpi-anticaduta
▶️ YouTube: youtube.com/@sicurissimo
Contenuto informativo. Prima vedi. Poi sistemi. 81plus.net",Corso Lavori in Quota e DPI Anticaduta,https://81plus.net/?corso=corso-lavori-in-quota-e-dpi-anticaduta,#TalesOfSicurix #SICURIX #Metodo81 #81plus #Sicurissimo #Sicurezza #HACCP #Privacy #SicurezzaSulLavoro,SICURIX_TALES_903901_8_3_14_12_15_0_20_4_5_16_10.webp,https://drive.google.com/drive/folders/1hICKXdl9JTZBL1pemG19oE_661z-EH_k,IMG_ERR
55.20.10,Alloggio/Ristorazione,I,Privacy+HACCP+Sicurezza,10,Registro dei Trattamenti | Corso Alimentarista | Sorveglianza Sanitaria / Medico Competente | Lotta agli Infestanti (Pest Control) | Formazione Specifica (rischio medio) | Gestione Allergeni | Addetto Antincendio | RSPP / Datore di Lavoro RSPP | Rintracciabilita ed Etichettatura | Stress Lavoro-Correlato,GDPR art.30 | Reg.CE 852/2004 | D.Lgs81/08 art.41 | Accordo Stato-Regioni | Reg.UE 1169/2011 | DM 2/9/2021 | D.Lgs81/08 art.34 | Reg.CE 178/2002 | D.Lgs81/08 art.28,"CHECKIX>LEAKIX, ROBOTIX81>MULTIX, CHECKIX>BIOXIX, BLINKIX>MESCOLIX, CHEFIX>POLVERIX, CHEFIX>TEMPORIX, PRIVACIX>POLVERIX, BLINKIX>VIBRIX, PRIVACIX>DOSAGIX, TRACCIX>CHIMIKIX","Crea una PAGINA A FUMETTI a STORIA COMPLETA, verticale A4 (1024x1536), QUALITA' EDITORIALE DA STAMPA, stile ufficiale 'SICURIX TALES' IDENTICO alle immagini di riferimento allegate (stessi personaggi a mattoncini 3D, stessa impaginazione, stessi colori, stesse rese): minifigure espressive, ambientazioni ricche e dettagliate del settore, luci morbide, profondita', bordi vignetta netti. IMPAGINAZIONE OBBLIGATORIA: da 10 a 12 VIGNETTE numerate che raccontano UNA STORIA con arco narrativo completo (1 situazione normale -> 2-4 arrivano i pericoli coi cattivi -> 5-6 tensione/conseguenza -> 7-9 arriva SICURIX con gli eroi e applica il METODO81+ passo per passo -> 10-11 risoluzione ordinata -> 12 finale). HEADER in alto: SICURIX (mantello, medaglione arancione '81+', bussola) che presenta in un fumetto; grande titolo 'SICURIX TALES'; sottotitolo 'ALLOGGIO/RISTORAZIONE: Pericolo vs Soluzione con Metodo 81+'; legenda 3 voci (verde Sicurezza, rosso Rischio, blu 81+ Soluzione); fila di EROI coi nomi: CHECKIX, ROBOTIX81, BLINKIX, CHEFIX, PRIVACIX, TRACCIX. FOOTER in basso: grande 'Prima vedi. Poi sistemi.'; banner scudo verde 'PROTEGGIAMO. PREVENIAMO. MIGLIORIAMO.' e triangolo rosso 'DISATTENZIONE. RISCHI. COSTI. CAOS.'; logo '81+' + '81plus.net'. TRAMA (usa questi eventi come vignette; se sono meno di 10 aggiungi vignette di contesto, dialogo e reazione per arrivare a 10-12): 1) LEAKIX causa il pericolo 'Registro' (Registro dei Trattamenti); poi CHECKIX+SICURIX applicano il METODO81+; 2) MULTIX causa il pericolo 'Corso' (Corso Alimentarista); poi ROBOTIX81+SICURIX applicano il METODO81+; 3) BIOXIX causa il pericolo 'Sorveglianza sanitaria' (Sorveglianza Sanitaria / Medico Competente); poi CHECKIX+SICURIX applicano il METODO81+; 4) MESCOLIX causa il pericolo 'Infestanti' (Lotta agli Infestanti (Pest Control)); poi BLINKIX+SICURIX applicano il METODO81+; 5) POLVERIX causa il pericolo 'Formazione specifica' (Formazione Specifica (rischio medio)); poi CHEFIX+SICURIX applicano il METODO81+; 6) TEMPORIX causa il pericolo 'Allergeni' (Gestione Allergeni); poi CHEFIX+SICURIX applicano il METODO81+; 7) POLVERIX causa il pericolo 'Emergenze/Incendio' (Addetto Antincendio); poi PRIVACIX+SICURIX applicano il METODO81+; 8) VIBRIX causa il pericolo 'Ruolo/RSPP' (RSPP / Datore di Lavoro RSPP); poi BLINKIX+SICURIX applicano il METODO81+; 9) DOSAGIX causa il pericolo 'Rintracciabilita' (Rintracciabilita ed Etichettatura); poi PRIVACIX+SICURIX applicano il METODO81+; 10) CHIMIKIX causa il pericolo 'Stress' (Stress Lavoro-Correlato); poi TRACCIX+SICURIX applicano il METODO81+. PALETTE BRAND ESCLUSIVA: nero #05050A, bianco panna, arancione #FF6A1A/#E8501A; ROSSO solo per 'PERICOLO', VERDE per la checklist 'Metodo 81+'. Logo '81+' ben visibile in OGNI vignetta. REGOLA STORIA: SICURIX NON agisce mai da solo - in OGNI vignetta di soluzione si fa AIUTARE dai suoi colleghi EROI (lavoro di squadra, ognuno col suo ruolo). TESTO: didascalie e fumetti MOLTO BREVI (1-4 parole), GRANDI, centrati, in ITALIANO con ORTOGRAFIA PERFETTA, senza parole inventate, lettere doppie errate o testo tagliato. CATTIVI (coerenti col canone): LEAKIX, MULTIX, BIOXIX, MESCOLIX, POLVERIX, TEMPORIX, VIBRIX, DOSAGIX, CHIMIKIX. EROI: CHECKIX, ROBOTIX81, BLINKIX, CHEFIX, PRIVACIX, TRACCIX. NEGATIVE: nessun marchio LEGO reale, nessun personaggio protetto (Asterix ecc.), niente gore/horror, niente claim assoluti ('rischio zero','garantito','zero multe').","In Alloggio/Ristorazione non e' 'se' arriva il controllo, e' 'quando'. Sei pronto?","La differenza tra chi in Alloggio/Ristorazione dorme sereno e chi trema al controllo

In alloggio/ristorazione gli adempimenti obbligatori non aspettano: Registro, Corso, Sorveglianza sanitaria, Infestanti, Formazione specifica, Allergeni, Emergenze/Incendio, Ruolo/RSPP, Rintracciabilita, Stress. In questa pagina TALES OF SICURIX il PERICOLO prende forma... e il METODO81+ lo rimette in ordine, passo dopo passo. Immagina la scena: prima il caos, poi la checklist che sistema tutto. La regola c'e' gia': tu falla lavorare per te.
👉 Iscriviti al corso: Corso privacy destinato ai lavoratori -> https://81plus.net/?corso=corso-privacy-destinato-ai-lavoratori
▶️ YouTube: youtube.com/@sicurissimo
Contenuto informativo. Prima vedi. Poi sistemi. 81plus.net",Corso privacy destinato ai lavoratori,https://81plus.net/?corso=corso-privacy-destinato-ai-lavoratori,#TalesOfSicurix #SICURIX #Metodo81 #81plus #Sicurissimo #Privacy #HACCP #Sicurezza #SicurezzaSulLavoro,SICURIX_TALES_552010_20_13_9_17_2_18_7_5_15_11.webp,https://drive.google.com/drive/folders/1hICKXdl9JTZBL1pemG19oE_661z-EH_k,IMG_ERR
77.39.91,PA,O,Sicurezza+Privacy,12,Sorveglianza Sanitaria / Medico Competente | Uso e Formazione DPI | Valutazione d'Impatto (DPIA) | Nomina Incaricati/Responsabili | Movimentazione Manuale Carichi | Procedura Data Breach | Registro dei Trattamenti | Formazione Preposto | Stress Lavoro-Correlato | Documento Valutazione Rischi (DVR) | Informativa e Consensi | Formazione Specifica (rischio medio),D.Lgs81/08 art.41 | D.Lgs81/08 art.77 | GDPR art.35 | GDPR art.28-29 | D.Lgs81/08 Tit.VI | GDPR art.33-34 | GDPR art.30 | D.Lgs81/08 art.37 | D.Lgs81/08 art.28 | GDPR art.13 | Accordo Stato-Regioni,"TRACCIX>BIOXIX, TRACCIX>ØTIX, BLINKIX>RISKIX, SICURIX>CAOSIX, TRACCIX>TAGLIX, TRACCIX>PHISHIX, SCUDIX>CAOSIX, ROBOTIX81>CADUTIX, PREPOSTIX>SOTTOVALUTIX, ROBOTIX81>ØTIX, ROBOTIX81>MULTIX, BLINKIX>OBLIVIX","Crea una PAGINA A FUMETTI a STORIA COMPLETA, verticale A4 (1024x1536), QUALITA' EDITORIALE DA STAMPA, stile ufficiale 'SICURIX TALES' IDENTICO alle immagini di riferimento allegate (stessi personaggi a mattoncini 3D, stessa impaginazione, stessi colori, stesse rese): minifigure espressive, ambientazioni ricche e dettagliate del settore, luci morbide, profondita', bordi vignetta netti. IMPAGINAZIONE OBBLIGATORIA: da 10 a 12 VIGNETTE numerate che raccontano UNA STORIA con arco narrativo completo (1 situazione normale -> 2-4 arrivano i pericoli coi cattivi -> 5-6 tensione/conseguenza -> 7-9 arriva SICURIX con gli eroi e applica il METODO81+ passo per passo -> 10-11 risoluzione ordinata -> 12 finale). HEADER in alto: SICURIX (mantello, medaglione arancione '81+', bussola) che presenta in un fumetto; grande titolo 'SICURIX TALES'; sottotitolo 'PA: Pericolo vs Soluzione con Metodo 81+'; legenda 3 voci (verde Sicurezza, rosso Rischio, blu 81+ Soluzione); fila di EROI coi nomi: TRACCIX, BLINKIX, SICURIX, SCUDIX, ROBOTIX81, PREPOSTIX. FOOTER in basso: grande 'Prima vedi. Poi sistemi.'; banner scudo verde 'PROTEGGIAMO. PREVENIAMO. MIGLIORIAMO.' e triangolo rosso 'DISATTENZIONE. RISCHI. COSTI. CAOS.'; logo '81+' + '81plus.net'. TRAMA (usa questi eventi come vignette; se sono meno di 10 aggiungi vignette di contesto, dialogo e reazione per arrivare a 10-12): 1) BIOXIX causa il pericolo 'Sorveglianza sanitaria' (Sorveglianza Sanitaria / Medico Competente); poi TRACCIX+SICURIX applicano il METODO81+; 2) ØTIX causa il pericolo 'DPI' (Uso e Formazione DPI); poi TRACCIX+SICURIX applicano il METODO81+; 3) RISKIX causa il pericolo 'DPIA' (Valutazione d'Impatto (DPIA)); poi BLINKIX+SICURIX applicano il METODO81+; 4) CAOSIX causa il pericolo 'Nomine' (Nomina Incaricati/Responsabili); poi SICURIX+SICURIX applicano il METODO81+; 5) TAGLIX causa il pericolo 'MMC' (Movimentazione Manuale Carichi); poi TRACCIX+SICURIX applicano il METODO81+; 6) PHISHIX causa il pericolo 'Data breach' (Procedura Data Breach); poi TRACCIX+SICURIX applicano il METODO81+; 7) CAOSIX causa il pericolo 'Registro' (Registro dei Trattamenti); poi SCUDIX+SICURIX applicano il METODO81+; 8) CADUTIX causa il pericolo 'Ruolo/Preposto' (Formazione Preposto); poi ROBOTIX81+SICURIX applicano il METODO81+; 9) SOTTOVALUTIX causa il pericolo 'Stress' (Stress Lavoro-Correlato); poi PREPOSTIX+SICURIX applicano il METODO81+; 10) ØTIX causa il pericolo 'Documento' (Documento Valutazione Rischi (DVR)); poi ROBOTIX81+SICURIX applicano il METODO81+; 11) MULTIX causa il pericolo 'Documento' (Informativa e Consensi); poi ROBOTIX81+SICURIX applicano il METODO81+; 12) OBLIVIX causa il pericolo 'Formazione specifica' (Formazione Specifica (rischio medio)); poi BLINKIX+SICURIX applicano il METODO81+. PALETTE BRAND ESCLUSIVA: nero #05050A, bianco panna, arancione #FF6A1A/#E8501A; ROSSO solo per 'PERICOLO', VERDE per la checklist 'Metodo 81+'. Logo '81+' ben visibile in OGNI vignetta. REGOLA STORIA: SICURIX NON agisce mai da solo - in OGNI vignetta di soluzione si fa AIUTARE dai suoi colleghi EROI (lavoro di squadra, ognuno col suo ruolo). TESTO: didascalie e fumetti MOLTO BREVI (1-4 parole), GRANDI, centrati, in ITALIANO con ORTOGRAFIA PERFETTA, senza parole inventate, lettere doppie errate o testo tagliato. CATTIVI (coerenti col canone): BIOXIX, ØTIX, RISKIX, CAOSIX, TAGLIX, PHISHIX, CADUTIX, SOTTOVALUTIX, MULTIX, OBLIVIX. EROI: TRACCIX, BLINKIX, SICURIX, SCUDIX, ROBOTIX81, PREPOSTIX. NEGATIVE: nessun marchio LEGO reale, nessun personaggio protetto (Asterix ecc.), niente gore/horror, niente claim assoluti ('rischio zero','garantito','zero multe').",La differenza tra chi in PA dorme sereno e chi trema al controllo,"Quello che l'ispettore controlla per primo in PA (e quasi nessuno lo sa)

In pa gli adempimenti obbligatori non aspettano: Sorveglianza sanitaria, DPI, DPIA, Nomine, MMC, Data breach, Registro, Ruolo/Preposto, Stress, Documento, Formazione specifica. In questa pagina TALES OF SICURIX il PERICOLO prende forma... e il METODO81+ lo rimette in ordine, passo dopo passo. Immagina la scena: prima il caos, poi la checklist che sistema tutto. Non e' burocrazia: e' la tua tranquillita.
👉 Iscriviti al corso: Corso lavoratore parte GENERALE 4 ore -> https://81plus.net/?corso=corso-lavoratore-parte-generale-4-ore
▶️ YouTube: youtube.com/@sicurissimo
Contenuto informativo. Prima vedi. Poi sistemi. 81plus.net",Corso lavoratore parte GENERALE 4 ore,https://81plus.net/?corso=corso-lavoratore-parte-generale-4-ore,#TalesOfSicurix #SICURIX #Metodo81 #81plus #Sicurissimo #Sicurezza #Privacy #SicurezzaSulLavoro,SICURIX_TALES_773991_9_8_18_14_10_16_13_3_11_0_12_2.webp,https://drive.google.com/drive/folders/1hICKXdl9JTZBL1pemG19oE_661z-EH_k,IMG_ERR
16.28.20,Manifattura,C,HACCP+Sicurezza+Privacy+Ambientale,11,Piano di Sanificazione | Rappresentante Lavoratori Sicurezza (RLS) | Uso e Formazione DPI | Controllo Temperature e Celle | Formazione Generale Lavoratori | RSPP / Datore di Lavoro RSPP | Nomina Incaricati/Responsabili | Gestione Allergeni | Procedura Data Breach | Gestione Rifiuti e Registro | Rintracciabilita ed Etichettatura,Reg.CE 852/2004 | D.Lgs81/08 art.47 | D.Lgs81/08 art.77 | Accordo Stato-Regioni | D.Lgs81/08 art.34 | GDPR art.28-29 | Reg.UE 1169/2011 | GDPR art.33-34 | D.Lgs152/06 | Reg.CE 178/2002,"CHEFIX>MESCOLIX, CHECKIX>BIOXIX, PRIVACIX>MULTIX, FORMIX>CROSSIX, LUXPECTORIX>CAOSIX, PRIVACIX>ØTIX, PREPOSTIX>SPYIX, LUXPECTORIX>FRETTIX, DOCUMIX>IMPROVVISIX, BLINKIX>OBLIVIX, SCUDIX>SCADUTIX","Crea una PAGINA A FUMETTI a STORIA COMPLETA, verticale A4 (1024x1536), QUALITA' EDITORIALE DA STAMPA, stile ufficiale 'SICURIX TALES' IDENTICO alle immagini di riferimento allegate (stessi personaggi a mattoncini 3D, stessa impaginazione, stessi colori, stesse rese): minifigure espressive, ambientazioni ricche e dettagliate del settore, luci morbide, profondita', bordi vignetta netti. IMPAGINAZIONE OBBLIGATORIA: da 10 a 12 VIGNETTE numerate che raccontano UNA STORIA con arco narrativo completo (1 situazione normale -> 2-4 arrivano i pericoli coi cattivi -> 5-6 tensione/conseguenza -> 7-9 arriva SICURIX con gli eroi e applica il METODO81+ passo per passo -> 10-11 risoluzione ordinata -> 12 finale). HEADER in alto: SICURIX (mantello, medaglione arancione '81+', bussola) che presenta in un fumetto; grande titolo 'SICURIX TALES'; sottotitolo 'MANIFATTURA: Pericolo vs Soluzione con Metodo 81+'; legenda 3 voci (verde Sicurezza, rosso Rischio, blu 81+ Soluzione); fila di EROI coi nomi: CHEFIX, CHECKIX, PRIVACIX, FORMIX, LUXPECTORIX, PREPOSTIX. FOOTER in basso: grande 'Prima vedi. Poi sistemi.'; banner scudo verde 'PROTEGGIAMO. PREVENIAMO. MIGLIORIAMO.' e triangolo rosso 'DISATTENZIONE. RISCHI. COSTI. CAOS.'; logo '81+' + '81plus.net'. TRAMA (usa questi eventi come vignette; se sono meno di 10 aggiungi vignette di contesto, dialogo e reazione per arrivare a 10-12): 1) MESCOLIX causa il pericolo 'Sanificazione' (Piano di Sanificazione); poi CHEFIX+SICURIX applicano il METODO81+; 2) BIOXIX causa il pericolo 'Ruolo/RLS' (Rappresentante Lavoratori Sicurezza (RLS)); poi CHECKIX+SICURIX applicano il METODO81+; 3) MULTIX causa il pericolo 'DPI' (Uso e Formazione DPI); poi PRIVACIX+SICURIX applicano il METODO81+; 4) CROSSIX causa il pericolo 'Temperature' (Controllo Temperature e Celle); poi FORMIX+SICURIX applicano il METODO81+; 5) CAOSIX causa il pericolo 'Formazione base' (Formazione Generale Lavoratori); poi LUXPECTORIX+SICURIX applicano il METODO81+; 6) ØTIX causa il pericolo 'Ruolo/RSPP' (RSPP / Datore di Lavoro RSPP); poi PRIVACIX+SICURIX applicano il METODO81+; 7) SPYIX causa il pericolo 'Nomine' (Nomina Incaricati/Responsabili); poi PREPOSTIX+SICURIX applicano il METODO81+; 8) FRETTIX causa il pericolo 'Allergeni' (Gestione Allergeni); poi LUXPECTORIX+SICURIX applicano il METODO81+; 9) IMPROVVISIX causa il pericolo 'Data breach' (Procedura Data Breach); poi DOCUMIX+SICURIX applicano il METODO81+; 10) OBLIVIX causa il pericolo 'Rifiuti' (Gestione Rifiuti e Registro); poi BLINKIX+SICURIX applicano il METODO81+; 11) SCADUTIX causa il pericolo 'Rintracciabilita' (Rintracciabilita ed Etichettatura); poi SCUDIX+SICURIX applicano il METODO81+. PALETTE BRAND ESCLUSIVA: nero #05050A, bianco panna, arancione #FF6A1A/#E8501A; ROSSO solo per 'PERICOLO', VERDE per la checklist 'Metodo 81+'. Logo '81+' ben visibile in OGNI vignetta. REGOLA STORIA: SICURIX NON agisce mai da solo - in OGNI vignetta di soluzione si fa AIUTARE dai suoi colleghi EROI (lavoro di squadra, ognuno col suo ruolo). TESTO: didascalie e fumetti MOLTO BREVI (1-4 parole), GRANDI, centrati, in ITALIANO con ORTOGRAFIA PERFETTA, senza parole inventate, lettere doppie errate o testo tagliato. CATTIVI (coerenti col canone): MESCOLIX, BIOXIX, MULTIX, CROSSIX, CAOSIX, ØTIX, SPYIX, FRETTIX, IMPROVVISIX, OBLIVIX, SCADUTIX. EROI: CHEFIX, CHECKIX, PRIVACIX, FORMIX, LUXPECTORIX, PREPOSTIX, DOCUMIX, BLINKIX, SCUDIX. NEGATIVE: nessun marchio LEGO reale, nessun personaggio protetto (Asterix ecc.), niente gore/horror, niente claim assoluti ('rischio zero','garantito','zero multe').",Manifattura: 3 minuti oggi o un problema enorme domani. Scegli tu.,"Manifattura: 3 minuti oggi o un problema enorme domani. Scegli tu.

In manifattura gli adempimenti obbligatori non aspettano: Sanificazione, Ruolo/RLS, DPI, Temperature, Formazione base, Ruolo/RSPP, Nomine, Allergeni, Data breach, Rifiuti, Rintracciabilita. In questa pagina TALES OF SICURIX il PERICOLO prende forma... e il METODO81+ lo rimette in ordine, passo dopo passo. Immagina la scena: prima il caos, poi la checklist che sistema tutto. Mettere ordine ora costa poco. Rimediare dopo costa caro.
👉 Iscriviti al corso: Corso per addetto operazioni di pulizia e sanificazione aziendale rischio Covid-19 -> https://81plus.net/?corso=corso-per-addetto-operazioni-di-pulizia-e-sanificazione-azie
▶️ YouTube: youtube.com/@sicurissimo
Contenuto informativo. Prima vedi. Poi sistemi. 81plus.net",Corso per addetto operazioni di pulizia e sanificazione aziendale rischio Covid-19,https://81plus.net/?corso=corso-per-addetto-operazioni-di-pulizia-e-sanificazione-azie,#TalesOfSicurix #SICURIX #Metodo81 #81plus #Sicurissimo #HACCP #Sicurezza #Privacy #Ambientale #SicurezzaSulLavoro,SICURIX_TALES_162820_16_4_8_18_1_5_23_20_25_26_17.webp,https://drive.google.com/drive/folders/1hICKXdl9JTZBL1pemG19oE_661z-EH_k,IMG_ERR
14.21.10,Manifattura,C,HACCP+Privacy+Sicurezza+Ambientale,12,Rintracciabilita ed Etichettatura | Piano di Sanificazione | Gestione Allergeni | Registro dei Trattamenti | Rischio Rumore | Formazione Specifica (rischio alto) | Corso Alimentarista | Informativa e Consensi | Gestione Rifiuti e Registro | Sorveglianza Sanitaria / Medico Competente | Documento Valutazione Rischi (DVR) | Uso e Formazione DPI,Reg.CE 178/2002 | Reg.CE 852/2004 | Reg.UE 1169/2011 | GDPR art.30 | D.Lgs81/08 Tit.VIII | Accordo Stato-Regioni | GDPR art.13 | D.Lgs152/06 | D.Lgs81/08 art.41 | D.Lgs81/08 art.28 | D.Lgs81/08 art.77,"PRIVACIX>SPORCKIX, LUXPECTORIX>OBLIVIX, HYGIENIX>IMPROVVISIX, PRIVACIX>OBLIVIX, ROBOTIX81>CADUTIX, CONSENSIX>VOLTIX, HYGIENIX>IMPROVVISIX, SCUDIX>RISKIX, FORMIX>RISKIX, SICURIX>SCHIACCIX, TRACCIX>RUMORIX, PRIVACIX>VIBRIX","Crea una PAGINA A FUMETTI a STORIA COMPLETA, verticale A4 (1024x1536), QUALITA' EDITORIALE DA STAMPA, stile ufficiale 'SICURIX TALES' IDENTICO alle immagini di riferimento allegate (stessi personaggi a mattoncini 3D, stessa impaginazione, stessi colori, stesse rese): minifigure espressive, ambientazioni ricche e dettagliate del settore, luci morbide, profondita', bordi vignetta netti. IMPAGINAZIONE OBBLIGATORIA: da 10 a 12 VIGNETTE numerate che raccontano UNA STORIA con arco narrativo completo (1 situazione normale -> 2-4 arrivano i pericoli coi cattivi -> 5-6 tensione/conseguenza -> 7-9 arriva SICURIX con gli eroi e applica il METODO81+ passo per passo -> 10-11 risoluzione ordinata -> 12 finale). HEADER in alto: SICURIX (mantello, medaglione arancione '81+', bussola) che presenta in un fumetto; grande titolo 'SICURIX TALES'; sottotitolo 'MANIFATTURA: Pericolo vs Soluzione con Metodo 81+'; legenda 3 voci (verde Sicurezza, rosso Rischio, blu 81+ Soluzione); fila di EROI coi nomi: PRIVACIX, LUXPECTORIX, HYGIENIX, ROBOTIX81, CONSENSIX, SCUDIX. FOOTER in basso: grande 'Prima vedi. Poi sistemi.'; banner scudo verde 'PROTEGGIAMO. PREVENIAMO. MIGLIORIAMO.' e triangolo rosso 'DISATTENZIONE. RISCHI. COSTI. CAOS.'; logo '81+' + '81plus.net'. TRAMA (usa questi eventi come vignette; se sono meno di 10 aggiungi vignette di contesto, dialogo e reazione per arrivare a 10-12): 1) SPORCKIX causa il pericolo 'Rintracciabilita' (Rintracciabilita ed Etichettatura); poi PRIVACIX+SICURIX applicano il METODO81+; 2) OBLIVIX causa il pericolo 'Sanificazione' (Piano di Sanificazione); poi LUXPECTORIX+SICURIX applicano il METODO81+; 3) IMPROVVISIX causa il pericolo 'Allergeni' (Gestione Allergeni); poi HYGIENIX+SICURIX applicano il METODO81+; 4) OBLIVIX causa il pericolo 'Registro' (Registro dei Trattamenti); poi PRIVACIX+SICURIX applicano il METODO81+; 5) CADUTIX causa il pericolo 'Rumore' (Rischio Rumore); poi ROBOTIX81+SICURIX applicano il METODO81+; 6) VOLTIX causa il pericolo 'Formazione specifica' (Formazione Specifica (rischio alto)); poi CONSENSIX+SICURIX applicano il METODO81+; 7) IMPROVVISIX causa il pericolo 'Corso' (Corso Alimentarista); poi HYGIENIX+SICURIX applicano il METODO81+; 8) RISKIX causa il pericolo 'Documento' (Informativa e Consensi); poi SCUDIX+SICURIX applicano il METODO81+; 9) RISKIX causa il pericolo 'Rifiuti' (Gestione Rifiuti e Registro); poi FORMIX+SICURIX applicano il METODO81+; 10) SCHIACCIX causa il pericolo 'Sorveglianza sanitaria' (Sorveglianza Sanitaria / Medico Competente); poi SICURIX+SICURIX applicano il METODO81+; 11) RUMORIX causa il pericolo 'Documento' (Documento Valutazione Rischi (DVR)); poi TRACCIX+SICURIX applicano il METODO81+; 12) VIBRIX causa il pericolo 'DPI' (Uso e Formazione DPI); poi PRIVACIX+SICURIX applicano il METODO81+. PALETTE BRAND ESCLUSIVA: nero #05050A, bianco panna, arancione #FF6A1A/#E8501A; ROSSO solo per 'PERICOLO', VERDE per la checklist 'Metodo 81+'. Logo '81+' ben visibile in OGNI vignetta. REGOLA STORIA: SICURIX NON agisce mai da solo - in OGNI vignetta di soluzione si fa AIUTARE dai suoi colleghi EROI (lavoro di squadra, ognuno col suo ruolo). TESTO: didascalie e fumetti MOLTO BREVI (1-4 parole), GRANDI, centrati, in ITALIANO con ORTOGRAFIA PERFETTA, senza parole inventate, lettere doppie errate o testo tagliato. CATTIVI (coerenti col canone): SPORCKIX, OBLIVIX, IMPROVVISIX, CADUTIX, VOLTIX, RISKIX, SCHIACCIX, RUMORIX, VIBRIX. EROI: PRIVACIX, LUXPECTORIX, HYGIENIX, ROBOTIX81, CONSENSIX, SCUDIX, FORMIX, SICURIX, TRACCIX. NEGATIVE: nessun marchio LEGO reale, nessun personaggio protetto (Asterix ecc.), niente gore/horror, niente claim assoluti ('rischio zero','garantito','zero multe').","In Manifattura non e' 'se' arriva il controllo, e' 'quando'. Sei pronto?","In Manifattura non e' 'se' arriva il controllo, e' 'quando'. Sei pronto?

In manifattura gli adempimenti obbligatori non aspettano: Rintracciabilita, Sanificazione, Allergeni, Registro, Rumore, Formazione specifica, Corso, Documento, Rifiuti, Sorveglianza sanitaria, DPI. In questa pagina TALES OF SICURIX il PERICOLO prende forma... e il METODO81+ lo rimette in ordine, passo dopo passo. Immagina la scena: prima il caos, poi la checklist che sistema tutto. La regola c'e' gia': tu falla lavorare per te.
👉 Iscriviti al corso: Manuale di rintracciabilità -> https://81plus.net/?corso=manuale-di-rintracciabilit
▶️ YouTube: youtube.com/@sicurissimo
Contenuto informativo. Prima vedi. Poi sistemi. 81plus.net",Manuale di rintracciabilità,https://81plus.net/?corso=manuale-di-rintracciabilit,#TalesOfSicurix #SICURIX #Metodo81 #81plus #Sicurissimo #HACCP #Privacy #Sicurezza #Ambientale #SicurezzaSulLavoro,SICURIX_TALES_142110_17_16_20_22_12_2_15_21_26_9_0_8.webp,https://drive.google.com/drive/folders/1hICKXdl9JTZBL1pemG19oE_661z-EH_k,IMG_ERR
11.01.00,Manifattura,C,Privacy+Sicurezza+HACCP+Ambientale,10,Informativa e Consensi | Formazione GDPR | Formazione Specifica (rischio alto) | Uso e Formazione DPI | Controllo Temperature e Celle | Addetto Antincendio | Manuale HACCP di Autocontrollo | Movimentazione Manuale Carichi | Formazione Ambientale | Nomina Incaricati/Responsabili,GDPR art.13 | GDPR art.32 | Accordo Stato-Regioni | D.Lgs81/08 art.77 | Reg.CE 852/2004 | DM 2/9/2021 | D.Lgs81/08 Tit.VI | D.Lgs152/06 | GDPR art.28-29,"DOCUMIX>OBLIVIX, CHEFIX>CAOSIX, PREPOSTIX>NONDPIX, ROBOTIX81>NONDPIX, ROBOTIX81>ACQUAIX, LUXPECTORIX>POLVERIX, PREPOSTIX>FRETTIX, FORMIX>TAGLIX, TRACCIX>IMPROVVISIX, SCUDIX>IMPROVVISIX","Crea una PAGINA A FUMETTI a STORIA COMPLETA, verticale A4 (1024x1536), QUALITA' EDITORIALE DA STAMPA, stile ufficiale 'SICURIX TALES' IDENTICO alle immagini di riferimento allegate (stessi personaggi a mattoncini 3D, stessa impaginazione, stessi colori, stesse rese): minifigure espressive, ambientazioni ricche e dettagliate del settore, luci morbide, profondita', bordi vignetta netti. IMPAGINAZIONE OBBLIGATORIA: da 10 a 12 VIGNETTE numerate che raccontano UNA STORIA con arco narrativo completo (1 situazione normale -> 2-4 arrivano i pericoli coi cattivi -> 5-6 tensione/conseguenza -> 7-9 arriva SICURIX con gli eroi e applica il METODO81+ passo per passo -> 10-11 risoluzione ordinata -> 12 finale). HEADER in alto: SICURIX (mantello, medaglione arancione '81+', bussola) che presenta in un fumetto; grande titolo 'SICURIX TALES'; sottotitolo 'MANIFATTURA: Pericolo vs Soluzione con Metodo 81+'; legenda 3 voci (verde Sicurezza, rosso Rischio, blu 81+ Soluzione); fila di EROI coi nomi: DOCUMIX, CHEFIX, PREPOSTIX, ROBOTIX81, LUXPECTORIX, FORMIX. FOOTER in basso: grande 'Prima vedi. Poi sistemi.'; banner scudo verde 'PROTEGGIAMO. PREVENIAMO. MIGLIORIAMO.' e triangolo rosso 'DISATTENZIONE. RISCHI. COSTI. CAOS.'; logo '81+' + '81plus.net'. TRAMA (usa questi eventi come vignette; se sono meno di 10 aggiungi vignette di contesto, dialogo e reazione per arrivare a 10-12): 1) OBLIVIX causa il pericolo 'Documento' (Informativa e Consensi); poi DOCUMIX+SICURIX applicano il METODO81+; 2) CAOSIX causa il pericolo 'Formazione' (Formazione GDPR); poi CHEFIX+SICURIX applicano il METODO81+; 3) NONDPIX causa il pericolo 'Formazione specifica' (Formazione Specifica (rischio alto)); poi PREPOSTIX+SICURIX applicano il METODO81+; 4) NONDPIX causa il pericolo 'DPI' (Uso e Formazione DPI); poi ROBOTIX81+SICURIX applicano il METODO81+; 5) ACQUAIX causa il pericolo 'Temperature' (Controllo Temperature e Celle); poi ROBOTIX81+SICURIX applicano il METODO81+; 6) POLVERIX causa il pericolo 'Emergenze/Incendio' (Addetto Antincendio); poi LUXPECTORIX+SICURIX applicano il METODO81+; 7) FRETTIX causa il pericolo 'Documento' (Manuale HACCP di Autocontrollo); poi PREPOSTIX+SICURIX applicano il METODO81+; 8) TAGLIX causa il pericolo 'MMC' (Movimentazione Manuale Carichi); poi FORMIX+SICURIX applicano il METODO81+; 9) IMPROVVISIX causa il pericolo 'Formazione' (Formazione Ambientale); poi TRACCIX+SICURIX applicano il METODO81+; 10) IMPROVVISIX causa il pericolo 'Nomine' (Nomina Incaricati/Responsabili); poi SCUDIX+SICURIX applicano il METODO81+. PALETTE BRAND ESCLUSIVA: nero #05050A, bianco panna, arancione #FF6A1A/#E8501A; ROSSO solo per 'PERICOLO', VERDE per la checklist 'Metodo 81+'. Logo '81+' ben visibile in OGNI vignetta. REGOLA STORIA: SICURIX NON agisce mai da solo - in OGNI vignetta di soluzione si fa AIUTARE dai suoi colleghi EROI (lavoro di squadra, ognuno col suo ruolo). TESTO: didascalie e fumetti MOLTO BREVI (1-4 parole), GRANDI, centrati, in ITALIANO con ORTOGRAFIA PERFETTA, senza parole inventate, lettere doppie errate o testo tagliato. CATTIVI (coerenti col canone): OBLIVIX, CAOSIX, NONDPIX, ACQUAIX, POLVERIX, FRETTIX, TAGLIX, IMPROVVISIX. EROI: DOCUMIX, CHEFIX, PREPOSTIX, ROBOTIX81, LUXPECTORIX, FORMIX, TRACCIX, SCUDIX. NEGATIVE: nessun marchio LEGO reale, nessun personaggio protetto (Asterix ecc.), niente gore/horror, niente claim assoluti ('rischio zero','garantito','zero multe').",Quello che l'ispettore controlla per primo in Manifattura (e quasi nessuno lo sa),"In Manifattura c'e' un obbligo che in tanti scoprono solo con la sanzione

In manifattura gli adempimenti obbligatori non aspettano: Documento, Formazione, Formazione specifica, DPI, Temperature, Emergenze/Incendio, MMC, Nomine. In questa pagina TALES OF SICURIX il PERICOLO prende forma... e il METODO81+ lo rimette in ordine, passo dopo passo. Immagina la scena: prima il caos, poi la checklist che sistema tutto. Non e' burocrazia: e' la tua tranquillita.
👉 Iscriviti al corso: Corso privacy destinato ai lavoratori -> https://81plus.net/?corso=corso-privacy-destinato-ai-lavoratori
▶️ YouTube: youtube.com/@sicurissimo
Contenuto informativo. Prima vedi. Poi sistemi. 81plus.net",Corso privacy destinato ai lavoratori,https://81plus.net/?corso=corso-privacy-destinato-ai-lavoratori,#TalesOfSicurix #SICURIX #Metodo81 #81plus #Sicurissimo #Privacy #Sicurezza #HACCP #Ambientale #SicurezzaSulLavoro,SICURIX_TALES_110100_21_24_2_8_18_7_14_10_27_23.webp,https://drive.google.com/drive/folders/1hICKXdl9JTZBL1pemG19oE_661z-EH_k,IMG_ERR
10.61.20,Manifattura,C,Privacy+HACCP+Ambientale+Sicurezza,11,Informativa e Consensi | Lotta agli Infestanti (Pest Control) | Procedura Data Breach | Formazione Ambientale | Corso Alimentarista | Rischio Rumore | Formazione Preposto | Gestione Allergeni | Sorveglianza Sanitaria / Medico Competente | Nomina Incaricati/Responsabili | Documento Valutazione Rischi (DVR),GDPR art.13 | Reg.CE 852/2004 | GDPR art.33-34 | D.Lgs152/06 | D.Lgs81/08 Tit.VIII | D.Lgs81/08 art.37 | Reg.UE 1169/2011 | D.Lgs81/08 art.41 | GDPR art.28-29 | D.Lgs81/08 art.28,"CONSENSIX>RISKIX, HYGIENIX>CAOSIX, BLINKIX>LEAKIX, BLINKIX>OBLIVIX, CHECKIX>SCADUTIX, SICURIX>IMPROVVISIX, BLINKIX>VOLTIX, SCUDIX>DOSAGIX, ROBOTIX81>FRETTIX, PRIVACIX>MULTIX, CONSENSIX>BIOXIX","Crea una PAGINA A FUMETTI a STORIA COMPLETA, verticale A4 (1024x1536), QUALITA' EDITORIALE DA STAMPA, stile ufficiale 'SICURIX TALES' IDENTICO alle immagini di riferimento allegate (stessi personaggi a mattoncini 3D, stessa impaginazione, stessi colori, stesse rese): minifigure espressive, ambientazioni ricche e dettagliate del settore, luci morbide, profondita', bordi vignetta netti. IMPAGINAZIONE OBBLIGATORIA: da 10 a 12 VIGNETTE numerate che raccontano UNA STORIA con arco narrativo completo (1 situazione normale -> 2-4 arrivano i pericoli coi cattivi -> 5-6 tensione/conseguenza -> 7-9 arriva SICURIX con gli eroi e applica il METODO81+ passo per passo -> 10-11 risoluzione ordinata -> 12 finale). HEADER in alto: SICURIX (mantello, medaglione arancione '81+', bussola) che presenta in un fumetto; grande titolo 'SICURIX TALES'; sottotitolo 'MANIFATTURA: Pericolo vs Soluzione con Metodo 81+'; legenda 3 voci (verde Sicurezza, rosso Rischio, blu 81+ Soluzione); fila di EROI coi nomi: CONSENSIX, HYGIENIX, BLINKIX, CHECKIX, SICURIX, SCUDIX. FOOTER in basso: grande 'Prima vedi. Poi sistemi.'; banner scudo verde 'PROTEGGIAMO. PREVENIAMO. MIGLIORIAMO.' e triangolo rosso 'DISATTENZIONE. RISCHI. COSTI. CAOS.'; logo '81+' + '81plus.net'. TRAMA (usa questi eventi come vignette; se sono meno di 10 aggiungi vignette di contesto, dialogo e reazione per arrivare a 10-12): 1) RISKIX causa il pericolo 'Documento' (Informativa e Consensi); poi CONSENSIX+SICURIX applicano il METODO81+; 2) CAOSIX causa il pericolo 'Infestanti' (Lotta agli Infestanti (Pest Control)); poi HYGIENIX+SICURIX applicano il METODO81+; 3) LEAKIX causa il pericolo 'Data breach' (Procedura Data Breach); poi BLINKIX+SICURIX applicano il METODO81+; 4) OBLIVIX causa il pericolo 'Formazione' (Formazione Ambientale); poi BLINKIX+SICURIX applicano il METODO81+; 5) SCADUTIX causa il pericolo 'Corso' (Corso Alimentarista); poi CHECKIX+SICURIX applicano il METODO81+; 6) IMPROVVISIX causa il pericolo 'Rumore' (Rischio Rumore); poi SICURIX+SICURIX applicano il METODO81+; 7) VOLTIX causa il pericolo 'Ruolo/Preposto' (Formazione Preposto); poi BLINKIX+SICURIX applicano il METODO81+; 8) DOSAGIX causa il pericolo 'Allergeni' (Gestione Allergeni); poi SCUDIX+SICURIX applicano il METODO81+; 9) FRETTIX causa il pericolo 'Sorveglianza sanitaria' (Sorveglianza Sanitaria / Medico Competente); poi ROBOTIX81+SICURIX applicano il METODO81+; 10) MULTIX causa il pericolo 'Nomine' (Nomina Incaricati/Responsabili); poi PRIVACIX+SICURIX applicano il METODO81+; 11) BIOXIX causa il pericolo 'Documento' (Documento Valutazione Rischi (DVR)); poi CONSENSIX+SICURIX applicano il METODO81+. PALETTE BRAND ESCLUSIVA: nero #05050A, bianco panna, arancione #FF6A1A/#E8501A; ROSSO solo per 'PERICOLO', VERDE per la checklist 'Metodo 81+'. Logo '81+' ben visibile in OGNI vignetta. REGOLA STORIA: SICURIX NON agisce mai da solo - in OGNI vignetta di soluzione si fa AIUTARE dai suoi colleghi EROI (lavoro di squadra, ognuno col suo ruolo). TESTO: didascalie e fumetti MOLTO BREVI (1-4 parole), GRANDI, centrati, in ITALIANO con ORTOGRAFIA PERFETTA, senza parole inventate, lettere doppie errate o testo tagliato. CATTIVI (coerenti col canone): RISKIX, CAOSIX, LEAKIX, OBLIVIX, SCADUTIX, IMPROVVISIX, VOLTIX, DOSAGIX, FRETTIX, MULTIX, BIOXIX. EROI: CONSENSIX, HYGIENIX, BLINKIX, CHECKIX, SICURIX, SCUDIX, ROBOTIX81, PRIVACIX. NEGATIVE: nessun marchio LEGO reale, nessun personaggio protetto (Asterix ecc.), niente gore/horror, niente claim assoluti ('rischio zero','garantito','zero multe').",In Manifattura c'e' un obbligo che in tanti scoprono solo con la sanzione,"In Manifattura c'e' un obbligo che in tanti scoprono solo con la sanzione

In manifattura gli adempimenti obbligatori non aspettano: Documento, Infestanti, Data breach, Formazione, Corso, Rumore, Ruolo/Preposto, Allergeni, Sorveglianza sanitaria, Nomine. In questa pagina TALES OF SICURIX il PERICOLO prende forma... e il METODO81+ lo rimette in ordine, passo dopo passo. Immagina la scena: prima il caos, poi la checklist che sistema tutto. Non e' burocrazia: e' la tua tranquillita.
👉 Iscriviti al corso: Corso privacy destinato ai lavoratori -> https://81plus.net/?corso=corso-privacy-destinato-ai-lavoratori
▶️ YouTube: youtube.com/@sicurissimo
Contenuto informativo. Prima vedi. Poi sistemi. 81plus.net",Corso privacy destinato ai lavoratori,https://81plus.net/?corso=corso-privacy-destinato-ai-lavoratori,#TalesOfSicurix #SICURIX #Metodo81 #81plus #Sicurissimo #Privacy #HACCP #Ambientale #Sicurezza #SicurezzaSulLavoro,SICURIX_TALES_106120_21_19_25_27_15_12_3_20_9_23_0.webp,https://drive.google.com/drive/folders/1hICKXdl9JTZBL1pemG19oE_661z-EH_k,IMG_ERR
64.91.00,Immobiliare,L,Sicurezza+Privacy,10,Addetto Antincendio | Formazione Preposto | Formazione GDPR | Rappresentante Lavoratori Sicurezza (RLS) | Nomina Incaricati/Responsabili | Formazione Generale Lavoratori | Uso e Formazione DPI | Addetto Primo Soccorso | Procedura Data Breach | RSPP / Datore di Lavoro RSPP,DM 2/9/2021 | D.Lgs81/08 art.37 | GDPR art.32 | D.Lgs81/08 art.47 | GDPR art.28-29 | Accordo Stato-Regioni | D.Lgs81/08 art.77 | DM 388/2003 | GDPR art.33-34 | D.Lgs81/08 art.34,"PRIVACIX>RISKIX, HYGIENIX>BIOXIX, HYGIENIX>PHISHIX, BLINKIX>FRETTIX, PREPOSTIX>IMPROVVISIX, DOCUMIX>POLVERIX, HYGIENIX>CAOSIX, FORMIX>VIBRIX, ROBOTIX81>LEAKIX, CHEFIX>SOTTOVALUTIX","Crea una PAGINA A FUMETTI a STORIA COMPLETA, verticale A4 (1024x1536), QUALITA' EDITORIALE DA STAMPA, stile ufficiale 'SICURIX TALES' IDENTICO alle immagini di riferimento allegate (stessi personaggi a mattoncini 3D, stessa impaginazione, stessi colori, stesse rese): minifigure espressive, ambientazioni ricche e dettagliate del settore, luci morbide, profondita', bordi vignetta netti. IMPAGINAZIONE OBBLIGATORIA: da 10 a 12 VIGNETTE numerate che raccontano UNA STORIA con arco narrativo completo (1 situazione normale -> 2-4 arrivano i pericoli coi cattivi -> 5-6 tensione/conseguenza -> 7-9 arriva SICURIX con gli eroi e applica il METODO81+ passo per passo -> 10-11 risoluzione ordinata -> 12 finale). HEADER in alto: SICURIX (mantello, medaglione arancione '81+', bussola) che presenta in un fumetto; grande titolo 'SICURIX TALES'; sottotitolo 'IMMOBILIARE: Pericolo vs Soluzione con Metodo 81+'; legenda 3 voci (verde Sicurezza, rosso Rischio, blu 81+ Soluzione); fila di EROI coi nomi: PRIVACIX, HYGIENIX, BLINKIX, PREPOSTIX, DOCUMIX, FORMIX. FOOTER in basso: grande 'Prima vedi. Poi sistemi.'; banner scudo verde 'PROTEGGIAMO. PREVENIAMO. MIGLIORIAMO.' e triangolo rosso 'DISATTENZIONE. RISCHI. COSTI. CAOS.'; logo '81+' + '81plus.net'. TRAMA (usa questi eventi come vignette; se sono meno di 10 aggiungi vignette di contesto, dialogo e reazione per arrivare a 10-12): 1) RISKIX causa il pericolo 'Emergenze/Incendio' (Addetto Antincendio); poi PRIVACIX+SICURIX applicano il METODO81+; 2) BIOXIX causa il pericolo 'Ruolo/Preposto' (Formazione Preposto); poi HYGIENIX+SICURIX applicano il METODO81+; 3) PHISHIX causa il pericolo 'Formazione' (Formazione GDPR); poi HYGIENIX+SICURIX applicano il METODO81+; 4) FRETTIX causa il pericolo 'Ruolo/RLS' (Rappresentante Lavoratori Sicurezza (RLS)); poi BLINKIX+SICURIX applicano il METODO81+; 5) IMPROVVISIX causa il pericolo 'Nomine' (Nomina Incaricati/Responsabili); poi PREPOSTIX+SICURIX applicano il METODO81+; 6) POLVERIX causa il pericolo 'Formazione base' (Formazione Generale Lavoratori); poi DOCUMIX+SICURIX applicano il METODO81+; 7) CAOSIX causa il pericolo 'DPI' (Uso e Formazione DPI); poi HYGIENIX+SICURIX applicano il METODO81+; 8) VIBRIX causa il pericolo 'Emergenze/Soccorso' (Addetto Primo Soccorso); poi FORMIX+SICURIX applicano il METODO81+; 9) LEAKIX causa il pericolo 'Data breach' (Procedura Data Breach); poi ROBOTIX81+SICURIX applicano il METODO81+; 10) SOTTOVALUTIX causa il pericolo 'Ruolo/RSPP' (RSPP / Datore di Lavoro RSPP); poi CHEFIX+SICURIX applicano il METODO81+. PALETTE BRAND ESCLUSIVA: nero #05050A, bianco panna, arancione #FF6A1A/#E8501A; ROSSO solo per 'PERICOLO', VERDE per la checklist 'Metodo 81+'. Logo '81+' ben visibile in OGNI vignetta. REGOLA STORIA: SICURIX NON agisce mai da solo - in OGNI vignetta di soluzione si fa AIUTARE dai suoi colleghi EROI (lavoro di squadra, ognuno col suo ruolo). TESTO: didascalie e fumetti MOLTO BREVI (1-4 parole), GRANDI, centrati, in ITALIANO con ORTOGRAFIA PERFETTA, senza parole inventate, lettere doppie errate o testo tagliato. CATTIVI (coerenti col canone): RISKIX, BIOXIX, PHISHIX, FRETTIX, IMPROVVISIX, POLVERIX, CAOSIX, VIBRIX, LEAKIX, SOTTOVALUTIX. EROI: PRIVACIX, HYGIENIX, BLINKIX, PREPOSTIX, DOCUMIX, FORMIX, ROBOTIX81, CHEFIX. NEGATIVE: nessun marchio LEGO reale, nessun personaggio protetto (Asterix ecc.), niente gore/horror, niente claim assoluti ('rischio zero','garantito','zero multe').",Immobiliare: 3 minuti oggi o un problema enorme domani. Scegli tu.,"La differenza tra chi in Immobiliare dorme sereno e chi trema al controllo

In immobiliare gli adempimenti obbligatori non aspettano: Emergenze/Incendio, Ruolo/Preposto, Formazione, Ruolo/RLS, Nomine, Formazione base, DPI, Emergenze/Soccorso, Data breach, Ruolo/RSPP. In questa pagina TALES OF SICURIX il PERICOLO prende forma... e il METODO81+ lo rimette in ordine, passo dopo passo. Immagina la scena: prima il caos, poi la checklist che sistema tutto. Non e' burocrazia: e' la tua tranquillita.
👉 Iscriviti al corso: Corso antincendio livello 1 -> https://81plus.net/?corso=corso-antincendio-livello-1
▶️ YouTube: youtube.com/@sicurissimo
Contenuto informativo. Prima vedi. Poi sistemi. 81plus.net",Corso antincendio livello 1,https://81plus.net/?corso=corso-antincendio-livello-1,#TalesOfSicurix #SICURIX #Metodo81 #81plus #Sicurissimo #Sicurezza #Privacy #SicurezzaSulLavoro,SICURIX_TALES_649100_7_3_12_4_11_1_8_6_13_5.webp,https://drive.google.com/drive/folders/1hICKXdl9JTZBL1pemG19oE_661z-EH_k,IMG_ERR
46.13.03,Commercio,G,Sicurezza+HACCP+Privacy,12,Formazione Specifica (rischio medio) | Addetto Antincendio | Formazione Generale Lavoratori | Movimentazione Manuale Carichi | Stress Lavoro-Correlato | Formazione Preposto | Gestione Allergeni | RSPP / Datore di Lavoro RSPP | Controllo Temperature e Celle | Piano di Sanificazione | Formazione GDPR | Nomina Incaricati/Responsabili,Accordo Stato-Regioni | DM 2/9/2021 | D.Lgs81/08 Tit.VI | D.Lgs81/08 art.28 | D.Lgs81/08 art.37 | Reg.UE 1169/2011 | D.Lgs81/08 art.34 | Reg.CE 852/2004 | GDPR art.32 | GDPR art.28-29,"HYGIENIX>VOLTIX, DOCUMIX>BIOXIX, DOCUMIX>CADUTIX, HYGIENIX>CAOSIX, PRIVACIX>TAGLIX, BLINKIX>ØTIX, FORMIX>SCADUTIX, LUXPECTORIX>POLVERIX, LUXPECTORIX>FRETTIX, CHECKIX>MULTIX, ROBOTIX81>HACKIX, ROBOTIX81>CAOSIX","Crea una PAGINA A FUMETTI a STORIA COMPLETA, verticale A4 (1024x1536), QUALITA' EDITORIALE DA STAMPA, stile ufficiale 'SICURIX TALES' IDENTICO alle immagini di riferimento allegate (stessi personaggi a mattoncini 3D, stessa impaginazione, stessi colori, stesse rese): minifigure espressive, ambientazioni ricche e dettagliate del settore, luci morbide, profondita', bordi vignetta netti. IMPAGINAZIONE OBBLIGATORIA: da 10 a 12 VIGNETTE numerate che raccontano UNA STORIA con arco narrativo completo (1 situazione normale -> 2-4 arrivano i pericoli coi cattivi -> 5-6 tensione/conseguenza -> 7-9 arriva SICURIX con gli eroi e applica il METODO81+ passo per passo -> 10-11 risoluzione ordinata -> 12 finale). HEADER in alto: SICURIX (mantello, medaglione arancione '81+', bussola) che presenta in un fumetto; grande titolo 'SICURIX TALES'; sottotitolo 'COMMERCIO: Pericolo vs Soluzione con Metodo 81+'; legenda 3 voci (verde Sicurezza, rosso Rischio, blu 81+ Soluzione); fila di EROI coi nomi: HYGIENIX, DOCUMIX, PRIVACIX, BLINKIX, FORMIX, LUXPECTORIX. FOOTER in basso: grande 'Prima vedi. Poi sistemi.'; banner scudo verde 'PROTEGGIAMO. PREVENIAMO. MIGLIORIAMO.' e triangolo rosso 'DISATTENZIONE. RISCHI. COSTI. CAOS.'; logo '81+' + '81plus.net'. TRAMA (usa questi eventi come vignette; se sono meno di 10 aggiungi vignette di contesto, dialogo e reazione per arrivare a 10-12): 1) VOLTIX causa il pericolo 'Formazione specifica' (Formazione Specifica (rischio medio)); poi HYGIENIX+SICURIX applicano il METODO81+; 2) BIOXIX causa il pericolo 'Emergenze/Incendio' (Addetto Antincendio); poi DOCUMIX+SICURIX applicano il METODO81+; 3) CADUTIX causa il pericolo 'Formazione base' (Formazione Generale Lavoratori); poi DOCUMIX+SICURIX applicano il METODO81+; 4) CAOSIX causa il pericolo 'MMC' (Movimentazione Manuale Carichi); poi HYGIENIX+SICURIX applicano il METODO81+; 5) TAGLIX causa il pericolo 'Stress' (Stress Lavoro-Correlato); poi PRIVACIX+SICURIX applicano il METODO81+; 6) ØTIX causa il pericolo 'Ruolo/Preposto' (Formazione Preposto); poi BLINKIX+SICURIX applicano il METODO81+; 7) SCADUTIX causa il pericolo 'Allergeni' (Gestione Allergeni); poi FORMIX+SICURIX applicano il METODO81+; 8) POLVERIX causa il pericolo 'Ruolo/RSPP' (RSPP / Datore di Lavoro RSPP); poi LUXPECTORIX+SICURIX applicano il METODO81+; 9) FRETTIX causa il pericolo 'Temperature' (Controllo Temperature e Celle); poi LUXPECTORIX+SICURIX applicano il METODO81+; 10) MULTIX causa il pericolo 'Sanificazione' (Piano di Sanificazione); poi CHECKIX+SICURIX applicano il METODO81+; 11) HACKIX causa il pericolo 'Formazione' (Formazione GDPR); poi ROBOTIX81+SICURIX applicano il METODO81+; 12) CAOSIX causa il pericolo 'Nomine' (Nomina Incaricati/Responsabili); poi ROBOTIX81+SICURIX applicano il METODO81+. PALETTE BRAND ESCLUSIVA: nero #05050A, bianco panna, arancione #FF6A1A/#E8501A; ROSSO solo per 'PERICOLO', VERDE per la checklist 'Metodo 81+'. Logo '81+' ben visibile in OGNI vignetta. REGOLA STORIA: SICURIX NON agisce mai da solo - in OGNI vignetta di soluzione si fa AIUTARE dai suoi colleghi EROI (lavoro di squadra, ognuno col suo ruolo). TESTO: didascalie e fumetti MOLTO BREVI (1-4 parole), GRANDI, centrati, in ITALIANO con ORTOGRAFIA PERFETTA, senza parole inventate, lettere doppie errate o testo tagliato. CATTIVI (coerenti col canone): VOLTIX, BIOXIX, CADUTIX, CAOSIX, TAGLIX, ØTIX, SCADUTIX, POLVERIX, FRETTIX, MULTIX, HACKIX. EROI: HYGIENIX, DOCUMIX, PRIVACIX, BLINKIX, FORMIX, LUXPECTORIX, CHECKIX, ROBOTIX81. NEGATIVE: nessun marchio LEGO reale, nessun personaggio protetto (Asterix ecc.), niente gore/horror, niente claim assoluti ('rischio zero','garantito','zero multe').",Quello che l'ispettore controlla per primo in Commercio (e quasi nessuno lo sa),"La differenza tra chi in Commercio dorme sereno e chi trema al controllo

In commercio gli adempimenti obbligatori non aspettano: Formazione specifica, Emergenze/Incendio, Formazione base, MMC, Stress, Ruolo/Preposto, Allergeni, Ruolo/RSPP, Temperature, Sanificazione, Formazione, Nomine. In questa pagina TALES OF SICURIX il PERICOLO prende forma... e il METODO81+ lo rimette in ordine, passo dopo passo. Immagina la scena: prima il caos, poi la checklist che sistema tutto. Mettere ordine ora costa poco. Rimediare dopo costa caro.
👉 Iscriviti al corso: Corso lavoratore parte GENERALE 4 ore -> https://81plus.net/?corso=corso-lavoratore-parte-generale-4-ore
▶️ YouTube: youtube.com/@sicurissimo
Contenuto informativo. Prima vedi. Poi sistemi. 81plus.net",Corso lavoratore parte GENERALE 4 ore,https://81plus.net/?corso=corso-lavoratore-parte-generale-4-ore,#TalesOfSicurix #SICURIX #Metodo81 #81plus #Sicurissimo #Sicurezza #HACCP #Privacy #SicurezzaSulLavoro,SICURIX_TALES_461303_2_7_1_10_11_3_18_5_16_14_22_21.webp,https://drive.google.com/drive/folders/1hICKXdl9JTZBL1pemG19oE_661z-EH_k,IMG_ERR
96.99.13,Famiglie datori,T,Sicurezza+Privacy,12,Formazione Preposto | Nomina Incaricati/Responsabili | Uso e Formazione DPI | Procedura Data Breach | Registro dei Trattamenti | Rappresentante Lavoratori Sicurezza (RLS) | Addetto Antincendio | Formazione Specifica (rischio basso) | Addetto Primo Soccorso | Documento Valutazione Rischi (DVR) | Formazione GDPR | Formazione Generale Lavoratori,D.Lgs81/08 art.37 | GDPR art.28-29 | D.Lgs81/08 art.77 | GDPR art.33-34 | GDPR art.30 | D.Lgs81/08 art.47 | DM 2/9/2021 | Accordo Stato-Regioni | DM 388/2003 | D.Lgs81/08 art.28 | GDPR art.32,"TRACCIX>FRETTIX, CIFRIX>CAOSIX, CHECKIX>SCIVOLIX, FORMIX>RISKIX, CHECKIX>SPYIX, CHECKIX>FRETTIX, CHEFIX>RUMORIX, CHEFIX>NONDPIX, HYGIENIX>SOTTOVALUTIX, PRIVACIX>SOTTOVALUTIX, CIFRIX>HACKIX, SICURIX>VOLTIX","Crea una PAGINA A FUMETTI a STORIA COMPLETA, verticale A4 (1024x1536), QUALITA' EDITORIALE DA STAMPA, stile ufficiale 'SICURIX TALES' IDENTICO alle immagini di riferimento allegate (stessi personaggi a mattoncini 3D, stessa impaginazione, stessi colori, stesse rese): minifigure espressive, ambientazioni ricche e dettagliate del settore, luci morbide, profondita', bordi vignetta netti. IMPAGINAZIONE OBBLIGATORIA: da 10 a 12 VIGNETTE numerate che raccontano UNA STORIA con arco narrativo completo (1 situazione normale -> 2-4 arrivano i pericoli coi cattivi -> 5-6 tensione/conseguenza -> 7-9 arriva SICURIX con gli eroi e applica il METODO81+ passo per passo -> 10-11 risoluzione ordinata -> 12 finale). HEADER in alto: SICURIX (mantello, medaglione arancione '81+', bussola) che presenta in un fumetto; grande titolo 'SICURIX TALES'; sottotitolo 'FAMIGLIE DATORI: Pericolo vs Soluzione con Metodo 81+'; legenda 3 voci (verde Sicurezza, rosso Rischio, blu 81+ Soluzione); fila di EROI coi nomi: TRACCIX, CIFRIX, CHECKIX, FORMIX, CHEFIX, HYGIENIX. FOOTER in basso: grande 'Prima vedi. Poi sistemi.'; banner scudo verde 'PROTEGGIAMO. PREVENIAMO. MIGLIORIAMO.' e triangolo rosso 'DISATTENZIONE. RISCHI. COSTI. CAOS.'; logo '81+' + '81plus.net'. TRAMA (usa questi eventi come vignette; se sono meno di 10 aggiungi vignette di contesto, dialogo e reazione per arrivare a 10-12): 1) FRETTIX causa il pericolo 'Ruolo/Preposto' (Formazione Preposto); poi TRACCIX+SICURIX applicano il METODO81+; 2) CAOSIX causa il pericolo 'Nomine' (Nomina Incaricati/Responsabili); poi CIFRIX+SICURIX applicano il METODO81+; 3) SCIVOLIX causa il pericolo 'DPI' (Uso e Formazione DPI); poi CHECKIX+SICURIX applicano il METODO81+; 4) RISKIX causa il pericolo 'Data breach' (Procedura Data Breach); poi FORMIX+SICURIX applicano il METODO81+; 5) SPYIX causa il pericolo 'Registro' (Registro dei Trattamenti); poi CHECKIX+SICURIX applicano il METODO81+; 6) FRETTIX causa il pericolo 'Ruolo/RLS' (Rappresentante Lavoratori Sicurezza (RLS)); poi CHECKIX+SICURIX applicano il METODO81+; 7) RUMORIX causa il pericolo 'Emergenze/Incendio' (Addetto Antincendio); poi CHEFIX+SICURIX applicano il METODO81+; 8) NONDPIX causa il pericolo 'Formazione specifica' (Formazione Specifica (rischio basso)); poi CHEFIX+SICURIX applicano il METODO81+; 9) SOTTOVALUTIX causa il pericolo 'Emergenze/Soccorso' (Addetto Primo Soccorso); poi HYGIENIX+SICURIX applicano il METODO81+; 10) SOTTOVALUTIX causa il pericolo 'Documento' (Documento Valutazione Rischi (DVR)); poi PRIVACIX+SICURIX applicano il METODO81+; 11) HACKIX causa il pericolo 'Formazione' (Formazione GDPR); poi CIFRIX+SICURIX applicano il METODO81+; 12) VOLTIX causa il pericolo 'Formazione base' (Formazione Generale Lavoratori); poi SICURIX+SICURIX applicano il METODO81+. PALETTE BRAND ESCLUSIVA: nero #05050A, bianco panna, arancione #FF6A1A/#E8501A; ROSSO solo per 'PERICOLO', VERDE per la checklist 'Metodo 81+'. Logo '81+' ben visibile in OGNI vignetta. REGOLA STORIA: SICURIX NON agisce mai da solo - in OGNI vignetta di soluzione si fa AIUTARE dai suoi colleghi EROI (lavoro di squadra, ognuno col suo ruolo). TESTO: didascalie e fumetti MOLTO BREVI (1-4 parole), GRANDI, centrati, in ITALIANO con ORTOGRAFIA PERFETTA, senza parole inventate, lettere doppie errate o testo tagliato. CATTIVI (coerenti col canone): FRETTIX, CAOSIX, SCIVOLIX, RISKIX, SPYIX, RUMORIX, NONDPIX, SOTTOVALUTIX, HACKIX, VOLTIX. EROI: TRACCIX, CIFRIX, CHECKIX, FORMIX, CHEFIX, HYGIENIX, PRIVACIX, SICURIX. NEGATIVE: nessun marchio LEGO reale, nessun personaggio protetto (Asterix ecc.), niente gore/horror, niente claim assoluti ('rischio zero','garantito','zero multe').",In Famiglie datori c'e' un obbligo che in tanti scoprono solo con la sanzione,"La differenza tra chi in Famiglie datori dorme sereno e chi trema al controllo

In famiglie datori gli adempimenti obbligatori non aspettano: Ruolo/Preposto, Nomine, DPI, Data breach, Registro, Ruolo/RLS, Emergenze/Incendio, Formazione specifica, Emergenze/Soccorso, Documento, Formazione, Formazione base. In questa pagina TALES OF SICURIX il PERICOLO prende forma... e il METODO81+ lo rimette in ordine, passo dopo passo. Immagina la scena: prima il caos, poi la checklist che sistema tutto. Chi si mette in regola prima, dorme meglio dopo.
👉 Iscriviti al corso: Corso per Preposto -> https://81plus.net/?corso=corso-per-preposto
▶️ YouTube: youtube.com/@sicurissimo
Contenuto informativo. Prima vedi. Poi sistemi. 81plus.net",Corso per Preposto,https://81plus.net/?corso=corso-per-preposto,#TalesOfSicurix #SICURIX #Metodo81 #81plus #Sicurissimo #Sicurezza #Privacy #SicurezzaSulLavoro,SICURIX_TALES_969913_3_11_8_13_10_4_7_2_6_0_12_1.webp,https://drive.google.com/drive/folders/1hICKXdl9JTZBL1pemG19oE_661z-EH_k,IMG_ERR
09.10.00,Estrazione,B,Privacy+Sicurezza,11,Informativa e Consensi | Addetto Primo Soccorso | Movimentazione Manuale Carichi | Rappresentante Lavoratori Sicurezza (RLS) | Formazione Specifica (rischio alto) | Documento Valutazione Rischi (DVR) | Nomina Incaricati/Responsabili | Formazione Generale Lavoratori | Attrezzature e Macchine | Rischio Rumore | Procedura Data Breach,GDPR art.13 | DM 388/2003 | D.Lgs81/08 Tit.VI | D.Lgs81/08 art.47 | Accordo Stato-Regioni | D.Lgs81/08 art.28 | GDPR art.28-29 | D.Lgs81/08 Tit.III | D.Lgs81/08 Tit.VIII | GDPR art.33-34,"BLINKIX>CANCELIX, FORMIX>OBLIVIX, TRACCIX>CAOSIX, CHECKIX>ØTIX, ROBOTIX81>ØTIX, ROBOTIX81>SOTTOVALUTIX, ROBOTIX81>LEAKIX, BLINKIX>ØTIX, CIFRIX>VIBRIX, CONSENSIX>SCIVOLIX, SICURIX>PHISHIX","Crea una PAGINA A FUMETTI a STORIA COMPLETA, verticale A4 (1024x1536), QUALITA' EDITORIALE DA STAMPA, stile ufficiale 'SICURIX TALES' IDENTICO alle immagini di riferimento allegate (stessi personaggi a mattoncini 3D, stessa impaginazione, stessi colori, stesse rese): minifigure espressive, ambientazioni ricche e dettagliate del settore, luci morbide, profondita', bordi vignetta netti. IMPAGINAZIONE OBBLIGATORIA: da 10 a 12 VIGNETTE numerate che raccontano UNA STORIA con arco narrativo completo (1 situazione normale -> 2-4 arrivano i pericoli coi cattivi -> 5-6 tensione/conseguenza -> 7-9 arriva SICURIX con gli eroi e applica il METODO81+ passo per passo -> 10-11 risoluzione ordinata -> 12 finale). HEADER in alto: SICURIX (mantello, medaglione arancione '81+', bussola) che presenta in un fumetto; grande titolo 'SICURIX TALES'; sottotitolo 'ESTRAZIONE: Pericolo vs Soluzione con Metodo 81+'; legenda 3 voci (verde Sicurezza, rosso Rischio, blu 81+ Soluzione); fila di EROI coi nomi: BLINKIX, FORMIX, TRACCIX, CHECKIX, ROBOTIX81, CIFRIX. FOOTER in basso: grande 'Prima vedi. Poi sistemi.'; banner scudo verde 'PROTEGGIAMO. PREVENIAMO. MIGLIORIAMO.' e triangolo rosso 'DISATTENZIONE. RISCHI. COSTI. CAOS.'; logo '81+' + '81plus.net'. TRAMA (usa questi eventi come vignette; se sono meno di 10 aggiungi vignette di contesto, dialogo e reazione per arrivare a 10-12): 1) CANCELIX causa il pericolo 'Documento' (Informativa e Consensi); poi BLINKIX+SICURIX applicano il METODO81+; 2) OBLIVIX causa il pericolo 'Emergenze/Soccorso' (Addetto Primo Soccorso); poi FORMIX+SICURIX applicano il METODO81+; 3) CAOSIX causa il pericolo 'MMC' (Movimentazione Manuale Carichi); poi TRACCIX+SICURIX applicano il METODO81+; 4) ØTIX causa il pericolo 'Ruolo/RLS' (Rappresentante Lavoratori Sicurezza (RLS)); poi CHECKIX+SICURIX applicano il METODO81+; 5) ØTIX causa il pericolo 'Formazione specifica' (Formazione Specifica (rischio alto)); poi ROBOTIX81+SICURIX applicano il METODO81+; 6) SOTTOVALUTIX causa il pericolo 'Documento' (Documento Valutazione Rischi (DVR)); poi ROBOTIX81+SICURIX applicano il METODO81+; 7) LEAKIX causa il pericolo 'Nomine' (Nomina Incaricati/Responsabili); poi ROBOTIX81+SICURIX applicano il METODO81+; 8) ØTIX causa il pericolo 'Formazione base' (Formazione Generale Lavoratori); poi BLINKIX+SICURIX applicano il METODO81+; 9) VIBRIX causa il pericolo 'Attrezzature' (Attrezzature e Macchine); poi CIFRIX+SICURIX applicano il METODO81+; 10) SCIVOLIX causa il pericolo 'Rumore' (Rischio Rumore); poi CONSENSIX+SICURIX applicano il METODO81+; 11) PHISHIX causa il pericolo 'Data breach' (Procedura Data Breach); poi SICURIX+SICURIX applicano il METODO81+. PALETTE BRAND ESCLUSIVA: nero #05050A, bianco panna, arancione #FF6A1A/#E8501A; ROSSO solo per 'PERICOLO', VERDE per la checklist 'Metodo 81+'. Logo '81+' ben visibile in OGNI vignetta. REGOLA STORIA: SICURIX NON agisce mai da solo - in OGNI vignetta di soluzione si fa AIUTARE dai suoi colleghi EROI (lavoro di squadra, ognuno col suo ruolo). TESTO: didascalie e fumetti MOLTO BREVI (1-4 parole), GRANDI, centrati, in ITALIANO con ORTOGRAFIA PERFETTA, senza parole inventate, lettere doppie errate o testo tagliato. CATTIVI (coerenti col canone): CANCELIX, OBLIVIX, CAOSIX, ØTIX, SOTTOVALUTIX, LEAKIX, VIBRIX, SCIVOLIX, PHISHIX. EROI: BLINKIX, FORMIX, TRACCIX, CHECKIX, ROBOTIX81, CIFRIX, CONSENSIX, SICURIX. NEGATIVE: nessun marchio LEGO reale, nessun personaggio protetto (Asterix ecc.), niente gore/horror, niente claim assoluti ('rischio zero','garantito','zero multe').",In Estrazione c'e' un obbligo che in tanti scoprono solo con la sanzione,"In Estrazione non e' 'se' arriva il controllo, e' 'quando'. Sei pronto?

In estrazione gli adempimenti obbligatori non aspettano: Documento, Emergenze/Soccorso, MMC, Ruolo/RLS, Formazione specifica, Nomine, Formazione base, Attrezzature, Rumore, Data breach. In questa pagina TALES OF SICURIX il PERICOLO prende forma... e il METODO81+ lo rimette in ordine, passo dopo passo. Immagina la scena: prima il caos, poi la checklist che sistema tutto. Mettere ordine ora costa poco. Rimediare dopo costa caro.
👉 Iscriviti al corso: Corso privacy destinato ai lavoratori -> https://81plus.net/?corso=corso-privacy-destinato-ai-lavoratori
▶️ YouTube: youtube.com/@sicurissimo
Contenuto informativo. Prima vedi. Poi sistemi. 81plus.net",Corso privacy destinato ai lavoratori,https://81plus.net/?corso=corso-privacy-destinato-ai-lavoratori,#TalesOfSicurix #SICURIX #Metodo81 #81plus #Sicurissimo #Privacy #Sicurezza #SicurezzaSulLavoro,SICURIX_TALES_091000_15_6_10_4_2_0_17_1_13_12_19.webp,https://drive.google.com/drive/folders/1hICKXdl9JTZBL1pemG19oE_661z-EH_k,IMG_ERR
46.61.00,Commercio,G,Privacy+HACCP+Sicurezza,10,Registro dei Trattamenti | Lotta agli Infestanti (Pest Control) | Formazione GDPR | Nomina Incaricati/Responsabili | Manuale HACCP di Autocontrollo | Formazione Specifica (rischio medio) | Procedura Data Breach | Sorveglianza Sanitaria / Medico Competente | Videosorveglianza a norma | Informativa e Consensi,GDPR art.30 | Reg.CE 852/2004 | GDPR art.32 | GDPR art.28-29 | Accordo Stato-Regioni | GDPR art.33-34 | D.Lgs81/08 art.41 | Provv.Garante | GDPR art.13,"LUXPECTORIX>CAOSIX, PRIVACIX>OBLIVIX, SICURIX>RISKIX, BLINKIX>CAOSIX, HYGIENIX>SPORCKIX, CONSENSIX>SOTTOVALUTIX, SCUDIX>FRETTIX, PREPOSTIX>FUMIX, PRIVACIX>MULTIX, SCUDIX>FRETTIX","Crea una PAGINA A FUMETTI a STORIA COMPLETA, verticale A4 (1024x1536), QUALITA' EDITORIALE DA STAMPA, stile ufficiale 'SICURIX TALES' IDENTICO alle immagini di riferimento allegate (stessi personaggi a mattoncini 3D, stessa impaginazione, stessi colori, stesse rese): minifigure espressive, ambientazioni ricche e dettagliate del settore, luci morbide, profondita', bordi vignetta netti. IMPAGINAZIONE OBBLIGATORIA: da 10 a 12 VIGNETTE numerate che raccontano UNA STORIA con arco narrativo completo (1 situazione normale -> 2-4 arrivano i pericoli coi cattivi -> 5-6 tensione/conseguenza -> 7-9 arriva SICURIX con gli eroi e applica il METODO81+ passo per passo -> 10-11 risoluzione ordinata -> 12 finale). HEADER in alto: SICURIX (mantello, medaglione arancione '81+', bussola) che presenta in un fumetto; grande titolo 'SICURIX TALES'; sottotitolo 'COMMERCIO: Pericolo vs Soluzione con Metodo 81+'; legenda 3 voci (verde Sicurezza, rosso Rischio, blu 81+ Soluzione); fila di EROI coi nomi: LUXPECTORIX, PRIVACIX, SICURIX, BLINKIX, HYGIENIX, CONSENSIX. FOOTER in basso: grande 'Prima vedi. Poi sistemi.'; banner scudo verde 'PROTEGGIAMO. PREVENIAMO. MIGLIORIAMO.' e triangolo rosso 'DISATTENZIONE. RISCHI. COSTI. CAOS.'; logo '81+' + '81plus.net'. TRAMA (usa questi eventi come vignette; se sono meno di 10 aggiungi vignette di contesto, dialogo e reazione per arrivare a 10-12): 1) CAOSIX causa il pericolo 'Registro' (Registro dei Trattamenti); poi LUXPECTORIX+SICURIX applicano il METODO81+; 2) OBLIVIX causa il pericolo 'Infestanti' (Lotta agli Infestanti (Pest Control)); poi PRIVACIX+SICURIX applicano il METODO81+; 3) RISKIX causa il pericolo 'Formazione' (Formazione GDPR); poi SICURIX+SICURIX applicano il METODO81+; 4) CAOSIX causa il pericolo 'Nomine' (Nomina Incaricati/Responsabili); poi BLINKIX+SICURIX applicano il METODO81+; 5) SPORCKIX causa il pericolo 'Documento' (Manuale HACCP di Autocontrollo); poi HYGIENIX+SICURIX applicano il METODO81+; 6) SOTTOVALUTIX causa il pericolo 'Formazione specifica' (Formazione Specifica (rischio medio)); poi CONSENSIX+SICURIX applicano il METODO81+; 7) FRETTIX causa il pericolo 'Data breach' (Procedura Data Breach); poi SCUDIX+SICURIX applicano il METODO81+; 8) FUMIX causa il pericolo 'Sorveglianza sanitaria' (Sorveglianza Sanitaria / Medico Competente); poi PREPOSTIX+SICURIX applicano il METODO81+; 9) MULTIX causa il pericolo 'Videosorveglianza' (Videosorveglianza a norma); poi PRIVACIX+SICURIX applicano il METODO81+; 10) FRETTIX causa il pericolo 'Documento' (Informativa e Consensi); poi SCUDIX+SICURIX applicano il METODO81+. PALETTE BRAND ESCLUSIVA: nero #05050A, bianco panna, arancione #FF6A1A/#E8501A; ROSSO solo per 'PERICOLO', VERDE per la checklist 'Metodo 81+'. Logo '81+' ben visibile in OGNI vignetta. REGOLA STORIA: SICURIX NON agisce mai da solo - in OGNI vignetta di soluzione si fa AIUTARE dai suoi colleghi EROI (lavoro di squadra, ognuno col suo ruolo). TESTO: didascalie e fumetti MOLTO BREVI (1-4 parole), GRANDI, centrati, in ITALIANO con ORTOGRAFIA PERFETTA, senza parole inventate, lettere doppie errate o testo tagliato. CATTIVI (coerenti col canone): CAOSIX, OBLIVIX, RISKIX, SPORCKIX, SOTTOVALUTIX, FRETTIX, FUMIX, MULTIX. EROI: LUXPECTORIX, PRIVACIX, SICURIX, BLINKIX, HYGIENIX, CONSENSIX, SCUDIX, PREPOSTIX. NEGATIVE: nessun marchio LEGO reale, nessun personaggio protetto (Asterix ecc.), niente gore/horror, niente claim assoluti ('rischio zero','garantito','zero multe').",Commercio: 3 minuti oggi o un problema enorme domani. Scegli tu.,"Quello che l'ispettore controlla per primo in Commercio (e quasi nessuno lo sa)

In commercio gli adempimenti obbligatori non aspettano: Registro, Infestanti, Formazione, Nomine, Documento, Formazione specifica, Data breach, Sorveglianza sanitaria, Videosorveglianza. In questa pagina TALES OF SICURIX il PERICOLO prende forma... e il METODO81+ lo rimette in ordine, passo dopo passo. Immagina la scena: prima il caos, poi la checklist che sistema tutto. La regola c'e' gia': tu falla lavorare per te.
👉 Iscriviti al corso: Corso privacy destinato ai lavoratori -> https://81plus.net/?corso=corso-privacy-destinato-ai-lavoratori
▶️ YouTube: youtube.com/@sicurissimo
Contenuto informativo. Prima vedi. Poi sistemi. 81plus.net",Corso privacy destinato ai lavoratori,https://81plus.net/?corso=corso-privacy-destinato-ai-lavoratori,#TalesOfSicurix #SICURIX #Metodo81 #81plus #Sicurissimo #Privacy #HACCP #Sicurezza #SicurezzaSulLavoro,SICURIX_TALES_466100_20_17_22_21_12_2_23_9_24_19.webp,https://drive.google.com/drive/folders/1hICKXdl9JTZBL1pemG19oE_661z-EH_k,IMG_ERR
59.14.00,ICT/Informazione,J,Privacy+Sicurezza,11,Formazione GDPR | Uso e Formazione DPI | RSPP / Datore di Lavoro RSPP | Nomina Incaricati/Responsabili | Addetto Primo Soccorso | Documento Valutazione Rischi (DVR) | Formazione Preposto | Formazione Specifica (rischio basso) | Registro dei Trattamenti | Addetto Antincendio | Rappresentante Lavoratori Sicurezza (RLS),GDPR art.32 | D.Lgs81/08 art.77 | D.Lgs81/08 art.34 | GDPR art.28-29 | DM 388/2003 | D.Lgs81/08 art.28 | D.Lgs81/08 art.37 | Accordo Stato-Regioni | GDPR art.30 | DM 2/9/2021 | D.Lgs81/08 art.47,"FORMIX>IMPROVVISIX, CHEFIX>MULTIX, HYGIENIX>SOTTOVALUTIX, PRIVACIX>OBLIVIX, FORMIX>VOLTIX, ROBOTIX81>RUMORIX, HYGIENIX>VOLTIX, PRIVACIX>RUMORIX, CHEFIX>CAOSIX, CIFRIX>POLVERIX, PRIVACIX>SOTTOVALUTIX","Crea una PAGINA A FUMETTI a STORIA COMPLETA, verticale A4 (1024x1536), QUALITA' EDITORIALE DA STAMPA, stile ufficiale 'SICURIX TALES' IDENTICO alle immagini di riferimento allegate (stessi personaggi a mattoncini 3D, stessa impaginazione, stessi colori, stesse rese): minifigure espressive, ambientazioni ricche e dettagliate del settore, luci morbide, profondita', bordi vignetta netti. IMPAGINAZIONE OBBLIGATORIA: da 10 a 12 VIGNETTE numerate che raccontano UNA STORIA con arco narrativo completo (1 situazione normale -> 2-4 arrivano i pericoli coi cattivi -> 5-6 tensione/conseguenza -> 7-9 arriva SICURIX con gli eroi e applica il METODO81+ passo per passo -> 10-11 risoluzione ordinata -> 12 finale). HEADER in alto: SICURIX (mantello, medaglione arancione '81+', bussola) che presenta in un fumetto; grande titolo 'SICURIX TALES'; sottotitolo 'ICT/INFORMAZIONE: Pericolo vs Soluzione con Metodo 81+'; legenda 3 voci (verde Sicurezza, rosso Rischio, blu 81+ Soluzione); fila di EROI coi nomi: FORMIX, CHEFIX, HYGIENIX, PRIVACIX, ROBOTIX81, CIFRIX. FOOTER in basso: grande 'Prima vedi. Poi sistemi.'; banner scudo verde 'PROTEGGIAMO. PREVENIAMO. MIGLIORIAMO.' e triangolo rosso 'DISATTENZIONE. RISCHI. COSTI. CAOS.'; logo '81+' + '81plus.net'. TRAMA (usa questi eventi come vignette; se sono meno di 10 aggiungi vignette di contesto, dialogo e reazione per arrivare a 10-12): 1) IMPROVVISIX causa il pericolo 'Formazione' (Formazione GDPR); poi FORMIX+SICURIX applicano il METODO81+; 2) MULTIX causa il pericolo 'DPI' (Uso e Formazione DPI); poi CHEFIX+SICURIX applicano il METODO81+; 3) SOTTOVALUTIX causa il pericolo 'Ruolo/RSPP' (RSPP / Datore di Lavoro RSPP); poi HYGIENIX+SICURIX applicano il METODO81+; 4) OBLIVIX causa il pericolo 'Nomine' (Nomina Incaricati/Responsabili); poi PRIVACIX+SICURIX applicano il METODO81+; 5) VOLTIX causa il pericolo 'Emergenze/Soccorso' (Addetto Primo Soccorso); poi FORMIX+SICURIX applicano il METODO81+; 6) RUMORIX causa il pericolo 'Documento' (Documento Valutazione Rischi (DVR)); poi ROBOTIX81+SICURIX applicano il METODO81+; 7) VOLTIX causa il pericolo 'Ruolo/Preposto' (Formazione Preposto); poi HYGIENIX+SICURIX applicano il METODO81+; 8) RUMORIX causa il pericolo 'Formazione specifica' (Formazione Specifica (rischio basso)); poi PRIVACIX+SICURIX applicano il METODO81+; 9) CAOSIX causa il pericolo 'Registro' (Registro dei Trattamenti); poi CHEFIX+SICURIX applicano il METODO81+; 10) POLVERIX causa il pericolo 'Emergenze/Incendio' (Addetto Antincendio); poi CIFRIX+SICURIX applicano il METODO81+; 11) SOTTOVALUTIX causa il pericolo 'Ruolo/RLS' (Rappresentante Lavoratori Sicurezza (RLS)); poi PRIVACIX+SICURIX applicano il METODO81+. PALETTE BRAND ESCLUSIVA: nero #05050A, bianco panna, arancione #FF6A1A/#E8501A; ROSSO solo per 'PERICOLO', VERDE per la checklist 'Metodo 81+'. Logo '81+' ben visibile in OGNI vignetta. REGOLA STORIA: SICURIX NON agisce mai da solo - in OGNI vignetta di soluzione si fa AIUTARE dai suoi colleghi EROI (lavoro di squadra, ognuno col suo ruolo). TESTO: didascalie e fumetti MOLTO BREVI (1-4 parole), GRANDI, centrati, in ITALIANO con ORTOGRAFIA PERFETTA, senza parole inventate, lettere doppie errate o testo tagliato. CATTIVI (coerenti col canone): IMPROVVISIX, MULTIX, SOTTOVALUTIX, OBLIVIX, VOLTIX, RUMORIX, CAOSIX, POLVERIX. EROI: FORMIX, CHEFIX, HYGIENIX, PRIVACIX, ROBOTIX81, CIFRIX. NEGATIVE: nessun marchio LEGO reale, nessun personaggio protetto (Asterix ecc.), niente gore/horror, niente claim assoluti ('rischio zero','garantito','zero multe').",Quello che l'ispettore controlla per primo in ICT/Informazione (e quasi nessuno lo sa),"In ICT/Informazione c'e' un obbligo che in tanti scoprono solo con la sanzione

In ict/informazione gli adempimenti obbligatori non aspettano: Formazione, DPI, Ruolo/RSPP, Nomine, Emergenze/Soccorso, Documento, Ruolo/Preposto, Formazione specifica, Registro, Emergenze/Incendio, Ruolo/RLS. In questa pagina TALES OF SICURIX il PERICOLO prende forma... e il METODO81+ lo rimette in ordine, passo dopo passo. Immagina la scena: prima il caos, poi la checklist che sistema tutto. Non e' burocrazia: e' la tua tranquillita.
👉 Iscriviti al corso: GDPR 2016/679: privacy e trattamento dei dati personali -> https://81plus.net/?corso=gdpr-2016-679-privacy-e-trattamento-dei-dati-personali
▶️ YouTube: youtube.com/@sicurissimo
Contenuto informativo. Prima vedi. Poi sistemi. 81plus.net",GDPR 2016/679: privacy e trattamento dei dati personali,https://81plus.net/?corso=gdpr-2016-679-privacy-e-trattamento-dei-dati-personali,#TalesOfSicurix #SICURIX #Metodo81 #81plus #Sicurissimo #Privacy #Sicurezza #SicurezzaSulLavoro,SICURIX_TALES_591400_12_8_5_11_6_0_3_2_10_7_4.webp,https://drive.google.com/drive/folders/1hICKXdl9JTZBL1pemG19oE_661z-EH_k,IMG_ERR
87.10.00,Arte/Sport,R,Sicurezza+Privacy+HACCP,10,Formazione Preposto | Addetto Primo Soccorso | Uso e Formazione DPI | Informativa e Consensi | Lotta agli Infestanti (Pest Control) | RSPP / Datore di Lavoro RSPP | Formazione GDPR | Movimentazione Manuale Carichi | Controllo Temperature e Celle | Gestione Allergeni,D.Lgs81/08 art.37 | DM 388/2003 | D.Lgs81/08 art.77 | GDPR art.13 | Reg.CE 852/2004 | D.Lgs81/08 art.34 | GDPR art.32 | D.Lgs81/08 Tit.VI | Reg.UE 1169/2011,"LUXPECTORIX>RISKIX, SCUDIX>CAOSIX, SCUDIX>ØTIX, CONSENSIX>LEAKIX, PRIVACIX>OBLIVIX, LUXPECTORIX>NONDPIX, PREPOSTIX>PERMISSIONIX, CHEFIX>MULTIX, SCUDIX>MULTIX, SICURIX>OBLIVIX","Crea una PAGINA A FUMETTI a STORIA COMPLETA, verticale A4 (1024x1536), QUALITA' EDITORIALE DA STAMPA, stile ufficiale 'SICURIX TALES' IDENTICO alle immagini di riferimento allegate (stessi personaggi a mattoncini 3D, stessa impaginazione, stessi colori, stesse rese): minifigure espressive, ambientazioni ricche e dettagliate del settore, luci morbide, profondita', bordi vignetta netti. IMPAGINAZIONE OBBLIGATORIA: da 10 a 12 VIGNETTE numerate che raccontano UNA STORIA con arco narrativo completo (1 situazione normale -> 2-4 arrivano i pericoli coi cattivi -> 5-6 tensione/conseguenza -> 7-9 arriva SICURIX con gli eroi e applica il METODO81+ passo per passo -> 10-11 risoluzione ordinata -> 12 finale). HEADER in alto: SICURIX (mantello, medaglione arancione '81+', bussola) che presenta in un fumetto; grande titolo 'SICURIX TALES'; sottotitolo 'ARTE/SPORT: Pericolo vs Soluzione con Metodo 81+'; legenda 3 voci (verde Sicurezza, rosso Rischio, blu 81+ Soluzione); fila di EROI coi nomi: LUXPECTORIX, SCUDIX, CONSENSIX, PRIVACIX, PREPOSTIX, CHEFIX. FOOTER in basso: grande 'Prima vedi. Poi sistemi.'; banner scudo verde 'PROTEGGIAMO. PREVENIAMO. MIGLIORIAMO.' e triangolo rosso 'DISATTENZIONE. RISCHI. COSTI. CAOS.'; logo '81+' + '81plus.net'. TRAMA (usa questi eventi come vignette; se sono meno di 10 aggiungi vignette di contesto, dialogo e reazione per arrivare a 10-12): 1) RISKIX causa il pericolo 'Ruolo/Preposto' (Formazione Preposto); poi LUXPECTORIX+SICURIX applicano il METODO81+; 2) CAOSIX causa il pericolo 'Emergenze/Soccorso' (Addetto Primo Soccorso); poi SCUDIX+SICURIX applicano il METODO81+; 3) ØTIX causa il pericolo 'DPI' (Uso e Formazione DPI); poi SCUDIX+SICURIX applicano il METODO81+; 4) LEAKIX causa il pericolo 'Documento' (Informativa e Consensi); poi CONSENSIX+SICURIX applicano il METODO81+; 5) OBLIVIX causa il pericolo 'Infestanti' (Lotta agli Infestanti (Pest Control)); poi PRIVACIX+SICURIX applicano il METODO81+; 6) NONDPIX causa il pericolo 'Ruolo/RSPP' (RSPP / Datore di Lavoro RSPP); poi LUXPECTORIX+SICURIX applicano il METODO81+; 7) PERMISSIONIX causa il pericolo 'Formazione' (Formazione GDPR); poi PREPOSTIX+SICURIX applicano il METODO81+; 8) MULTIX causa il pericolo 'MMC' (Movimentazione Manuale Carichi); poi CHEFIX+SICURIX applicano il METODO81+; 9) MULTIX causa il pericolo 'Temperature' (Controllo Temperature e Celle); poi SCUDIX+SICURIX applicano il METODO81+; 10) OBLIVIX causa il pericolo 'Allergeni' (Gestione Allergeni); poi SICURIX+SICURIX applicano il METODO81+. PALETTE BRAND ESCLUSIVA: nero #05050A, bianco panna, arancione #FF6A1A/#E8501A; ROSSO solo per 'PERICOLO', VERDE per la checklist 'Metodo 81+'. Logo '81+' ben visibile in OGNI vignetta. REGOLA STORIA: SICURIX NON agisce mai da solo - in OGNI vignetta di soluzione si fa AIUTARE dai suoi colleghi EROI (lavoro di squadra, ognuno col suo ruolo). TESTO: didascalie e fumetti MOLTO BREVI (1-4 parole), GRANDI, centrati, in ITALIANO con ORTOGRAFIA PERFETTA, senza parole inventate, lettere doppie errate o testo tagliato. CATTIVI (coerenti col canone): RISKIX, CAOSIX, ØTIX, LEAKIX, OBLIVIX, NONDPIX, PERMISSIONIX, MULTIX. EROI: LUXPECTORIX, SCUDIX, CONSENSIX, PRIVACIX, PREPOSTIX, CHEFIX, SICURIX. NEGATIVE: nessun marchio LEGO reale, nessun personaggio protetto (Asterix ecc.), niente gore/horror, niente claim assoluti ('rischio zero','garantito','zero multe').",La differenza tra chi in Arte/Sport dorme sereno e chi trema al controllo,"La differenza tra chi in Arte/Sport dorme sereno e chi trema al controllo

In arte/sport gli adempimenti obbligatori non aspettano: Ruolo/Preposto, Emergenze/Soccorso, DPI, Documento, Infestanti, Ruolo/RSPP, Formazione, MMC, Temperature, Allergeni. In questa pagina TALES OF SICURIX il PERICOLO prende forma... e il METODO81+ lo rimette in ordine, passo dopo passo. Immagina la scena: prima il caos, poi la checklist che sistema tutto. Chi si mette in regola prima, dorme meglio dopo.
👉 Iscriviti al corso: Corso per Preposto -> https://81plus.net/?corso=corso-per-preposto
▶️ YouTube: youtube.com/@sicurissimo
Contenuto informativo. Prima vedi. Poi sistemi. 81plus.net",Corso per Preposto,https://81plus.net/?corso=corso-per-preposto,#TalesOfSicurix #SICURIX #Metodo81 #81plus #Sicurissimo #Sicurezza #Privacy #HACCP #SicurezzaSulLavoro,SICURIX_TALES_871000_3_6_8_19_17_5_22_10_16_18.webp,https://drive.google.com/drive/folders/1hICKXdl9JTZBL1pemG19oE_661z-EH_k,IMG_ERR
31.00.15,Manifattura,C,Sicurezza+Ambientale+HACCP+Privacy,11,Sorveglianza Sanitaria / Medico Competente | Gestione Rifiuti e Registro | Piano di Sanificazione | Addetto Antincendio | Movimentazione Manuale Carichi | Formazione Specifica (rischio alto) | Uso e Formazione DPI | Nomina Incaricati/Responsabili | Attrezzature e Macchine | Stress Lavoro-Correlato | Registro dei Trattamenti,D.Lgs81/08 art.41 | D.Lgs152/06 | Reg.CE 852/2004 | DM 2/9/2021 | D.Lgs81/08 Tit.VI | Accordo Stato-Regioni | D.Lgs81/08 art.77 | GDPR art.28-29 | D.Lgs81/08 Tit.III | D.Lgs81/08 art.28 | GDPR art.30,"FORMIX>FUMIX, SICURIX>IMPROVVISIX, PRIVACIX>TEMPORIX, CHEFIX>SOTTOVALUTIX, CHECKIX>BIOXIX, ROBOTIX81>VOLTIX, PRIVACIX>SCIVOLIX, HYGIENIX>PHISHIX, CHEFIX>FUMIX, TRACCIX>ØTIX, TRACCIX>FRETTIX","Crea una PAGINA A FUMETTI a STORIA COMPLETA, verticale A4 (1024x1536), QUALITA' EDITORIALE DA STAMPA, stile ufficiale 'SICURIX TALES' IDENTICO alle immagini di riferimento allegate (stessi personaggi a mattoncini 3D, stessa impaginazione, stessi colori, stesse rese): minifigure espressive, ambientazioni ricche e dettagliate del settore, luci morbide, profondita', bordi vignetta netti. IMPAGINAZIONE OBBLIGATORIA: da 10 a 12 VIGNETTE numerate che raccontano UNA STORIA con arco narrativo completo (1 situazione normale -> 2-4 arrivano i pericoli coi cattivi -> 5-6 tensione/conseguenza -> 7-9 arriva SICURIX con gli eroi e applica il METODO81+ passo per passo -> 10-11 risoluzione ordinata -> 12 finale). HEADER in alto: SICURIX (mantello, medaglione arancione '81+', bussola) che presenta in un fumetto; grande titolo 'SICURIX TALES'; sottotitolo 'MANIFATTURA: Pericolo vs Soluzione con Metodo 81+'; legenda 3 voci (verde Sicurezza, rosso Rischio, blu 81+ Soluzione); fila di EROI coi nomi: FORMIX, SICURIX, PRIVACIX, CHEFIX, CHECKIX, ROBOTIX81. FOOTER in basso: grande 'Prima vedi. Poi sistemi.'; banner scudo verde 'PROTEGGIAMO. PREVENIAMO. MIGLIORIAMO.' e triangolo rosso 'DISATTENZIONE. RISCHI. COSTI. CAOS.'; logo '81+' + '81plus.net'. TRAMA (usa questi eventi come vignette; se sono meno di 10 aggiungi vignette di contesto, dialogo e reazione per arrivare a 10-12): 1) FUMIX causa il pericolo 'Sorveglianza sanitaria' (Sorveglianza Sanitaria / Medico Competente); poi FORMIX+SICURIX applicano il METODO81+; 2) IMPROVVISIX causa il pericolo 'Rifiuti' (Gestione Rifiuti e Registro); poi SICURIX+SICURIX applicano il METODO81+; 3) TEMPORIX causa il pericolo 'Sanificazione' (Piano di Sanificazione); poi PRIVACIX+SICURIX applicano il METODO81+; 4) SOTTOVALUTIX causa il pericolo 'Emergenze/Incendio' (Addetto Antincendio); poi CHEFIX+SICURIX applicano il METODO81+; 5) BIOXIX causa il pericolo 'MMC' (Movimentazione Manuale Carichi); poi CHECKIX+SICURIX applicano il METODO81+; 6) VOLTIX causa il pericolo 'Formazione specifica' (Formazione Specifica (rischio alto)); poi ROBOTIX81+SICURIX applicano il METODO81+; 7) SCIVOLIX causa il pericolo 'DPI' (Uso e Formazione DPI); poi PRIVACIX+SICURIX applicano il METODO81+; 8) PHISHIX causa il pericolo 'Nomine' (Nomina Incaricati/Responsabili); poi HYGIENIX+SICURIX applicano il METODO81+; 9) FUMIX causa il pericolo 'Attrezzature' (Attrezzature e Macchine); poi CHEFIX+SICURIX applicano il METODO81+; 10) ØTIX causa il pericolo 'Stress' (Stress Lavoro-Correlato); poi TRACCIX+SICURIX applicano il METODO81+; 11) FRETTIX causa il pericolo 'Registro' (Registro dei Trattamenti); poi TRACCIX+SICURIX applicano il METODO81+. PALETTE BRAND ESCLUSIVA: nero #05050A, bianco panna, arancione #FF6A1A/#E8501A; ROSSO solo per 'PERICOLO', VERDE per la checklist 'Metodo 81+'. Logo '81+' ben visibile in OGNI vignetta. REGOLA STORIA: SICURIX NON agisce mai da solo - in OGNI vignetta di soluzione si fa AIUTARE dai suoi colleghi EROI (lavoro di squadra, ognuno col suo ruolo). TESTO: didascalie e fumetti MOLTO BREVI (1-4 parole), GRANDI, centrati, in ITALIANO con ORTOGRAFIA PERFETTA, senza parole inventate, lettere doppie errate o testo tagliato. CATTIVI (coerenti col canone): FUMIX, IMPROVVISIX, TEMPORIX, SOTTOVALUTIX, BIOXIX, VOLTIX, SCIVOLIX, PHISHIX, ØTIX, FRETTIX. EROI: FORMIX, SICURIX, PRIVACIX, CHEFIX, CHECKIX, ROBOTIX81, HYGIENIX, TRACCIX. NEGATIVE: nessun marchio LEGO reale, nessun personaggio protetto (Asterix ecc.), niente gore/horror, niente claim assoluti ('rischio zero','garantito','zero multe').",In Manifattura c'e' un obbligo che in tanti scoprono solo con la sanzione,"Quello che l'ispettore controlla per primo in Manifattura (e quasi nessuno lo sa)

In manifattura gli adempimenti obbligatori non aspettano: Sorveglianza sanitaria, Rifiuti, Sanificazione, Emergenze/Incendio, MMC, Formazione specifica, DPI, Nomine, Attrezzature, Stress, Registro. In questa pagina TALES OF SICURIX il PERICOLO prende forma... e il METODO81+ lo rimette in ordine, passo dopo passo. Immagina la scena: prima il caos, poi la checklist che sistema tutto. Mettere ordine ora costa poco. Rimediare dopo costa caro.
👉 Iscriviti al corso: Corso lavoratore parte GENERALE 4 ore -> https://81plus.net/?corso=corso-lavoratore-parte-generale-4-ore
▶️ YouTube: youtube.com/@sicurissimo
Contenuto informativo. Prima vedi. Poi sistemi. 81plus.net",Corso lavoratore parte GENERALE 4 ore,https://81plus.net/?corso=corso-lavoratore-parte-generale-4-ore,#TalesOfSicurix #SICURIX #Metodo81 #81plus #Sicurissimo #Sicurezza #Ambientale #HACCP #Privacy #SicurezzaSulLavoro,SICURIX_TALES_310015_9_27_17_7_10_2_8_24_14_11_23.webp,https://drive.google.com/drive/folders/1hICKXdl9JTZBL1pemG19oE_661z-EH_k,IMG_ERR
47.69.91,Commercio,G,Privacy+Sicurezza+HACCP,12,Registro dei Trattamenti | Addetto Primo Soccorso | Formazione GDPR | Informativa e Consensi | Rintracciabilita ed Etichettatura | Formazione Preposto | Gestione Allergeni | Addetto Antincendio | Videosorveglianza a norma | Controllo Temperature e Celle | Manuale HACCP di Autocontrollo | Lotta agli Infestanti (Pest Control),GDPR art.30 | DM 388/2003 | GDPR art.32 | GDPR art.13 | Reg.CE 178/2002 | D.Lgs81/08 art.37 | Reg.UE 1169/2011 | DM 2/9/2021 | Provv.Garante | Reg.CE 852/2004,"PREPOSTIX>CANCELIX, CIFRIX>BIOXIX, PREPOSTIX>RISKIX, BLINKIX>IMPROVVISIX, LUXPECTORIX>MULTIX, PREPOSTIX>RISKIX, DOCUMIX>TEMPORIX, LUXPECTORIX>OBLIVIX, FORMIX>LEAKIX, HYGIENIX>MESCOLIX, CHEFIX>MESCOLIX, CIFRIX>DOSAGIX","Crea una PAGINA A FUMETTI a STORIA COMPLETA, verticale A4 (1024x1536), QUALITA' EDITORIALE DA STAMPA, stile ufficiale 'SICURIX TALES' IDENTICO alle immagini di riferimento allegate (stessi personaggi a mattoncini 3D, stessa impaginazione, stessi colori, stesse rese): minifigure espressive, ambientazioni ricche e dettagliate del settore, luci morbide, profondita', bordi vignetta netti. IMPAGINAZIONE OBBLIGATORIA: da 10 a 12 VIGNETTE numerate che raccontano UNA STORIA con arco narrativo completo (1 situazione normale -> 2-4 arrivano i pericoli coi cattivi -> 5-6 tensione/conseguenza -> 7-9 arriva SICURIX con gli eroi e applica il METODO81+ passo per passo -> 10-11 risoluzione ordinata -> 12 finale). HEADER in alto: SICURIX (mantello, medaglione arancione '81+', bussola) che presenta in un fumetto; grande titolo 'SICURIX TALES'; sottotitolo 'COMMERCIO: Pericolo vs Soluzione con Metodo 81+'; legenda 3 voci (verde Sicurezza, rosso Rischio, blu 81+ Soluzione); fila di EROI coi nomi: PREPOSTIX, CIFRIX, BLINKIX, LUXPECTORIX, DOCUMIX, FORMIX. FOOTER in basso: grande 'Prima vedi. Poi sistemi.'; banner scudo verde 'PROTEGGIAMO. PREVENIAMO. MIGLIORIAMO.' e triangolo rosso 'DISATTENZIONE. RISCHI. COSTI. CAOS.'; logo '81+' + '81plus.net'. TRAMA (usa questi eventi come vignette; se sono meno di 10 aggiungi vignette di contesto, dialogo e reazione per arrivare a 10-12): 1) CANCELIX causa il pericolo 'Registro' (Registro dei Trattamenti); poi PREPOSTIX+SICURIX applicano il METODO81+; 2) BIOXIX causa il pericolo 'Emergenze/Soccorso' (Addetto Primo Soccorso); poi CIFRIX+SICURIX applicano il METODO81+; 3) RISKIX causa il pericolo 'Formazione' (Formazione GDPR); poi PREPOSTIX+SICURIX applicano il METODO81+; 4) IMPROVVISIX causa il pericolo 'Documento' (Informativa e Consensi); poi BLINKIX+SICURIX applicano il METODO81+; 5) MULTIX causa il pericolo 'Rintracciabilita' (Rintracciabilita ed Etichettatura); poi LUXPECTORIX+SICURIX applicano il METODO81+; 6) RISKIX causa il pericolo 'Ruolo/Preposto' (Formazione Preposto); poi PREPOSTIX+SICURIX applicano il METODO81+; 7) TEMPORIX causa il pericolo 'Allergeni' (Gestione Allergeni); poi DOCUMIX+SICURIX applicano il METODO81+; 8) OBLIVIX causa il pericolo 'Emergenze/Incendio' (Addetto Antincendio); poi LUXPECTORIX+SICURIX applicano il METODO81+; 9) LEAKIX causa il pericolo 'Videosorveglianza' (Videosorveglianza a norma); poi FORMIX+SICURIX applicano il METODO81+; 10) MESCOLIX causa il pericolo 'Temperature' (Controllo Temperature e Celle); poi HYGIENIX+SICURIX applicano il METODO81+; 11) MESCOLIX causa il pericolo 'Documento' (Manuale HACCP di Autocontrollo); poi CHEFIX+SICURIX applicano il METODO81+; 12) DOSAGIX causa il pericolo 'Infestanti' (Lotta agli Infestanti (Pest Control)); poi CIFRIX+SICURIX applicano il METODO81+. PALETTE BRAND ESCLUSIVA: nero #05050A, bianco panna, arancione #FF6A1A/#E8501A; ROSSO solo per 'PERICOLO', VERDE per la checklist 'Metodo 81+'. Logo '81+' ben visibile in OGNI vignetta. REGOLA STORIA: SICURIX NON agisce mai da solo - in OGNI vignetta di soluzione si fa AIUTARE dai suoi colleghi EROI (lavoro di squadra, ognuno col suo ruolo). TESTO: didascalie e fumetti MOLTO BREVI (1-4 parole), GRANDI, centrati, in ITALIANO con ORTOGRAFIA PERFETTA, senza parole inventate, lettere doppie errate o testo tagliato. CATTIVI (coerenti col canone): CANCELIX, BIOXIX, RISKIX, IMPROVVISIX, MULTIX, TEMPORIX, OBLIVIX, LEAKIX, MESCOLIX, DOSAGIX. EROI: PREPOSTIX, CIFRIX, BLINKIX, LUXPECTORIX, DOCUMIX, FORMIX, HYGIENIX, CHEFIX. NEGATIVE: nessun marchio LEGO reale, nessun personaggio protetto (Asterix ecc.), niente gore/horror, niente claim assoluti ('rischio zero','garantito','zero multe').",La differenza tra chi in Commercio dorme sereno e chi trema al controllo,"In Commercio c'e' un obbligo che in tanti scoprono solo con la sanzione

In commercio gli adempimenti obbligatori non aspettano: Registro, Emergenze/Soccorso, Formazione, Documento, Rintracciabilita, Ruolo/Preposto, Allergeni, Emergenze/Incendio, Videosorveglianza, Temperature, Infestanti. In questa pagina TALES OF SICURIX il PERICOLO prende forma... e il METODO81+ lo rimette in ordine, passo dopo passo. Immagina la scena: prima il caos, poi la checklist che sistema tutto. Non e' burocrazia: e' la tua tranquillita.
👉 Iscriviti al corso: Corso privacy destinato ai lavoratori -> https://81plus.net/?corso=corso-privacy-destinato-ai-lavoratori
▶️ YouTube: youtube.com/@sicurissimo
Contenuto informativo. Prima vedi. Poi sistemi. 81plus.net",Corso privacy destinato ai lavoratori,https://81plus.net/?corso=corso-privacy-destinato-ai-lavoratori,#TalesOfSicurix #SICURIX #Metodo81 #81plus #Sicurissimo #Privacy #Sicurezza #HACCP #SicurezzaSulLavoro,SICURIX_TALES_476991_20_6_22_19_15_3_18_7_24_16_12_17.webp,https://drive.google.com/drive/folders/1hICKXdl9JTZBL1pemG19oE_661z-EH_k,IMG_ERR
10.72.00,Manifattura,C,Ambientale+HACCP+Sicurezza,12,Formazione Ambientale | Piano di Sanificazione | Uso e Formazione DPI | Formazione Specifica (rischio alto) | RSPP / Datore di Lavoro RSPP | Addetto Antincendio | Movimentazione Manuale Carichi | Manuale HACCP di Autocontrollo | Sorveglianza Sanitaria / Medico Competente | Rappresentante Lavoratori Sicurezza (RLS) | Corso Alimentarista | Formazione Generale Lavoratori,D.Lgs152/06 | Reg.CE 852/2004 | D.Lgs81/08 art.77 | Accordo Stato-Regioni | D.Lgs81/08 art.34 | DM 2/9/2021 | D.Lgs81/08 Tit.VI | D.Lgs81/08 art.41 | D.Lgs81/08 art.47,"CIFRIX>CAOSIX, CONSENSIX>FRETTIX, CHECKIX>SEGNALEX, LUXPECTORIX>SCIVOLIX, FORMIX>IMPROVVISIX, BLINKIX>RISKIX, DOCUMIX>FUMIX, CONSENSIX>MULTIX, SCUDIX>VIBRIX, HYGIENIX>CADUTIX, LUXPECTORIX>IMPROVVISIX, TRACCIX>OBLIVIX","Crea una PAGINA A FUMETTI a STORIA COMPLETA, verticale A4 (1024x1536), QUALITA' EDITORIALE DA STAMPA, stile ufficiale 'SICURIX TALES' IDENTICO alle immagini di riferimento allegate (stessi personaggi a mattoncini 3D, stessa impaginazione, stessi colori, stesse rese): minifigure espressive, ambientazioni ricche e dettagliate del settore, luci morbide, profondita', bordi vignetta netti. IMPAGINAZIONE OBBLIGATORIA: da 10 a 12 VIGNETTE numerate che raccontano UNA STORIA con arco narrativo completo (1 situazione normale -> 2-4 arrivano i pericoli coi cattivi -> 5-6 tensione/conseguenza -> 7-9 arriva SICURIX con gli eroi e applica il METODO81+ passo per passo -> 10-11 risoluzione ordinata -> 12 finale). HEADER in alto: SICURIX (mantello, medaglione arancione '81+', bussola) che presenta in un fumetto; grande titolo 'SICURIX TALES'; sottotitolo 'MANIFATTURA: Pericolo vs Soluzione con Metodo 81+'; legenda 3 voci (verde Sicurezza, rosso Rischio, blu 81+ Soluzione); fila di EROI coi nomi: CIFRIX, CONSENSIX, CHECKIX, LUXPECTORIX, FORMIX, BLINKIX. FOOTER in basso: grande 'Prima vedi. Poi sistemi.'; banner scudo verde 'PROTEGGIAMO. PREVENIAMO. MIGLIORIAMO.' e triangolo rosso 'DISATTENZIONE. RISCHI. COSTI. CAOS.'; logo '81+' + '81plus.net'. TRAMA (usa questi eventi come vignette; se sono meno di 10 aggiungi vignette di contesto, dialogo e reazione per arrivare a 10-12): 1) CAOSIX causa il pericolo 'Formazione' (Formazione Ambientale); poi CIFRIX+SICURIX applicano il METODO81+; 2) FRETTIX causa il pericolo 'Sanificazione' (Piano di Sanificazione); poi CONSENSIX+SICURIX applicano il METODO81+; 3) SEGNALEX causa il pericolo 'DPI' (Uso e Formazione DPI); poi CHECKIX+SICURIX applicano il METODO81+; 4) SCIVOLIX causa il pericolo 'Formazione specifica' (Formazione Specifica (rischio alto)); poi LUXPECTORIX+SICURIX applicano il METODO81+; 5) IMPROVVISIX causa il pericolo 'Ruolo/RSPP' (RSPP / Datore di Lavoro RSPP); poi FORMIX+SICURIX applicano il METODO81+; 6) RISKIX causa il pericolo 'Emergenze/Incendio' (Addetto Antincendio); poi BLINKIX+SICURIX applicano il METODO81+; 7) FUMIX causa il pericolo 'MMC' (Movimentazione Manuale Carichi); poi DOCUMIX+SICURIX applicano il METODO81+; 8) MULTIX causa il pericolo 'Documento' (Manuale HACCP di Autocontrollo); poi CONSENSIX+SICURIX applicano il METODO81+; 9) VIBRIX causa il pericolo 'Sorveglianza sanitaria' (Sorveglianza Sanitaria / Medico Competente); poi SCUDIX+SICURIX applicano il METODO81+; 10) CADUTIX causa il pericolo 'Ruolo/RLS' (Rappresentante Lavoratori Sicurezza (RLS)); poi HYGIENIX+SICURIX applicano il METODO81+; 11) IMPROVVISIX causa il pericolo 'Corso' (Corso Alimentarista); poi LUXPECTORIX+SICURIX applicano il METODO81+; 12) OBLIVIX causa il pericolo 'Formazione base' (Formazione Generale Lavoratori); poi TRACCIX+SICURIX applicano il METODO81+. PALETTE BRAND ESCLUSIVA: nero #05050A, bianco panna, arancione #FF6A1A/#E8501A; ROSSO solo per 'PERICOLO', VERDE per la checklist 'Metodo 81+'. Logo '81+' ben visibile in OGNI vignetta. REGOLA STORIA: SICURIX NON agisce mai da solo - in OGNI vignetta di soluzione si fa AIUTARE dai suoi colleghi EROI (lavoro di squadra, ognuno col suo ruolo). TESTO: didascalie e fumetti MOLTO BREVI (1-4 parole), GRANDI, centrati, in ITALIANO con ORTOGRAFIA PERFETTA, senza parole inventate, lettere doppie errate o testo tagliato. CATTIVI (coerenti col canone): CAOSIX, FRETTIX, SEGNALEX, SCIVOLIX, IMPROVVISIX, RISKIX, FUMIX, MULTIX, VIBRIX, CADUTIX, OBLIVIX. EROI: CIFRIX, CONSENSIX, CHECKIX, LUXPECTORIX, FORMIX, BLINKIX, DOCUMIX, SCUDIX, HYGIENIX, TRACCIX. NEGATIVE: nessun marchio LEGO reale, nessun personaggio protetto (Asterix ecc.), niente gore/horror, niente claim assoluti ('rischio zero','garantito','zero multe').",La differenza tra chi in Manifattura dorme sereno e chi trema al controllo,"Manifattura: 3 minuti oggi o un problema enorme domani. Scegli tu.

In manifattura gli adempimenti obbligatori non aspettano: Formazione, Sanificazione, DPI, Formazione specifica, Ruolo/RSPP, Emergenze/Incendio, MMC, Documento, Sorveglianza sanitaria, Ruolo/RLS, Corso, Formazione base. In questa pagina TALES OF SICURIX il PERICOLO prende forma... e il METODO81+ lo rimette in ordine, passo dopo passo. Immagina la scena: prima il caos, poi la checklist che sistema tutto. Mettere ordine ora costa poco. Rimediare dopo costa caro.
👉 Iscriviti al corso: Preposto incaricato alla gestione ambientale nei cantieri - 16 ore -> https://81plus.net/?corso=preposto-incaricato-alla-gestione-ambientale-nei-cantieri-16
▶️ YouTube: youtube.com/@sicurissimo
Contenuto informativo. Prima vedi. Poi sistemi. 81plus.net",Preposto incaricato alla gestione ambientale nei cantieri - 16 ore,https://81plus.net/?corso=preposto-incaricato-alla-gestione-ambientale-nei-cantieri-16,#TalesOfSicurix #SICURIX #Metodo81 #81plus #Sicurissimo #Ambientale #HACCP #Sicurezza #SicurezzaSulLavoro,SICURIX_TALES_107200_27_16_8_2_5_7_10_14_9_4_15_1.webp,https://drive.google.com/drive/folders/1hICKXdl9JTZBL1pemG19oE_661z-EH_k,IMG_ERR
46.44.10,Commercio,G,Sicurezza+Privacy+HACCP,12,Formazione Preposto | Addetto Primo Soccorso | Formazione Generale Lavoratori | Nomina Incaricati/Responsabili | Formazione GDPR | Uso e Formazione DPI | Addetto Antincendio | Rintracciabilita ed Etichettatura | RSPP / Datore di Lavoro RSPP | Formazione Specifica (rischio medio) | Movimentazione Manuale Carichi | Documento Valutazione Rischi (DVR),D.Lgs81/08 art.37 | DM 388/2003 | Accordo Stato-Regioni | GDPR art.28-29 | GDPR art.32 | D.Lgs81/08 art.77 | DM 2/9/2021 | Reg.CE 178/2002 | D.Lgs81/08 art.34 | D.Lgs81/08 Tit.VI | D.Lgs81/08 art.28,"SCUDIX>FRETTIX, SICURIX>IMPROVVISIX, CHEFIX>SCIVOLIX, ROBOTIX81>PERMISSIONIX, CHEFIX>MULTIX, DOCUMIX>BIOXIX, CIFRIX>SEGNALEX, BLINKIX>CAOSIX, FORMIX>TAGLIX, BLINKIX>NONDPIX, PRIVACIX>VOLTIX, PREPOSTIX>MULTIX","Crea una PAGINA A FUMETTI a STORIA COMPLETA, verticale A4 (1024x1536), QUALITA' EDITORIALE DA STAMPA, stile ufficiale 'SICURIX TALES' IDENTICO alle immagini di riferimento allegate (stessi personaggi a mattoncini 3D, stessa impaginazione, stessi colori, stesse rese): minifigure espressive, ambientazioni ricche e dettagliate del settore, luci morbide, profondita', bordi vignetta netti. IMPAGINAZIONE OBBLIGATORIA: da 10 a 12 VIGNETTE numerate che raccontano UNA STORIA con arco narrativo completo (1 situazione normale -> 2-4 arrivano i pericoli coi cattivi -> 5-6 tensione/conseguenza -> 7-9 arriva SICURIX con gli eroi e applica il METODO81+ passo per passo -> 10-11 risoluzione ordinata -> 12 finale). HEADER in alto: SICURIX (mantello, medaglione arancione '81+', bussola) che presenta in un fumetto; grande titolo 'SICURIX TALES'; sottotitolo 'COMMERCIO: Pericolo vs Soluzione con Metodo 81+'; legenda 3 voci (verde Sicurezza, rosso Rischio, blu 81+ Soluzione); fila di EROI coi nomi: SCUDIX, SICURIX, CHEFIX, ROBOTIX81, DOCUMIX, CIFRIX. FOOTER in basso: grande 'Prima vedi. Poi sistemi.'; banner scudo verde 'PROTEGGIAMO. PREVENIAMO. MIGLIORIAMO.' e triangolo rosso 'DISATTENZIONE. RISCHI. COSTI. CAOS.'; logo '81+' + '81plus.net'. TRAMA (usa questi eventi come vignette; se sono meno di 10 aggiungi vignette di contesto, dialogo e reazione per arrivare a 10-12): 1) FRETTIX causa il pericolo 'Ruolo/Preposto' (Formazione Preposto); poi SCUDIX+SICURIX applicano il METODO81+; 2) IMPROVVISIX causa il pericolo 'Emergenze/Soccorso' (Addetto Primo Soccorso); poi SICURIX+SICURIX applicano il METODO81+; 3) SCIVOLIX causa il pericolo 'Formazione base' (Formazione Generale Lavoratori); poi CHEFIX+SICURIX applicano il METODO81+; 4) PERMISSIONIX causa il pericolo 'Nomine' (Nomina Incaricati/Responsabili); poi ROBOTIX81+SICURIX applicano il METODO81+; 5) MULTIX causa il pericolo 'Formazione' (Formazione GDPR); poi CHEFIX+SICURIX applicano il METODO81+; 6) BIOXIX causa il pericolo 'DPI' (Uso e Formazione DPI); poi DOCUMIX+SICURIX applicano il METODO81+; 7) SEGNALEX causa il pericolo 'Emergenze/Incendio' (Addetto Antincendio); poi CIFRIX+SICURIX applicano il METODO81+; 8) CAOSIX causa il pericolo 'Rintracciabilita' (Rintracciabilita ed Etichettatura); poi BLINKIX+SICURIX applicano il METODO81+; 9) TAGLIX causa il pericolo 'Ruolo/RSPP' (RSPP / Datore di Lavoro RSPP); poi FORMIX+SICURIX applicano il METODO81+; 10) NONDPIX causa il pericolo 'Formazione specifica' (Formazione Specifica (rischio medio)); poi BLINKIX+SICURIX applicano il METODO81+; 11) VOLTIX causa il pericolo 'MMC' (Movimentazione Manuale Carichi); poi PRIVACIX+SICURIX applicano il METODO81+; 12) MULTIX causa il pericolo 'Documento' (Documento Valutazione Rischi (DVR)); poi PREPOSTIX+SICURIX applicano il METODO81+. PALETTE BRAND ESCLUSIVA: nero #05050A, bianco panna, arancione #FF6A1A/#E8501A; ROSSO solo per 'PERICOLO', VERDE per la checklist 'Metodo 81+'. Logo '81+' ben visibile in OGNI vignetta. REGOLA STORIA: SICURIX NON agisce mai da solo - in OGNI vignetta di soluzione si fa AIUTARE dai suoi colleghi EROI (lavoro di squadra, ognuno col suo ruolo). TESTO: didascalie e fumetti MOLTO BREVI (1-4 parole), GRANDI, centrati, in ITALIANO con ORTOGRAFIA PERFETTA, senza parole inventate, lettere doppie errate o testo tagliato. CATTIVI (coerenti col canone): FRETTIX, IMPROVVISIX, SCIVOLIX, PERMISSIONIX, MULTIX, BIOXIX, SEGNALEX, CAOSIX, TAGLIX, NONDPIX, VOLTIX. EROI: SCUDIX, SICURIX, CHEFIX, ROBOTIX81, DOCUMIX, CIFRIX, BLINKIX, FORMIX, PRIVACIX, PREPOSTIX. NEGATIVE: nessun marchio LEGO reale, nessun personaggio protetto (Asterix ecc.), niente gore/horror, niente claim assoluti ('rischio zero','garantito','zero multe').","In Commercio non e' 'se' arriva il controllo, e' 'quando'. Sei pronto?","In Commercio non e' 'se' arriva il controllo, e' 'quando'. Sei pronto?

In commercio gli adempimenti obbligatori non aspettano: Ruolo/Preposto, Emergenze/Soccorso, Formazione base, Nomine, Formazione, DPI, Emergenze/Incendio, Rintracciabilita, Ruolo/RSPP, Formazione specifica, MMC, Documento. In questa pagina TALES OF SICURIX il PERICOLO prende forma... e il METODO81+ lo rimette in ordine, passo dopo passo. Immagina la scena: prima il caos, poi la checklist che sistema tutto. Chi si mette in regola prima, dorme meglio dopo.
👉 Iscriviti al corso: Corso per Preposto -> https://81plus.net/?corso=corso-per-preposto
▶️ YouTube: youtube.com/@sicurissimo
Contenuto informativo. Prima vedi. Poi sistemi. 81plus.net",Corso per Preposto,https://81plus.net/?corso=corso-per-preposto,#TalesOfSicurix #SICURIX #Metodo81 #81plus #Sicurissimo #Sicurezza #Privacy #HACCP #SicurezzaSulLavoro,SICURIX_TALES_464410_3_6_1_21_22_8_7_15_5_2_10_0.webp,https://drive.google.com/drive/folders/1hICKXdl9JTZBL1pemG19oE_661z-EH_k,IMG_ERR
31.00.11,Manifattura,C,Sicurezza+Ambientale+Privacy+HACCP,12,Videoterminali (VDT) | Formazione Ambientale | Informativa e Consensi | Rintracciabilita ed Etichettatura | Sorveglianza Sanitaria / Medico Competente | Manuale HACCP di Autocontrollo | Formazione Specifica (rischio alto) | Addetto Primo Soccorso | Rappresentante Lavoratori Sicurezza (RLS) | Gestione Rifiuti e Registro | Corso Alimentarista | Registro dei Trattamenti,D.Lgs81/08 Tit.VII | D.Lgs152/06 | GDPR art.13 | Reg.CE 178/2002 | D.Lgs81/08 art.41 | Reg.CE 852/2004 | Accordo Stato-Regioni | DM 388/2003 | D.Lgs81/08 art.47 | GDPR art.30,"PRIVACIX>ØTIX, SICURIX>OBLIVIX, TRACCIX>HACKIX, SCUDIX>MULTIX, CHEFIX>IMPROVVISIX, CIFRIX>IMPROVVISIX, DOCUMIX>CADUTIX, LUXPECTORIX>SOTTOVALUTIX, CIFRIX>CAOSIX, CHEFIX>IMPROVVISIX, ROBOTIX81>CROSSIX, CIFRIX>FRETTIX","Crea una PAGINA A FUMETTI a STORIA COMPLETA, verticale A4 (1024x1536), QUALITA' EDITORIALE DA STAMPA, stile ufficiale 'SICURIX TALES' IDENTICO alle immagini di riferimento allegate (stessi personaggi a mattoncini 3D, stessa impaginazione, stessi colori, stesse rese): minifigure espressive, ambientazioni ricche e dettagliate del settore, luci morbide, profondita', bordi vignetta netti. IMPAGINAZIONE OBBLIGATORIA: da 10 a 12 VIGNETTE numerate che raccontano UNA STORIA con arco narrativo completo (1 situazione normale -> 2-4 arrivano i pericoli coi cattivi -> 5-6 tensione/conseguenza -> 7-9 arriva SICURIX con gli eroi e applica il METODO81+ passo per passo -> 10-11 risoluzione ordinata -> 12 finale). HEADER in alto: SICURIX (mantello, medaglione arancione '81+', bussola) che presenta in un fumetto; grande titolo 'SICURIX TALES'; sottotitolo 'MANIFATTURA: Pericolo vs Soluzione con Metodo 81+'; legenda 3 voci (verde Sicurezza, rosso Rischio, blu 81+ Soluzione); fila di EROI coi nomi: PRIVACIX, SICURIX, TRACCIX, SCUDIX, CHEFIX, CIFRIX. FOOTER in basso: grande 'Prima vedi. Poi sistemi.'; banner scudo verde 'PROTEGGIAMO. PREVENIAMO. MIGLIORIAMO.' e triangolo rosso 'DISATTENZIONE. RISCHI. COSTI. CAOS.'; logo '81+' + '81plus.net'. TRAMA (usa questi eventi come vignette; se sono meno di 10 aggiungi vignette di contesto, dialogo e reazione per arrivare a 10-12): 1) ØTIX causa il pericolo 'Videoterminali' (Videoterminali (VDT)); poi PRIVACIX+SICURIX applicano il METODO81+; 2) OBLIVIX causa il pericolo 'Formazione' (Formazione Ambientale); poi SICURIX+SICURIX applicano il METODO81+; 3) HACKIX causa il pericolo 'Documento' (Informativa e Consensi); poi TRACCIX+SICURIX applicano il METODO81+; 4) MULTIX causa il pericolo 'Rintracciabilita' (Rintracciabilita ed Etichettatura); poi SCUDIX+SICURIX applicano il METODO81+; 5) IMPROVVISIX causa il pericolo 'Sorveglianza sanitaria' (Sorveglianza Sanitaria / Medico Competente); poi CHEFIX+SICURIX applicano il METODO81+; 6) IMPROVVISIX causa il pericolo 'Documento' (Manuale HACCP di Autocontrollo); poi CIFRIX+SICURIX applicano il METODO81+; 7) CADUTIX causa il pericolo 'Formazione specifica' (Formazione Specifica (rischio alto)); poi DOCUMIX+SICURIX applicano il METODO81+; 8) SOTTOVALUTIX causa il pericolo 'Emergenze/Soccorso' (Addetto Primo Soccorso); poi LUXPECTORIX+SICURIX applicano il METODO81+; 9) CAOSIX causa il pericolo 'Ruolo/RLS' (Rappresentante Lavoratori Sicurezza (RLS)); poi CIFRIX+SICURIX applicano il METODO81+; 10) IMPROVVISIX causa il pericolo 'Rifiuti' (Gestione Rifiuti e Registro); poi CHEFIX+SICURIX applicano il METODO81+; 11) CROSSIX causa il pericolo 'Corso' (Corso Alimentarista); poi ROBOTIX81+SICURIX applicano il METODO81+; 12) FRETTIX causa il pericolo 'Registro' (Registro dei Trattamenti); poi CIFRIX+SICURIX applicano il METODO81+. PALETTE BRAND ESCLUSIVA: nero #05050A, bianco panna, arancione #FF6A1A/#E8501A; ROSSO solo per 'PERICOLO', VERDE per la checklist 'Metodo 81+'. Logo '81+' ben visibile in OGNI vignetta. REGOLA STORIA: SICURIX NON agisce mai da solo - in OGNI vignetta di soluzione si fa AIUTARE dai suoi colleghi EROI (lavoro di squadra, ognuno col suo ruolo). TESTO: didascalie e fumetti MOLTO BREVI (1-4 parole), GRANDI, centrati, in ITALIANO con ORTOGRAFIA PERFETTA, senza parole inventate, lettere doppie errate o testo tagliato. CATTIVI (coerenti col canone): ØTIX, OBLIVIX, HACKIX, MULTIX, IMPROVVISIX, CADUTIX, SOTTOVALUTIX, CAOSIX, CROSSIX, FRETTIX. EROI: PRIVACIX, SICURIX, TRACCIX, SCUDIX, CHEFIX, CIFRIX, DOCUMIX, LUXPECTORIX, ROBOTIX81. NEGATIVE: nessun marchio LEGO reale, nessun personaggio protetto (Asterix ecc.), niente gore/horror, niente claim assoluti ('rischio zero','garantito','zero multe').",Manifattura: 3 minuti oggi o un problema enorme domani. Scegli tu.,"La differenza tra chi in Manifattura dorme sereno e chi trema al controllo

In manifattura gli adempimenti obbligatori non aspettano: Videoterminali, Formazione, Documento, Rintracciabilita, Sorveglianza sanitaria, Formazione specifica, Emergenze/Soccorso, Ruolo/RLS, Rifiuti, Corso, Registro. In questa pagina TALES OF SICURIX il PERICOLO prende forma... e il METODO81+ lo rimette in ordine, passo dopo passo. Immagina la scena: prima il caos, poi la checklist che sistema tutto. Chi si mette in regola prima, dorme meglio dopo.
👉 Iscriviti al corso: Corso RSPP Datore di Lavoro : videoterminali -> https://81plus.net/?corso=corso-rspp-datore-di-lavoro-videoterminali
▶️ YouTube: youtube.com/@sicurissimo
Contenuto informativo. Prima vedi. Poi sistemi. 81plus.net",Corso RSPP Datore di Lavoro : videoterminali,https://81plus.net/?corso=corso-rspp-datore-di-lavoro-videoterminali,#TalesOfSicurix #SICURIX #Metodo81 #81plus #Sicurissimo #Sicurezza #Ambientale #Privacy #HACCP #SicurezzaSulLavoro,SICURIX_TALES_310011_12_29_22_18_9_15_2_6_4_28_16_23.webp,https://drive.google.com/drive/folders/1hICKXdl9JTZBL1pemG19oE_661z-EH_k,IMG_ERR
55.20.32,Alloggio/Ristorazione,I,Privacy+Sicurezza+HACCP,10,Videosorveglianza a norma | Stress Lavoro-Correlato | Rintracciabilita ed Etichettatura | Addetto Antincendio | Rappresentante Lavoratori Sicurezza (RLS) | Informativa e Consensi | Procedura Data Breach | Sorveglianza Sanitaria / Medico Competente | Registro dei Trattamenti | Formazione Preposto,Provv.Garante | D.Lgs81/08 art.28 | Reg.CE 178/2002 | DM 2/9/2021 | D.Lgs81/08 art.47 | GDPR art.13 | GDPR art.33-34 | D.Lgs81/08 art.41 | GDPR art.30 | D.Lgs81/08 art.37,"CHECKIX>SPYIX, DOCUMIX>NONDPIX, FORMIX>SCADUTIX, TRACCIX>VOLTIX, ROBOTIX81>MULTIX, FORMIX>FRETTIX, SICURIX>CAOSIX, HYGIENIX>SCIVOLIX, SCUDIX>CAOSIX, PRIVACIX>SCIVOLIX","Crea una PAGINA A FUMETTI a STORIA COMPLETA, verticale A4 (1024x1536), QUALITA' EDITORIALE DA STAMPA, stile ufficiale 'SICURIX TALES' IDENTICO alle immagini di riferimento allegate (stessi personaggi a mattoncini 3D, stessa impaginazione, stessi colori, stesse rese): minifigure espressive, ambientazioni ricche e dettagliate del settore, luci morbide, profondita', bordi vignetta netti. IMPAGINAZIONE OBBLIGATORIA: da 10 a 12 VIGNETTE numerate che raccontano UNA STORIA con arco narrativo completo (1 situazione normale -> 2-4 arrivano i pericoli coi cattivi -> 5-6 tensione/conseguenza -> 7-9 arriva SICURIX con gli eroi e applica il METODO81+ passo per passo -> 10-11 risoluzione ordinata -> 12 finale). HEADER in alto: SICURIX (mantello, medaglione arancione '81+', bussola) che presenta in un fumetto; grande titolo 'SICURIX TALES'; sottotitolo 'ALLOGGIO/RISTORAZIONE: Pericolo vs Soluzione con Metodo 81+'; legenda 3 voci (verde Sicurezza, rosso Rischio, blu 81+ Soluzione); fila di EROI coi nomi: CHECKIX, DOCUMIX, FORMIX, TRACCIX, ROBOTIX81, SICURIX. FOOTER in basso: grande 'Prima vedi. Poi sistemi.'; banner scudo verde 'PROTEGGIAMO. PREVENIAMO. MIGLIORIAMO.' e triangolo rosso 'DISATTENZIONE. RISCHI. COSTI. CAOS.'; logo '81+' + '81plus.net'. TRAMA (usa questi eventi come vignette; se sono meno di 10 aggiungi vignette di contesto, dialogo e reazione per arrivare a 10-12): 1) SPYIX causa il pericolo 'Videosorveglianza' (Videosorveglianza a norma); poi CHECKIX+SICURIX applicano il METODO81+; 2) NONDPIX causa il pericolo 'Stress' (Stress Lavoro-Correlato); poi DOCUMIX+SICURIX applicano il METODO81+; 3) SCADUTIX causa il pericolo 'Rintracciabilita' (Rintracciabilita ed Etichettatura); poi FORMIX+SICURIX applicano il METODO81+; 4) VOLTIX causa il pericolo 'Emergenze/Incendio' (Addetto Antincendio); poi TRACCIX+SICURIX applicano il METODO81+; 5) MULTIX causa il pericolo 'Ruolo/RLS' (Rappresentante Lavoratori Sicurezza (RLS)); poi ROBOTIX81+SICURIX applicano il METODO81+; 6) FRETTIX causa il pericolo 'Documento' (Informativa e Consensi); poi FORMIX+SICURIX applicano il METODO81+; 7) CAOSIX causa il pericolo 'Data breach' (Procedura Data Breach); poi SICURIX+SICURIX applicano il METODO81+; 8) SCIVOLIX causa il pericolo 'Sorveglianza sanitaria' (Sorveglianza Sanitaria / Medico Competente); poi HYGIENIX+SICURIX applicano il METODO81+; 9) CAOSIX causa il pericolo 'Registro' (Registro dei Trattamenti); poi SCUDIX+SICURIX applicano il METODO81+; 10) SCIVOLIX causa il pericolo 'Ruolo/Preposto' (Formazione Preposto); poi PRIVACIX+SICURIX applicano il METODO81+. PALETTE BRAND ESCLUSIVA: nero #05050A, bianco panna, arancione #FF6A1A/#E8501A; ROSSO solo per 'PERICOLO', VERDE per la checklist 'Metodo 81+'. Logo '81+' ben visibile in OGNI vignetta. REGOLA STORIA: SICURIX NON agisce mai da solo - in OGNI vignetta di soluzione si fa AIUTARE dai suoi colleghi EROI (lavoro di squadra, ognuno col suo ruolo). TESTO: didascalie e fumetti MOLTO BREVI (1-4 parole), GRANDI, centrati, in ITALIANO con ORTOGRAFIA PERFETTA, senza parole inventate, lettere doppie errate o testo tagliato. CATTIVI (coerenti col canone): SPYIX, NONDPIX, SCADUTIX, VOLTIX, MULTIX, FRETTIX, CAOSIX, SCIVOLIX. EROI: CHECKIX, DOCUMIX, FORMIX, TRACCIX, ROBOTIX81, SICURIX, HYGIENIX, SCUDIX, PRIVACIX. NEGATIVE: nessun marchio LEGO reale, nessun personaggio protetto (Asterix ecc.), niente gore/horror, niente claim assoluti ('rischio zero','garantito','zero multe').",La differenza tra chi in Alloggio/Ristorazione dorme sereno e chi trema al controllo,"In Alloggio/Ristorazione non e' 'se' arriva il controllo, e' 'quando'. Sei pronto?

In alloggio/ristorazione gli adempimenti obbligatori non aspettano: Videosorveglianza, Stress, Rintracciabilita, Emergenze/Incendio, Ruolo/RLS, Documento, Data breach, Sorveglianza sanitaria, Registro, Ruolo/Preposto. In questa pagina TALES OF SICURIX il PERICOLO prende forma... e il METODO81+ lo rimette in ordine, passo dopo passo. Immagina la scena: prima il caos, poi la checklist che sistema tutto. Mettere ordine ora costa poco. Rimediare dopo costa caro.
👉 Iscriviti al corso: Corso privacy destinato ai lavoratori -> https://81plus.net/?corso=corso-privacy-destinato-ai-lavoratori
▶️ YouTube: youtube.com/@sicurissimo
Contenuto informativo. Prima vedi. Poi sistemi. 81plus.net",Corso privacy destinato ai lavoratori,https://81plus.net/?corso=corso-privacy-destinato-ai-lavoratori,#TalesOfSicurix #SICURIX #Metodo81 #81plus #Sicurissimo #Privacy #Sicurezza #HACCP #SicurezzaSulLavoro,SICURIX_TALES_552032_24_11_15_7_4_19_23_9_20_3.webp,https://drive.google.com/drive/folders/1hICKXdl9JTZBL1pemG19oE_661z-EH_k,IMG_ERR
47.40.10,Commercio,G,Privacy+HACCP+Sicurezza,11,Videosorveglianza a norma | Manuale HACCP di Autocontrollo | Piano di Sanificazione | Gestione Allergeni | Formazione Preposto | Corso Alimentarista | Uso e Formazione DPI | Nomina Incaricati/Responsabili | Movimentazione Manuale Carichi | Rintracciabilita ed Etichettatura | Videoterminali (VDT),Provv.Garante | Reg.CE 852/2004 | Reg.UE 1169/2011 | D.Lgs81/08 art.37 | D.Lgs81/08 art.77 | GDPR art.28-29 | D.Lgs81/08 Tit.VI | Reg.CE 178/2002 | D.Lgs81/08 Tit.VII,"LUXPECTORIX>LEAKIX, CIFRIX>MESCOLIX, CONSENSIX>MESCOLIX, BLINKIX>SPORCKIX, FORMIX>FUMIX, FORMIX>MULTIX, CONSENSIX>SOTTOVALUTIX, CHEFIX>CANCELIX, CHECKIX>SCHIACCIX, DOCUMIX>MESCOLIX, TRACCIX>TAGLIX","Crea una PAGINA A FUMETTI a STORIA COMPLETA, verticale A4 (1024x1536), QUALITA' EDITORIALE DA STAMPA, stile ufficiale 'SICURIX TALES' IDENTICO alle immagini di riferimento allegate (stessi personaggi a mattoncini 3D, stessa impaginazione, stessi colori, stesse rese): minifigure espressive, ambientazioni ricche e dettagliate del settore, luci morbide, profondita', bordi vignetta netti. IMPAGINAZIONE OBBLIGATORIA: da 10 a 12 VIGNETTE numerate che raccontano UNA STORIA con arco narrativo completo (1 situazione normale -> 2-4 arrivano i pericoli coi cattivi -> 5-6 tensione/conseguenza -> 7-9 arriva SICURIX con gli eroi e applica il METODO81+ passo per passo -> 10-11 risoluzione ordinata -> 12 finale). HEADER in alto: SICURIX (mantello, medaglione arancione '81+', bussola) che presenta in un fumetto; grande titolo 'SICURIX TALES'; sottotitolo 'COMMERCIO: Pericolo vs Soluzione con Metodo 81+'; legenda 3 voci (verde Sicurezza, rosso Rischio, blu 81+ Soluzione); fila di EROI coi nomi: LUXPECTORIX, CIFRIX, CONSENSIX, BLINKIX, FORMIX, CHEFIX. FOOTER in basso: grande 'Prima vedi. Poi sistemi.'; banner scudo verde 'PROTEGGIAMO. PREVENIAMO. MIGLIORIAMO.' e triangolo rosso 'DISATTENZIONE. RISCHI. COSTI. CAOS.'; logo '81+' + '81plus.net'. TRAMA (usa questi eventi come vignette; se sono meno di 10 aggiungi vignette di contesto, dialogo e reazione per arrivare a 10-12): 1) LEAKIX causa il pericolo 'Videosorveglianza' (Videosorveglianza a norma); poi LUXPECTORIX+SICURIX applicano il METODO81+; 2) MESCOLIX causa il pericolo 'Documento' (Manuale HACCP di Autocontrollo); poi CIFRIX+SICURIX applicano il METODO81+; 3) MESCOLIX causa il pericolo 'Sanificazione' (Piano di Sanificazione); poi CONSENSIX+SICURIX applicano il METODO81+; 4) SPORCKIX causa il pericolo 'Allergeni' (Gestione Allergeni); poi BLINKIX+SICURIX applicano il METODO81+; 5) FUMIX causa il pericolo 'Ruolo/Preposto' (Formazione Preposto); poi FORMIX+SICURIX applicano il METODO81+; 6) MULTIX causa il pericolo 'Corso' (Corso Alimentarista); poi FORMIX+SICURIX applicano il METODO81+; 7) SOTTOVALUTIX causa il pericolo 'DPI' (Uso e Formazione DPI); poi CONSENSIX+SICURIX applicano il METODO81+; 8) CANCELIX causa il pericolo 'Nomine' (Nomina Incaricati/Responsabili); poi CHEFIX+SICURIX applicano il METODO81+; 9) SCHIACCIX causa il pericolo 'MMC' (Movimentazione Manuale Carichi); poi CHECKIX+SICURIX applicano il METODO81+; 10) MESCOLIX causa il pericolo 'Rintracciabilita' (Rintracciabilita ed Etichettatura); poi DOCUMIX+SICURIX applicano il METODO81+; 11) TAGLIX causa il pericolo 'Videoterminali' (Videoterminali (VDT)); poi TRACCIX+SICURIX applicano il METODO81+. PALETTE BRAND ESCLUSIVA: nero #05050A, bianco panna, arancione #FF6A1A/#E8501A; ROSSO solo per 'PERICOLO', VERDE per la checklist 'Metodo 81+'. Logo '81+' ben visibile in OGNI vignetta. REGOLA STORIA: SICURIX NON agisce mai da solo - in OGNI vignetta di soluzione si fa AIUTARE dai suoi colleghi EROI (lavoro di squadra, ognuno col suo ruolo). TESTO: didascalie e fumetti MOLTO BREVI (1-4 parole), GRANDI, centrati, in ITALIANO con ORTOGRAFIA PERFETTA, senza parole inventate, lettere doppie errate o testo tagliato. CATTIVI (coerenti col canone): LEAKIX, MESCOLIX, SPORCKIX, FUMIX, MULTIX, SOTTOVALUTIX, CANCELIX, SCHIACCIX, TAGLIX. EROI: LUXPECTORIX, CIFRIX, CONSENSIX, BLINKIX, FORMIX, CHEFIX, CHECKIX, DOCUMIX, TRACCIX. NEGATIVE: nessun marchio LEGO reale, nessun personaggio protetto (Asterix ecc.), niente gore/horror, niente claim assoluti ('rischio zero','garantito','zero multe').",In Commercio c'e' un obbligo che in tanti scoprono solo con la sanzione,"La differenza tra chi in Commercio dorme sereno e chi trema al controllo

In commercio gli adempimenti obbligatori non aspettano: Videosorveglianza, Documento, Sanificazione, Allergeni, Ruolo/Preposto, Corso, DPI, Nomine, MMC, Rintracciabilita, Videoterminali. In questa pagina TALES OF SICURIX il PERICOLO prende forma... e il METODO81+ lo rimette in ordine, passo dopo passo. Immagina la scena: prima il caos, poi la checklist che sistema tutto. Non e' burocrazia: e' la tua tranquillita.
👉 Iscriviti al corso: Corso privacy destinato ai lavoratori -> https://81plus.net/?corso=corso-privacy-destinato-ai-lavoratori
▶️ YouTube: youtube.com/@sicurissimo
Contenuto informativo. Prima vedi. Poi sistemi. 81plus.net",Corso privacy destinato ai lavoratori,https://81plus.net/?corso=corso-privacy-destinato-ai-lavoratori,#TalesOfSicurix #SICURIX #Metodo81 #81plus #Sicurissimo #Privacy #HACCP #Sicurezza #SicurezzaSulLavoro,SICURIX_TALES_474010_25_13_15_19_3_14_8_22_10_16_12.webp,https://drive.google.com/drive/folders/1hICKXdl9JTZBL1pemG19oE_661z-EH_k,IMG_ERR
38.22.00,Acqua/Rifiuti,E,Sicurezza+Privacy,12,Documento Valutazione Rischi (DVR) | Rischio Rumore | Formazione Specifica (rischio alto) | Registro dei Trattamenti | Sorveglianza Sanitaria / Medico Competente | RSPP / Datore di Lavoro RSPP | Formazione Generale Lavoratori | Uso e Formazione DPI | Nomina Incaricati/Responsabili | Formazione GDPR | Formazione Preposto | Stress Lavoro-Correlato,D.Lgs81/08 art.28 | D.Lgs81/08 Tit.VIII | Accordo Stato-Regioni | GDPR art.30 | D.Lgs81/08 art.41 | D.Lgs81/08 art.34 | D.Lgs81/08 art.77 | GDPR art.28-29 | GDPR art.32 | D.Lgs81/08 art.37,"PREPOSTIX>POLVERIX, PRIVACIX>MULTIX, HYGIENIX>CADUTIX, SCUDIX>SPYIX, SICURIX>RISKIX, PRIVACIX>ØTIX, PRIVACIX>NONDPIX, LUXPECTORIX>MULTIX, CHECKIX>RISKIX, SICURIX>RISKIX, TRACCIX>SCIVOLIX, CHEFIX>IMPROVVISIX","Crea una PAGINA A FUMETTI a STORIA COMPLETA, verticale A4 (1024x1536), QUALITA' EDITORIALE DA STAMPA, stile ufficiale 'SICURIX TALES' IDENTICO alle immagini di riferimento allegate (stessi personaggi a mattoncini 3D, stessa impaginazione, stessi colori, stesse rese): minifigure espressive, ambientazioni ricche e dettagliate del settore, luci morbide, profondita', bordi vignetta netti. IMPAGINAZIONE OBBLIGATORIA: da 10 a 12 VIGNETTE numerate che raccontano UNA STORIA con arco narrativo completo (1 situazione normale -> 2-4 arrivano i pericoli coi cattivi -> 5-6 tensione/conseguenza -> 7-9 arriva SICURIX con gli eroi e applica il METODO81+ passo per passo -> 10-11 risoluzione ordinata -> 12 finale). HEADER in alto: SICURIX (mantello, medaglione arancione '81+', bussola) che presenta in un fumetto; grande titolo 'SICURIX TALES'; sottotitolo 'ACQUA/RIFIUTI: Pericolo vs Soluzione con Metodo 81+'; legenda 3 voci (verde Sicurezza, rosso Rischio, blu 81+ Soluzione); fila di EROI coi nomi: PREPOSTIX, PRIVACIX, HYGIENIX, SCUDIX, SICURIX, LUXPECTORIX. FOOTER in basso: grande 'Prima vedi. Poi sistemi.'; banner scudo verde 'PROTEGGIAMO. PREVENIAMO. MIGLIORIAMO.' e triangolo rosso 'DISATTENZIONE. RISCHI. COSTI. CAOS.'; logo '81+' + '81plus.net'. TRAMA (usa questi eventi come vignette; se sono meno di 10 aggiungi vignette di contesto, dialogo e reazione per arrivare a 10-12): 1) POLVERIX causa il pericolo 'Documento' (Documento Valutazione Rischi (DVR)); poi PREPOSTIX+SICURIX applicano il METODO81+; 2) MULTIX causa il pericolo 'Rumore' (Rischio Rumore); poi PRIVACIX+SICURIX applicano il METODO81+; 3) CADUTIX causa il pericolo 'Formazione specifica' (Formazione Specifica (rischio alto)); poi HYGIENIX+SICURIX applicano il METODO81+; 4) SPYIX causa il pericolo 'Registro' (Registro dei Trattamenti); poi SCUDIX+SICURIX applicano il METODO81+; 5) RISKIX causa il pericolo 'Sorveglianza sanitaria' (Sorveglianza Sanitaria / Medico Competente); poi SICURIX+SICURIX applicano il METODO81+; 6) ØTIX causa il pericolo 'Ruolo/RSPP' (RSPP / Datore di Lavoro RSPP); poi PRIVACIX+SICURIX applicano il METODO81+; 7) NONDPIX causa il pericolo 'Formazione base' (Formazione Generale Lavoratori); poi PRIVACIX+SICURIX applicano il METODO81+; 8) MULTIX causa il pericolo 'DPI' (Uso e Formazione DPI); poi LUXPECTORIX+SICURIX applicano il METODO81+; 9) RISKIX causa il pericolo 'Nomine' (Nomina Incaricati/Responsabili); poi CHECKIX+SICURIX applicano il METODO81+; 10) RISKIX causa il pericolo 'Formazione' (Formazione GDPR); poi SICURIX+SICURIX applicano il METODO81+; 11) SCIVOLIX causa il pericolo 'Ruolo/Preposto' (Formazione Preposto); poi TRACCIX+SICURIX applicano il METODO81+; 12) IMPROVVISIX causa il pericolo 'Stress' (Stress Lavoro-Correlato); poi CHEFIX+SICURIX applicano il METODO81+. PALETTE BRAND ESCLUSIVA: nero #05050A, bianco panna, arancione #FF6A1A/#E8501A; ROSSO solo per 'PERICOLO', VERDE per la checklist 'Metodo 81+'. Logo '81+' ben visibile in OGNI vignetta. REGOLA STORIA: SICURIX NON agisce mai da solo - in OGNI vignetta di soluzione si fa AIUTARE dai suoi colleghi EROI (lavoro di squadra, ognuno col suo ruolo). TESTO: didascalie e fumetti MOLTO BREVI (1-4 parole), GRANDI, centrati, in ITALIANO con ORTOGRAFIA PERFETTA, senza parole inventate, lettere doppie errate o testo tagliato. CATTIVI (coerenti col canone): POLVERIX, MULTIX, CADUTIX, SPYIX, RISKIX, ØTIX, NONDPIX, SCIVOLIX, IMPROVVISIX. EROI: PREPOSTIX, PRIVACIX, HYGIENIX, SCUDIX, SICURIX, LUXPECTORIX, CHECKIX, TRACCIX, CHEFIX. NEGATIVE: nessun marchio LEGO reale, nessun personaggio protetto (Asterix ecc.), niente gore/horror, niente claim assoluti ('rischio zero','garantito','zero multe').",Acqua/Rifiuti: 3 minuti oggi o un problema enorme domani. Scegli tu.,"Acqua/Rifiuti: 3 minuti oggi o un problema enorme domani. Scegli tu.

In acqua/rifiuti gli adempimenti obbligatori non aspettano: Documento, Rumore, Formazione specifica, Registro, Sorveglianza sanitaria, Ruolo/RSPP, Formazione base, DPI, Nomine, Formazione, Ruolo/Preposto, Stress. In questa pagina TALES OF SICURIX il PERICOLO prende forma... e il METODO81+ lo rimette in ordine, passo dopo passo. Immagina la scena: prima il caos, poi la checklist che sistema tutto. Non e' burocrazia: e' la tua tranquillita.
👉 Iscriviti al corso: Corso lavoratore parte GENERALE 4 ore -> https://81plus.net/?corso=corso-lavoratore-parte-generale-4-ore
▶️ YouTube: youtube.com/@sicurissimo
Contenuto informativo. Prima vedi. Poi sistemi. 81plus.net",Corso lavoratore parte GENERALE 4 ore,https://81plus.net/?corso=corso-lavoratore-parte-generale-4-ore,#TalesOfSicurix #SICURIX #Metodo81 #81plus #Sicurissimo #Sicurezza #Privacy #SicurezzaSulLavoro,SICURIX_TALES_382200_0_12_2_16_9_5_1_8_17_18_3_11.webp,https://drive.google.com/drive/folders/1hICKXdl9JTZBL1pemG19oE_661z-EH_k,IMG_ERR
70.20.02,Servizi alle imprese,N,Sicurezza+Privacy,11,Formazione Preposto | Informativa e Consensi | Addetto Antincendio | RSPP / Datore di Lavoro RSPP | Nomina Incaricati/Responsabili | Rappresentante Lavoratori Sicurezza (RLS) | Formazione Generale Lavoratori | Registro dei Trattamenti | Addetto Primo Soccorso | Uso e Formazione DPI | Documento Valutazione Rischi (DVR),D.Lgs81/08 art.37 | GDPR art.13 | DM 2/9/2021 | D.Lgs81/08 art.34 | GDPR art.28-29 | D.Lgs81/08 art.47 | Accordo Stato-Regioni | GDPR art.30 | DM 388/2003 | D.Lgs81/08 art.77 | D.Lgs81/08 art.28,"CHECKIX>MULTIX, PREPOSTIX>PERMISSIONIX, SICURIX>CHIMIKIX, PREPOSTIX>SCIVOLIX, CIFRIX>CANCELIX, CHECKIX>CADUTIX, ROBOTIX81>SOTTOVALUTIX, BLINKIX>CANCELIX, CONSENSIX>CHIMIKIX, ROBOTIX81>SCIVOLIX, CHECKIX>VIBRIX","Crea una PAGINA A FUMETTI a STORIA COMPLETA, verticale A4 (1024x1536), QUALITA' EDITORIALE DA STAMPA, stile ufficiale 'SICURIX TALES' IDENTICO alle immagini di riferimento allegate (stessi personaggi a mattoncini 3D, stessa impaginazione, stessi colori, stesse rese): minifigure espressive, ambientazioni ricche e dettagliate del settore, luci morbide, profondita', bordi vignetta netti. IMPAGINAZIONE OBBLIGATORIA: da 10 a 12 VIGNETTE numerate che raccontano UNA STORIA con arco narrativo completo (1 situazione normale -> 2-4 arrivano i pericoli coi cattivi -> 5-6 tensione/conseguenza -> 7-9 arriva SICURIX con gli eroi e applica il METODO81+ passo per passo -> 10-11 risoluzione ordinata -> 12 finale). HEADER in alto: SICURIX (mantello, medaglione arancione '81+', bussola) che presenta in un fumetto; grande titolo 'SICURIX TALES'; sottotitolo 'SERVIZI ALLE IMPRESE: Pericolo vs Soluzione con Metodo 81+'; legenda 3 voci (verde Sicurezza, rosso Rischio, blu 81+ Soluzione); fila di EROI coi nomi: CHECKIX, PREPOSTIX, SICURIX, CIFRIX, ROBOTIX81, BLINKIX. FOOTER in basso: grande 'Prima vedi. Poi sistemi.'; banner scudo verde 'PROTEGGIAMO. PREVENIAMO. MIGLIORIAMO.' e triangolo rosso 'DISATTENZIONE. RISCHI. COSTI. CAOS.'; logo '81+' + '81plus.net'. TRAMA (usa questi eventi come vignette; se sono meno di 10 aggiungi vignette di contesto, dialogo e reazione per arrivare a 10-12): 1) MULTIX causa il pericolo 'Ruolo/Preposto' (Formazione Preposto); poi CHECKIX+SICURIX applicano il METODO81+; 2) PERMISSIONIX causa il pericolo 'Documento' (Informativa e Consensi); poi PREPOSTIX+SICURIX applicano il METODO81+; 3) CHIMIKIX causa il pericolo 'Emergenze/Incendio' (Addetto Antincendio); poi SICURIX+SICURIX applicano il METODO81+; 4) SCIVOLIX causa il pericolo 'Ruolo/RSPP' (RSPP / Datore di Lavoro RSPP); poi PREPOSTIX+SICURIX applicano il METODO81+; 5) CANCELIX causa il pericolo 'Nomine' (Nomina Incaricati/Responsabili); poi CIFRIX+SICURIX applicano il METODO81+; 6) CADUTIX causa il pericolo 'Ruolo/RLS' (Rappresentante Lavoratori Sicurezza (RLS)); poi CHECKIX+SICURIX applicano il METODO81+; 7) SOTTOVALUTIX causa il pericolo 'Formazione base' (Formazione Generale Lavoratori); poi ROBOTIX81+SICURIX applicano il METODO81+; 8) CANCELIX causa il pericolo 'Registro' (Registro dei Trattamenti); poi BLINKIX+SICURIX applicano il METODO81+; 9) CHIMIKIX causa il pericolo 'Emergenze/Soccorso' (Addetto Primo Soccorso); poi CONSENSIX+SICURIX applicano il METODO81+; 10) SCIVOLIX causa il pericolo 'DPI' (Uso e Formazione DPI); poi ROBOTIX81+SICURIX applicano il METODO81+; 11) VIBRIX causa il pericolo 'Documento' (Documento Valutazione Rischi (DVR)); poi CHECKIX+SICURIX applicano il METODO81+. PALETTE BRAND ESCLUSIVA: nero #05050A, bianco panna, arancione #FF6A1A/#E8501A; ROSSO solo per 'PERICOLO', VERDE per la checklist 'Metodo 81+'. Logo '81+' ben visibile in OGNI vignetta. REGOLA STORIA: SICURIX NON agisce mai da solo - in OGNI vignetta di soluzione si fa AIUTARE dai suoi colleghi EROI (lavoro di squadra, ognuno col suo ruolo). TESTO: didascalie e fumetti MOLTO BREVI (1-4 parole), GRANDI, centrati, in ITALIANO con ORTOGRAFIA PERFETTA, senza parole inventate, lettere doppie errate o testo tagliato. CATTIVI (coerenti col canone): MULTIX, PERMISSIONIX, CHIMIKIX, SCIVOLIX, CANCELIX, CADUTIX, SOTTOVALUTIX, VIBRIX. EROI: CHECKIX, PREPOSTIX, SICURIX, CIFRIX, ROBOTIX81, BLINKIX, CONSENSIX. NEGATIVE: nessun marchio LEGO reale, nessun personaggio protetto (Asterix ecc.), niente gore/horror, niente claim assoluti ('rischio zero','garantito','zero multe').",In Servizi alle imprese c'e' un obbligo che in tanti scoprono solo con la sanzione,"La differenza tra chi in Servizi alle imprese dorme sereno e chi trema al controllo

In servizi alle imprese gli adempimenti obbligatori non aspettano: Ruolo/Preposto, Documento, Emergenze/Incendio, Ruolo/RSPP, Nomine, Ruolo/RLS, Formazione base, Registro, Emergenze/Soccorso, DPI. In questa pagina TALES OF SICURIX il PERICOLO prende forma... e il METODO81+ lo rimette in ordine, passo dopo passo. Immagina la scena: prima il caos, poi la checklist che sistema tutto. Mettere ordine ora costa poco. Rimediare dopo costa caro.
👉 Iscriviti al corso: Corso per Preposto -> https://81plus.net/?corso=corso-per-preposto
▶️ YouTube: youtube.com/@sicurissimo
Contenuto informativo. Prima vedi. Poi sistemi. 81plus.net",Corso per Preposto,https://81plus.net/?corso=corso-per-preposto,#TalesOfSicurix #SICURIX #Metodo81 #81plus #Sicurissimo #Sicurezza #Privacy #SicurezzaSulLavoro,SICURIX_TALES_702002_3_9_7_5_11_4_1_10_6_8_0.webp,https://drive.google.com/drive/folders/1hICKXdl9JTZBL1pemG19oE_661z-EH_k,IMG_ERR
16.21.00,Manifattura,C,Ambientale+Privacy+Sicurezza+HACCP,10,Gestione Rifiuti e Registro | Registro dei Trattamenti | Formazione Generale Lavoratori | Formazione Ambientale | Sorveglianza Sanitaria / Medico Competente | Documento Valutazione Rischi (DVR) | Gestione Allergeni | Formazione Preposto | Rischio Rumore | Nomina Incaricati/Responsabili,D.Lgs152/06 | GDPR art.30 | Accordo Stato-Regioni | D.Lgs81/08 art.41 | D.Lgs81/08 art.28 | Reg.UE 1169/2011 | D.Lgs81/08 art.37 | D.Lgs81/08 Tit.VIII | GDPR art.28-29,"TRACCIX>RISKIX, CIFRIX>CANCELIX, BLINKIX>TAGLIX, ROBOTIX81>OBLIVIX, BLINKIX>OBLIVIX, CONSENSIX>RISKIX, BLINKIX>OBLIVIX, CHECKIX>POLVERIX, CONSENSIX>ØTIX, PRIVACIX>MULTIX","Crea una PAGINA A FUMETTI a STORIA COMPLETA, verticale A4 (1024x1536), QUALITA' EDITORIALE DA STAMPA, stile ufficiale 'SICURIX TALES' IDENTICO alle immagini di riferimento allegate (stessi personaggi a mattoncini 3D, stessa impaginazione, stessi colori, stesse rese): minifigure espressive, ambientazioni ricche e dettagliate del settore, luci morbide, profondita', bordi vignetta netti. IMPAGINAZIONE OBBLIGATORIA: da 10 a 12 VIGNETTE numerate che raccontano UNA STORIA con arco narrativo completo (1 situazione normale -> 2-4 arrivano i pericoli coi cattivi -> 5-6 tensione/conseguenza -> 7-9 arriva SICURIX con gli eroi e applica il METODO81+ passo per passo -> 10-11 risoluzione ordinata -> 12 finale). HEADER in alto: SICURIX (mantello, medaglione arancione '81+', bussola) che presenta in un fumetto; grande titolo 'SICURIX TALES'; sottotitolo 'MANIFATTURA: Pericolo vs Soluzione con Metodo 81+'; legenda 3 voci (verde Sicurezza, rosso Rischio, blu 81+ Soluzione); fila di EROI coi nomi: TRACCIX, CIFRIX, BLINKIX, ROBOTIX81, CONSENSIX, CHECKIX. FOOTER in basso: grande 'Prima vedi. Poi sistemi.'; banner scudo verde 'PROTEGGIAMO. PREVENIAMO. MIGLIORIAMO.' e triangolo rosso 'DISATTENZIONE. RISCHI. COSTI. CAOS.'; logo '81+' + '81plus.net'. TRAMA (usa questi eventi come vignette; se sono meno di 10 aggiungi vignette di contesto, dialogo e reazione per arrivare a 10-12): 1) RISKIX causa il pericolo 'Rifiuti' (Gestione Rifiuti e Registro); poi TRACCIX+SICURIX applicano il METODO81+; 2) CANCELIX causa il pericolo 'Registro' (Registro dei Trattamenti); poi CIFRIX+SICURIX applicano il METODO81+; 3) TAGLIX causa il pericolo 'Formazione base' (Formazione Generale Lavoratori); poi BLINKIX+SICURIX applicano il METODO81+; 4) OBLIVIX causa il pericolo 'Formazione' (Formazione Ambientale); poi ROBOTIX81+SICURIX applicano il METODO81+; 5) OBLIVIX causa il pericolo 'Sorveglianza sanitaria' (Sorveglianza Sanitaria / Medico Competente); poi BLINKIX+SICURIX applicano il METODO81+; 6) RISKIX causa il pericolo 'Documento' (Documento Valutazione Rischi (DVR)); poi CONSENSIX+SICURIX applicano il METODO81+; 7) OBLIVIX causa il pericolo 'Allergeni' (Gestione Allergeni); poi BLINKIX+SICURIX applicano il METODO81+; 8) POLVERIX causa il pericolo 'Ruolo/Preposto' (Formazione Preposto); poi CHECKIX+SICURIX applicano il METODO81+; 9) ØTIX causa il pericolo 'Rumore' (Rischio Rumore); poi CONSENSIX+SICURIX applicano il METODO81+; 10) MULTIX causa il pericolo 'Nomine' (Nomina Incaricati/Responsabili); poi PRIVACIX+SICURIX applicano il METODO81+. PALETTE BRAND ESCLUSIVA: nero #05050A, bianco panna, arancione #FF6A1A/#E8501A; ROSSO solo per 'PERICOLO', VERDE per la checklist 'Metodo 81+'. Logo '81+' ben visibile in OGNI vignetta. REGOLA STORIA: SICURIX NON agisce mai da solo - in OGNI vignetta di soluzione si fa AIUTARE dai suoi colleghi EROI (lavoro di squadra, ognuno col suo ruolo). TESTO: didascalie e fumetti MOLTO BREVI (1-4 parole), GRANDI, centrati, in ITALIANO con ORTOGRAFIA PERFETTA, senza parole inventate, lettere doppie errate o testo tagliato. CATTIVI (coerenti col canone): RISKIX, CANCELIX, TAGLIX, OBLIVIX, POLVERIX, ØTIX, MULTIX. EROI: TRACCIX, CIFRIX, BLINKIX, ROBOTIX81, CONSENSIX, CHECKIX, PRIVACIX. NEGATIVE: nessun marchio LEGO reale, nessun personaggio protetto (Asterix ecc.), niente gore/horror, niente claim assoluti ('rischio zero','garantito','zero multe').",La differenza tra chi in Manifattura dorme sereno e chi trema al controllo,"In Manifattura non e' 'se' arriva il controllo, e' 'quando'. Sei pronto?

In manifattura gli adempimenti obbligatori non aspettano: Rifiuti, Registro, Formazione base, Formazione, Sorveglianza sanitaria, Documento, Allergeni, Ruolo/Preposto, Rumore, Nomine. In questa pagina TALES OF SICURIX il PERICOLO prende forma... e il METODO81+ lo rimette in ordine, passo dopo passo. Immagina la scena: prima il caos, poi la checklist che sistema tutto. Non e' burocrazia: e' la tua tranquillita.
👉 Iscriviti al corso: Formazione integrativa lavoratore 4 ore – gestione e smaltimento rifiuti -> https://81plus.net/?corso=formazione-integrativa-lavoratore-4-ore-gestione-e-smaltimen
▶️ YouTube: youtube.com/@sicurissimo
Contenuto informativo. Prima vedi. Poi sistemi. 81plus.net",Formazione integrativa lavoratore 4 ore – gestione e smaltimento rifiuti,https://81plus.net/?corso=formazione-integrativa-lavoratore-4-ore-gestione-e-smaltimen,#TalesOfSicurix #SICURIX #Metodo81 #81plus #Sicurissimo #Ambientale #Privacy #Sicurezza #HACCP #SicurezzaSulLavoro,SICURIX_TALES_162100_26_22_1_27_9_0_20_3_12_23.webp,https://drive.google.com/drive/folders/1hICKXdl9JTZBL1pemG19oE_661z-EH_k,IMG_ERR
01.62.09,Agricoltura,A,Privacy+Sicurezza+Ambientale+HACCP,12,Procedura Data Breach | Sorveglianza Sanitaria / Medico Competente | Movimentazione Manuale Carichi | Attrezzature e Macchine | Registro dei Trattamenti | Formazione Ambientale | Stress Lavoro-Correlato | Informativa e Consensi | Rintracciabilita ed Etichettatura | Documento Valutazione Rischi (DVR) | Addetto Antincendio | Uso e Formazione DPI,GDPR art.33-34 | D.Lgs81/08 art.41 | D.Lgs81/08 Tit.VI | D.Lgs81/08 Tit.III | GDPR art.30 | D.Lgs152/06 | D.Lgs81/08 art.28 | GDPR art.13 | Reg.CE 178/2002 | DM 2/9/2021 | D.Lgs81/08 art.77,"CONSENSIX>SPYIX, LUXPECTORIX>TAGLIX, PRIVACIX>NONDPIX, CIFRIX>IMPROVVISIX, LUXPECTORIX>OBLIVIX, TRACCIX>FRETTIX, CHEFIX>SEGNALEX, CHEFIX>HACKIX, HYGIENIX>SPORCKIX, CONSENSIX>NONDPIX, SICURIX>IMPROVVISIX, PRIVACIX>FUMIX","Crea una PAGINA A FUMETTI a STORIA COMPLETA, verticale A4 (1024x1536), QUALITA' EDITORIALE DA STAMPA, stile ufficiale 'SICURIX TALES' IDENTICO alle immagini di riferimento allegate (stessi personaggi a mattoncini 3D, stessa impaginazione, stessi colori, stesse rese): minifigure espressive, ambientazioni ricche e dettagliate del settore, luci morbide, profondita', bordi vignetta netti. IMPAGINAZIONE OBBLIGATORIA: da 10 a 12 VIGNETTE numerate che raccontano UNA STORIA con arco narrativo completo (1 situazione normale -> 2-4 arrivano i pericoli coi cattivi -> 5-6 tensione/conseguenza -> 7-9 arriva SICURIX con gli eroi e applica il METODO81+ passo per passo -> 10-11 risoluzione ordinata -> 12 finale). HEADER in alto: SICURIX (mantello, medaglione arancione '81+', bussola) che presenta in un fumetto; grande titolo 'SICURIX TALES'; sottotitolo 'AGRICOLTURA: Pericolo vs Soluzione con Metodo 81+'; legenda 3 voci (verde Sicurezza, rosso Rischio, blu 81+ Soluzione); fila di EROI coi nomi: CONSENSIX, LUXPECTORIX, PRIVACIX, CIFRIX, TRACCIX, CHEFIX. FOOTER in basso: grande 'Prima vedi. Poi sistemi.'; banner scudo verde 'PROTEGGIAMO. PREVENIAMO. MIGLIORIAMO.' e triangolo rosso 'DISATTENZIONE. RISCHI. COSTI. CAOS.'; logo '81+' + '81plus.net'. TRAMA (usa questi eventi come vignette; se sono meno di 10 aggiungi vignette di contesto, dialogo e reazione per arrivare a 10-12): 1) SPYIX causa il pericolo 'Data breach' (Procedura Data Breach); poi CONSENSIX+SICURIX applicano il METODO81+; 2) TAGLIX causa il pericolo 'Sorveglianza sanitaria' (Sorveglianza Sanitaria / Medico Competente); poi LUXPECTORIX+SICURIX applicano il METODO81+; 3) NONDPIX causa il pericolo 'MMC' (Movimentazione Manuale Carichi); poi PRIVACIX+SICURIX applicano il METODO81+; 4) IMPROVVISIX causa il pericolo 'Attrezzature' (Attrezzature e Macchine); poi CIFRIX+SICURIX applicano il METODO81+; 5) OBLIVIX causa il pericolo 'Registro' (Registro dei Trattamenti); poi LUXPECTORIX+SICURIX applicano il METODO81+; 6) FRETTIX causa il pericolo 'Formazione' (Formazione Ambientale); poi TRACCIX+SICURIX applicano il METODO81+; 7) SEGNALEX causa il pericolo 'Stress' (Stress Lavoro-Correlato); poi CHEFIX+SICURIX applicano il METODO81+; 8) HACKIX causa il pericolo 'Documento' (Informativa e Consensi); poi CHEFIX+SICURIX applicano il METODO81+; 9) SPORCKIX causa il pericolo 'Rintracciabilita' (Rintracciabilita ed Etichettatura); poi HYGIENIX+SICURIX applicano il METODO81+; 10) NONDPIX causa il pericolo 'Documento' (Documento Valutazione Rischi (DVR)); poi CONSENSIX+SICURIX applicano il METODO81+; 11) IMPROVVISIX causa il pericolo 'Emergenze/Incendio' (Addetto Antincendio); poi SICURIX+SICURIX applicano il METODO81+; 12) FUMIX causa il pericolo 'DPI' (Uso e Formazione DPI); poi PRIVACIX+SICURIX applicano il METODO81+. PALETTE BRAND ESCLUSIVA: nero #05050A, bianco panna, arancione #FF6A1A/#E8501A; ROSSO solo per 'PERICOLO', VERDE per la checklist 'Metodo 81+'. Logo '81+' ben visibile in OGNI vignetta. REGOLA STORIA: SICURIX NON agisce mai da solo - in OGNI vignetta di soluzione si fa AIUTARE dai suoi colleghi EROI (lavoro di squadra, ognuno col suo ruolo). TESTO: didascalie e fumetti MOLTO BREVI (1-4 parole), GRANDI, centrati, in ITALIANO con ORTOGRAFIA PERFETTA, senza parole inventate, lettere doppie errate o testo tagliato. CATTIVI (coerenti col canone): SPYIX, TAGLIX, NONDPIX, IMPROVVISIX, OBLIVIX, FRETTIX, SEGNALEX, HACKIX, SPORCKIX, FUMIX. EROI: CONSENSIX, LUXPECTORIX, PRIVACIX, CIFRIX, TRACCIX, CHEFIX, HYGIENIX, SICURIX. NEGATIVE: nessun marchio LEGO reale, nessun personaggio protetto (Asterix ecc.), niente gore/horror, niente claim assoluti ('rischio zero','garantito','zero multe').",Agricoltura: 3 minuti oggi o un problema enorme domani. Scegli tu.,"In Agricoltura c'e' un obbligo che in tanti scoprono solo con la sanzione

In agricoltura gli adempimenti obbligatori non aspettano: Data breach, Sorveglianza sanitaria, MMC, Attrezzature, Registro, Formazione, Stress, Documento, Rintracciabilita, Emergenze/Incendio, DPI. In questa pagina TALES OF SICURIX il PERICOLO prende forma... e il METODO81+ lo rimette in ordine, passo dopo passo. Immagina la scena: prima il caos, poi la checklist che sistema tutto. Chi si mette in regola prima, dorme meglio dopo.
👉 Iscriviti al corso: Corso privacy destinato ai lavoratori -> https://81plus.net/?corso=corso-privacy-destinato-ai-lavoratori
▶️ YouTube: youtube.com/@sicurissimo
Contenuto informativo. Prima vedi. Poi sistemi. 81plus.net",Corso privacy destinato ai lavoratori,https://81plus.net/?corso=corso-privacy-destinato-ai-lavoratori,#TalesOfSicurix #SICURIX #Metodo81 #81plus #Sicurissimo #Privacy #Sicurezza #Ambientale #HACCP #SicurezzaSulLavoro,SICURIX_TALES_016209_25_9_10_13_22_27_11_21_17_0_7_8.webp,https://drive.google.com/drive/folders/1hICKXdl9JTZBL1pemG19oE_661z-EH_k,IMG_ERR
01.13.30,Agricoltura,A,HACCP+Privacy+Sicurezza,12,Piano di Sanificazione | Nomina Incaricati/Responsabili | Manuale HACCP di Autocontrollo | Rappresentante Lavoratori Sicurezza (RLS) | Informativa e Consensi | Uso e Formazione DPI | Corso Alimentarista | Stress Lavoro-Correlato | Controllo Temperature e Celle | Documento Valutazione Rischi (DVR) | Formazione Generale Lavoratori | Rintracciabilita ed Etichettatura,Reg.CE 852/2004 | GDPR art.28-29 | D.Lgs81/08 art.47 | GDPR art.13 | D.Lgs81/08 art.77 | D.Lgs81/08 art.28 | Accordo Stato-Regioni | Reg.CE 178/2002,"HYGIENIX>OBLIVIX, HYGIENIX>RISKIX, CHECKIX>RISKIX, CHECKIX>CADUTIX, FORMIX>FRETTIX, TRACCIX>POLVERIX, PREPOSTIX>CROSSIX, CIFRIX>TAGLIX, PREPOSTIX>CAOSIX, PREPOSTIX>RISKIX, TRACCIX>SCIVOLIX, BLINKIX>SPORCKIX","Crea una PAGINA A FUMETTI a STORIA COMPLETA, verticale A4 (1024x1536), QUALITA' EDITORIALE DA STAMPA, stile ufficiale 'SICURIX TALES' IDENTICO alle immagini di riferimento allegate (stessi personaggi a mattoncini 3D, stessa impaginazione, stessi colori, stesse rese): minifigure espressive, ambientazioni ricche e dettagliate del settore, luci morbide, profondita', bordi vignetta netti. IMPAGINAZIONE OBBLIGATORIA: da 10 a 12 VIGNETTE numerate che raccontano UNA STORIA con arco narrativo completo (1 situazione normale -> 2-4 arrivano i pericoli coi cattivi -> 5-6 tensione/conseguenza -> 7-9 arriva SICURIX con gli eroi e applica il METODO81+ passo per passo -> 10-11 risoluzione ordinata -> 12 finale). HEADER in alto: SICURIX (mantello, medaglione arancione '81+', bussola) che presenta in un fumetto; grande titolo 'SICURIX TALES'; sottotitolo 'AGRICOLTURA: Pericolo vs Soluzione con Metodo 81+'; legenda 3 voci (verde Sicurezza, rosso Rischio, blu 81+ Soluzione); fila di EROI coi nomi: HYGIENIX, CHECKIX, FORMIX, TRACCIX, PREPOSTIX, CIFRIX. FOOTER in basso: grande 'Prima vedi. Poi sistemi.'; banner scudo verde 'PROTEGGIAMO. PREVENIAMO. MIGLIORIAMO.' e triangolo rosso 'DISATTENZIONE. RISCHI. COSTI. CAOS.'; logo '81+' + '81plus.net'. TRAMA (usa questi eventi come vignette; se sono meno di 10 aggiungi vignette di contesto, dialogo e reazione per arrivare a 10-12): 1) OBLIVIX causa il pericolo 'Sanificazione' (Piano di Sanificazione); poi HYGIENIX+SICURIX applicano il METODO81+; 2) RISKIX causa il pericolo 'Nomine' (Nomina Incaricati/Responsabili); poi HYGIENIX+SICURIX applicano il METODO81+; 3) RISKIX causa il pericolo 'Documento' (Manuale HACCP di Autocontrollo); poi CHECKIX+SICURIX applicano il METODO81+; 4) CADUTIX causa il pericolo 'Ruolo/RLS' (Rappresentante Lavoratori Sicurezza (RLS)); poi CHECKIX+SICURIX applicano il METODO81+; 5) FRETTIX causa il pericolo 'Documento' (Informativa e Consensi); poi FORMIX+SICURIX applicano il METODO81+; 6) POLVERIX causa il pericolo 'DPI' (Uso e Formazione DPI); poi TRACCIX+SICURIX applicano il METODO81+; 7) CROSSIX causa il pericolo 'Corso' (Corso Alimentarista); poi PREPOSTIX+SICURIX applicano il METODO81+; 8) TAGLIX causa il pericolo 'Stress' (Stress Lavoro-Correlato); poi CIFRIX+SICURIX applicano il METODO81+; 9) CAOSIX causa il pericolo 'Temperature' (Controllo Temperature e Celle); poi PREPOSTIX+SICURIX applicano il METODO81+; 10) RISKIX causa il pericolo 'Documento' (Documento Valutazione Rischi (DVR)); poi PREPOSTIX+SICURIX applicano il METODO81+; 11) SCIVOLIX causa il pericolo 'Formazione base' (Formazione Generale Lavoratori); poi TRACCIX+SICURIX applicano il METODO81+; 12) SPORCKIX causa il pericolo 'Rintracciabilita' (Rintracciabilita ed Etichettatura); poi BLINKIX+SICURIX applicano il METODO81+. PALETTE BRAND ESCLUSIVA: nero #05050A, bianco panna, arancione #FF6A1A/#E8501A; ROSSO solo per 'PERICOLO', VERDE per la checklist 'Metodo 81+'. Logo '81+' ben visibile in OGNI vignetta. REGOLA STORIA: SICURIX NON agisce mai da solo - in OGNI vignetta di soluzione si fa AIUTARE dai suoi colleghi EROI (lavoro di squadra, ognuno col suo ruolo). TESTO: didascalie e fumetti MOLTO BREVI (1-4 parole), GRANDI, centrati, in ITALIANO con ORTOGRAFIA PERFETTA, senza parole inventate, lettere doppie errate o testo tagliato. CATTIVI (coerenti col canone): OBLIVIX, RISKIX, CADUTIX, FRETTIX, POLVERIX, CROSSIX, TAGLIX, CAOSIX, SCIVOLIX, SPORCKIX. EROI: HYGIENIX, CHECKIX, FORMIX, TRACCIX, PREPOSTIX, CIFRIX, BLINKIX. NEGATIVE: nessun marchio LEGO reale, nessun personaggio protetto (Asterix ecc.), niente gore/horror, niente claim assoluti ('rischio zero','garantito','zero multe').","In Agricoltura non e' 'se' arriva il controllo, e' 'quando'. Sei pronto?","Quello che l'ispettore controlla per primo in Agricoltura (e quasi nessuno lo sa)

In agricoltura gli adempimenti obbligatori non aspettano: Sanificazione, Nomine, Documento, Ruolo/RLS, DPI, Corso, Stress, Temperature, Formazione base, Rintracciabilita. In questa pagina TALES OF SICURIX il PERICOLO prende forma... e il METODO81+ lo rimette in ordine, passo dopo passo. Immagina la scena: prima il caos, poi la checklist che sistema tutto. Non e' burocrazia: e' la tua tranquillita.
👉 Iscriviti al corso: Corso per addetto operazioni di pulizia e sanificazione aziendale rischio Covid-19 -> https://81plus.net/?corso=corso-per-addetto-operazioni-di-pulizia-e-sanificazione-azie
▶️ YouTube: youtube.com/@sicurissimo
Contenuto informativo. Prima vedi. Poi sistemi. 81plus.net",Corso per addetto operazioni di pulizia e sanificazione aziendale rischio Covid-19,https://81plus.net/?corso=corso-per-addetto-operazioni-di-pulizia-e-sanificazione-azie,#TalesOfSicurix #SICURIX #Metodo81 #81plus #Sicurissimo #HACCP #Privacy #Sicurezza #SicurezzaSulLavoro,SICURIX_TALES_011330_17_24_15_4_22_8_16_11_19_0_1_18.webp,https://drive.google.com/drive/folders/1hICKXdl9JTZBL1pemG19oE_661z-EH_k,IMG_ERR
30.92.30,Manifattura,C,Sicurezza+Privacy+HACCP+Ambientale,11,Addetto Primo Soccorso | Addetto Antincendio | Registro dei Trattamenti | Informativa e Consensi | RSPP / Datore di Lavoro RSPP | Formazione Generale Lavoratori | Uso e Formazione DPI | Movimentazione Manuale Carichi | Lotta agli Infestanti (Pest Control) | Rappresentante Lavoratori Sicurezza (RLS) | Gestione Rifiuti e Registro,DM 388/2003 | DM 2/9/2021 | GDPR art.30 | GDPR art.13 | D.Lgs81/08 art.34 | Accordo Stato-Regioni | D.Lgs81/08 art.77 | D.Lgs81/08 Tit.VI | Reg.CE 852/2004 | D.Lgs81/08 art.47 | D.Lgs152/06,"CHEFIX>VOLTIX, TRACCIX>CADUTIX, LUXPECTORIX>LEAKIX, CIFRIX>PHISHIX, TRACCIX>RISKIX, FORMIX>SCHIACCIX, SICURIX>TAGLIX, LUXPECTORIX>ØTIX, FORMIX>MESCOLIX, ROBOTIX81>IMPROVVISIX, FORMIX>CAOSIX","Crea una PAGINA A FUMETTI a STORIA COMPLETA, verticale A4 (1024x1536), QUALITA' EDITORIALE DA STAMPA, stile ufficiale 'SICURIX TALES' IDENTICO alle immagini di riferimento allegate (stessi personaggi a mattoncini 3D, stessa impaginazione, stessi colori, stesse rese): minifigure espressive, ambientazioni ricche e dettagliate del settore, luci morbide, profondita', bordi vignetta netti. IMPAGINAZIONE OBBLIGATORIA: da 10 a 12 VIGNETTE numerate che raccontano UNA STORIA con arco narrativo completo (1 situazione normale -> 2-4 arrivano i pericoli coi cattivi -> 5-6 tensione/conseguenza -> 7-9 arriva SICURIX con gli eroi e applica il METODO81+ passo per passo -> 10-11 risoluzione ordinata -> 12 finale). HEADER in alto: SICURIX (mantello, medaglione arancione '81+', bussola) che presenta in un fumetto; grande titolo 'SICURIX TALES'; sottotitolo 'MANIFATTURA: Pericolo vs Soluzione con Metodo 81+'; legenda 3 voci (verde Sicurezza, rosso Rischio, blu 81+ Soluzione); fila di EROI coi nomi: CHEFIX, TRACCIX, LUXPECTORIX, CIFRIX, FORMIX, SICURIX. FOOTER in basso: grande 'Prima vedi. Poi sistemi.'; banner scudo verde 'PROTEGGIAMO. PREVENIAMO. MIGLIORIAMO.' e triangolo rosso 'DISATTENZIONE. RISCHI. COSTI. CAOS.'; logo '81+' + '81plus.net'. TRAMA (usa questi eventi come vignette; se sono meno di 10 aggiungi vignette di contesto, dialogo e reazione per arrivare a 10-12): 1) VOLTIX causa il pericolo 'Emergenze/Soccorso' (Addetto Primo Soccorso); poi CHEFIX+SICURIX applicano il METODO81+; 2) CADUTIX causa il pericolo 'Emergenze/Incendio' (Addetto Antincendio); poi TRACCIX+SICURIX applicano il METODO81+; 3) LEAKIX causa il pericolo 'Registro' (Registro dei Trattamenti); poi LUXPECTORIX+SICURIX applicano il METODO81+; 4) PHISHIX causa il pericolo 'Documento' (Informativa e Consensi); poi CIFRIX+SICURIX applicano il METODO81+; 5) RISKIX causa il pericolo 'Ruolo/RSPP' (RSPP / Datore di Lavoro RSPP); poi TRACCIX+SICURIX applicano il METODO81+; 6) SCHIACCIX causa il pericolo 'Formazione base' (Formazione Generale Lavoratori); poi FORMIX+SICURIX applicano il METODO81+; 7) TAGLIX causa il pericolo 'DPI' (Uso e Formazione DPI); poi SICURIX+SICURIX applicano il METODO81+; 8) ØTIX causa il pericolo 'MMC' (Movimentazione Manuale Carichi); poi LUXPECTORIX+SICURIX applicano il METODO81+; 9) MESCOLIX causa il pericolo 'Infestanti' (Lotta agli Infestanti (Pest Control)); poi FORMIX+SICURIX applicano il METODO81+; 10) IMPROVVISIX causa il pericolo 'Ruolo/RLS' (Rappresentante Lavoratori Sicurezza (RLS)); poi ROBOTIX81+SICURIX applicano il METODO81+; 11) CAOSIX causa il pericolo 'Rifiuti' (Gestione Rifiuti e Registro); poi FORMIX+SICURIX applicano il METODO81+. PALETTE BRAND ESCLUSIVA: nero #05050A, bianco panna, arancione #FF6A1A/#E8501A; ROSSO solo per 'PERICOLO', VERDE per la checklist 'Metodo 81+'. Logo '81+' ben visibile in OGNI vignetta. REGOLA STORIA: SICURIX NON agisce mai da solo - in OGNI vignetta di soluzione si fa AIUTARE dai suoi colleghi EROI (lavoro di squadra, ognuno col suo ruolo). TESTO: didascalie e fumetti MOLTO BREVI (1-4 parole), GRANDI, centrati, in ITALIANO con ORTOGRAFIA PERFETTA, senza parole inventate, lettere doppie errate o testo tagliato. CATTIVI (coerenti col canone): VOLTIX, CADUTIX, LEAKIX, PHISHIX, RISKIX, SCHIACCIX, TAGLIX, ØTIX, MESCOLIX, IMPROVVISIX, CAOSIX. EROI: CHEFIX, TRACCIX, LUXPECTORIX, CIFRIX, FORMIX, SICURIX, ROBOTIX81. NEGATIVE: nessun marchio LEGO reale, nessun personaggio protetto (Asterix ecc.), niente gore/horror, niente claim assoluti ('rischio zero','garantito','zero multe').",La differenza tra chi in Manifattura dorme sereno e chi trema al controllo,"La differenza tra chi in Manifattura dorme sereno e chi trema al controllo

In manifattura gli adempimenti obbligatori non aspettano: Emergenze/Soccorso, Emergenze/Incendio, Registro, Documento, Ruolo/RSPP, Formazione base, DPI, MMC, Infestanti, Ruolo/RLS, Rifiuti. In questa pagina TALES OF SICURIX il PERICOLO prende forma... e il METODO81+ lo rimette in ordine, passo dopo passo. Immagina la scena: prima il caos, poi la checklist che sistema tutto. Chi si mette in regola prima, dorme meglio dopo.
👉 Iscriviti al corso: Corso Primo Soccorso (A-B-C) -> https://81plus.net/?corso=corso-primo-soccorso-a-b-c
▶️ YouTube: youtube.com/@sicurissimo
Contenuto informativo. Prima vedi. Poi sistemi. 81plus.net",Corso Primo Soccorso (A-B-C),https://81plus.net/?corso=corso-primo-soccorso-a-b-c,#TalesOfSicurix #SICURIX #Metodo81 #81plus #Sicurissimo #Sicurezza #Privacy #HACCP #Ambientale #SicurezzaSulLavoro,SICURIX_TALES_309230_6_7_22_21_5_1_8_10_19_4_26.webp,https://drive.google.com/drive/folders/1hICKXdl9JTZBL1pemG19oE_661z-EH_k,IMG_ERR
47.79.31,Commercio,G,Sicurezza+Privacy+HACCP,10,RSPP / Datore di Lavoro RSPP | Formazione Preposto | Formazione Generale Lavoratori | Sorveglianza Sanitaria / Medico Competente | Informativa e Consensi | Formazione GDPR | Piano di Sanificazione | Formazione Specifica (rischio medio) | Manuale HACCP di Autocontrollo | Procedura Data Breach,D.Lgs81/08 art.34 | D.Lgs81/08 art.37 | Accordo Stato-Regioni | D.Lgs81/08 art.41 | GDPR art.13 | GDPR art.32 | Reg.CE 852/2004 | GDPR art.33-34,"HYGIENIX>FRETTIX, SICURIX>RUMORIX, PREPOSTIX>FRETTIX, ROBOTIX81>SCHIACCIX, LUXPECTORIX>FRETTIX, ROBOTIX81>FRETTIX, TRACCIX>TEMPORIX, ROBOTIX81>RISKIX, LUXPECTORIX>OBLIVIX, CHEFIX>FRETTIX","Crea una PAGINA A FUMETTI a STORIA COMPLETA, verticale A4 (1024x1536), QUALITA' EDITORIALE DA STAMPA, stile ufficiale 'SICURIX TALES' IDENTICO alle immagini di riferimento allegate (stessi personaggi a mattoncini 3D, stessa impaginazione, stessi colori, stesse rese): minifigure espressive, ambientazioni ricche e dettagliate del settore, luci morbide, profondita', bordi vignetta netti. IMPAGINAZIONE OBBLIGATORIA: da 10 a 12 VIGNETTE numerate che raccontano UNA STORIA con arco narrativo completo (1 situazione normale -> 2-4 arrivano i pericoli coi cattivi -> 5-6 tensione/conseguenza -> 7-9 arriva SICURIX con gli eroi e applica il METODO81+ passo per passo -> 10-11 risoluzione ordinata -> 12 finale). HEADER in alto: SICURIX (mantello, medaglione arancione '81+', bussola) che presenta in un fumetto; grande titolo 'SICURIX TALES'; sottotitolo 'COMMERCIO: Pericolo vs Soluzione con Metodo 81+'; legenda 3 voci (verde Sicurezza, rosso Rischio, blu 81+ Soluzione); fila di EROI coi nomi: HYGIENIX, SICURIX, PREPOSTIX, ROBOTIX81, LUXPECTORIX, TRACCIX. FOOTER in basso: grande 'Prima vedi. Poi sistemi.'; banner scudo verde 'PROTEGGIAMO. PREVENIAMO. MIGLIORIAMO.' e triangolo rosso 'DISATTENZIONE. RISCHI. COSTI. CAOS.'; logo '81+' + '81plus.net'. TRAMA (usa questi eventi come vignette; se sono meno di 10 aggiungi vignette di contesto, dialogo e reazione per arrivare a 10-12): 1) FRETTIX causa il pericolo 'Ruolo/RSPP' (RSPP / Datore di Lavoro RSPP); poi HYGIENIX+SICURIX applicano il METODO81+; 2) RUMORIX causa il pericolo 'Ruolo/Preposto' (Formazione Preposto); poi SICURIX+SICURIX applicano il METODO81+; 3) FRETTIX causa il pericolo 'Formazione base' (Formazione Generale Lavoratori); poi PREPOSTIX+SICURIX applicano il METODO81+; 4) SCHIACCIX causa il pericolo 'Sorveglianza sanitaria' (Sorveglianza Sanitaria / Medico Competente); poi ROBOTIX81+SICURIX applicano il METODO81+; 5) FRETTIX causa il pericolo 'Documento' (Informativa e Consensi); poi LUXPECTORIX+SICURIX applicano il METODO81+; 6) FRETTIX causa il pericolo 'Formazione' (Formazione GDPR); poi ROBOTIX81+SICURIX applicano il METODO81+; 7) TEMPORIX causa il pericolo 'Sanificazione' (Piano di Sanificazione); poi TRACCIX+SICURIX applicano il METODO81+; 8) RISKIX causa il pericolo 'Formazione specifica' (Formazione Specifica (rischio medio)); poi ROBOTIX81+SICURIX applicano il METODO81+; 9) OBLIVIX causa il pericolo 'Documento' (Manuale HACCP di Autocontrollo); poi LUXPECTORIX+SICURIX applicano il METODO81+; 10) FRETTIX causa il pericolo 'Data breach' (Procedura Data Breach); poi CHEFIX+SICURIX applicano il METODO81+. PALETTE BRAND ESCLUSIVA: nero #05050A, bianco panna, arancione #FF6A1A/#E8501A; ROSSO solo per 'PERICOLO', VERDE per la checklist 'Metodo 81+'. Logo '81+' ben visibile in OGNI vignetta. REGOLA STORIA: SICURIX NON agisce mai da solo - in OGNI vignetta di soluzione si fa AIUTARE dai suoi colleghi EROI (lavoro di squadra, ognuno col suo ruolo). TESTO: didascalie e fumetti MOLTO BREVI (1-4 parole), GRANDI, centrati, in ITALIANO con ORTOGRAFIA PERFETTA, senza parole inventate, lettere doppie errate o testo tagliato. CATTIVI (coerenti col canone): FRETTIX, RUMORIX, SCHIACCIX, TEMPORIX, RISKIX, OBLIVIX. EROI: HYGIENIX, SICURIX, PREPOSTIX, ROBOTIX81, LUXPECTORIX, TRACCIX, CHEFIX. NEGATIVE: nessun marchio LEGO reale, nessun personaggio protetto (Asterix ecc.), niente gore/horror, niente claim assoluti ('rischio zero','garantito','zero multe').",In Commercio c'e' un obbligo che in tanti scoprono solo con la sanzione,"In Commercio c'e' un obbligo che in tanti scoprono solo con la sanzione

In commercio gli adempimenti obbligatori non aspettano: Ruolo/RSPP, Ruolo/Preposto, Formazione base, Sorveglianza sanitaria, Documento, Formazione, Sanificazione, Formazione specifica, Data breach. In questa pagina TALES OF SICURIX il PERICOLO prende forma... e il METODO81+ lo rimette in ordine, passo dopo passo. Immagina la scena: prima il caos, poi la checklist che sistema tutto. Non e' burocrazia: e' la tua tranquillita.
👉 Iscriviti al corso: RSPP Datore di Lavoro modulo 1 e 2 -> https://81plus.net/?corso=rspp-datore-di-lavoro-modulo-1-e-2
▶️ YouTube: youtube.com/@sicurissimo
Contenuto informativo. Prima vedi. Poi sistemi. 81plus.net",RSPP Datore di Lavoro modulo 1 e 2,https://81plus.net/?corso=rspp-datore-di-lavoro-modulo-1-e-2,#TalesOfSicurix #SICURIX #Metodo81 #81plus #Sicurissimo #Sicurezza #Privacy #HACCP #SicurezzaSulLavoro,SICURIX_TALES_477931_5_3_1_9_19_22_14_2_12_23.webp,https://drive.google.com/drive/folders/1hICKXdl9JTZBL1pemG19oE_661z-EH_k,IMG_ERR
81.21.00,PA,O,Sicurezza+Privacy,11,Stress Lavoro-Correlato | Formazione Generale Lavoratori | Valutazione d'Impatto (DPIA) | RSPP / Datore di Lavoro RSPP | Addetto Antincendio | Rappresentante Lavoratori Sicurezza (RLS) | Addetto Primo Soccorso | Sorveglianza Sanitaria / Medico Competente | Registro dei Trattamenti | Formazione GDPR | Nomina DPO / RPD,D.Lgs81/08 art.28 | Accordo Stato-Regioni | GDPR art.35 | D.Lgs81/08 art.34 | DM 2/9/2021 | D.Lgs81/08 art.47 | DM 388/2003 | D.Lgs81/08 art.41 | GDPR art.30 | GDPR art.32 | GDPR art.37,"SCUDIX>CHIMIKIX, DOCUMIX>TAGLIX, CONSENSIX>OBLIVIX, CIFRIX>NONDPIX, PRIVACIX>CADUTIX, TRACCIX>RISKIX, LUXPECTORIX>RUMORIX, LUXPECTORIX>MULTIX, TRACCIX>PHISHIX, TRACCIX>PERMISSIONIX, SCUDIX>MULTIX","Crea una PAGINA A FUMETTI a STORIA COMPLETA, verticale A4 (1024x1536), QUALITA' EDITORIALE DA STAMPA, stile ufficiale 'SICURIX TALES' IDENTICO alle immagini di riferimento allegate (stessi personaggi a mattoncini 3D, stessa impaginazione, stessi colori, stesse rese): minifigure espressive, ambientazioni ricche e dettagliate del settore, luci morbide, profondita', bordi vignetta netti. IMPAGINAZIONE OBBLIGATORIA: da 10 a 12 VIGNETTE numerate che raccontano UNA STORIA con arco narrativo completo (1 situazione normale -> 2-4 arrivano i pericoli coi cattivi -> 5-6 tensione/conseguenza -> 7-9 arriva SICURIX con gli eroi e applica il METODO81+ passo per passo -> 10-11 risoluzione ordinata -> 12 finale). HEADER in alto: SICURIX (mantello, medaglione arancione '81+', bussola) che presenta in un fumetto; grande titolo 'SICURIX TALES'; sottotitolo 'PA: Pericolo vs Soluzione con Metodo 81+'; legenda 3 voci (verde Sicurezza, rosso Rischio, blu 81+ Soluzione); fila di EROI coi nomi: SCUDIX, DOCUMIX, CONSENSIX, CIFRIX, PRIVACIX, TRACCIX. FOOTER in basso: grande 'Prima vedi. Poi sistemi.'; banner scudo verde 'PROTEGGIAMO. PREVENIAMO. MIGLIORIAMO.' e triangolo rosso 'DISATTENZIONE. RISCHI. COSTI. CAOS.'; logo '81+' + '81plus.net'. TRAMA (usa questi eventi come vignette; se sono meno di 10 aggiungi vignette di contesto, dialogo e reazione per arrivare a 10-12): 1) CHIMIKIX causa il pericolo 'Stress' (Stress Lavoro-Correlato); poi SCUDIX+SICURIX applicano il METODO81+; 2) TAGLIX causa il pericolo 'Formazione base' (Formazione Generale Lavoratori); poi DOCUMIX+SICURIX applicano il METODO81+; 3) OBLIVIX causa il pericolo 'DPIA' (Valutazione d'Impatto (DPIA)); poi CONSENSIX+SICURIX applicano il METODO81+; 4) NONDPIX causa il pericolo 'Ruolo/RSPP' (RSPP / Datore di Lavoro RSPP); poi CIFRIX+SICURIX applicano il METODO81+; 5) CADUTIX causa il pericolo 'Emergenze/Incendio' (Addetto Antincendio); poi PRIVACIX+SICURIX applicano il METODO81+; 6) RISKIX causa il pericolo 'Ruolo/RLS' (Rappresentante Lavoratori Sicurezza (RLS)); poi TRACCIX+SICURIX applicano il METODO81+; 7) RUMORIX causa il pericolo 'Emergenze/Soccorso' (Addetto Primo Soccorso); poi LUXPECTORIX+SICURIX applicano il METODO81+; 8) MULTIX causa il pericolo 'Sorveglianza sanitaria' (Sorveglianza Sanitaria / Medico Competente); poi LUXPECTORIX+SICURIX applicano il METODO81+; 9) PHISHIX causa il pericolo 'Registro' (Registro dei Trattamenti); poi TRACCIX+SICURIX applicano il METODO81+; 10) PERMISSIONIX causa il pericolo 'Formazione' (Formazione GDPR); poi TRACCIX+SICURIX applicano il METODO81+; 11) MULTIX causa il pericolo 'DPO' (Nomina DPO / RPD); poi SCUDIX+SICURIX applicano il METODO81+. PALETTE BRAND ESCLUSIVA: nero #05050A, bianco panna, arancione #FF6A1A/#E8501A; ROSSO solo per 'PERICOLO', VERDE per la checklist 'Metodo 81+'. Logo '81+' ben visibile in OGNI vignetta. REGOLA STORIA: SICURIX NON agisce mai da solo - in OGNI vignetta di soluzione si fa AIUTARE dai suoi colleghi EROI (lavoro di squadra, ognuno col suo ruolo). TESTO: didascalie e fumetti MOLTO BREVI (1-4 parole), GRANDI, centrati, in ITALIANO con ORTOGRAFIA PERFETTA, senza parole inventate, lettere doppie errate o testo tagliato. CATTIVI (coerenti col canone): CHIMIKIX, TAGLIX, OBLIVIX, NONDPIX, CADUTIX, RISKIX, RUMORIX, MULTIX, PHISHIX, PERMISSIONIX. EROI: SCUDIX, DOCUMIX, CONSENSIX, CIFRIX, PRIVACIX, TRACCIX, LUXPECTORIX. NEGATIVE: nessun marchio LEGO reale, nessun personaggio protetto (Asterix ecc.), niente gore/horror, niente claim assoluti ('rischio zero','garantito','zero multe').",PA: 3 minuti oggi o un problema enorme domani. Scegli tu.,"Quello che l'ispettore controlla per primo in PA (e quasi nessuno lo sa)

In pa gli adempimenti obbligatori non aspettano: Stress, Formazione base, DPIA, Ruolo/RSPP, Emergenze/Incendio, Ruolo/RLS, Emergenze/Soccorso, Sorveglianza sanitaria, Registro, Formazione, DPO. In questa pagina TALES OF SICURIX il PERICOLO prende forma... e il METODO81+ lo rimette in ordine, passo dopo passo. Immagina la scena: prima il caos, poi la checklist che sistema tutto. Non e' burocrazia: e' la tua tranquillita.
👉 Iscriviti al corso: Rischio stress lavoro correlato -> https://81plus.net/?corso=rischio-stress-lavoro-correlato
▶️ YouTube: youtube.com/@sicurissimo
Contenuto informativo. Prima vedi. Poi sistemi. 81plus.net",Rischio stress lavoro correlato,https://81plus.net/?corso=rischio-stress-lavoro-correlato,#TalesOfSicurix #SICURIX #Metodo81 #81plus #Sicurissimo #Sicurezza #Privacy #SicurezzaSulLavoro,SICURIX_TALES_812100_11_1_18_5_7_4_6_9_13_15_17.webp,https://drive.google.com/drive/folders/1hICKXdl9JTZBL1pemG19oE_661z-EH_k,IMG_ERR
46.86.20,Commercio,G,Privacy+HACCP+Sicurezza,11,Procedura Data Breach | Corso Alimentarista | Documento Valutazione Rischi (DVR) | Nomina Incaricati/Responsabili | Informativa e Consensi | RSPP / Datore di Lavoro RSPP | Stress Lavoro-Correlato | Formazione Generale Lavoratori | Registro dei Trattamenti | Sorveglianza Sanitaria / Medico Competente | Controllo Temperature e Celle,GDPR art.33-34 | Reg.CE 852/2004 | D.Lgs81/08 art.28 | GDPR art.28-29 | GDPR art.13 | D.Lgs81/08 art.34 | Accordo Stato-Regioni | GDPR art.30 | D.Lgs81/08 art.41,"FORMIX>PHISHIX, SCUDIX>FRETTIX, HYGIENIX>FRETTIX, LUXPECTORIX>FRETTIX, BLINKIX>PERMISSIONIX, DOCUMIX>FUMIX, CONSENSIX>SCHIACCIX, BLINKIX>RUMORIX, PREPOSTIX>HACKIX, PRIVACIX>NONDPIX, BLINKIX>RISKIX","Crea una PAGINA A FUMETTI a STORIA COMPLETA, verticale A4 (1024x1536), QUALITA' EDITORIALE DA STAMPA, stile ufficiale 'SICURIX TALES' IDENTICO alle immagini di riferimento allegate (stessi personaggi a mattoncini 3D, stessa impaginazione, stessi colori, stesse rese): minifigure espressive, ambientazioni ricche e dettagliate del settore, luci morbide, profondita', bordi vignetta netti. IMPAGINAZIONE OBBLIGATORIA: da 10 a 12 VIGNETTE numerate che raccontano UNA STORIA con arco narrativo completo (1 situazione normale -> 2-4 arrivano i pericoli coi cattivi -> 5-6 tensione/conseguenza -> 7-9 arriva SICURIX con gli eroi e applica il METODO81+ passo per passo -> 10-11 risoluzione ordinata -> 12 finale). HEADER in alto: SICURIX (mantello, medaglione arancione '81+', bussola) che presenta in un fumetto; grande titolo 'SICURIX TALES'; sottotitolo 'COMMERCIO: Pericolo vs Soluzione con Metodo 81+'; legenda 3 voci (verde Sicurezza, rosso Rischio, blu 81+ Soluzione); fila di EROI coi nomi: FORMIX, SCUDIX, HYGIENIX, LUXPECTORIX, BLINKIX, DOCUMIX. FOOTER in basso: grande 'Prima vedi. Poi sistemi.'; banner scudo verde 'PROTEGGIAMO. PREVENIAMO. MIGLIORIAMO.' e triangolo rosso 'DISATTENZIONE. RISCHI. COSTI. CAOS.'; logo '81+' + '81plus.net'. TRAMA (usa questi eventi come vignette; se sono meno di 10 aggiungi vignette di contesto, dialogo e reazione per arrivare a 10-12): 1) PHISHIX causa il pericolo 'Data breach' (Procedura Data Breach); poi FORMIX+SICURIX applicano il METODO81+; 2) FRETTIX causa il pericolo 'Corso' (Corso Alimentarista); poi SCUDIX+SICURIX applicano il METODO81+; 3) FRETTIX causa il pericolo 'Documento' (Documento Valutazione Rischi (DVR)); poi HYGIENIX+SICURIX applicano il METODO81+; 4) FRETTIX causa il pericolo 'Nomine' (Nomina Incaricati/Responsabili); poi LUXPECTORIX+SICURIX applicano il METODO81+; 5) PERMISSIONIX causa il pericolo 'Documento' (Informativa e Consensi); poi BLINKIX+SICURIX applicano il METODO81+; 6) FUMIX causa il pericolo 'Ruolo/RSPP' (RSPP / Datore di Lavoro RSPP); poi DOCUMIX+SICURIX applicano il METODO81+; 7) SCHIACCIX causa il pericolo 'Stress' (Stress Lavoro-Correlato); poi CONSENSIX+SICURIX applicano il METODO81+; 8) RUMORIX causa il pericolo 'Formazione base' (Formazione Generale Lavoratori); poi BLINKIX+SICURIX applicano il METODO81+; 9) HACKIX causa il pericolo 'Registro' (Registro dei Trattamenti); poi PREPOSTIX+SICURIX applicano il METODO81+; 10) NONDPIX causa il pericolo 'Sorveglianza sanitaria' (Sorveglianza Sanitaria / Medico Competente); poi PRIVACIX+SICURIX applicano il METODO81+; 11) RISKIX causa il pericolo 'Temperature' (Controllo Temperature e Celle); poi BLINKIX+SICURIX applicano il METODO81+. PALETTE BRAND ESCLUSIVA: nero #05050A, bianco panna, arancione #FF6A1A/#E8501A; ROSSO solo per 'PERICOLO', VERDE per la checklist 'Metodo 81+'. Logo '81+' ben visibile in OGNI vignetta. REGOLA STORIA: SICURIX NON agisce mai da solo - in OGNI vignetta di soluzione si fa AIUTARE dai suoi colleghi EROI (lavoro di squadra, ognuno col suo ruolo). TESTO: didascalie e fumetti MOLTO BREVI (1-4 parole), GRANDI, centrati, in ITALIANO con ORTOGRAFIA PERFETTA, senza parole inventate, lettere doppie errate o testo tagliato. CATTIVI (coerenti col canone): PHISHIX, FRETTIX, PERMISSIONIX, FUMIX, SCHIACCIX, RUMORIX, HACKIX, NONDPIX, RISKIX. EROI: FORMIX, SCUDIX, HYGIENIX, LUXPECTORIX, BLINKIX, DOCUMIX, CONSENSIX, PREPOSTIX, PRIVACIX. NEGATIVE: nessun marchio LEGO reale, nessun personaggio protetto (Asterix ecc.), niente gore/horror, niente claim assoluti ('rischio zero','garantito','zero multe').",Commercio: 3 minuti oggi o un problema enorme domani. Scegli tu.,"Commercio: 3 minuti oggi o un problema enorme domani. Scegli tu.

In commercio gli adempimenti obbligatori non aspettano: Data breach, Corso, Documento, Nomine, Ruolo/RSPP, Stress, Formazione base, Registro, Sorveglianza sanitaria, Temperature. In questa pagina TALES OF SICURIX il PERICOLO prende forma... e il METODO81+ lo rimette in ordine, passo dopo passo. Immagina la scena: prima il caos, poi la checklist che sistema tutto. Mettere ordine ora costa poco. Rimediare dopo costa caro.
👉 Iscriviti al corso: Corso privacy destinato ai lavoratori -> https://81plus.net/?corso=corso-privacy-destinato-ai-lavoratori
▶️ YouTube: youtube.com/@sicurissimo
Contenuto informativo. Prima vedi. Poi sistemi. 81plus.net",Corso privacy destinato ai lavoratori,https://81plus.net/?corso=corso-privacy-destinato-ai-lavoratori,#TalesOfSicurix #SICURIX #Metodo81 #81plus #Sicurissimo #Privacy #HACCP #Sicurezza #SicurezzaSulLavoro,SICURIX_TALES_468620_23_13_0_21_19_5_11_1_20_9_16.webp,https://drive.google.com/drive/folders/1hICKXdl9JTZBL1pemG19oE_661z-EH_k,IMG_ERR
59.20.10,ICT/Informazione,J,Sicurezza+Privacy,10,Documento Valutazione Rischi (DVR) | Informativa e Consensi | Addetto Antincendio | Rappresentante Lavoratori Sicurezza (RLS) | Procedura Data Breach | RSPP / Datore di Lavoro RSPP | Formazione Specifica (rischio basso) | Formazione Preposto | Formazione GDPR | Addetto Primo Soccorso,D.Lgs81/08 art.28 | GDPR art.13 | DM 2/9/2021 | D.Lgs81/08 art.47 | GDPR art.33-34 | D.Lgs81/08 art.34 | Accordo Stato-Regioni | D.Lgs81/08 art.37 | GDPR art.32 | DM 388/2003,"PREPOSTIX>SCHIACCIX, CHECKIX>OBLIVIX, SCUDIX>CHIMIKIX, CIFRIX>TAGLIX, PRIVACIX>CANCELIX, PRIVACIX>ØTIX, SICURIX>VOLTIX, FORMIX>POLVERIX, LUXPECTORIX>CANCELIX, BLINKIX>VIBRIX","Crea una PAGINA A FUMETTI a STORIA COMPLETA, verticale A4 (1024x1536), QUALITA' EDITORIALE DA STAMPA, stile ufficiale 'SICURIX TALES' IDENTICO alle immagini di riferimento allegate (stessi personaggi a mattoncini 3D, stessa impaginazione, stessi colori, stesse rese): minifigure espressive, ambientazioni ricche e dettagliate del settore, luci morbide, profondita', bordi vignetta netti. IMPAGINAZIONE OBBLIGATORIA: da 10 a 12 VIGNETTE numerate che raccontano UNA STORIA con arco narrativo completo (1 situazione normale -> 2-4 arrivano i pericoli coi cattivi -> 5-6 tensione/conseguenza -> 7-9 arriva SICURIX con gli eroi e applica il METODO81+ passo per passo -> 10-11 risoluzione ordinata -> 12 finale). HEADER in alto: SICURIX (mantello, medaglione arancione '81+', bussola) che presenta in un fumetto; grande titolo 'SICURIX TALES'; sottotitolo 'ICT/INFORMAZIONE: Pericolo vs Soluzione con Metodo 81+'; legenda 3 voci (verde Sicurezza, rosso Rischio, blu 81+ Soluzione); fila di EROI coi nomi: PREPOSTIX, CHECKIX, SCUDIX, CIFRIX, PRIVACIX, SICURIX. FOOTER in basso: grande 'Prima vedi. Poi sistemi.'; banner scudo verde 'PROTEGGIAMO. PREVENIAMO. MIGLIORIAMO.' e triangolo rosso 'DISATTENZIONE. RISCHI. COSTI. CAOS.'; logo '81+' + '81plus.net'. TRAMA (usa questi eventi come vignette; se sono meno di 10 aggiungi vignette di contesto, dialogo e reazione per arrivare a 10-12): 1) SCHIACCIX causa il pericolo 'Documento' (Documento Valutazione Rischi (DVR)); poi PREPOSTIX+SICURIX applicano il METODO81+; 2) OBLIVIX causa il pericolo 'Documento' (Informativa e Consensi); poi CHECKIX+SICURIX applicano il METODO81+; 3) CHIMIKIX causa il pericolo 'Emergenze/Incendio' (Addetto Antincendio); poi SCUDIX+SICURIX applicano il METODO81+; 4) TAGLIX causa il pericolo 'Ruolo/RLS' (Rappresentante Lavoratori Sicurezza (RLS)); poi CIFRIX+SICURIX applicano il METODO81+; 5) CANCELIX causa il pericolo 'Data breach' (Procedura Data Breach); poi PRIVACIX+SICURIX applicano il METODO81+; 6) ØTIX causa il pericolo 'Ruolo/RSPP' (RSPP / Datore di Lavoro RSPP); poi PRIVACIX+SICURIX applicano il METODO81+; 7) VOLTIX causa il pericolo 'Formazione specifica' (Formazione Specifica (rischio basso)); poi SICURIX+SICURIX applicano il METODO81+; 8) POLVERIX causa il pericolo 'Ruolo/Preposto' (Formazione Preposto); poi FORMIX+SICURIX applicano il METODO81+; 9) CANCELIX causa il pericolo 'Formazione' (Formazione GDPR); poi LUXPECTORIX+SICURIX applicano il METODO81+; 10) VIBRIX causa il pericolo 'Emergenze/Soccorso' (Addetto Primo Soccorso); poi BLINKIX+SICURIX applicano il METODO81+. PALETTE BRAND ESCLUSIVA: nero #05050A, bianco panna, arancione #FF6A1A/#E8501A; ROSSO solo per 'PERICOLO', VERDE per la checklist 'Metodo 81+'. Logo '81+' ben visibile in OGNI vignetta. REGOLA STORIA: SICURIX NON agisce mai da solo - in OGNI vignetta di soluzione si fa AIUTARE dai suoi colleghi EROI (lavoro di squadra, ognuno col suo ruolo). TESTO: didascalie e fumetti MOLTO BREVI (1-4 parole), GRANDI, centrati, in ITALIANO con ORTOGRAFIA PERFETTA, senza parole inventate, lettere doppie errate o testo tagliato. CATTIVI (coerenti col canone): SCHIACCIX, OBLIVIX, CHIMIKIX, TAGLIX, CANCELIX, ØTIX, VOLTIX, POLVERIX, VIBRIX. EROI: PREPOSTIX, CHECKIX, SCUDIX, CIFRIX, PRIVACIX, SICURIX, FORMIX, LUXPECTORIX, BLINKIX. NEGATIVE: nessun marchio LEGO reale, nessun personaggio protetto (Asterix ecc.), niente gore/horror, niente claim assoluti ('rischio zero','garantito','zero multe').",La differenza tra chi in ICT/Informazione dorme sereno e chi trema al controllo,"ICT/Informazione: 3 minuti oggi o un problema enorme domani. Scegli tu.

In ict/informazione gli adempimenti obbligatori non aspettano: Documento, Emergenze/Incendio, Ruolo/RLS, Data breach, Ruolo/RSPP, Formazione specifica, Ruolo/Preposto, Formazione, Emergenze/Soccorso. In questa pagina TALES OF SICURIX il PERICOLO prende forma... e il METODO81+ lo rimette in ordine, passo dopo passo. Immagina la scena: prima il caos, poi la checklist che sistema tutto. La regola c'e' gia': tu falla lavorare per te.
👉 Iscriviti al corso: Corso lavoratore parte GENERALE 4 ore -> https://81plus.net/?corso=corso-lavoratore-parte-generale-4-ore
▶️ YouTube: youtube.com/@sicurissimo
Contenuto informativo. Prima vedi. Poi sistemi. 81plus.net",Corso lavoratore parte GENERALE 4 ore,https://81plus.net/?corso=corso-lavoratore-parte-generale-4-ore,#TalesOfSicurix #SICURIX #Metodo81 #81plus #Sicurissimo #Sicurezza #Privacy #SicurezzaSulLavoro,SICURIX_TALES_592010_0_9_7_4_13_5_2_3_12_6.webp,https://drive.google.com/drive/folders/1hICKXdl9JTZBL1pemG19oE_661z-EH_k,IMG_ERR
10.62.00,Manifattura,C,Sicurezza+HACCP+Privacy,11,Rappresentante Lavoratori Sicurezza (RLS) | RSPP / Datore di Lavoro RSPP | Formazione Specifica (rischio alto) | Corso Alimentarista | Addetto Primo Soccorso | Manuale HACCP di Autocontrollo | Rintracciabilita ed Etichettatura | Stress Lavoro-Correlato | Sorveglianza Sanitaria / Medico Competente | Formazione Preposto | Formazione GDPR,D.Lgs81/08 art.47 | D.Lgs81/08 art.34 | Accordo Stato-Regioni | Reg.CE 852/2004 | DM 388/2003 | Reg.CE 178/2002 | D.Lgs81/08 art.28 | D.Lgs81/08 art.41 | D.Lgs81/08 art.37 | GDPR art.32,"SCUDIX>MULTIX, DOCUMIX>OBLIVIX, FORMIX>VIBRIX, CIFRIX>RISKIX, CHECKIX>POLVERIX, CHEFIX>SPORCKIX, FORMIX>IMPROVVISIX, SICURIX>CADUTIX, CHEFIX>VOLTIX, PRIVACIX>NONDPIX, PREPOSTIX>PERMISSIONIX","Crea una PAGINA A FUMETTI a STORIA COMPLETA, verticale A4 (1024x1536), QUALITA' EDITORIALE DA STAMPA, stile ufficiale 'SICURIX TALES' IDENTICO alle immagini di riferimento allegate (stessi personaggi a mattoncini 3D, stessa impaginazione, stessi colori, stesse rese): minifigure espressive, ambientazioni ricche e dettagliate del settore, luci morbide, profondita', bordi vignetta netti. IMPAGINAZIONE OBBLIGATORIA: da 10 a 12 VIGNETTE numerate che raccontano UNA STORIA con arco narrativo completo (1 situazione normale -> 2-4 arrivano i pericoli coi cattivi -> 5-6 tensione/conseguenza -> 7-9 arriva SICURIX con gli eroi e applica il METODO81+ passo per passo -> 10-11 risoluzione ordinata -> 12 finale). HEADER in alto: SICURIX (mantello, medaglione arancione '81+', bussola) che presenta in un fumetto; grande titolo 'SICURIX TALES'; sottotitolo 'MANIFATTURA: Pericolo vs Soluzione con Metodo 81+'; legenda 3 voci (verde Sicurezza, rosso Rischio, blu 81+ Soluzione); fila di EROI coi nomi: SCUDIX, DOCUMIX, FORMIX, CIFRIX, CHECKIX, CHEFIX. FOOTER in basso: grande 'Prima vedi. Poi sistemi.'; banner scudo verde 'PROTEGGIAMO. PREVENIAMO. MIGLIORIAMO.' e triangolo rosso 'DISATTENZIONE. RISCHI. COSTI. CAOS.'; logo '81+' + '81plus.net'. TRAMA (usa questi eventi come vignette; se sono meno di 10 aggiungi vignette di contesto, dialogo e reazione per arrivare a 10-12): 1) MULTIX causa il pericolo 'Ruolo/RLS' (Rappresentante Lavoratori Sicurezza (RLS)); poi SCUDIX+SICURIX applicano il METODO81+; 2) OBLIVIX causa il pericolo 'Ruolo/RSPP' (RSPP / Datore di Lavoro RSPP); poi DOCUMIX+SICURIX applicano il METODO81+; 3) VIBRIX causa il pericolo 'Formazione specifica' (Formazione Specifica (rischio alto)); poi FORMIX+SICURIX applicano il METODO81+; 4) RISKIX causa il pericolo 'Corso' (Corso Alimentarista); poi CIFRIX+SICURIX applicano il METODO81+; 5) POLVERIX causa il pericolo 'Emergenze/Soccorso' (Addetto Primo Soccorso); poi CHECKIX+SICURIX applicano il METODO81+; 6) SPORCKIX causa il pericolo 'Documento' (Manuale HACCP di Autocontrollo); poi CHEFIX+SICURIX applicano il METODO81+; 7) IMPROVVISIX causa il pericolo 'Rintracciabilita' (Rintracciabilita ed Etichettatura); poi FORMIX+SICURIX applicano il METODO81+; 8) CADUTIX causa il pericolo 'Stress' (Stress Lavoro-Correlato); poi SICURIX+SICURIX applicano il METODO81+; 9) VOLTIX causa il pericolo 'Sorveglianza sanitaria' (Sorveglianza Sanitaria / Medico Competente); poi CHEFIX+SICURIX applicano il METODO81+; 10) NONDPIX causa il pericolo 'Ruolo/Preposto' (Formazione Preposto); poi PRIVACIX+SICURIX applicano il METODO81+; 11) PERMISSIONIX causa il pericolo 'Formazione' (Formazione GDPR); poi PREPOSTIX+SICURIX applicano il METODO81+. PALETTE BRAND ESCLUSIVA: nero #05050A, bianco panna, arancione #FF6A1A/#E8501A; ROSSO solo per 'PERICOLO', VERDE per la checklist 'Metodo 81+'. Logo '81+' ben visibile in OGNI vignetta. REGOLA STORIA: SICURIX NON agisce mai da solo - in OGNI vignetta di soluzione si fa AIUTARE dai suoi colleghi EROI (lavoro di squadra, ognuno col suo ruolo). TESTO: didascalie e fumetti MOLTO BREVI (1-4 parole), GRANDI, centrati, in ITALIANO con ORTOGRAFIA PERFETTA, senza parole inventate, lettere doppie errate o testo tagliato. CATTIVI (coerenti col canone): MULTIX, OBLIVIX, VIBRIX, RISKIX, POLVERIX, SPORCKIX, IMPROVVISIX, CADUTIX, VOLTIX, NONDPIX, PERMISSIONIX. EROI: SCUDIX, DOCUMIX, FORMIX, CIFRIX, CHECKIX, CHEFIX, SICURIX, PRIVACIX, PREPOSTIX. NEGATIVE: nessun marchio LEGO reale, nessun personaggio protetto (Asterix ecc.), niente gore/horror, niente claim assoluti ('rischio zero','garantito','zero multe').",In Manifattura c'e' un obbligo che in tanti scoprono solo con la sanzione,"In Manifattura non e' 'se' arriva il controllo, e' 'quando'. Sei pronto?

In manifattura gli adempimenti obbligatori non aspettano: Ruolo/RLS, Ruolo/RSPP, Formazione specifica, Corso, Emergenze/Soccorso, Documento, Rintracciabilita, Stress, Sorveglianza sanitaria, Ruolo/Preposto, Formazione. In questa pagina TALES OF SICURIX il PERICOLO prende forma... e il METODO81+ lo rimette in ordine, passo dopo passo. Immagina la scena: prima il caos, poi la checklist che sistema tutto. Mettere ordine ora costa poco. Rimediare dopo costa caro.
👉 Iscriviti al corso: Corso RLS -> https://81plus.net/?corso=corso-rls
▶️ YouTube: youtube.com/@sicurissimo
Contenuto informativo. Prima vedi. Poi sistemi. 81plus.net",Corso RLS,https://81plus.net/?corso=corso-rls,#TalesOfSicurix #SICURIX #Metodo81 #81plus #Sicurissimo #Sicurezza #HACCP #Privacy #SicurezzaSulLavoro,SICURIX_TALES_106200_4_5_2_15_6_14_17_11_9_3_24.webp,https://drive.google.com/drive/folders/1hICKXdl9JTZBL1pemG19oE_661z-EH_k,IMG_ERR
85.59.10,Sanita/Sociale,Q,Privacy+Sicurezza,10,Valutazione d'Impatto (DPIA) | Uso e Formazione DPI | Informativa e Consensi | Formazione Specifica (rischio medio) | Addetto Primo Soccorso | Nomina DPO / RPD | Movimentazione Manuale Carichi | Registro dei Trattamenti | Formazione GDPR | Formazione Generale Lavoratori,GDPR art.35 | D.Lgs81/08 art.77 | GDPR art.13 | Accordo Stato-Regioni | DM 388/2003 | GDPR art.37 | D.Lgs81/08 Tit.VI | GDPR art.30 | GDPR art.32,"HYGIENIX>CANCELIX, SICURIX>SEGNALEX, DOCUMIX>FRETTIX, TRACCIX>IMPROVVISIX, CHECKIX>SEGNALEX, HYGIENIX>PERMISSIONIX, CONSENSIX>CADUTIX, FORMIX>LEAKIX, FORMIX>IMPROVVISIX, CHECKIX>RISKIX","Crea una PAGINA A FUMETTI a STORIA COMPLETA, verticale A4 (1024x1536), QUALITA' EDITORIALE DA STAMPA, stile ufficiale 'SICURIX TALES' IDENTICO alle immagini di riferimento allegate (stessi personaggi a mattoncini 3D, stessa impaginazione, stessi colori, stesse rese): minifigure espressive, ambientazioni ricche e dettagliate del settore, luci morbide, profondita', bordi vignetta netti. IMPAGINAZIONE OBBLIGATORIA: da 10 a 12 VIGNETTE numerate che raccontano UNA STORIA con arco narrativo completo (1 situazione normale -> 2-4 arrivano i pericoli coi cattivi -> 5-6 tensione/conseguenza -> 7-9 arriva SICURIX con gli eroi e applica il METODO81+ passo per passo -> 10-11 risoluzione ordinata -> 12 finale). HEADER in alto: SICURIX (mantello, medaglione arancione '81+', bussola) che presenta in un fumetto; grande titolo 'SICURIX TALES'; sottotitolo 'SANITA/SOCIALE: Pericolo vs Soluzione con Metodo 81+'; legenda 3 voci (verde Sicurezza, rosso Rischio, blu 81+ Soluzione); fila di EROI coi nomi: HYGIENIX, SICURIX, DOCUMIX, TRACCIX, CHECKIX, CONSENSIX. FOOTER in basso: grande 'Prima vedi. Poi sistemi.'; banner scudo verde 'PROTEGGIAMO. PREVENIAMO. MIGLIORIAMO.' e triangolo rosso 'DISATTENZIONE. RISCHI. COSTI. CAOS.'; logo '81+' + '81plus.net'. TRAMA (usa questi eventi come vignette; se sono meno di 10 aggiungi vignette di contesto, dialogo e reazione per arrivare a 10-12): 1) CANCELIX causa il pericolo 'DPIA' (Valutazione d'Impatto (DPIA)); poi HYGIENIX+SICURIX applicano il METODO81+; 2) SEGNALEX causa il pericolo 'DPI' (Uso e Formazione DPI); poi SICURIX+SICURIX applicano il METODO81+; 3) FRETTIX causa il pericolo 'Documento' (Informativa e Consensi); poi DOCUMIX+SICURIX applicano il METODO81+; 4) IMPROVVISIX causa il pericolo 'Formazione specifica' (Formazione Specifica (rischio medio)); poi TRACCIX+SICURIX applicano il METODO81+; 5) SEGNALEX causa il pericolo 'Emergenze/Soccorso' (Addetto Primo Soccorso); poi CHECKIX+SICURIX applicano il METODO81+; 6) PERMISSIONIX causa il pericolo 'DPO' (Nomina DPO / RPD); poi HYGIENIX+SICURIX applicano il METODO81+; 7) CADUTIX causa il pericolo 'MMC' (Movimentazione Manuale Carichi); poi CONSENSIX+SICURIX applicano il METODO81+; 8) LEAKIX causa il pericolo 'Registro' (Registro dei Trattamenti); poi FORMIX+SICURIX applicano il METODO81+; 9) IMPROVVISIX causa il pericolo 'Formazione' (Formazione GDPR); poi FORMIX+SICURIX applicano il METODO81+; 10) RISKIX causa il pericolo 'Formazione base' (Formazione Generale Lavoratori); poi CHECKIX+SICURIX applicano il METODO81+. PALETTE BRAND ESCLUSIVA: nero #05050A, bianco panna, arancione #FF6A1A/#E8501A; ROSSO solo per 'PERICOLO', VERDE per la checklist 'Metodo 81+'. Logo '81+' ben visibile in OGNI vignetta. REGOLA STORIA: SICURIX NON agisce mai da solo - in OGNI vignetta di soluzione si fa AIUTARE dai suoi colleghi EROI (lavoro di squadra, ognuno col suo ruolo). TESTO: didascalie e fumetti MOLTO BREVI (1-4 parole), GRANDI, centrati, in ITALIANO con ORTOGRAFIA PERFETTA, senza parole inventate, lettere doppie errate o testo tagliato. CATTIVI (coerenti col canone): CANCELIX, SEGNALEX, FRETTIX, IMPROVVISIX, PERMISSIONIX, CADUTIX, LEAKIX, RISKIX. EROI: HYGIENIX, SICURIX, DOCUMIX, TRACCIX, CHECKIX, CONSENSIX, FORMIX. NEGATIVE: nessun marchio LEGO reale, nessun personaggio protetto (Asterix ecc.), niente gore/horror, niente claim assoluti ('rischio zero','garantito','zero multe').",Quello che l'ispettore controlla per primo in Sanita/Sociale (e quasi nessuno lo sa),"Sanita/Sociale: 3 minuti oggi o un problema enorme domani. Scegli tu.

In sanita/sociale gli adempimenti obbligatori non aspettano: DPIA, DPI, Documento, Formazione specifica, Emergenze/Soccorso, DPO, MMC, Registro, Formazione, Formazione base. In questa pagina TALES OF SICURIX il PERICOLO prende forma... e il METODO81+ lo rimette in ordine, passo dopo passo. Immagina la scena: prima il caos, poi la checklist che sistema tutto. La regola c'e' gia': tu falla lavorare per te.
👉 Iscriviti al corso: Corso privacy destinato ai lavoratori -> https://81plus.net/?corso=corso-privacy-destinato-ai-lavoratori
▶️ YouTube: youtube.com/@sicurissimo
Contenuto informativo. Prima vedi. Poi sistemi. 81plus.net",Corso privacy destinato ai lavoratori,https://81plus.net/?corso=corso-privacy-destinato-ai-lavoratori,#TalesOfSicurix #SICURIX #Metodo81 #81plus #Sicurissimo #Privacy #Sicurezza #SicurezzaSulLavoro,SICURIX_TALES_855910_18_8_12_2_6_17_10_13_15_1.webp,https://drive.google.com/drive/folders/1hICKXdl9JTZBL1pemG19oE_661z-EH_k,IMG_ERR
86.96.09,Arte/Sport,R,Sicurezza+HACCP+Privacy,12,Rappresentante Lavoratori Sicurezza (RLS) | Rintracciabilita ed Etichettatura | Movimentazione Manuale Carichi | Documento Valutazione Rischi (DVR) | Nomina Incaricati/Responsabili | Procedura Data Breach | RSPP / Datore di Lavoro RSPP | Formazione Preposto | Informativa e Consensi | Formazione Specifica (rischio medio) | Controllo Temperature e Celle | Manuale HACCP di Autocontrollo,D.Lgs81/08 art.47 | Reg.CE 178/2002 | D.Lgs81/08 Tit.VI | D.Lgs81/08 art.28 | GDPR art.28-29 | GDPR art.33-34 | D.Lgs81/08 art.34 | D.Lgs81/08 art.37 | GDPR art.13 | Accordo Stato-Regioni | Reg.CE 852/2004,"SCUDIX>SCHIACCIX, SICURIX>TEMPORIX, FORMIX>NONDPIX, ROBOTIX81>FRETTIX, CHECKIX>CAOSIX, FORMIX>PERMISSIONIX, CIFRIX>POLVERIX, DOCUMIX>CADUTIX, FORMIX>PERMISSIONIX, SICURIX>SOTTOVALUTIX, CONSENSIX>CAOSIX, SICURIX>CAOSIX","Crea una PAGINA A FUMETTI a STORIA COMPLETA, verticale A4 (1024x1536), QUALITA' EDITORIALE DA STAMPA, stile ufficiale 'SICURIX TALES' IDENTICO alle immagini di riferimento allegate (stessi personaggi a mattoncini 3D, stessa impaginazione, stessi colori, stesse rese): minifigure espressive, ambientazioni ricche e dettagliate del settore, luci morbide, profondita', bordi vignetta netti. IMPAGINAZIONE OBBLIGATORIA: da 10 a 12 VIGNETTE numerate che raccontano UNA STORIA con arco narrativo completo (1 situazione normale -> 2-4 arrivano i pericoli coi cattivi -> 5-6 tensione/conseguenza -> 7-9 arriva SICURIX con gli eroi e applica il METODO81+ passo per passo -> 10-11 risoluzione ordinata -> 12 finale). HEADER in alto: SICURIX (mantello, medaglione arancione '81+', bussola) che presenta in un fumetto; grande titolo 'SICURIX TALES'; sottotitolo 'ARTE/SPORT: Pericolo vs Soluzione con Metodo 81+'; legenda 3 voci (verde Sicurezza, rosso Rischio, blu 81+ Soluzione); fila di EROI coi nomi: SCUDIX, SICURIX, FORMIX, ROBOTIX81, CHECKIX, CIFRIX. FOOTER in basso: grande 'Prima vedi. Poi sistemi.'; banner scudo verde 'PROTEGGIAMO. PREVENIAMO. MIGLIORIAMO.' e triangolo rosso 'DISATTENZIONE. RISCHI. COSTI. CAOS.'; logo '81+' + '81plus.net'. TRAMA (usa questi eventi come vignette; se sono meno di 10 aggiungi vignette di contesto, dialogo e reazione per arrivare a 10-12): 1) SCHIACCIX causa il pericolo 'Ruolo/RLS' (Rappresentante Lavoratori Sicurezza (RLS)); poi SCUDIX+SICURIX applicano il METODO81+; 2) TEMPORIX causa il pericolo 'Rintracciabilita' (Rintracciabilita ed Etichettatura); poi SICURIX+SICURIX applicano il METODO81+; 3) NONDPIX causa il pericolo 'MMC' (Movimentazione Manuale Carichi); poi FORMIX+SICURIX applicano il METODO81+; 4) FRETTIX causa il pericolo 'Documento' (Documento Valutazione Rischi (DVR)); poi ROBOTIX81+SICURIX applicano il METODO81+; 5) CAOSIX causa il pericolo 'Nomine' (Nomina Incaricati/Responsabili); poi CHECKIX+SICURIX applicano il METODO81+; 6) PERMISSIONIX causa il pericolo 'Data breach' (Procedura Data Breach); poi FORMIX+SICURIX applicano il METODO81+; 7) POLVERIX causa il pericolo 'Ruolo/RSPP' (RSPP / Datore di Lavoro RSPP); poi CIFRIX+SICURIX applicano il METODO81+; 8) CADUTIX causa il pericolo 'Ruolo/Preposto' (Formazione Preposto); poi DOCUMIX+SICURIX applicano il METODO81+; 9) PERMISSIONIX causa il pericolo 'Documento' (Informativa e Consensi); poi FORMIX+SICURIX applicano il METODO81+; 10) SOTTOVALUTIX causa il pericolo 'Formazione specifica' (Formazione Specifica (rischio medio)); poi SICURIX+SICURIX applicano il METODO81+; 11) CAOSIX causa il pericolo 'Temperature' (Controllo Temperature e Celle); poi CONSENSIX+SICURIX applicano il METODO81+; 12) CAOSIX causa il pericolo 'Documento' (Manuale HACCP di Autocontrollo); poi SICURIX+SICURIX applicano il METODO81+. PALETTE BRAND ESCLUSIVA: nero #05050A, bianco panna, arancione #FF6A1A/#E8501A; ROSSO solo per 'PERICOLO', VERDE per la checklist 'Metodo 81+'. Logo '81+' ben visibile in OGNI vignetta. REGOLA STORIA: SICURIX NON agisce mai da solo - in OGNI vignetta di soluzione si fa AIUTARE dai suoi colleghi EROI (lavoro di squadra, ognuno col suo ruolo). TESTO: didascalie e fumetti MOLTO BREVI (1-4 parole), GRANDI, centrati, in ITALIANO con ORTOGRAFIA PERFETTA, senza parole inventate, lettere doppie errate o testo tagliato. CATTIVI (coerenti col canone): SCHIACCIX, TEMPORIX, NONDPIX, FRETTIX, CAOSIX, PERMISSIONIX, POLVERIX, CADUTIX, SOTTOVALUTIX. EROI: SCUDIX, SICURIX, FORMIX, ROBOTIX81, CHECKIX, CIFRIX, DOCUMIX, CONSENSIX. NEGATIVE: nessun marchio LEGO reale, nessun personaggio protetto (Asterix ecc.), niente gore/horror, niente claim assoluti ('rischio zero','garantito','zero multe').",In Arte/Sport c'e' un obbligo che in tanti scoprono solo con la sanzione,"In Arte/Sport non e' 'se' arriva il controllo, e' 'quando'. Sei pronto?

In arte/sport gli adempimenti obbligatori non aspettano: Ruolo/RLS, Rintracciabilita, MMC, Documento, Nomine, Data breach, Ruolo/RSPP, Ruolo/Preposto, Formazione specifica, Temperature. In questa pagina TALES OF SICURIX il PERICOLO prende forma... e il METODO81+ lo rimette in ordine, passo dopo passo. Immagina la scena: prima il caos, poi la checklist che sistema tutto. Non e' burocrazia: e' la tua tranquillita.
👉 Iscriviti al corso: Corso RLS -> https://81plus.net/?corso=corso-rls
▶️ YouTube: youtube.com/@sicurissimo
Contenuto informativo. Prima vedi. Poi sistemi. 81plus.net",Corso RLS,https://81plus.net/?corso=corso-rls,#TalesOfSicurix #SICURIX #Metodo81 #81plus #Sicurissimo #Sicurezza #HACCP #Privacy #SicurezzaSulLavoro,SICURIX_TALES_869609_4_15_10_0_21_23_5_3_19_2_16_12.webp,https://drive.google.com/drive/folders/1hICKXdl9JTZBL1pemG19oE_661z-EH_k,IMG_ERR
20.59.20,Manifattura,C,Sicurezza+Privacy+HACCP,12,Formazione Generale Lavoratori | Addetto Primo Soccorso | Rappresentante Lavoratori Sicurezza (RLS) | Attrezzature e Macchine | Nomina Incaricati/Responsabili | Formazione Preposto | Controllo Temperature e Celle | Manuale HACCP di Autocontrollo | Sorveglianza Sanitaria / Medico Competente | Registro dei Trattamenti | Lotta agli Infestanti (Pest Control) | Informativa e Consensi,Accordo Stato-Regioni | DM 388/2003 | D.Lgs81/08 art.47 | D.Lgs81/08 Tit.III | GDPR art.28-29 | D.Lgs81/08 art.37 | Reg.CE 852/2004 | D.Lgs81/08 art.41 | GDPR art.30 | GDPR art.13,"LUXPECTORIX>FUMIX, CONSENSIX>POLVERIX, SCUDIX>BIOXIX, BLINKIX>IMPROVVISIX, CIFRIX>PHISHIX, SCUDIX>SEGNALEX, PRIVACIX>SCADUTIX, CHEFIX>SCADUTIX, TRACCIX>OBLIVIX, HYGIENIX>OBLIVIX, PRIVACIX>MULTIX, CIFRIX>CAOSIX","Crea una PAGINA A FUMETTI a STORIA COMPLETA, verticale A4 (1024x1536), QUALITA' EDITORIALE DA STAMPA, stile ufficiale 'SICURIX TALES' IDENTICO alle immagini di riferimento allegate (stessi personaggi a mattoncini 3D, stessa impaginazione, stessi colori, stesse rese): minifigure espressive, ambientazioni ricche e dettagliate del settore, luci morbide, profondita', bordi vignetta netti. IMPAGINAZIONE OBBLIGATORIA: da 10 a 12 VIGNETTE numerate che raccontano UNA STORIA con arco narrativo completo (1 situazione normale -> 2-4 arrivano i pericoli coi cattivi -> 5-6 tensione/conseguenza -> 7-9 arriva SICURIX con gli eroi e applica il METODO81+ passo per passo -> 10-11 risoluzione ordinata -> 12 finale). HEADER in alto: SICURIX (mantello, medaglione arancione '81+', bussola) che presenta in un fumetto; grande titolo 'SICURIX TALES'; sottotitolo 'MANIFATTURA: Pericolo vs Soluzione con Metodo 81+'; legenda 3 voci (verde Sicurezza, rosso Rischio, blu 81+ Soluzione); fila di EROI coi nomi: LUXPECTORIX, CONSENSIX, SCUDIX, BLINKIX, CIFRIX, PRIVACIX. FOOTER in basso: grande 'Prima vedi. Poi sistemi.'; banner scudo verde 'PROTEGGIAMO. PREVENIAMO. MIGLIORIAMO.' e triangolo rosso 'DISATTENZIONE. RISCHI. COSTI. CAOS.'; logo '81+' + '81plus.net'. TRAMA (usa questi eventi come vignette; se sono meno di 10 aggiungi vignette di contesto, dialogo e reazione per arrivare a 10-12): 1) FUMIX causa il pericolo 'Formazione base' (Formazione Generale Lavoratori); poi LUXPECTORIX+SICURIX applicano il METODO81+; 2) POLVERIX causa il pericolo 'Emergenze/Soccorso' (Addetto Primo Soccorso); poi CONSENSIX+SICURIX applicano il METODO81+; 3) BIOXIX causa il pericolo 'Ruolo/RLS' (Rappresentante Lavoratori Sicurezza (RLS)); poi SCUDIX+SICURIX applicano il METODO81+; 4) IMPROVVISIX causa il pericolo 'Attrezzature' (Attrezzature e Macchine); poi BLINKIX+SICURIX applicano il METODO81+; 5) PHISHIX causa il pericolo 'Nomine' (Nomina Incaricati/Responsabili); poi CIFRIX+SICURIX applicano il METODO81+; 6) SEGNALEX causa il pericolo 'Ruolo/Preposto' (Formazione Preposto); poi SCUDIX+SICURIX applicano il METODO81+; 7) SCADUTIX causa il pericolo 'Temperature' (Controllo Temperature e Celle); poi PRIVACIX+SICURIX applicano il METODO81+; 8) SCADUTIX causa il pericolo 'Documento' (Manuale HACCP di Autocontrollo); poi CHEFIX+SICURIX applicano il METODO81+; 9) OBLIVIX causa il pericolo 'Sorveglianza sanitaria' (Sorveglianza Sanitaria / Medico Competente); poi TRACCIX+SICURIX applicano il METODO81+; 10) OBLIVIX causa il pericolo 'Registro' (Registro dei Trattamenti); poi HYGIENIX+SICURIX applicano il METODO81+; 11) MULTIX causa il pericolo 'Infestanti' (Lotta agli Infestanti (Pest Control)); poi PRIVACIX+SICURIX applicano il METODO81+; 12) CAOSIX causa il pericolo 'Documento' (Informativa e Consensi); poi CIFRIX+SICURIX applicano il METODO81+. PALETTE BRAND ESCLUSIVA: nero #05050A, bianco panna, arancione #FF6A1A/#E8501A; ROSSO solo per 'PERICOLO', VERDE per la checklist 'Metodo 81+'. Logo '81+' ben visibile in OGNI vignetta. REGOLA STORIA: SICURIX NON agisce mai da solo - in OGNI vignetta di soluzione si fa AIUTARE dai suoi colleghi EROI (lavoro di squadra, ognuno col suo ruolo). TESTO: didascalie e fumetti MOLTO BREVI (1-4 parole), GRANDI, centrati, in ITALIANO con ORTOGRAFIA PERFETTA, senza parole inventate, lettere doppie errate o testo tagliato. CATTIVI (coerenti col canone): FUMIX, POLVERIX, BIOXIX, IMPROVVISIX, PHISHIX, SEGNALEX, SCADUTIX, OBLIVIX, MULTIX, CAOSIX. EROI: LUXPECTORIX, CONSENSIX, SCUDIX, BLINKIX, CIFRIX, PRIVACIX, CHEFIX, TRACCIX, HYGIENIX. NEGATIVE: nessun marchio LEGO reale, nessun personaggio protetto (Asterix ecc.), niente gore/horror, niente claim assoluti ('rischio zero','garantito','zero multe').",In Manifattura c'e' un obbligo che in tanti scoprono solo con la sanzione,"Manifattura: 3 minuti oggi o un problema enorme domani. Scegli tu.

In manifattura gli adempimenti obbligatori non aspettano: Formazione base, Emergenze/Soccorso, Ruolo/RLS, Attrezzature, Nomine, Ruolo/Preposto, Temperature, Documento, Sorveglianza sanitaria, Registro, Infestanti. In questa pagina TALES OF SICURIX il PERICOLO prende forma... e il METODO81+ lo rimette in ordine, passo dopo passo. Immagina la scena: prima il caos, poi la checklist che sistema tutto. La regola c'e' gia': tu falla lavorare per te.
👉 Iscriviti al corso: Corso lavoratore parte GENERALE 4 ore -> https://81plus.net/?corso=corso-lavoratore-parte-generale-4-ore
▶️ YouTube: youtube.com/@sicurissimo
Contenuto informativo. Prima vedi. Poi sistemi. 81plus.net",Corso lavoratore parte GENERALE 4 ore,https://81plus.net/?corso=corso-lavoratore-parte-generale-4-ore,#TalesOfSicurix #SICURIX #Metodo81 #81plus #Sicurissimo #Sicurezza #Privacy #HACCP #SicurezzaSulLavoro,SICURIX_TALES_205920_1_6_4_13_23_3_18_14_9_22_19_21.webp,https://drive.google.com/drive/folders/1hICKXdl9JTZBL1pemG19oE_661z-EH_k,IMG_ERR
56.12.01,Alloggio/Ristorazione,I,HACCP+Privacy+Sicurezza,11,Corso Alimentarista | Formazione GDPR | Addetto Primo Soccorso | Rintracciabilita ed Etichettatura | RSPP / Datore di Lavoro RSPP | Manuale HACCP di Autocontrollo | Controllo Temperature e Celle | Movimentazione Manuale Carichi | Documento Valutazione Rischi (DVR) | Gestione Allergeni | Piano di Sanificazione,Reg.CE 852/2004 | GDPR art.32 | DM 388/2003 | Reg.CE 178/2002 | D.Lgs81/08 art.34 | D.Lgs81/08 Tit.VI | D.Lgs81/08 art.28 | Reg.UE 1169/2011,"ROBOTIX81>MULTIX, SICURIX>IMPROVVISIX, PRIVACIX>BIOXIX, HYGIENIX>DOSAGIX, CONSENSIX>BIOXIX, LUXPECTORIX>MESCOLIX, DOCUMIX>IMPROVVISIX, SCUDIX>RISKIX, SICURIX>BIOXIX, FORMIX>MESCOLIX, PRIVACIX>ACQUAIX","Crea una PAGINA A FUMETTI a STORIA COMPLETA, verticale A4 (1024x1536), QUALITA' EDITORIALE DA STAMPA, stile ufficiale 'SICURIX TALES' IDENTICO alle immagini di riferimento allegate (stessi personaggi a mattoncini 3D, stessa impaginazione, stessi colori, stesse rese): minifigure espressive, ambientazioni ricche e dettagliate del settore, luci morbide, profondita', bordi vignetta netti. IMPAGINAZIONE OBBLIGATORIA: da 10 a 12 VIGNETTE numerate che raccontano UNA STORIA con arco narrativo completo (1 situazione normale -> 2-4 arrivano i pericoli coi cattivi -> 5-6 tensione/conseguenza -> 7-9 arriva SICURIX con gli eroi e applica il METODO81+ passo per passo -> 10-11 risoluzione ordinata -> 12 finale). HEADER in alto: SICURIX (mantello, medaglione arancione '81+', bussola) che presenta in un fumetto; grande titolo 'SICURIX TALES'; sottotitolo 'ALLOGGIO/RISTORAZIONE: Pericolo vs Soluzione con Metodo 81+'; legenda 3 voci (verde Sicurezza, rosso Rischio, blu 81+ Soluzione); fila di EROI coi nomi: ROBOTIX81, SICURIX, PRIVACIX, HYGIENIX, CONSENSIX, LUXPECTORIX. FOOTER in basso: grande 'Prima vedi. Poi sistemi.'; banner scudo verde 'PROTEGGIAMO. PREVENIAMO. MIGLIORIAMO.' e triangolo rosso 'DISATTENZIONE. RISCHI. COSTI. CAOS.'; logo '81+' + '81plus.net'. TRAMA (usa questi eventi come vignette; se sono meno di 10 aggiungi vignette di contesto, dialogo e reazione per arrivare a 10-12): 1) MULTIX causa il pericolo 'Corso' (Corso Alimentarista); poi ROBOTIX81+SICURIX applicano il METODO81+; 2) IMPROVVISIX causa il pericolo 'Formazione' (Formazione GDPR); poi SICURIX+SICURIX applicano il METODO81+; 3) BIOXIX causa il pericolo 'Emergenze/Soccorso' (Addetto Primo Soccorso); poi PRIVACIX+SICURIX applicano il METODO81+; 4) DOSAGIX causa il pericolo 'Rintracciabilita' (Rintracciabilita ed Etichettatura); poi HYGIENIX+SICURIX applicano il METODO81+; 5) BIOXIX causa il pericolo 'Ruolo/RSPP' (RSPP / Datore di Lavoro RSPP); poi CONSENSIX+SICURIX applicano il METODO81+; 6) MESCOLIX causa il pericolo 'Documento' (Manuale HACCP di Autocontrollo); poi LUXPECTORIX+SICURIX applicano il METODO81+; 7) IMPROVVISIX causa il pericolo 'Temperature' (Controllo Temperature e Celle); poi DOCUMIX+SICURIX applicano il METODO81+; 8) RISKIX causa il pericolo 'MMC' (Movimentazione Manuale Carichi); poi SCUDIX+SICURIX applicano il METODO81+; 9) BIOXIX causa il pericolo 'Documento' (Documento Valutazione Rischi (DVR)); poi SICURIX+SICURIX applicano il METODO81+; 10) MESCOLIX causa il pericolo 'Allergeni' (Gestione Allergeni); poi FORMIX+SICURIX applicano il METODO81+; 11) ACQUAIX causa il pericolo 'Sanificazione' (Piano di Sanificazione); poi PRIVACIX+SICURIX applicano il METODO81+. PALETTE BRAND ESCLUSIVA: nero #05050A, bianco panna, arancione #FF6A1A/#E8501A; ROSSO solo per 'PERICOLO', VERDE per la checklist 'Metodo 81+'. Logo '81+' ben visibile in OGNI vignetta. REGOLA STORIA: SICURIX NON agisce mai da solo - in OGNI vignetta di soluzione si fa AIUTARE dai suoi colleghi EROI (lavoro di squadra, ognuno col suo ruolo). TESTO: didascalie e fumetti MOLTO BREVI (1-4 parole), GRANDI, centrati, in ITALIANO con ORTOGRAFIA PERFETTA, senza parole inventate, lettere doppie errate o testo tagliato. CATTIVI (coerenti col canone): MULTIX, IMPROVVISIX, BIOXIX, DOSAGIX, MESCOLIX, RISKIX, ACQUAIX. EROI: ROBOTIX81, SICURIX, PRIVACIX, HYGIENIX, CONSENSIX, LUXPECTORIX, DOCUMIX, SCUDIX, FORMIX. NEGATIVE: nessun marchio LEGO reale, nessun personaggio protetto (Asterix ecc.), niente gore/horror, niente claim assoluti ('rischio zero','garantito','zero multe').",La differenza tra chi in Alloggio/Ristorazione dorme sereno e chi trema al controllo,"Alloggio/Ristorazione: 3 minuti oggi o un problema enorme domani. Scegli tu.

In alloggio/ristorazione gli adempimenti obbligatori non aspettano: Corso, Formazione, Emergenze/Soccorso, Rintracciabilita, Ruolo/RSPP, Documento, Temperature, MMC, Allergeni, Sanificazione. In questa pagina TALES OF SICURIX il PERICOLO prende forma... e il METODO81+ lo rimette in ordine, passo dopo passo. Immagina la scena: prima il caos, poi la checklist che sistema tutto. Mettere ordine ora costa poco. Rimediare dopo costa caro.
👉 Iscriviti al corso: Haccp - Corso responsabile industria alimentare -> https://81plus.net/?corso=haccp-corso-responsabile-industria-alimentare
▶️ YouTube: youtube.com/@sicurissimo
Contenuto informativo. Prima vedi. Poi sistemi. 81plus.net",Haccp - Corso responsabile industria alimentare,https://81plus.net/?corso=haccp-corso-responsabile-industria-alimentare,#TalesOfSicurix #SICURIX #Metodo81 #81plus #Sicurissimo #HACCP #Privacy #Sicurezza #SicurezzaSulLavoro,SICURIX_TALES_561201_13_22_6_15_5_12_16_10_0_18_14.webp,https://drive.google.com/drive/folders/1hICKXdl9JTZBL1pemG19oE_661z-EH_k,IMG_ERR
33.20.01,Manifattura,C,Sicurezza+HACCP,10,Stress Lavoro-Correlato | Formazione Generale Lavoratori | Manuale HACCP di Autocontrollo | Uso e Formazione DPI | Documento Valutazione Rischi (DVR) | Sorveglianza Sanitaria / Medico Competente | Corso Alimentarista | Rappresentante Lavoratori Sicurezza (RLS) | Movimentazione Manuale Carichi | Controllo Temperature e Celle,D.Lgs81/08 art.28 | Accordo Stato-Regioni | Reg.CE 852/2004 | D.Lgs81/08 art.77 | D.Lgs81/08 art.41 | D.Lgs81/08 art.47 | D.Lgs81/08 Tit.VI,"ROBOTIX81>ØTIX, HYGIENIX>OBLIVIX, BLINKIX>FRETTIX, LUXPECTORIX>RISKIX, CONSENSIX>SCIVOLIX, PRIVACIX>NONDPIX, CHECKIX>SPORCKIX, CONSENSIX>RUMORIX, SICURIX>SOTTOVALUTIX, SCUDIX>ACQUAIX","Crea una PAGINA A FUMETTI a STORIA COMPLETA, verticale A4 (1024x1536), QUALITA' EDITORIALE DA STAMPA, stile ufficiale 'SICURIX TALES' IDENTICO alle immagini di riferimento allegate (stessi personaggi a mattoncini 3D, stessa impaginazione, stessi colori, stesse rese): minifigure espressive, ambientazioni ricche e dettagliate del settore, luci morbide, profondita', bordi vignetta netti. IMPAGINAZIONE OBBLIGATORIA: da 10 a 12 VIGNETTE numerate che raccontano UNA STORIA con arco narrativo completo (1 situazione normale -> 2-4 arrivano i pericoli coi cattivi -> 5-6 tensione/conseguenza -> 7-9 arriva SICURIX con gli eroi e applica il METODO81+ passo per passo -> 10-11 risoluzione ordinata -> 12 finale). HEADER in alto: SICURIX (mantello, medaglione arancione '81+', bussola) che presenta in un fumetto; grande titolo 'SICURIX TALES'; sottotitolo 'MANIFATTURA: Pericolo vs Soluzione con Metodo 81+'; legenda 3 voci (verde Sicurezza, rosso Rischio, blu 81+ Soluzione); fila di EROI coi nomi: ROBOTIX81, HYGIENIX, BLINKIX, LUXPECTORIX, CONSENSIX, PRIVACIX. FOOTER in basso: grande 'Prima vedi. Poi sistemi.'; banner scudo verde 'PROTEGGIAMO. PREVENIAMO. MIGLIORIAMO.' e triangolo rosso 'DISATTENZIONE. RISCHI. COSTI. CAOS.'; logo '81+' + '81plus.net'. TRAMA (usa questi eventi come vignette; se sono meno di 10 aggiungi vignette di contesto, dialogo e reazione per arrivare a 10-12): 1) ØTIX causa il pericolo 'Stress' (Stress Lavoro-Correlato); poi ROBOTIX81+SICURIX applicano il METODO81+; 2) OBLIVIX causa il pericolo 'Formazione base' (Formazione Generale Lavoratori); poi HYGIENIX+SICURIX applicano il METODO81+; 3) FRETTIX causa il pericolo 'Documento' (Manuale HACCP di Autocontrollo); poi BLINKIX+SICURIX applicano il METODO81+; 4) RISKIX causa il pericolo 'DPI' (Uso e Formazione DPI); poi LUXPECTORIX+SICURIX applicano il METODO81+; 5) SCIVOLIX causa il pericolo 'Documento' (Documento Valutazione Rischi (DVR)); poi CONSENSIX+SICURIX applicano il METODO81+; 6) NONDPIX causa il pericolo 'Sorveglianza sanitaria' (Sorveglianza Sanitaria / Medico Competente); poi PRIVACIX+SICURIX applicano il METODO81+; 7) SPORCKIX causa il pericolo 'Corso' (Corso Alimentarista); poi CHECKIX+SICURIX applicano il METODO81+; 8) RUMORIX causa il pericolo 'Ruolo/RLS' (Rappresentante Lavoratori Sicurezza (RLS)); poi CONSENSIX+SICURIX applicano il METODO81+; 9) SOTTOVALUTIX causa il pericolo 'MMC' (Movimentazione Manuale Carichi); poi SICURIX+SICURIX applicano il METODO81+; 10) ACQUAIX causa il pericolo 'Temperature' (Controllo Temperature e Celle); poi SCUDIX+SICURIX applicano il METODO81+. PALETTE BRAND ESCLUSIVA: nero #05050A, bianco panna, arancione #FF6A1A/#E8501A; ROSSO solo per 'PERICOLO', VERDE per la checklist 'Metodo 81+'. Logo '81+' ben visibile in OGNI vignetta. REGOLA STORIA: SICURIX NON agisce mai da solo - in OGNI vignetta di soluzione si fa AIUTARE dai suoi colleghi EROI (lavoro di squadra, ognuno col suo ruolo). TESTO: didascalie e fumetti MOLTO BREVI (1-4 parole), GRANDI, centrati, in ITALIANO con ORTOGRAFIA PERFETTA, senza parole inventate, lettere doppie errate o testo tagliato. CATTIVI (coerenti col canone): ØTIX, OBLIVIX, FRETTIX, RISKIX, SCIVOLIX, NONDPIX, SPORCKIX, RUMORIX, SOTTOVALUTIX, ACQUAIX. EROI: ROBOTIX81, HYGIENIX, BLINKIX, LUXPECTORIX, CONSENSIX, PRIVACIX, CHECKIX, SICURIX, SCUDIX. NEGATIVE: nessun marchio LEGO reale, nessun personaggio protetto (Asterix ecc.), niente gore/horror, niente claim assoluti ('rischio zero','garantito','zero multe').",Manifattura: 3 minuti oggi o un problema enorme domani. Scegli tu.,"Quello che l'ispettore controlla per primo in Manifattura (e quasi nessuno lo sa)

In manifattura gli adempimenti obbligatori non aspettano: Stress, Formazione base, Documento, DPI, Sorveglianza sanitaria, Corso, Ruolo/RLS, MMC, Temperature. In questa pagina TALES OF SICURIX il PERICOLO prende forma... e il METODO81+ lo rimette in ordine, passo dopo passo. Immagina la scena: prima il caos, poi la checklist che sistema tutto. Non e' burocrazia: e' la tua tranquillita.
👉 Iscriviti al corso: Rischio stress lavoro correlato -> https://81plus.net/?corso=rischio-stress-lavoro-correlato
▶️ YouTube: youtube.com/@sicurissimo
Contenuto informativo. Prima vedi. Poi sistemi. 81plus.net",Rischio stress lavoro correlato,https://81plus.net/?corso=rischio-stress-lavoro-correlato,#TalesOfSicurix #SICURIX #Metodo81 #81plus #Sicurissimo #Sicurezza #HACCP #SicurezzaSulLavoro,SICURIX_TALES_332001_11_1_15_8_0_9_16_4_10_19.webp,https://drive.google.com/drive/folders/1hICKXdl9JTZBL1pemG19oE_661z-EH_k,IMG_ERR
31.00.39,Manifattura,C,Sicurezza+Privacy+HACCP,10,Sorveglianza Sanitaria / Medico Competente | Documento Valutazione Rischi (DVR) | Procedura Data Breach | Manuale HACCP di Autocontrollo | Addetto Primo Soccorso | Uso e Formazione DPI | Rintracciabilita ed Etichettatura | Formazione GDPR | Attrezzature e Macchine | Piano di Sanificazione,D.Lgs81/08 art.41 | D.Lgs81/08 art.28 | GDPR art.33-34 | Reg.CE 852/2004 | DM 388/2003 | D.Lgs81/08 art.77 | Reg.CE 178/2002 | GDPR art.32 | D.Lgs81/08 Tit.III,"TRACCIX>BIOXIX, CHEFIX>SCHIACCIX, SCUDIX>PHISHIX, HYGIENIX>SPORCKIX, FORMIX>FUMIX, PREPOSTIX>SCHIACCIX, ROBOTIX81>DOSAGIX, FORMIX>SPYIX, ROBOTIX81>RUMORIX, CONSENSIX>SPORCKIX","Crea una PAGINA A FUMETTI a STORIA COMPLETA, verticale A4 (1024x1536), QUALITA' EDITORIALE DA STAMPA, stile ufficiale 'SICURIX TALES' IDENTICO alle immagini di riferimento allegate (stessi personaggi a mattoncini 3D, stessa impaginazione, stessi colori, stesse rese): minifigure espressive, ambientazioni ricche e dettagliate del settore, luci morbide, profondita', bordi vignetta netti. IMPAGINAZIONE OBBLIGATORIA: da 10 a 12 VIGNETTE numerate che raccontano UNA STORIA con arco narrativo completo (1 situazione normale -> 2-4 arrivano i pericoli coi cattivi -> 5-6 tensione/conseguenza -> 7-9 arriva SICURIX con gli eroi e applica il METODO81+ passo per passo -> 10-11 risoluzione ordinata -> 12 finale). HEADER in alto: SICURIX (mantello, medaglione arancione '81+', bussola) che presenta in un fumetto; grande titolo 'SICURIX TALES'; sottotitolo 'MANIFATTURA: Pericolo vs Soluzione con Metodo 81+'; legenda 3 voci (verde Sicurezza, rosso Rischio, blu 81+ Soluzione); fila di EROI coi nomi: TRACCIX, CHEFIX, SCUDIX, HYGIENIX, FORMIX, PREPOSTIX. FOOTER in basso: grande 'Prima vedi. Poi sistemi.'; banner scudo verde 'PROTEGGIAMO. PREVENIAMO. MIGLIORIAMO.' e triangolo rosso 'DISATTENZIONE. RISCHI. COSTI. CAOS.'; logo '81+' + '81plus.net'. TRAMA (usa questi eventi come vignette; se sono meno di 10 aggiungi vignette di contesto, dialogo e reazione per arrivare a 10-12): 1) BIOXIX causa il pericolo 'Sorveglianza sanitaria' (Sorveglianza Sanitaria / Medico Competente); poi TRACCIX+SICURIX applicano il METODO81+; 2) SCHIACCIX causa il pericolo 'Documento' (Documento Valutazione Rischi (DVR)); poi CHEFIX+SICURIX applicano il METODO81+; 3) PHISHIX causa il pericolo 'Data breach' (Procedura Data Breach); poi SCUDIX+SICURIX applicano il METODO81+; 4) SPORCKIX causa il pericolo 'Documento' (Manuale HACCP di Autocontrollo); poi HYGIENIX+SICURIX applicano il METODO81+; 5) FUMIX causa il pericolo 'Emergenze/Soccorso' (Addetto Primo Soccorso); poi FORMIX+SICURIX applicano il METODO81+; 6) SCHIACCIX causa il pericolo 'DPI' (Uso e Formazione DPI); poi PREPOSTIX+SICURIX applicano il METODO81+; 7) DOSAGIX causa il pericolo 'Rintracciabilita' (Rintracciabilita ed Etichettatura); poi ROBOTIX81+SICURIX applicano il METODO81+; 8) SPYIX causa il pericolo 'Formazione' (Formazione GDPR); poi FORMIX+SICURIX applicano il METODO81+; 9) RUMORIX causa il pericolo 'Attrezzature' (Attrezzature e Macchine); poi ROBOTIX81+SICURIX applicano il METODO81+; 10) SPORCKIX causa il pericolo 'Sanificazione' (Piano di Sanificazione); poi CONSENSIX+SICURIX applicano il METODO81+. PALETTE BRAND ESCLUSIVA: nero #05050A, bianco panna, arancione #FF6A1A/#E8501A; ROSSO solo per 'PERICOLO', VERDE per la checklist 'Metodo 81+'. Logo '81+' ben visibile in OGNI vignetta. REGOLA STORIA: SICURIX NON agisce mai da solo - in OGNI vignetta di soluzione si fa AIUTARE dai suoi colleghi EROI (lavoro di squadra, ognuno col suo ruolo). TESTO: didascalie e fumetti MOLTO BREVI (1-4 parole), GRANDI, centrati, in ITALIANO con ORTOGRAFIA PERFETTA, senza parole inventate, lettere doppie errate o testo tagliato. CATTIVI (coerenti col canone): BIOXIX, SCHIACCIX, PHISHIX, SPORCKIX, FUMIX, DOSAGIX, SPYIX, RUMORIX. EROI: TRACCIX, CHEFIX, SCUDIX, HYGIENIX, FORMIX, PREPOSTIX, ROBOTIX81, CONSENSIX. NEGATIVE: nessun marchio LEGO reale, nessun personaggio protetto (Asterix ecc.), niente gore/horror, niente claim assoluti ('rischio zero','garantito','zero multe').",In Manifattura c'e' un obbligo che in tanti scoprono solo con la sanzione,"La differenza tra chi in Manifattura dorme sereno e chi trema al controllo

In manifattura gli adempimenti obbligatori non aspettano: Sorveglianza sanitaria, Documento, Data breach, Emergenze/Soccorso, DPI, Rintracciabilita, Formazione, Attrezzature, Sanificazione. In questa pagina TALES OF SICURIX il PERICOLO prende forma... e il METODO81+ lo rimette in ordine, passo dopo passo. Immagina la scena: prima il caos, poi la checklist che sistema tutto. Chi si mette in regola prima, dorme meglio dopo.
👉 Iscriviti al corso: Corso lavoratore parte GENERALE 4 ore -> https://81plus.net/?corso=corso-lavoratore-parte-generale-4-ore
▶️ YouTube: youtube.com/@sicurissimo
Contenuto informativo. Prima vedi. Poi sistemi. 81plus.net",Corso lavoratore parte GENERALE 4 ore,https://81plus.net/?corso=corso-lavoratore-parte-generale-4-ore,#TalesOfSicurix #SICURIX #Metodo81 #81plus #Sicurissimo #Sicurezza #Privacy #HACCP #SicurezzaSulLavoro,SICURIX_TALES_310039_9_0_25_14_6_8_17_24_13_16.webp,https://drive.google.com/drive/folders/1hICKXdl9JTZBL1pemG19oE_661z-EH_k,IMG_ERR
84.24.20,Istruzione,P,Sicurezza+Privacy,11,Addetto Primo Soccorso | Formazione Preposto | Stress Lavoro-Correlato | Formazione Specifica (rischio medio) | Procedura Data Breach | Nomina Incaricati/Responsabili | Documento Valutazione Rischi (DVR) | Valutazione d'Impatto (DPIA) | Registro dei Trattamenti | Informativa e Consensi | Formazione Generale Lavoratori,DM 388/2003 | D.Lgs81/08 art.37 | D.Lgs81/08 art.28 | Accordo Stato-Regioni | GDPR art.33-34 | GDPR art.28-29 | GDPR art.35 | GDPR art.30 | GDPR art.13,"CIFRIX>BIOXIX, SICURIX>RISKIX, BLINKIX>CADUTIX, CHECKIX>NONDPIX, DOCUMIX>CAOSIX, SCUDIX>CAOSIX, TRACCIX>SEGNALEX, CHECKIX>PERMISSIONIX, HYGIENIX>RISKIX, ROBOTIX81>MULTIX, FORMIX>CAOSIX","Crea una PAGINA A FUMETTI a STORIA COMPLETA, verticale A4 (1024x1536), QUALITA' EDITORIALE DA STAMPA, stile ufficiale 'SICURIX TALES' IDENTICO alle immagini di riferimento allegate (stessi personaggi a mattoncini 3D, stessa impaginazione, stessi colori, stesse rese): minifigure espressive, ambientazioni ricche e dettagliate del settore, luci morbide, profondita', bordi vignetta netti. IMPAGINAZIONE OBBLIGATORIA: da 10 a 12 VIGNETTE numerate che raccontano UNA STORIA con arco narrativo completo (1 situazione normale -> 2-4 arrivano i pericoli coi cattivi -> 5-6 tensione/conseguenza -> 7-9 arriva SICURIX con gli eroi e applica il METODO81+ passo per passo -> 10-11 risoluzione ordinata -> 12 finale). HEADER in alto: SICURIX (mantello, medaglione arancione '81+', bussola) che presenta in un fumetto; grande titolo 'SICURIX TALES'; sottotitolo 'ISTRUZIONE: Pericolo vs Soluzione con Metodo 81+'; legenda 3 voci (verde Sicurezza, rosso Rischio, blu 81+ Soluzione); fila di EROI coi nomi: CIFRIX, SICURIX, BLINKIX, CHECKIX, DOCUMIX, SCUDIX. FOOTER in basso: grande 'Prima vedi. Poi sistemi.'; banner scudo verde 'PROTEGGIAMO. PREVENIAMO. MIGLIORIAMO.' e triangolo rosso 'DISATTENZIONE. RISCHI. COSTI. CAOS.'; logo '81+' + '81plus.net'. TRAMA (usa questi eventi come vignette; se sono meno di 10 aggiungi vignette di contesto, dialogo e reazione per arrivare a 10-12): 1) BIOXIX causa il pericolo 'Emergenze/Soccorso' (Addetto Primo Soccorso); poi CIFRIX+SICURIX applicano il METODO81+; 2) RISKIX causa il pericolo 'Ruolo/Preposto' (Formazione Preposto); poi SICURIX+SICURIX applicano il METODO81+; 3) CADUTIX causa il pericolo 'Stress' (Stress Lavoro-Correlato); poi BLINKIX+SICURIX applicano il METODO81+; 4) NONDPIX causa il pericolo 'Formazione specifica' (Formazione Specifica (rischio medio)); poi CHECKIX+SICURIX applicano il METODO81+; 5) CAOSIX causa il pericolo 'Data breach' (Procedura Data Breach); poi DOCUMIX+SICURIX applicano il METODO81+; 6) CAOSIX causa il pericolo 'Nomine' (Nomina Incaricati/Responsabili); poi SCUDIX+SICURIX applicano il METODO81+; 7) SEGNALEX causa il pericolo 'Documento' (Documento Valutazione Rischi (DVR)); poi TRACCIX+SICURIX applicano il METODO81+; 8) PERMISSIONIX causa il pericolo 'DPIA' (Valutazione d'Impatto (DPIA)); poi CHECKIX+SICURIX applicano il METODO81+; 9) RISKIX causa il pericolo 'Registro' (Registro dei Trattamenti); poi HYGIENIX+SICURIX applicano il METODO81+; 10) MULTIX causa il pericolo 'Documento' (Informativa e Consensi); poi ROBOTIX81+SICURIX applicano il METODO81+; 11) CAOSIX causa il pericolo 'Formazione base' (Formazione Generale Lavoratori); poi FORMIX+SICURIX applicano il METODO81+. PALETTE BRAND ESCLUSIVA: nero #05050A, bianco panna, arancione #FF6A1A/#E8501A; ROSSO solo per 'PERICOLO', VERDE per la checklist 'Metodo 81+'. Logo '81+' ben visibile in OGNI vignetta. REGOLA STORIA: SICURIX NON agisce mai da solo - in OGNI vignetta di soluzione si fa AIUTARE dai suoi colleghi EROI (lavoro di squadra, ognuno col suo ruolo). TESTO: didascalie e fumetti MOLTO BREVI (1-4 parole), GRANDI, centrati, in ITALIANO con ORTOGRAFIA PERFETTA, senza parole inventate, lettere doppie errate o testo tagliato. CATTIVI (coerenti col canone): BIOXIX, RISKIX, CADUTIX, NONDPIX, CAOSIX, SEGNALEX, PERMISSIONIX, MULTIX. EROI: CIFRIX, SICURIX, BLINKIX, CHECKIX, DOCUMIX, SCUDIX, TRACCIX, HYGIENIX, ROBOTIX81, FORMIX. NEGATIVE: nessun marchio LEGO reale, nessun personaggio protetto (Asterix ecc.), niente gore/horror, niente claim assoluti ('rischio zero','garantito','zero multe').","In Istruzione non e' 'se' arriva il controllo, e' 'quando'. Sei pronto?","Quello che l'ispettore controlla per primo in Istruzione (e quasi nessuno lo sa)

In istruzione gli adempimenti obbligatori non aspettano: Emergenze/Soccorso, Ruolo/Preposto, Stress, Formazione specifica, Data breach, Nomine, Documento, DPIA, Registro, Formazione base. In questa pagina TALES OF SICURIX il PERICOLO prende forma... e il METODO81+ lo rimette in ordine, passo dopo passo. Immagina la scena: prima il caos, poi la checklist che sistema tutto. Non e' burocrazia: e' la tua tranquillita.
👉 Iscriviti al corso: Corso Primo Soccorso (A-B-C) -> https://81plus.net/?corso=corso-primo-soccorso-a-b-c
▶️ YouTube: youtube.com/@sicurissimo
Contenuto informativo. Prima vedi. Poi sistemi. 81plus.net",Corso Primo Soccorso (A-B-C),https://81plus.net/?corso=corso-primo-soccorso-a-b-c,#TalesOfSicurix #SICURIX #Metodo81 #81plus #Sicurissimo #Sicurezza #Privacy #SicurezzaSulLavoro,SICURIX_TALES_842420_6_3_11_2_16_14_0_18_13_12_1.webp,https://drive.google.com/drive/folders/1hICKXdl9JTZBL1pemG19oE_661z-EH_k,IMG_ERR
46.64.91,Commercio,G,Sicurezza+HACCP+Privacy,11,Addetto Antincendio | Rintracciabilita ed Etichettatura | Corso Alimentarista | Nomina Incaricati/Responsabili | Movimentazione Manuale Carichi | Procedura Data Breach | Registro dei Trattamenti | Piano di Sanificazione | Sorveglianza Sanitaria / Medico Competente | Formazione GDPR | Stress Lavoro-Correlato,DM 2/9/2021 | Reg.CE 178/2002 | Reg.CE 852/2004 | GDPR art.28-29 | D.Lgs81/08 Tit.VI | GDPR art.33-34 | GDPR art.30 | D.Lgs81/08 art.41 | GDPR art.32 | D.Lgs81/08 art.28,"CHEFIX>MULTIX, CIFRIX>MULTIX, PRIVACIX>OBLIVIX, CIFRIX>CANCELIX, DOCUMIX>POLVERIX, CHECKIX>LEAKIX, CHECKIX>CAOSIX, CHEFIX>TEMPORIX, PRIVACIX>POLVERIX, SCUDIX>LEAKIX, HYGIENIX>RUMORIX","Crea una PAGINA A FUMETTI a STORIA COMPLETA, verticale A4 (1024x1536), QUALITA' EDITORIALE DA STAMPA, stile ufficiale 'SICURIX TALES' IDENTICO alle immagini di riferimento allegate (stessi personaggi a mattoncini 3D, stessa impaginazione, stessi colori, stesse rese): minifigure espressive, ambientazioni ricche e dettagliate del settore, luci morbide, profondita', bordi vignetta netti. IMPAGINAZIONE OBBLIGATORIA: da 10 a 12 VIGNETTE numerate che raccontano UNA STORIA con arco narrativo completo (1 situazione normale -> 2-4 arrivano i pericoli coi cattivi -> 5-6 tensione/conseguenza -> 7-9 arriva SICURIX con gli eroi e applica il METODO81+ passo per passo -> 10-11 risoluzione ordinata -> 12 finale). HEADER in alto: SICURIX (mantello, medaglione arancione '81+', bussola) che presenta in un fumetto; grande titolo 'SICURIX TALES'; sottotitolo 'COMMERCIO: Pericolo vs Soluzione con Metodo 81+'; legenda 3 voci (verde Sicurezza, rosso Rischio, blu 81+ Soluzione); fila di EROI coi nomi: CHEFIX, CIFRIX, PRIVACIX, DOCUMIX, CHECKIX, SCUDIX. FOOTER in basso: grande 'Prima vedi. Poi sistemi.'; banner scudo verde 'PROTEGGIAMO. PREVENIAMO. MIGLIORIAMO.' e triangolo rosso 'DISATTENZIONE. RISCHI. COSTI. CAOS.'; logo '81+' + '81plus.net'. TRAMA (usa questi eventi come vignette; se sono meno di 10 aggiungi vignette di contesto, dialogo e reazione per arrivare a 10-12): 1) MULTIX causa il pericolo 'Emergenze/Incendio' (Addetto Antincendio); poi CHEFIX+SICURIX applicano il METODO81+; 2) MULTIX causa il pericolo 'Rintracciabilita' (Rintracciabilita ed Etichettatura); poi CIFRIX+SICURIX applicano il METODO81+; 3) OBLIVIX causa il pericolo 'Corso' (Corso Alimentarista); poi PRIVACIX+SICURIX applicano il METODO81+; 4) CANCELIX causa il pericolo 'Nomine' (Nomina Incaricati/Responsabili); poi CIFRIX+SICURIX applicano il METODO81+; 5) POLVERIX causa il pericolo 'MMC' (Movimentazione Manuale Carichi); poi DOCUMIX+SICURIX applicano il METODO81+; 6) LEAKIX causa il pericolo 'Data breach' (Procedura Data Breach); poi CHECKIX+SICURIX applicano il METODO81+; 7) CAOSIX causa il pericolo 'Registro' (Registro dei Trattamenti); poi CHECKIX+SICURIX applicano il METODO81+; 8) TEMPORIX causa il pericolo 'Sanificazione' (Piano di Sanificazione); poi CHEFIX+SICURIX applicano il METODO81+; 9) POLVERIX causa il pericolo 'Sorveglianza sanitaria' (Sorveglianza Sanitaria / Medico Competente); poi PRIVACIX+SICURIX applicano il METODO81+; 10) LEAKIX causa il pericolo 'Formazione' (Formazione GDPR); poi SCUDIX+SICURIX applicano il METODO81+; 11) RUMORIX causa il pericolo 'Stress' (Stress Lavoro-Correlato); poi HYGIENIX+SICURIX applicano il METODO81+. PALETTE BRAND ESCLUSIVA: nero #05050A, bianco panna, arancione #FF6A1A/#E8501A; ROSSO solo per 'PERICOLO', VERDE per la checklist 'Metodo 81+'. Logo '81+' ben visibile in OGNI vignetta. REGOLA STORIA: SICURIX NON agisce mai da solo - in OGNI vignetta di soluzione si fa AIUTARE dai suoi colleghi EROI (lavoro di squadra, ognuno col suo ruolo). TESTO: didascalie e fumetti MOLTO BREVI (1-4 parole), GRANDI, centrati, in ITALIANO con ORTOGRAFIA PERFETTA, senza parole inventate, lettere doppie errate o testo tagliato. CATTIVI (coerenti col canone): MULTIX, OBLIVIX, CANCELIX, POLVERIX, LEAKIX, CAOSIX, TEMPORIX, RUMORIX. EROI: CHEFIX, CIFRIX, PRIVACIX, DOCUMIX, CHECKIX, SCUDIX, HYGIENIX. NEGATIVE: nessun marchio LEGO reale, nessun personaggio protetto (Asterix ecc.), niente gore/horror, niente claim assoluti ('rischio zero','garantito','zero multe').",Commercio: 3 minuti oggi o un problema enorme domani. Scegli tu.,"In Commercio c'e' un obbligo che in tanti scoprono solo con la sanzione

In commercio gli adempimenti obbligatori non aspettano: Emergenze/Incendio, Rintracciabilita, Corso, Nomine, MMC, Data breach, Registro, Sanificazione, Sorveglianza sanitaria, Formazione, Stress. In questa pagina TALES OF SICURIX il PERICOLO prende forma... e il METODO81+ lo rimette in ordine, passo dopo passo. Immagina la scena: prima il caos, poi la checklist che sistema tutto. Chi si mette in regola prima, dorme meglio dopo.
👉 Iscriviti al corso: Corso antincendio livello 1 -> https://81plus.net/?corso=corso-antincendio-livello-1
▶️ YouTube: youtube.com/@sicurissimo
Contenuto informativo. Prima vedi. Poi sistemi. 81plus.net",Corso antincendio livello 1,https://81plus.net/?corso=corso-antincendio-livello-1,#TalesOfSicurix #SICURIX #Metodo81 #81plus #Sicurissimo #Sicurezza #HACCP #Privacy #SicurezzaSulLavoro,SICURIX_TALES_466491_7_15_13_21_10_23_20_14_9_22_11.webp,https://drive.google.com/drive/folders/1hICKXdl9JTZBL1pemG19oE_661z-EH_k,IMG_ERR
10.42.00,Manifattura,C,Sicurezza+Ambientale+HACCP,12,Documento Valutazione Rischi (DVR) | Attrezzature e Macchine | Formazione Ambientale | Movimentazione Manuale Carichi | Gestione Rifiuti e Registro | Stress Lavoro-Correlato | Piano di Sanificazione | Controllo Temperature e Celle | Rischio Rumore | RSPP / Datore di Lavoro RSPP | Formazione Specifica (rischio alto) | Formazione Generale Lavoratori,D.Lgs81/08 art.28 | D.Lgs81/08 Tit.III | D.Lgs152/06 | D.Lgs81/08 Tit.VI | Reg.CE 852/2004 | D.Lgs81/08 Tit.VIII | D.Lgs81/08 art.34 | Accordo Stato-Regioni,"BLINKIX>CHIMIKIX, TRACCIX>NONDPIX, LUXPECTORIX>RISKIX, DOCUMIX>CADUTIX, ROBOTIX81>CAOSIX, DOCUMIX>VIBRIX, CONSENSIX>RISKIX, PRIVACIX>FRETTIX, SICURIX>IMPROVVISIX, CONSENSIX>CHIMIKIX, CONSENSIX>FUMIX, CIFRIX>ØTIX","Crea una PAGINA A FUMETTI a STORIA COMPLETA, verticale A4 (1024x1536), QUALITA' EDITORIALE DA STAMPA, stile ufficiale 'SICURIX TALES' IDENTICO alle immagini di riferimento allegate (stessi personaggi a mattoncini 3D, stessa impaginazione, stessi colori, stesse rese): minifigure espressive, ambientazioni ricche e dettagliate del settore, luci morbide, profondita', bordi vignetta netti. IMPAGINAZIONE OBBLIGATORIA: da 10 a 12 VIGNETTE numerate che raccontano UNA STORIA con arco narrativo completo (1 situazione normale -> 2-4 arrivano i pericoli coi cattivi -> 5-6 tensione/conseguenza -> 7-9 arriva SICURIX con gli eroi e applica il METODO81+ passo per passo -> 10-11 risoluzione ordinata -> 12 finale). HEADER in alto: SICURIX (mantello, medaglione arancione '81+', bussola) che presenta in un fumetto; grande titolo 'SICURIX TALES'; sottotitolo 'MANIFATTURA: Pericolo vs Soluzione con Metodo 81+'; legenda 3 voci (verde Sicurezza, rosso Rischio, blu 81+ Soluzione); fila di EROI coi nomi: BLINKIX, TRACCIX, LUXPECTORIX, DOCUMIX, ROBOTIX81, CONSENSIX. FOOTER in basso: grande 'Prima vedi. Poi sistemi.'; banner scudo verde 'PROTEGGIAMO. PREVENIAMO. MIGLIORIAMO.' e triangolo rosso 'DISATTENZIONE. RISCHI. COSTI. CAOS.'; logo '81+' + '81plus.net'. TRAMA (usa questi eventi come vignette; se sono meno di 10 aggiungi vignette di contesto, dialogo e reazione per arrivare a 10-12): 1) CHIMIKIX causa il pericolo 'Documento' (Documento Valutazione Rischi (DVR)); poi BLINKIX+SICURIX applicano il METODO81+; 2) NONDPIX causa il pericolo 'Attrezzature' (Attrezzature e Macchine); poi TRACCIX+SICURIX applicano il METODO81+; 3) RISKIX causa il pericolo 'Formazione' (Formazione Ambientale); poi LUXPECTORIX+SICURIX applicano il METODO81+; 4) CADUTIX causa il pericolo 'MMC' (Movimentazione Manuale Carichi); poi DOCUMIX+SICURIX applicano il METODO81+; 5) CAOSIX causa il pericolo 'Rifiuti' (Gestione Rifiuti e Registro); poi ROBOTIX81+SICURIX applicano il METODO81+; 6) VIBRIX causa il pericolo 'Stress' (Stress Lavoro-Correlato); poi DOCUMIX+SICURIX applicano il METODO81+; 7) RISKIX causa il pericolo 'Sanificazione' (Piano di Sanificazione); poi CONSENSIX+SICURIX applicano il METODO81+; 8) FRETTIX causa il pericolo 'Temperature' (Controllo Temperature e Celle); poi PRIVACIX+SICURIX applicano il METODO81+; 9) IMPROVVISIX causa il pericolo 'Rumore' (Rischio Rumore); poi SICURIX+SICURIX applicano il METODO81+; 10) CHIMIKIX causa il pericolo 'Ruolo/RSPP' (RSPP / Datore di Lavoro RSPP); poi CONSENSIX+SICURIX applicano il METODO81+; 11) FUMIX causa il pericolo 'Formazione specifica' (Formazione Specifica (rischio alto)); poi CONSENSIX+SICURIX applicano il METODO81+; 12) ØTIX causa il pericolo 'Formazione base' (Formazione Generale Lavoratori); poi CIFRIX+SICURIX applicano il METODO81+. PALETTE BRAND ESCLUSIVA: nero #05050A, bianco panna, arancione #FF6A1A/#E8501A; ROSSO solo per 'PERICOLO', VERDE per la checklist 'Metodo 81+'. Logo '81+' ben visibile in OGNI vignetta. REGOLA STORIA: SICURIX NON agisce mai da solo - in OGNI vignetta di soluzione si fa AIUTARE dai suoi colleghi EROI (lavoro di squadra, ognuno col suo ruolo). TESTO: didascalie e fumetti MOLTO BREVI (1-4 parole), GRANDI, centrati, in ITALIANO con ORTOGRAFIA PERFETTA, senza parole inventate, lettere doppie errate o testo tagliato. CATTIVI (coerenti col canone): CHIMIKIX, NONDPIX, RISKIX, CADUTIX, CAOSIX, VIBRIX, FRETTIX, IMPROVVISIX, FUMIX, ØTIX. EROI: BLINKIX, TRACCIX, LUXPECTORIX, DOCUMIX, ROBOTIX81, CONSENSIX, PRIVACIX, SICURIX, CIFRIX. NEGATIVE: nessun marchio LEGO reale, nessun personaggio protetto (Asterix ecc.), niente gore/horror, niente claim assoluti ('rischio zero','garantito','zero multe').","In Manifattura non e' 'se' arriva il controllo, e' 'quando'. Sei pronto?","La differenza tra chi in Manifattura dorme sereno e chi trema al controllo

In manifattura gli adempimenti obbligatori non aspettano: Documento, Attrezzature, Formazione, MMC, Rifiuti, Stress, Sanificazione, Temperature, Rumore, Ruolo/RSPP, Formazione specifica, Formazione base. In questa pagina TALES OF SICURIX il PERICOLO prende forma... e il METODO81+ lo rimette in ordine, passo dopo passo. Immagina la scena: prima il caos, poi la checklist che sistema tutto. Mettere ordine ora costa poco. Rimediare dopo costa caro.
👉 Iscriviti al corso: Corso lavoratore parte GENERALE 4 ore -> https://81plus.net/?corso=corso-lavoratore-parte-generale-4-ore
▶️ YouTube: youtube.com/@sicurissimo
Contenuto informativo. Prima vedi. Poi sistemi. 81plus.net",Corso lavoratore parte GENERALE 4 ore,https://81plus.net/?corso=corso-lavoratore-parte-generale-4-ore,#TalesOfSicurix #SICURIX #Metodo81 #81plus #Sicurissimo #Sicurezza #Ambientale #HACCP #SicurezzaSulLavoro,SICURIX_TALES_104200_0_13_28_10_27_11_17_19_12_5_2_1.webp,https://drive.google.com/drive/folders/1hICKXdl9JTZBL1pemG19oE_661z-EH_k,IMG_ERR
