codice_ateco,settore,sezione,area_mix,n_vignette,adempimenti,fonti,cast_personaggi,image_prompt,titolo_clickbait,corpo_post,cta_prodotto,cta_url,hashtag,nome_file_webp,drive_folder,stato
23.61.04,Manifattura,C,Privacy+Ambientale+Sicurezza+HACCP,12,Formazione GDPR | Gestione Rifiuti e Registro | Addetto Antincendio | Rischio Rumore | Formazione Specifica (rischio alto) | Sorveglianza Sanitaria / Medico Competente | Lavori in Quota e Ponteggi | Registro dei Trattamenti | RSPP / Datore di Lavoro RSPP | Piano di Sanificazione | Manuale HACCP di Autocontrollo | Documento Valutazione Rischi (DVR),GDPR art.32 | D.Lgs152/06 | DM 2/9/2021 | D.Lgs81/08 Tit.VIII | Accordo Stato-Regioni | D.Lgs81/08 art.41 | D.Lgs81/08 Tit.IV | GDPR art.30 | D.Lgs81/08 art.34 | Reg.CE 852/2004 | D.Lgs81/08 art.28,"CHECKIX>IMPROVVISIX, BLINKIX>RISKIX, SICURIX>VOLTIX, BLINKIX>TAGLIX, LUXPECTORIX>RISKIX, PRIVACIX>OBLIVIX, DOCUMIX>RISKIX, PRIVACIX>CANCELIX, PRIVACIX>VIBRIX, CONSENSIX>DOSAGIX, HYGIENIX>MULTIX, CHEFIX>CAOSIX","Crea una PAGINA A FUMETTI a STORIA COMPLETA, verticale A4 (1024x1536), QUALITA' EDITORIALE DA STAMPA, stile ufficiale 'SICURIX TALES' IDENTICO alle immagini di riferimento allegate (stessi personaggi a mattoncini 3D, stessa impaginazione, stessi colori, stesse rese): minifigure espressive, ambientazioni ricche e dettagliate del settore, luci morbide, profondita', bordi vignetta netti. IMPAGINAZIONE OBBLIGATORIA: da 10 a 12 VIGNETTE numerate che raccontano UNA STORIA con arco narrativo completo (1 situazione normale -> 2-4 arrivano i pericoli coi cattivi -> 5-6 tensione/conseguenza -> 7-9 arriva SICURIX con gli eroi e applica il METODO81+ passo per passo -> 10-11 risoluzione ordinata -> 12 finale). HEADER in alto: SICURIX (mantello, medaglione arancione '81+', bussola) che presenta in un fumetto; grande titolo 'SICURIX TALES'; sottotitolo 'MANIFATTURA: Pericolo vs Soluzione con Metodo 81+'; legenda 3 voci (verde Sicurezza, rosso Rischio, blu 81+ Soluzione); fila di EROI coi nomi: CHECKIX, BLINKIX, SICURIX, LUXPECTORIX, PRIVACIX, DOCUMIX. FOOTER in basso: grande 'Prima vedi. Poi sistemi.'; banner scudo verde 'PROTEGGIAMO. PREVENIAMO. MIGLIORIAMO.' e triangolo rosso 'DISATTENZIONE. RISCHI. COSTI. CAOS.'; logo '81+' + '81plus.net'. TRAMA (usa questi eventi come vignette; se sono meno di 10 aggiungi vignette di contesto, dialogo e reazione per arrivare a 10-12): 1) IMPROVVISIX causa il pericolo 'Formazione' (Formazione GDPR); poi CHECKIX+SICURIX applicano il METODO81+; 2) RISKIX causa il pericolo 'Rifiuti' (Gestione Rifiuti e Registro); poi BLINKIX+SICURIX applicano il METODO81+; 3) VOLTIX causa il pericolo 'Emergenze/Incendio' (Addetto Antincendio); poi SICURIX+SICURIX applicano il METODO81+; 4) TAGLIX causa il pericolo 'Rumore' (Rischio Rumore); poi BLINKIX+SICURIX applicano il METODO81+; 5) RISKIX causa il pericolo 'Formazione specifica' (Formazione Specifica (rischio alto)); poi LUXPECTORIX+SICURIX applicano il METODO81+; 6) OBLIVIX causa il pericolo 'Sorveglianza sanitaria' (Sorveglianza Sanitaria / Medico Competente); poi PRIVACIX+SICURIX applicano il METODO81+; 7) RISKIX causa il pericolo 'Lavori in quota' (Lavori in Quota e Ponteggi); poi DOCUMIX+SICURIX applicano il METODO81+; 8) CANCELIX causa il pericolo 'Registro' (Registro dei Trattamenti); poi PRIVACIX+SICURIX applicano il METODO81+; 9) VIBRIX causa il pericolo 'Ruolo/RSPP' (RSPP / Datore di Lavoro RSPP); poi PRIVACIX+SICURIX applicano il METODO81+; 10) DOSAGIX causa il pericolo 'Sanificazione' (Piano di Sanificazione); poi CONSENSIX+SICURIX applicano il METODO81+; 11) MULTIX causa il pericolo 'Documento' (Manuale HACCP di Autocontrollo); poi HYGIENIX+SICURIX applicano il METODO81+; 12) CAOSIX causa il pericolo 'Documento' (Documento Valutazione Rischi (DVR)); poi CHEFIX+SICURIX applicano il METODO81+. PALETTE BRAND ESCLUSIVA: nero #05050A, bianco panna, arancione #FF6A1A/#E8501A; ROSSO solo per 'PERICOLO', VERDE per la checklist 'Metodo 81+'. Logo '81+' ben visibile in OGNI vignetta. REGOLA STORIA: SICURIX NON agisce mai da solo - in OGNI vignetta di soluzione si fa AIUTARE dai suoi colleghi EROI (lavoro di squadra, ognuno col suo ruolo). TESTO: didascalie e fumetti MOLTO BREVI (1-4 parole), GRANDI, centrati, in ITALIANO con ORTOGRAFIA PERFETTA, senza parole inventate, lettere doppie errate o testo tagliato. CATTIVI (coerenti col canone): IMPROVVISIX, RISKIX, VOLTIX, TAGLIX, OBLIVIX, CANCELIX, VIBRIX, DOSAGIX, MULTIX, CAOSIX. EROI: CHECKIX, BLINKIX, SICURIX, LUXPECTORIX, PRIVACIX, DOCUMIX, CONSENSIX, HYGIENIX, CHEFIX. NEGATIVE: nessun marchio LEGO reale, nessun personaggio protetto (Asterix ecc.), niente gore/horror, niente claim assoluti ('rischio zero','garantito','zero multe').",Manifattura: 3 minuti oggi o un problema enorme domani. Scegli tu.,"In Manifattura non e' 'se' arriva il controllo, e' 'quando'. Sei pronto?

In manifattura gli adempimenti obbligatori non aspettano: Formazione, Rifiuti, Emergenze/Incendio, Rumore, Formazione specifica, Sorveglianza sanitaria, Lavori in quota, Registro, Ruolo/RSPP, Sanificazione, Documento. In questa pagina TALES OF SICURIX il PERICOLO prende forma... e il METODO81+ lo rimette in ordine, passo dopo passo. Immagina la scena: prima il caos, poi la checklist che sistema tutto. Mettere ordine ora costa poco. Rimediare dopo costa caro.
👉 Iscriviti al corso: GDPR 2016/679: privacy e trattamento dei dati personali -> https://81plus.net/?corso=gdpr-2016-679-privacy-e-trattamento-dei-dati-personali
▶️ YouTube: youtube.com/@sicurissimo
Contenuto informativo. Prima vedi. Poi sistemi. 81plus.net",GDPR 2016/679: privacy e trattamento dei dati personali,https://81plus.net/?corso=gdpr-2016-679-privacy-e-trattamento-dei-dati-personali,#TalesOfSicurix #SICURIX #Metodo81 #81plus #Sicurissimo #Privacy #Ambientale #Sicurezza #HACCP #SicurezzaSulLavoro,SICURIX_TALES_236104_25_27_7_12_2_9_14_23_5_17_15_0.webp,https://drive.google.com/drive/folders/1hICKXdl9JTZBL1pemG19oE_661z-EH_k,IMG_ERR
47.73.90,Commercio,G,Sicurezza+HACCP+Privacy,12,Documento Valutazione Rischi (DVR) | Formazione Preposto | Corso Alimentarista | Rintracciabilita ed Etichettatura | Piano di Sanificazione | Manuale HACCP di Autocontrollo | Procedura Data Breach | Uso e Formazione DPI | Lotta agli Infestanti (Pest Control) | Formazione Specifica (rischio medio) | Addetto Antincendio | Rappresentante Lavoratori Sicurezza (RLS),D.Lgs81/08 art.28 | D.Lgs81/08 art.37 | Reg.CE 852/2004 | Reg.CE 178/2002 | GDPR art.33-34 | D.Lgs81/08 art.77 | Accordo Stato-Regioni | DM 2/9/2021 | D.Lgs81/08 art.47,"LUXPECTORIX>SCIVOLIX, CONSENSIX>SCHIACCIX, SCUDIX>CAOSIX, HYGIENIX>MESCOLIX, CIFRIX>ACQUAIX, CONSENSIX>TEMPORIX, SCUDIX>IMPROVVISIX, PREPOSTIX>IMPROVVISIX, SCUDIX>IMPROVVISIX, CONSENSIX>ØTIX, SCUDIX>CHIMIKIX, CONSENSIX>TAGLIX","Crea una PAGINA A FUMETTI a STORIA COMPLETA, verticale A4 (1024x1536), QUALITA' EDITORIALE DA STAMPA, stile ufficiale 'SICURIX TALES' IDENTICO alle immagini di riferimento allegate (stessi personaggi a mattoncini 3D, stessa impaginazione, stessi colori, stesse rese): minifigure espressive, ambientazioni ricche e dettagliate del settore, luci morbide, profondita', bordi vignetta netti. IMPAGINAZIONE OBBLIGATORIA: da 10 a 12 VIGNETTE numerate che raccontano UNA STORIA con arco narrativo completo (1 situazione normale -> 2-4 arrivano i pericoli coi cattivi -> 5-6 tensione/conseguenza -> 7-9 arriva SICURIX con gli eroi e applica il METODO81+ passo per passo -> 10-11 risoluzione ordinata -> 12 finale). HEADER in alto: SICURIX (mantello, medaglione arancione '81+', bussola) che presenta in un fumetto; grande titolo 'SICURIX TALES'; sottotitolo 'COMMERCIO: Pericolo vs Soluzione con Metodo 81+'; legenda 3 voci (verde Sicurezza, rosso Rischio, blu 81+ Soluzione); fila di EROI coi nomi: LUXPECTORIX, CONSENSIX, SCUDIX, HYGIENIX, CIFRIX, PREPOSTIX. FOOTER in basso: grande 'Prima vedi. Poi sistemi.'; banner scudo verde 'PROTEGGIAMO. PREVENIAMO. MIGLIORIAMO.' e triangolo rosso 'DISATTENZIONE. RISCHI. COSTI. CAOS.'; logo '81+' + '81plus.net'. TRAMA (usa questi eventi come vignette; se sono meno di 10 aggiungi vignette di contesto, dialogo e reazione per arrivare a 10-12): 1) SCIVOLIX causa il pericolo 'Documento' (Documento Valutazione Rischi (DVR)); poi LUXPECTORIX+SICURIX applicano il METODO81+; 2) SCHIACCIX causa il pericolo 'Ruolo/Preposto' (Formazione Preposto); poi CONSENSIX+SICURIX applicano il METODO81+; 3) CAOSIX causa il pericolo 'Corso' (Corso Alimentarista); poi SCUDIX+SICURIX applicano il METODO81+; 4) MESCOLIX causa il pericolo 'Rintracciabilita' (Rintracciabilita ed Etichettatura); poi HYGIENIX+SICURIX applicano il METODO81+; 5) ACQUAIX causa il pericolo 'Sanificazione' (Piano di Sanificazione); poi CIFRIX+SICURIX applicano il METODO81+; 6) TEMPORIX causa il pericolo 'Documento' (Manuale HACCP di Autocontrollo); poi CONSENSIX+SICURIX applicano il METODO81+; 7) IMPROVVISIX causa il pericolo 'Data breach' (Procedura Data Breach); poi SCUDIX+SICURIX applicano il METODO81+; 8) IMPROVVISIX causa il pericolo 'DPI' (Uso e Formazione DPI); poi PREPOSTIX+SICURIX applicano il METODO81+; 9) IMPROVVISIX causa il pericolo 'Infestanti' (Lotta agli Infestanti (Pest Control)); poi SCUDIX+SICURIX applicano il METODO81+; 10) ØTIX causa il pericolo 'Formazione specifica' (Formazione Specifica (rischio medio)); poi CONSENSIX+SICURIX applicano il METODO81+; 11) CHIMIKIX causa il pericolo 'Emergenze/Incendio' (Addetto Antincendio); poi SCUDIX+SICURIX applicano il METODO81+; 12) TAGLIX causa il pericolo 'Ruolo/RLS' (Rappresentante Lavoratori Sicurezza (RLS)); poi CONSENSIX+SICURIX applicano il METODO81+. PALETTE BRAND ESCLUSIVA: nero #05050A, bianco panna, arancione #FF6A1A/#E8501A; ROSSO solo per 'PERICOLO', VERDE per la checklist 'Metodo 81+'. Logo '81+' ben visibile in OGNI vignetta. REGOLA STORIA: SICURIX NON agisce mai da solo - in OGNI vignetta di soluzione si fa AIUTARE dai suoi colleghi EROI (lavoro di squadra, ognuno col suo ruolo). TESTO: didascalie e fumetti MOLTO BREVI (1-4 parole), GRANDI, centrati, in ITALIANO con ORTOGRAFIA PERFETTA, senza parole inventate, lettere doppie errate o testo tagliato. CATTIVI (coerenti col canone): SCIVOLIX, SCHIACCIX, CAOSIX, MESCOLIX, ACQUAIX, TEMPORIX, IMPROVVISIX, ØTIX, CHIMIKIX, TAGLIX. EROI: LUXPECTORIX, CONSENSIX, SCUDIX, HYGIENIX, CIFRIX, PREPOSTIX. NEGATIVE: nessun marchio LEGO reale, nessun personaggio protetto (Asterix ecc.), niente gore/horror, niente claim assoluti ('rischio zero','garantito','zero multe').","In Commercio non e' 'se' arriva il controllo, e' 'quando'. Sei pronto?","In Commercio non e' 'se' arriva il controllo, e' 'quando'. Sei pronto?

In commercio gli adempimenti obbligatori non aspettano: Documento, Ruolo/Preposto, Corso, Rintracciabilita, Sanificazione, Data breach, DPI, Infestanti, Formazione specifica, Emergenze/Incendio, Ruolo/RLS. In questa pagina TALES OF SICURIX il PERICOLO prende forma... e il METODO81+ lo rimette in ordine, passo dopo passo. Immagina la scena: prima il caos, poi la checklist che sistema tutto. Mettere ordine ora costa poco. Rimediare dopo costa caro.
👉 Iscriviti al corso: Corso lavoratore parte GENERALE 4 ore -> https://81plus.net/?corso=corso-lavoratore-parte-generale-4-ore
▶️ YouTube: youtube.com/@sicurissimo
Contenuto informativo. Prima vedi. Poi sistemi. 81plus.net",Corso lavoratore parte GENERALE 4 ore,https://81plus.net/?corso=corso-lavoratore-parte-generale-4-ore,#TalesOfSicurix #SICURIX #Metodo81 #81plus #Sicurissimo #Sicurezza #HACCP #Privacy #SicurezzaSulLavoro,SICURIX_TALES_477390_0_3_13_15_14_12_23_8_17_2_7_4.webp,https://drive.google.com/drive/folders/1hICKXdl9JTZBL1pemG19oE_661z-EH_k,IMG_ERR
18.20.00,Manifattura,C,Sicurezza+Ambientale+HACCP,10,Addetto Primo Soccorso | Gestione Rifiuti e Registro | Corso Alimentarista | Uso e Formazione DPI | Lotta agli Infestanti (Pest Control) | Addetto Antincendio | Sorveglianza Sanitaria / Medico Competente | Controllo Temperature e Celle | Gestione Allergeni | Attrezzature e Macchine,DM 388/2003 | D.Lgs152/06 | Reg.CE 852/2004 | D.Lgs81/08 art.77 | DM 2/9/2021 | D.Lgs81/08 art.41 | Reg.UE 1169/2011 | D.Lgs81/08 Tit.III,"CHEFIX>ØTIX, TRACCIX>IMPROVVISIX, CHECKIX>SPORCKIX, SCUDIX>POLVERIX, FORMIX>DOSAGIX, CHEFIX>CAOSIX, CHECKIX>ØTIX, BLINKIX>FRETTIX, HYGIENIX>CAOSIX, SCUDIX>MULTIX","Crea una PAGINA A FUMETTI a STORIA COMPLETA, verticale A4 (1024x1536), QUALITA' EDITORIALE DA STAMPA, stile ufficiale 'SICURIX TALES' IDENTICO alle immagini di riferimento allegate (stessi personaggi a mattoncini 3D, stessa impaginazione, stessi colori, stesse rese): minifigure espressive, ambientazioni ricche e dettagliate del settore, luci morbide, profondita', bordi vignetta netti. IMPAGINAZIONE OBBLIGATORIA: da 10 a 12 VIGNETTE numerate che raccontano UNA STORIA con arco narrativo completo (1 situazione normale -> 2-4 arrivano i pericoli coi cattivi -> 5-6 tensione/conseguenza -> 7-9 arriva SICURIX con gli eroi e applica il METODO81+ passo per passo -> 10-11 risoluzione ordinata -> 12 finale). HEADER in alto: SICURIX (mantello, medaglione arancione '81+', bussola) che presenta in un fumetto; grande titolo 'SICURIX TALES'; sottotitolo 'MANIFATTURA: Pericolo vs Soluzione con Metodo 81+'; legenda 3 voci (verde Sicurezza, rosso Rischio, blu 81+ Soluzione); fila di EROI coi nomi: CHEFIX, TRACCIX, CHECKIX, SCUDIX, FORMIX, BLINKIX. FOOTER in basso: grande 'Prima vedi. Poi sistemi.'; banner scudo verde 'PROTEGGIAMO. PREVENIAMO. MIGLIORIAMO.' e triangolo rosso 'DISATTENZIONE. RISCHI. COSTI. CAOS.'; logo '81+' + '81plus.net'. TRAMA (usa questi eventi come vignette; se sono meno di 10 aggiungi vignette di contesto, dialogo e reazione per arrivare a 10-12): 1) ØTIX causa il pericolo 'Emergenze/Soccorso' (Addetto Primo Soccorso); poi CHEFIX+SICURIX applicano il METODO81+; 2) IMPROVVISIX causa il pericolo 'Rifiuti' (Gestione Rifiuti e Registro); poi TRACCIX+SICURIX applicano il METODO81+; 3) SPORCKIX causa il pericolo 'Corso' (Corso Alimentarista); poi CHECKIX+SICURIX applicano il METODO81+; 4) POLVERIX causa il pericolo 'DPI' (Uso e Formazione DPI); poi SCUDIX+SICURIX applicano il METODO81+; 5) DOSAGIX causa il pericolo 'Infestanti' (Lotta agli Infestanti (Pest Control)); poi FORMIX+SICURIX applicano il METODO81+; 6) CAOSIX causa il pericolo 'Emergenze/Incendio' (Addetto Antincendio); poi CHEFIX+SICURIX applicano il METODO81+; 7) ØTIX causa il pericolo 'Sorveglianza sanitaria' (Sorveglianza Sanitaria / Medico Competente); poi CHECKIX+SICURIX applicano il METODO81+; 8) FRETTIX causa il pericolo 'Temperature' (Controllo Temperature e Celle); poi BLINKIX+SICURIX applicano il METODO81+; 9) CAOSIX causa il pericolo 'Allergeni' (Gestione Allergeni); poi HYGIENIX+SICURIX applicano il METODO81+; 10) MULTIX causa il pericolo 'Attrezzature' (Attrezzature e Macchine); poi SCUDIX+SICURIX applicano il METODO81+. PALETTE BRAND ESCLUSIVA: nero #05050A, bianco panna, arancione #FF6A1A/#E8501A; ROSSO solo per 'PERICOLO', VERDE per la checklist 'Metodo 81+'. Logo '81+' ben visibile in OGNI vignetta. REGOLA STORIA: SICURIX NON agisce mai da solo - in OGNI vignetta di soluzione si fa AIUTARE dai suoi colleghi EROI (lavoro di squadra, ognuno col suo ruolo). TESTO: didascalie e fumetti MOLTO BREVI (1-4 parole), GRANDI, centrati, in ITALIANO con ORTOGRAFIA PERFETTA, senza parole inventate, lettere doppie errate o testo tagliato. CATTIVI (coerenti col canone): ØTIX, IMPROVVISIX, SPORCKIX, POLVERIX, DOSAGIX, CAOSIX, FRETTIX, MULTIX. EROI: CHEFIX, TRACCIX, CHECKIX, SCUDIX, FORMIX, BLINKIX, HYGIENIX. NEGATIVE: nessun marchio LEGO reale, nessun personaggio protetto (Asterix ecc.), niente gore/horror, niente claim assoluti ('rischio zero','garantito','zero multe').",La differenza tra chi in Manifattura dorme sereno e chi trema al controllo,"In Manifattura c'e' un obbligo che in tanti scoprono solo con la sanzione

In manifattura gli adempimenti obbligatori non aspettano: Emergenze/Soccorso, Rifiuti, Corso, DPI, Infestanti, Emergenze/Incendio, Sorveglianza sanitaria, Temperature, Allergeni, Attrezzature. In questa pagina TALES OF SICURIX il PERICOLO prende forma... e il METODO81+ lo rimette in ordine, passo dopo passo. Immagina la scena: prima il caos, poi la checklist che sistema tutto. Mettere ordine ora costa poco. Rimediare dopo costa caro.
👉 Iscriviti al corso: Corso Primo Soccorso (A-B-C) -> https://81plus.net/?corso=corso-primo-soccorso-a-b-c
▶️ YouTube: youtube.com/@sicurissimo
Contenuto informativo. Prima vedi. Poi sistemi. 81plus.net",Corso Primo Soccorso (A-B-C),https://81plus.net/?corso=corso-primo-soccorso-a-b-c,#TalesOfSicurix #SICURIX #Metodo81 #81plus #Sicurissimo #Sicurezza #Ambientale #HACCP #SicurezzaSulLavoro,SICURIX_TALES_182000_6_26_15_8_19_7_9_18_20_13.webp,https://drive.google.com/drive/folders/1hICKXdl9JTZBL1pemG19oE_661z-EH_k,IMG_ERR
25.92.00,Manifattura,C,Sicurezza+Privacy+Ambientale+HACCP,12,Attrezzature e Macchine | Registro dei Trattamenti | Gestione Rifiuti e Registro | Nomina Incaricati/Responsabili | Rischio Rumore | Piano di Sanificazione | Formazione GDPR | Formazione Specifica (rischio alto) | Informativa e Consensi | Movimentazione Manuale Carichi | Addetto Antincendio | Stress Lavoro-Correlato,D.Lgs81/08 Tit.III | GDPR art.30 | D.Lgs152/06 | GDPR art.28-29 | D.Lgs81/08 Tit.VIII | Reg.CE 852/2004 | GDPR art.32 | Accordo Stato-Regioni | GDPR art.13 | D.Lgs81/08 Tit.VI | DM 2/9/2021 | D.Lgs81/08 art.28,"CIFRIX>NONDPIX, PREPOSTIX>CANCELIX, SICURIX>FRETTIX, SICURIX>IMPROVVISIX, LUXPECTORIX>SCHIACCIX, HYGIENIX>OBLIVIX, CHECKIX>CANCELIX, HYGIENIX>VIBRIX, BLINKIX>RISKIX, SCUDIX>MULTIX, LUXPECTORIX>POLVERIX, SCUDIX>IMPROVVISIX","Crea una PAGINA A FUMETTI a STORIA COMPLETA, verticale A4 (1024x1536), QUALITA' EDITORIALE DA STAMPA, stile ufficiale 'SICURIX TALES' IDENTICO alle immagini di riferimento allegate (stessi personaggi a mattoncini 3D, stessa impaginazione, stessi colori, stesse rese): minifigure espressive, ambientazioni ricche e dettagliate del settore, luci morbide, profondita', bordi vignetta netti. IMPAGINAZIONE OBBLIGATORIA: da 10 a 12 VIGNETTE numerate che raccontano UNA STORIA con arco narrativo completo (1 situazione normale -> 2-4 arrivano i pericoli coi cattivi -> 5-6 tensione/conseguenza -> 7-9 arriva SICURIX con gli eroi e applica il METODO81+ passo per passo -> 10-11 risoluzione ordinata -> 12 finale). HEADER in alto: SICURIX (mantello, medaglione arancione '81+', bussola) che presenta in un fumetto; grande titolo 'SICURIX TALES'; sottotitolo 'MANIFATTURA: Pericolo vs Soluzione con Metodo 81+'; legenda 3 voci (verde Sicurezza, rosso Rischio, blu 81+ Soluzione); fila di EROI coi nomi: CIFRIX, PREPOSTIX, SICURIX, LUXPECTORIX, HYGIENIX, CHECKIX. FOOTER in basso: grande 'Prima vedi. Poi sistemi.'; banner scudo verde 'PROTEGGIAMO. PREVENIAMO. MIGLIORIAMO.' e triangolo rosso 'DISATTENZIONE. RISCHI. COSTI. CAOS.'; logo '81+' + '81plus.net'. TRAMA (usa questi eventi come vignette; se sono meno di 10 aggiungi vignette di contesto, dialogo e reazione per arrivare a 10-12): 1) NONDPIX causa il pericolo 'Attrezzature' (Attrezzature e Macchine); poi CIFRIX+SICURIX applicano il METODO81+; 2) CANCELIX causa il pericolo 'Registro' (Registro dei Trattamenti); poi PREPOSTIX+SICURIX applicano il METODO81+; 3) FRETTIX causa il pericolo 'Rifiuti' (Gestione Rifiuti e Registro); poi SICURIX+SICURIX applicano il METODO81+; 4) IMPROVVISIX causa il pericolo 'Nomine' (Nomina Incaricati/Responsabili); poi SICURIX+SICURIX applicano il METODO81+; 5) SCHIACCIX causa il pericolo 'Rumore' (Rischio Rumore); poi LUXPECTORIX+SICURIX applicano il METODO81+; 6) OBLIVIX causa il pericolo 'Sanificazione' (Piano di Sanificazione); poi HYGIENIX+SICURIX applicano il METODO81+; 7) CANCELIX causa il pericolo 'Formazione' (Formazione GDPR); poi CHECKIX+SICURIX applicano il METODO81+; 8) VIBRIX causa il pericolo 'Formazione specifica' (Formazione Specifica (rischio alto)); poi HYGIENIX+SICURIX applicano il METODO81+; 9) RISKIX causa il pericolo 'Documento' (Informativa e Consensi); poi BLINKIX+SICURIX applicano il METODO81+; 10) MULTIX causa il pericolo 'MMC' (Movimentazione Manuale Carichi); poi SCUDIX+SICURIX applicano il METODO81+; 11) POLVERIX causa il pericolo 'Emergenze/Incendio' (Addetto Antincendio); poi LUXPECTORIX+SICURIX applicano il METODO81+; 12) IMPROVVISIX causa il pericolo 'Stress' (Stress Lavoro-Correlato); poi SCUDIX+SICURIX applicano il METODO81+. PALETTE BRAND ESCLUSIVA: nero #05050A, bianco panna, arancione #FF6A1A/#E8501A; ROSSO solo per 'PERICOLO', VERDE per la checklist 'Metodo 81+'. Logo '81+' ben visibile in OGNI vignetta. REGOLA STORIA: SICURIX NON agisce mai da solo - in OGNI vignetta di soluzione si fa AIUTARE dai suoi colleghi EROI (lavoro di squadra, ognuno col suo ruolo). TESTO: didascalie e fumetti MOLTO BREVI (1-4 parole), GRANDI, centrati, in ITALIANO con ORTOGRAFIA PERFETTA, senza parole inventate, lettere doppie errate o testo tagliato. CATTIVI (coerenti col canone): NONDPIX, CANCELIX, FRETTIX, IMPROVVISIX, SCHIACCIX, OBLIVIX, VIBRIX, RISKIX, MULTIX, POLVERIX. EROI: CIFRIX, PREPOSTIX, SICURIX, LUXPECTORIX, HYGIENIX, CHECKIX, BLINKIX, SCUDIX. NEGATIVE: nessun marchio LEGO reale, nessun personaggio protetto (Asterix ecc.), niente gore/horror, niente claim assoluti ('rischio zero','garantito','zero multe').",La differenza tra chi in Manifattura dorme sereno e chi trema al controllo,"La differenza tra chi in Manifattura dorme sereno e chi trema al controllo

In manifattura gli adempimenti obbligatori non aspettano: Attrezzature, Registro, Rifiuti, Nomine, Rumore, Sanificazione, Formazione, Formazione specifica, Documento, MMC, Emergenze/Incendio, Stress. In questa pagina TALES OF SICURIX il PERICOLO prende forma... e il METODO81+ lo rimette in ordine, passo dopo passo. Immagina la scena: prima il caos, poi la checklist che sistema tutto. Non e' burocrazia: e' la tua tranquillita.
👉 Iscriviti al corso: Corso Lavori in Quota e DPI Anticaduta -> https://81plus.net/?corso=corso-lavori-in-quota-e-dpi-anticaduta
▶️ YouTube: youtube.com/@sicurissimo
Contenuto informativo. Prima vedi. Poi sistemi. 81plus.net",Corso Lavori in Quota e DPI Anticaduta,https://81plus.net/?corso=corso-lavori-in-quota-e-dpi-anticaduta,#TalesOfSicurix #SICURIX #Metodo81 #81plus #Sicurissimo #Sicurezza #Privacy #Ambientale #HACCP #SicurezzaSulLavoro,SICURIX_TALES_259200_13_22_26_23_12_16_24_2_21_10_7_11.webp,https://drive.google.com/drive/folders/1hICKXdl9JTZBL1pemG19oE_661z-EH_k,IMG_ERR
46.64.60,Commercio,G,Sicurezza+HACCP+Privacy,11,RSPP / Datore di Lavoro RSPP | Uso e Formazione DPI | Sorveglianza Sanitaria / Medico Competente | Controllo Temperature e Celle | Manuale HACCP di Autocontrollo | Videosorveglianza a norma | Gestione Allergeni | Addetto Primo Soccorso | Corso Alimentarista | Lotta agli Infestanti (Pest Control) | Nomina Incaricati/Responsabili,D.Lgs81/08 art.34 | D.Lgs81/08 art.77 | D.Lgs81/08 art.41 | Reg.CE 852/2004 | Provv.Garante | Reg.UE 1169/2011 | DM 388/2003 | GDPR art.28-29,"SCUDIX>CAOSIX, PRIVACIX>SCIVOLIX, CHECKIX>SCHIACCIX, CHEFIX>RISKIX, DOCUMIX>OBLIVIX, CHEFIX>IMPROVVISIX, DOCUMIX>TEMPORIX, CIFRIX>VOLTIX, BLINKIX>TEMPORIX, PRIVACIX>MULTIX, SICURIX>FRETTIX","Crea una PAGINA A FUMETTI a STORIA COMPLETA, verticale A4 (1024x1536), QUALITA' EDITORIALE DA STAMPA, stile ufficiale 'SICURIX TALES' IDENTICO alle immagini di riferimento allegate (stessi personaggi a mattoncini 3D, stessa impaginazione, stessi colori, stesse rese): minifigure espressive, ambientazioni ricche e dettagliate del settore, luci morbide, profondita', bordi vignetta netti. IMPAGINAZIONE OBBLIGATORIA: da 10 a 12 VIGNETTE numerate che raccontano UNA STORIA con arco narrativo completo (1 situazione normale -> 2-4 arrivano i pericoli coi cattivi -> 5-6 tensione/conseguenza -> 7-9 arriva SICURIX con gli eroi e applica il METODO81+ passo per passo -> 10-11 risoluzione ordinata -> 12 finale). HEADER in alto: SICURIX (mantello, medaglione arancione '81+', bussola) che presenta in un fumetto; grande titolo 'SICURIX TALES'; sottotitolo 'COMMERCIO: Pericolo vs Soluzione con Metodo 81+'; legenda 3 voci (verde Sicurezza, rosso Rischio, blu 81+ Soluzione); fila di EROI coi nomi: SCUDIX, PRIVACIX, CHECKIX, CHEFIX, DOCUMIX, CIFRIX. FOOTER in basso: grande 'Prima vedi. Poi sistemi.'; banner scudo verde 'PROTEGGIAMO. PREVENIAMO. MIGLIORIAMO.' e triangolo rosso 'DISATTENZIONE. RISCHI. COSTI. CAOS.'; logo '81+' + '81plus.net'. TRAMA (usa questi eventi come vignette; se sono meno di 10 aggiungi vignette di contesto, dialogo e reazione per arrivare a 10-12): 1) CAOSIX causa il pericolo 'Ruolo/RSPP' (RSPP / Datore di Lavoro RSPP); poi SCUDIX+SICURIX applicano il METODO81+; 2) SCIVOLIX causa il pericolo 'DPI' (Uso e Formazione DPI); poi PRIVACIX+SICURIX applicano il METODO81+; 3) SCHIACCIX causa il pericolo 'Sorveglianza sanitaria' (Sorveglianza Sanitaria / Medico Competente); poi CHECKIX+SICURIX applicano il METODO81+; 4) RISKIX causa il pericolo 'Temperature' (Controllo Temperature e Celle); poi CHEFIX+SICURIX applicano il METODO81+; 5) OBLIVIX causa il pericolo 'Documento' (Manuale HACCP di Autocontrollo); poi DOCUMIX+SICURIX applicano il METODO81+; 6) IMPROVVISIX causa il pericolo 'Videosorveglianza' (Videosorveglianza a norma); poi CHEFIX+SICURIX applicano il METODO81+; 7) TEMPORIX causa il pericolo 'Allergeni' (Gestione Allergeni); poi DOCUMIX+SICURIX applicano il METODO81+; 8) VOLTIX causa il pericolo 'Emergenze/Soccorso' (Addetto Primo Soccorso); poi CIFRIX+SICURIX applicano il METODO81+; 9) TEMPORIX causa il pericolo 'Corso' (Corso Alimentarista); poi BLINKIX+SICURIX applicano il METODO81+; 10) MULTIX causa il pericolo 'Infestanti' (Lotta agli Infestanti (Pest Control)); poi PRIVACIX+SICURIX applicano il METODO81+; 11) FRETTIX causa il pericolo 'Nomine' (Nomina Incaricati/Responsabili); poi SICURIX+SICURIX applicano il METODO81+. PALETTE BRAND ESCLUSIVA: nero #05050A, bianco panna, arancione #FF6A1A/#E8501A; ROSSO solo per 'PERICOLO', VERDE per la checklist 'Metodo 81+'. Logo '81+' ben visibile in OGNI vignetta. REGOLA STORIA: SICURIX NON agisce mai da solo - in OGNI vignetta di soluzione si fa AIUTARE dai suoi colleghi EROI (lavoro di squadra, ognuno col suo ruolo). TESTO: didascalie e fumetti MOLTO BREVI (1-4 parole), GRANDI, centrati, in ITALIANO con ORTOGRAFIA PERFETTA, senza parole inventate, lettere doppie errate o testo tagliato. CATTIVI (coerenti col canone): CAOSIX, SCIVOLIX, SCHIACCIX, RISKIX, OBLIVIX, IMPROVVISIX, TEMPORIX, VOLTIX, MULTIX, FRETTIX. EROI: SCUDIX, PRIVACIX, CHECKIX, CHEFIX, DOCUMIX, CIFRIX, BLINKIX, SICURIX. NEGATIVE: nessun marchio LEGO reale, nessun personaggio protetto (Asterix ecc.), niente gore/horror, niente claim assoluti ('rischio zero','garantito','zero multe').",Commercio: 3 minuti oggi o un problema enorme domani. Scegli tu.,"Commercio: 3 minuti oggi o un problema enorme domani. Scegli tu.

In commercio gli adempimenti obbligatori non aspettano: Ruolo/RSPP, DPI, Sorveglianza sanitaria, Temperature, Documento, Videosorveglianza, Allergeni, Emergenze/Soccorso, Corso, Infestanti, Nomine. In questa pagina TALES OF SICURIX il PERICOLO prende forma... e il METODO81+ lo rimette in ordine, passo dopo passo. Immagina la scena: prima il caos, poi la checklist che sistema tutto. Non e' burocrazia: e' la tua tranquillita.
👉 Iscriviti al corso: RSPP Datore di Lavoro modulo 1 e 2 -> https://81plus.net/?corso=rspp-datore-di-lavoro-modulo-1-e-2
▶️ YouTube: youtube.com/@sicurissimo
Contenuto informativo. Prima vedi. Poi sistemi. 81plus.net",RSPP Datore di Lavoro modulo 1 e 2,https://81plus.net/?corso=rspp-datore-di-lavoro-modulo-1-e-2,#TalesOfSicurix #SICURIX #Metodo81 #81plus #Sicurissimo #Sicurezza #HACCP #Privacy #SicurezzaSulLavoro,SICURIX_TALES_466460_5_8_9_16_12_24_18_6_13_17_21.webp,https://drive.google.com/drive/folders/1hICKXdl9JTZBL1pemG19oE_661z-EH_k,IMG_ERR
96.99.11,Famiglie datori,T,Privacy+Sicurezza,12,Registro dei Trattamenti | Formazione GDPR | Nomina Incaricati/Responsabili | RSPP / Datore di Lavoro RSPP | Documento Valutazione Rischi (DVR) | Procedura Data Breach | Uso e Formazione DPI | Formazione Specifica (rischio basso) | Addetto Primo Soccorso | Formazione Preposto | Rappresentante Lavoratori Sicurezza (RLS) | Formazione Generale Lavoratori,GDPR art.30 | GDPR art.32 | GDPR art.28-29 | D.Lgs81/08 art.34 | D.Lgs81/08 art.28 | GDPR art.33-34 | D.Lgs81/08 art.77 | Accordo Stato-Regioni | DM 388/2003 | D.Lgs81/08 art.37 | D.Lgs81/08 art.47,"SCUDIX>HACKIX, LUXPECTORIX>OBLIVIX, FORMIX>HACKIX, SICURIX>CHIMIKIX, CHEFIX>IMPROVVISIX, DOCUMIX>MULTIX, TRACCIX>SOTTOVALUTIX, SICURIX>CADUTIX, BLINKIX>FUMIX, FORMIX>CHIMIKIX, BLINKIX>CHIMIKIX, CHEFIX>FRETTIX","Crea una PAGINA A FUMETTI a STORIA COMPLETA, verticale A4 (1024x1536), QUALITA' EDITORIALE DA STAMPA, stile ufficiale 'SICURIX TALES' IDENTICO alle immagini di riferimento allegate (stessi personaggi a mattoncini 3D, stessa impaginazione, stessi colori, stesse rese): minifigure espressive, ambientazioni ricche e dettagliate del settore, luci morbide, profondita', bordi vignetta netti. IMPAGINAZIONE OBBLIGATORIA: da 10 a 12 VIGNETTE numerate che raccontano UNA STORIA con arco narrativo completo (1 situazione normale -> 2-4 arrivano i pericoli coi cattivi -> 5-6 tensione/conseguenza -> 7-9 arriva SICURIX con gli eroi e applica il METODO81+ passo per passo -> 10-11 risoluzione ordinata -> 12 finale). HEADER in alto: SICURIX (mantello, medaglione arancione '81+', bussola) che presenta in un fumetto; grande titolo 'SICURIX TALES'; sottotitolo 'FAMIGLIE DATORI: Pericolo vs Soluzione con Metodo 81+'; legenda 3 voci (verde Sicurezza, rosso Rischio, blu 81+ Soluzione); fila di EROI coi nomi: SCUDIX, LUXPECTORIX, FORMIX, SICURIX, CHEFIX, DOCUMIX. FOOTER in basso: grande 'Prima vedi. Poi sistemi.'; banner scudo verde 'PROTEGGIAMO. PREVENIAMO. MIGLIORIAMO.' e triangolo rosso 'DISATTENZIONE. RISCHI. COSTI. CAOS.'; logo '81+' + '81plus.net'. TRAMA (usa questi eventi come vignette; se sono meno di 10 aggiungi vignette di contesto, dialogo e reazione per arrivare a 10-12): 1) HACKIX causa il pericolo 'Registro' (Registro dei Trattamenti); poi SCUDIX+SICURIX applicano il METODO81+; 2) OBLIVIX causa il pericolo 'Formazione' (Formazione GDPR); poi LUXPECTORIX+SICURIX applicano il METODO81+; 3) HACKIX causa il pericolo 'Nomine' (Nomina Incaricati/Responsabili); poi FORMIX+SICURIX applicano il METODO81+; 4) CHIMIKIX causa il pericolo 'Ruolo/RSPP' (RSPP / Datore di Lavoro RSPP); poi SICURIX+SICURIX applicano il METODO81+; 5) IMPROVVISIX causa il pericolo 'Documento' (Documento Valutazione Rischi (DVR)); poi CHEFIX+SICURIX applicano il METODO81+; 6) MULTIX causa il pericolo 'Data breach' (Procedura Data Breach); poi DOCUMIX+SICURIX applicano il METODO81+; 7) SOTTOVALUTIX causa il pericolo 'DPI' (Uso e Formazione DPI); poi TRACCIX+SICURIX applicano il METODO81+; 8) CADUTIX causa il pericolo 'Formazione specifica' (Formazione Specifica (rischio basso)); poi SICURIX+SICURIX applicano il METODO81+; 9) FUMIX causa il pericolo 'Emergenze/Soccorso' (Addetto Primo Soccorso); poi BLINKIX+SICURIX applicano il METODO81+; 10) CHIMIKIX causa il pericolo 'Ruolo/Preposto' (Formazione Preposto); poi FORMIX+SICURIX applicano il METODO81+; 11) CHIMIKIX causa il pericolo 'Ruolo/RLS' (Rappresentante Lavoratori Sicurezza (RLS)); poi BLINKIX+SICURIX applicano il METODO81+; 12) FRETTIX causa il pericolo 'Formazione base' (Formazione Generale Lavoratori); poi CHEFIX+SICURIX applicano il METODO81+. PALETTE BRAND ESCLUSIVA: nero #05050A, bianco panna, arancione #FF6A1A/#E8501A; ROSSO solo per 'PERICOLO', VERDE per la checklist 'Metodo 81+'. Logo '81+' ben visibile in OGNI vignetta. REGOLA STORIA: SICURIX NON agisce mai da solo - in OGNI vignetta di soluzione si fa AIUTARE dai suoi colleghi EROI (lavoro di squadra, ognuno col suo ruolo). TESTO: didascalie e fumetti MOLTO BREVI (1-4 parole), GRANDI, centrati, in ITALIANO con ORTOGRAFIA PERFETTA, senza parole inventate, lettere doppie errate o testo tagliato. CATTIVI (coerenti col canone): HACKIX, OBLIVIX, CHIMIKIX, IMPROVVISIX, MULTIX, SOTTOVALUTIX, CADUTIX, FUMIX, FRETTIX. EROI: SCUDIX, LUXPECTORIX, FORMIX, SICURIX, CHEFIX, DOCUMIX, TRACCIX, BLINKIX. NEGATIVE: nessun marchio LEGO reale, nessun personaggio protetto (Asterix ecc.), niente gore/horror, niente claim assoluti ('rischio zero','garantito','zero multe').",La differenza tra chi in Famiglie datori dorme sereno e chi trema al controllo,"La differenza tra chi in Famiglie datori dorme sereno e chi trema al controllo

In famiglie datori gli adempimenti obbligatori non aspettano: Registro, Formazione, Nomine, Ruolo/RSPP, Documento, Data breach, DPI, Formazione specifica, Emergenze/Soccorso, Ruolo/Preposto, Ruolo/RLS, Formazione base. In questa pagina TALES OF SICURIX il PERICOLO prende forma... e il METODO81+ lo rimette in ordine, passo dopo passo. Immagina la scena: prima il caos, poi la checklist che sistema tutto. Chi si mette in regola prima, dorme meglio dopo.
👉 Iscriviti al corso: Corso privacy destinato ai lavoratori -> https://81plus.net/?corso=corso-privacy-destinato-ai-lavoratori
▶️ YouTube: youtube.com/@sicurissimo
Contenuto informativo. Prima vedi. Poi sistemi. 81plus.net",Corso privacy destinato ai lavoratori,https://81plus.net/?corso=corso-privacy-destinato-ai-lavoratori,#TalesOfSicurix #SICURIX #Metodo81 #81plus #Sicurissimo #Privacy #Sicurezza #SicurezzaSulLavoro,SICURIX_TALES_969911_10_12_11_5_0_13_8_2_6_3_4_1.webp,https://drive.google.com/drive/folders/1hICKXdl9JTZBL1pemG19oE_661z-EH_k,IMG_ERR
06.20.00,Estrazione,B,Sicurezza+Privacy+Ambientale,11,Rischio Rumore | RSPP / Datore di Lavoro RSPP | Addetto Primo Soccorso | Movimentazione Manuale Carichi | Documento Valutazione Rischi (DVR) | Registro dei Trattamenti | Sorveglianza Sanitaria / Medico Competente | Formazione Ambientale | Formazione Preposto | Nomina Incaricati/Responsabili | Uso e Formazione DPI,D.Lgs81/08 Tit.VIII | D.Lgs81/08 art.34 | DM 388/2003 | D.Lgs81/08 Tit.VI | D.Lgs81/08 art.28 | GDPR art.30 | D.Lgs81/08 art.41 | D.Lgs152/06 | D.Lgs81/08 art.37 | GDPR art.28-29 | D.Lgs81/08 art.77,"TRACCIX>ØTIX, PRIVACIX>SCHIACCIX, FORMIX>SCIVOLIX, PREPOSTIX>RISKIX, FORMIX>MULTIX, SICURIX>SPYIX, CHECKIX>OBLIVIX, TRACCIX>CAOSIX, SCUDIX>OBLIVIX, FORMIX>IMPROVVISIX, CHECKIX>CAOSIX","Crea una PAGINA A FUMETTI a STORIA COMPLETA, verticale A4 (1024x1536), QUALITA' EDITORIALE DA STAMPA, stile ufficiale 'SICURIX TALES' IDENTICO alle immagini di riferimento allegate (stessi personaggi a mattoncini 3D, stessa impaginazione, stessi colori, stesse rese): minifigure espressive, ambientazioni ricche e dettagliate del settore, luci morbide, profondita', bordi vignetta netti. IMPAGINAZIONE OBBLIGATORIA: da 10 a 12 VIGNETTE numerate che raccontano UNA STORIA con arco narrativo completo (1 situazione normale -> 2-4 arrivano i pericoli coi cattivi -> 5-6 tensione/conseguenza -> 7-9 arriva SICURIX con gli eroi e applica il METODO81+ passo per passo -> 10-11 risoluzione ordinata -> 12 finale). HEADER in alto: SICURIX (mantello, medaglione arancione '81+', bussola) che presenta in un fumetto; grande titolo 'SICURIX TALES'; sottotitolo 'ESTRAZIONE: Pericolo vs Soluzione con Metodo 81+'; legenda 3 voci (verde Sicurezza, rosso Rischio, blu 81+ Soluzione); fila di EROI coi nomi: TRACCIX, PRIVACIX, FORMIX, PREPOSTIX, SICURIX, CHECKIX. FOOTER in basso: grande 'Prima vedi. Poi sistemi.'; banner scudo verde 'PROTEGGIAMO. PREVENIAMO. MIGLIORIAMO.' e triangolo rosso 'DISATTENZIONE. RISCHI. COSTI. CAOS.'; logo '81+' + '81plus.net'. TRAMA (usa questi eventi come vignette; se sono meno di 10 aggiungi vignette di contesto, dialogo e reazione per arrivare a 10-12): 1) ØTIX causa il pericolo 'Rumore' (Rischio Rumore); poi TRACCIX+SICURIX applicano il METODO81+; 2) SCHIACCIX causa il pericolo 'Ruolo/RSPP' (RSPP / Datore di Lavoro RSPP); poi PRIVACIX+SICURIX applicano il METODO81+; 3) SCIVOLIX causa il pericolo 'Emergenze/Soccorso' (Addetto Primo Soccorso); poi FORMIX+SICURIX applicano il METODO81+; 4) RISKIX causa il pericolo 'MMC' (Movimentazione Manuale Carichi); poi PREPOSTIX+SICURIX applicano il METODO81+; 5) MULTIX causa il pericolo 'Documento' (Documento Valutazione Rischi (DVR)); poi FORMIX+SICURIX applicano il METODO81+; 6) SPYIX causa il pericolo 'Registro' (Registro dei Trattamenti); poi SICURIX+SICURIX applicano il METODO81+; 7) OBLIVIX causa il pericolo 'Sorveglianza sanitaria' (Sorveglianza Sanitaria / Medico Competente); poi CHECKIX+SICURIX applicano il METODO81+; 8) CAOSIX causa il pericolo 'Formazione' (Formazione Ambientale); poi TRACCIX+SICURIX applicano il METODO81+; 9) OBLIVIX causa il pericolo 'Ruolo/Preposto' (Formazione Preposto); poi SCUDIX+SICURIX applicano il METODO81+; 10) IMPROVVISIX causa il pericolo 'Nomine' (Nomina Incaricati/Responsabili); poi FORMIX+SICURIX applicano il METODO81+; 11) CAOSIX causa il pericolo 'DPI' (Uso e Formazione DPI); poi CHECKIX+SICURIX applicano il METODO81+. PALETTE BRAND ESCLUSIVA: nero #05050A, bianco panna, arancione #FF6A1A/#E8501A; ROSSO solo per 'PERICOLO', VERDE per la checklist 'Metodo 81+'. Logo '81+' ben visibile in OGNI vignetta. REGOLA STORIA: SICURIX NON agisce mai da solo - in OGNI vignetta di soluzione si fa AIUTARE dai suoi colleghi EROI (lavoro di squadra, ognuno col suo ruolo). TESTO: didascalie e fumetti MOLTO BREVI (1-4 parole), GRANDI, centrati, in ITALIANO con ORTOGRAFIA PERFETTA, senza parole inventate, lettere doppie errate o testo tagliato. CATTIVI (coerenti col canone): ØTIX, SCHIACCIX, SCIVOLIX, RISKIX, MULTIX, SPYIX, OBLIVIX, CAOSIX, IMPROVVISIX. EROI: TRACCIX, PRIVACIX, FORMIX, PREPOSTIX, SICURIX, CHECKIX, SCUDIX. NEGATIVE: nessun marchio LEGO reale, nessun personaggio protetto (Asterix ecc.), niente gore/horror, niente claim assoluti ('rischio zero','garantito','zero multe').",Quello che l'ispettore controlla per primo in Estrazione (e quasi nessuno lo sa),"In Estrazione non e' 'se' arriva il controllo, e' 'quando'. Sei pronto?

In estrazione gli adempimenti obbligatori non aspettano: Rumore, Ruolo/RSPP, Emergenze/Soccorso, MMC, Documento, Registro, Sorveglianza sanitaria, Formazione, Ruolo/Preposto, Nomine, DPI. In questa pagina TALES OF SICURIX il PERICOLO prende forma... e il METODO81+ lo rimette in ordine, passo dopo passo. Immagina la scena: prima il caos, poi la checklist che sistema tutto. Mettere ordine ora costa poco. Rimediare dopo costa caro.
👉 Iscriviti al corso: Corso RSPP Datore di Lavoro : rischio rumore -> https://81plus.net/?corso=corso-rspp-datore-di-lavoro-rischio-rumore
▶️ YouTube: youtube.com/@sicurissimo
Contenuto informativo. Prima vedi. Poi sistemi. 81plus.net",Corso RSPP Datore di Lavoro : rischio rumore,https://81plus.net/?corso=corso-rspp-datore-di-lavoro-rischio-rumore,#TalesOfSicurix #SICURIX #Metodo81 #81plus #Sicurissimo #Sicurezza #Privacy #Ambientale #SicurezzaSulLavoro,SICURIX_TALES_062000_12_5_6_10_0_15_9_20_3_16_8.webp,https://drive.google.com/drive/folders/1hICKXdl9JTZBL1pemG19oE_661z-EH_k,IMG_ERR
47.52.40,Commercio,G,HACCP+Sicurezza+Privacy,11,Corso Alimentarista | Addetto Antincendio | Formazione GDPR | Formazione Generale Lavoratori | Stress Lavoro-Correlato | Uso e Formazione DPI | Informativa e Consensi | Registro dei Trattamenti | Piano di Sanificazione | Nomina Incaricati/Responsabili | Controllo Temperature e Celle,Reg.CE 852/2004 | DM 2/9/2021 | GDPR art.32 | Accordo Stato-Regioni | D.Lgs81/08 art.28 | D.Lgs81/08 art.77 | GDPR art.13 | GDPR art.30 | GDPR art.28-29,"CHEFIX>CROSSIX, BLINKIX>TAGLIX, CIFRIX>FRETTIX, SCUDIX>BIOXIX, HYGIENIX>CADUTIX, PREPOSTIX>RUMORIX, PRIVACIX>MULTIX, CONSENSIX>FRETTIX, LUXPECTORIX>TEMPORIX, DOCUMIX>FRETTIX, CIFRIX>OBLIVIX","Crea una PAGINA A FUMETTI a STORIA COMPLETA, verticale A4 (1024x1536), QUALITA' EDITORIALE DA STAMPA, stile ufficiale 'SICURIX TALES' IDENTICO alle immagini di riferimento allegate (stessi personaggi a mattoncini 3D, stessa impaginazione, stessi colori, stesse rese): minifigure espressive, ambientazioni ricche e dettagliate del settore, luci morbide, profondita', bordi vignetta netti. IMPAGINAZIONE OBBLIGATORIA: da 10 a 12 VIGNETTE numerate che raccontano UNA STORIA con arco narrativo completo (1 situazione normale -> 2-4 arrivano i pericoli coi cattivi -> 5-6 tensione/conseguenza -> 7-9 arriva SICURIX con gli eroi e applica il METODO81+ passo per passo -> 10-11 risoluzione ordinata -> 12 finale). HEADER in alto: SICURIX (mantello, medaglione arancione '81+', bussola) che presenta in un fumetto; grande titolo 'SICURIX TALES'; sottotitolo 'COMMERCIO: Pericolo vs Soluzione con Metodo 81+'; legenda 3 voci (verde Sicurezza, rosso Rischio, blu 81+ Soluzione); fila di EROI coi nomi: CHEFIX, BLINKIX, CIFRIX, SCUDIX, HYGIENIX, PREPOSTIX. FOOTER in basso: grande 'Prima vedi. Poi sistemi.'; banner scudo verde 'PROTEGGIAMO. PREVENIAMO. MIGLIORIAMO.' e triangolo rosso 'DISATTENZIONE. RISCHI. COSTI. CAOS.'; logo '81+' + '81plus.net'. TRAMA (usa questi eventi come vignette; se sono meno di 10 aggiungi vignette di contesto, dialogo e reazione per arrivare a 10-12): 1) CROSSIX causa il pericolo 'Corso' (Corso Alimentarista); poi CHEFIX+SICURIX applicano il METODO81+; 2) TAGLIX causa il pericolo 'Emergenze/Incendio' (Addetto Antincendio); poi BLINKIX+SICURIX applicano il METODO81+; 3) FRETTIX causa il pericolo 'Formazione' (Formazione GDPR); poi CIFRIX+SICURIX applicano il METODO81+; 4) BIOXIX causa il pericolo 'Formazione base' (Formazione Generale Lavoratori); poi SCUDIX+SICURIX applicano il METODO81+; 5) CADUTIX causa il pericolo 'Stress' (Stress Lavoro-Correlato); poi HYGIENIX+SICURIX applicano il METODO81+; 6) RUMORIX causa il pericolo 'DPI' (Uso e Formazione DPI); poi PREPOSTIX+SICURIX applicano il METODO81+; 7) MULTIX causa il pericolo 'Documento' (Informativa e Consensi); poi PRIVACIX+SICURIX applicano il METODO81+; 8) FRETTIX causa il pericolo 'Registro' (Registro dei Trattamenti); poi CONSENSIX+SICURIX applicano il METODO81+; 9) TEMPORIX causa il pericolo 'Sanificazione' (Piano di Sanificazione); poi LUXPECTORIX+SICURIX applicano il METODO81+; 10) FRETTIX causa il pericolo 'Nomine' (Nomina Incaricati/Responsabili); poi DOCUMIX+SICURIX applicano il METODO81+; 11) OBLIVIX causa il pericolo 'Temperature' (Controllo Temperature e Celle); poi CIFRIX+SICURIX applicano il METODO81+. PALETTE BRAND ESCLUSIVA: nero #05050A, bianco panna, arancione #FF6A1A/#E8501A; ROSSO solo per 'PERICOLO', VERDE per la checklist 'Metodo 81+'. Logo '81+' ben visibile in OGNI vignetta. REGOLA STORIA: SICURIX NON agisce mai da solo - in OGNI vignetta di soluzione si fa AIUTARE dai suoi colleghi EROI (lavoro di squadra, ognuno col suo ruolo). TESTO: didascalie e fumetti MOLTO BREVI (1-4 parole), GRANDI, centrati, in ITALIANO con ORTOGRAFIA PERFETTA, senza parole inventate, lettere doppie errate o testo tagliato. CATTIVI (coerenti col canone): CROSSIX, TAGLIX, FRETTIX, BIOXIX, CADUTIX, RUMORIX, MULTIX, TEMPORIX, OBLIVIX. EROI: CHEFIX, BLINKIX, CIFRIX, SCUDIX, HYGIENIX, PREPOSTIX, PRIVACIX, CONSENSIX, LUXPECTORIX, DOCUMIX. NEGATIVE: nessun marchio LEGO reale, nessun personaggio protetto (Asterix ecc.), niente gore/horror, niente claim assoluti ('rischio zero','garantito','zero multe').",Quello che l'ispettore controlla per primo in Commercio (e quasi nessuno lo sa),"Commercio: 3 minuti oggi o un problema enorme domani. Scegli tu.

In commercio gli adempimenti obbligatori non aspettano: Corso, Emergenze/Incendio, Formazione, Formazione base, Stress, DPI, Documento, Registro, Sanificazione, Nomine, Temperature. In questa pagina TALES OF SICURIX il PERICOLO prende forma... e il METODO81+ lo rimette in ordine, passo dopo passo. Immagina la scena: prima il caos, poi la checklist che sistema tutto. Non e' burocrazia: e' la tua tranquillita.
👉 Iscriviti al corso: Haccp - Corso responsabile industria alimentare -> https://81plus.net/?corso=haccp-corso-responsabile-industria-alimentare
▶️ YouTube: youtube.com/@sicurissimo
Contenuto informativo. Prima vedi. Poi sistemi. 81plus.net",Haccp - Corso responsabile industria alimentare,https://81plus.net/?corso=haccp-corso-responsabile-industria-alimentare,#TalesOfSicurix #SICURIX #Metodo81 #81plus #Sicurissimo #HACCP #Sicurezza #Privacy #SicurezzaSulLavoro,SICURIX_TALES_475240_13_7_22_1_11_8_19_20_14_21_16.webp,https://drive.google.com/drive/folders/1hICKXdl9JTZBL1pemG19oE_661z-EH_k,IMG_ERR
50.20.00,Trasporti/Magazzino,H,Privacy+Sicurezza,12,Informativa e Consensi | Rischio Rumore | Addetto Primo Soccorso | Procedura Data Breach | Uso e Formazione DPI | Stress Lavoro-Correlato | Nomina Incaricati/Responsabili | Formazione Generale Lavoratori | Formazione Preposto | Sorveglianza Sanitaria / Medico Competente | Attrezzature e Macchine | Rappresentante Lavoratori Sicurezza (RLS),GDPR art.13 | D.Lgs81/08 Tit.VIII | DM 388/2003 | GDPR art.33-34 | D.Lgs81/08 art.77 | D.Lgs81/08 art.28 | GDPR art.28-29 | Accordo Stato-Regioni | D.Lgs81/08 art.37 | D.Lgs81/08 art.41 | D.Lgs81/08 Tit.III | D.Lgs81/08 art.47,"SICURIX>PERMISSIONIX, PREPOSTIX>CAOSIX, HYGIENIX>MULTIX, SCUDIX>PERMISSIONIX, SICURIX>NONDPIX, CHEFIX>SEGNALEX, TRACCIX>SPYIX, CHECKIX>POLVERIX, CONSENSIX>FUMIX, CIFRIX>CHIMIKIX, PRIVACIX>CADUTIX, CONSENSIX>POLVERIX","Crea una PAGINA A FUMETTI a STORIA COMPLETA, verticale A4 (1024x1536), QUALITA' EDITORIALE DA STAMPA, stile ufficiale 'SICURIX TALES' IDENTICO alle immagini di riferimento allegate (stessi personaggi a mattoncini 3D, stessa impaginazione, stessi colori, stesse rese): minifigure espressive, ambientazioni ricche e dettagliate del settore, luci morbide, profondita', bordi vignetta netti. IMPAGINAZIONE OBBLIGATORIA: da 10 a 12 VIGNETTE numerate che raccontano UNA STORIA con arco narrativo completo (1 situazione normale -> 2-4 arrivano i pericoli coi cattivi -> 5-6 tensione/conseguenza -> 7-9 arriva SICURIX con gli eroi e applica il METODO81+ passo per passo -> 10-11 risoluzione ordinata -> 12 finale). HEADER in alto: SICURIX (mantello, medaglione arancione '81+', bussola) che presenta in un fumetto; grande titolo 'SICURIX TALES'; sottotitolo 'TRASPORTI/MAGAZZINO: Pericolo vs Soluzione con Metodo 81+'; legenda 3 voci (verde Sicurezza, rosso Rischio, blu 81+ Soluzione); fila di EROI coi nomi: SICURIX, PREPOSTIX, HYGIENIX, SCUDIX, CHEFIX, TRACCIX. FOOTER in basso: grande 'Prima vedi. Poi sistemi.'; banner scudo verde 'PROTEGGIAMO. PREVENIAMO. MIGLIORIAMO.' e triangolo rosso 'DISATTENZIONE. RISCHI. COSTI. CAOS.'; logo '81+' + '81plus.net'. TRAMA (usa questi eventi come vignette; se sono meno di 10 aggiungi vignette di contesto, dialogo e reazione per arrivare a 10-12): 1) PERMISSIONIX causa il pericolo 'Documento' (Informativa e Consensi); poi SICURIX+SICURIX applicano il METODO81+; 2) CAOSIX causa il pericolo 'Rumore' (Rischio Rumore); poi PREPOSTIX+SICURIX applicano il METODO81+; 3) MULTIX causa il pericolo 'Emergenze/Soccorso' (Addetto Primo Soccorso); poi HYGIENIX+SICURIX applicano il METODO81+; 4) PERMISSIONIX causa il pericolo 'Data breach' (Procedura Data Breach); poi SCUDIX+SICURIX applicano il METODO81+; 5) NONDPIX causa il pericolo 'DPI' (Uso e Formazione DPI); poi SICURIX+SICURIX applicano il METODO81+; 6) SEGNALEX causa il pericolo 'Stress' (Stress Lavoro-Correlato); poi CHEFIX+SICURIX applicano il METODO81+; 7) SPYIX causa il pericolo 'Nomine' (Nomina Incaricati/Responsabili); poi TRACCIX+SICURIX applicano il METODO81+; 8) POLVERIX causa il pericolo 'Formazione base' (Formazione Generale Lavoratori); poi CHECKIX+SICURIX applicano il METODO81+; 9) FUMIX causa il pericolo 'Ruolo/Preposto' (Formazione Preposto); poi CONSENSIX+SICURIX applicano il METODO81+; 10) CHIMIKIX causa il pericolo 'Sorveglianza sanitaria' (Sorveglianza Sanitaria / Medico Competente); poi CIFRIX+SICURIX applicano il METODO81+; 11) CADUTIX causa il pericolo 'Attrezzature' (Attrezzature e Macchine); poi PRIVACIX+SICURIX applicano il METODO81+; 12) POLVERIX causa il pericolo 'Ruolo/RLS' (Rappresentante Lavoratori Sicurezza (RLS)); poi CONSENSIX+SICURIX applicano il METODO81+. PALETTE BRAND ESCLUSIVA: nero #05050A, bianco panna, arancione #FF6A1A/#E8501A; ROSSO solo per 'PERICOLO', VERDE per la checklist 'Metodo 81+'. Logo '81+' ben visibile in OGNI vignetta. REGOLA STORIA: SICURIX NON agisce mai da solo - in OGNI vignetta di soluzione si fa AIUTARE dai suoi colleghi EROI (lavoro di squadra, ognuno col suo ruolo). TESTO: didascalie e fumetti MOLTO BREVI (1-4 parole), GRANDI, centrati, in ITALIANO con ORTOGRAFIA PERFETTA, senza parole inventate, lettere doppie errate o testo tagliato. CATTIVI (coerenti col canone): PERMISSIONIX, CAOSIX, MULTIX, NONDPIX, SEGNALEX, SPYIX, POLVERIX, FUMIX, CHIMIKIX, CADUTIX. EROI: SICURIX, PREPOSTIX, HYGIENIX, SCUDIX, CHEFIX, TRACCIX, CHECKIX, CONSENSIX, CIFRIX, PRIVACIX. NEGATIVE: nessun marchio LEGO reale, nessun personaggio protetto (Asterix ecc.), niente gore/horror, niente claim assoluti ('rischio zero','garantito','zero multe').",Quello che l'ispettore controlla per primo in Trasporti/Magazzino (e quasi nessuno lo sa),"Quello che l'ispettore controlla per primo in Trasporti/Magazzino (e quasi nessuno lo sa)

In trasporti/magazzino gli adempimenti obbligatori non aspettano: Documento, Rumore, Emergenze/Soccorso, Data breach, DPI, Stress, Nomine, Formazione base, Ruolo/Preposto, Sorveglianza sanitaria, Attrezzature, Ruolo/RLS. In questa pagina TALES OF SICURIX il PERICOLO prende forma... e il METODO81+ lo rimette in ordine, passo dopo passo. Immagina la scena: prima il caos, poi la checklist che sistema tutto. Chi si mette in regola prima, dorme meglio dopo.
👉 Iscriviti al corso: Corso privacy destinato ai lavoratori -> https://81plus.net/?corso=corso-privacy-destinato-ai-lavoratori
▶️ YouTube: youtube.com/@sicurissimo
Contenuto informativo. Prima vedi. Poi sistemi. 81plus.net",Corso privacy destinato ai lavoratori,https://81plus.net/?corso=corso-privacy-destinato-ai-lavoratori,#TalesOfSicurix #SICURIX #Metodo81 #81plus #Sicurissimo #Privacy #Sicurezza #SicurezzaSulLavoro,SICURIX_TALES_502000_15_12_6_19_8_11_17_1_3_9_13_4.webp,https://drive.google.com/drive/folders/1hICKXdl9JTZBL1pemG19oE_661z-EH_k,IMG_ERR
13.92.10,Manifattura,C,Sicurezza+Privacy+HACCP,12,Uso e Formazione DPI | Movimentazione Manuale Carichi | Formazione GDPR | Formazione Generale Lavoratori | Informativa e Consensi | Rintracciabilita ed Etichettatura | Rappresentante Lavoratori Sicurezza (RLS) | Gestione Allergeni | Stress Lavoro-Correlato | Piano di Sanificazione | Procedura Data Breach | Addetto Primo Soccorso,D.Lgs81/08 art.77 | D.Lgs81/08 Tit.VI | GDPR art.32 | Accordo Stato-Regioni | GDPR art.13 | Reg.CE 178/2002 | D.Lgs81/08 art.47 | Reg.UE 1169/2011 | D.Lgs81/08 art.28 | Reg.CE 852/2004 | GDPR art.33-34 | DM 388/2003,"CHEFIX>RUMORIX, LUXPECTORIX>CAOSIX, FORMIX>HACKIX, PRIVACIX>VOLTIX, FORMIX>CAOSIX, CONSENSIX>FRETTIX, SICURIX>CAOSIX, LUXPECTORIX>TEMPORIX, SCUDIX>CHIMIKIX, FORMIX>IMPROVVISIX, CHEFIX>MULTIX, CONSENSIX>SCHIACCIX","Crea una PAGINA A FUMETTI a STORIA COMPLETA, verticale A4 (1024x1536), QUALITA' EDITORIALE DA STAMPA, stile ufficiale 'SICURIX TALES' IDENTICO alle immagini di riferimento allegate (stessi personaggi a mattoncini 3D, stessa impaginazione, stessi colori, stesse rese): minifigure espressive, ambientazioni ricche e dettagliate del settore, luci morbide, profondita', bordi vignetta netti. IMPAGINAZIONE OBBLIGATORIA: da 10 a 12 VIGNETTE numerate che raccontano UNA STORIA con arco narrativo completo (1 situazione normale -> 2-4 arrivano i pericoli coi cattivi -> 5-6 tensione/conseguenza -> 7-9 arriva SICURIX con gli eroi e applica il METODO81+ passo per passo -> 10-11 risoluzione ordinata -> 12 finale). HEADER in alto: SICURIX (mantello, medaglione arancione '81+', bussola) che presenta in un fumetto; grande titolo 'SICURIX TALES'; sottotitolo 'MANIFATTURA: Pericolo vs Soluzione con Metodo 81+'; legenda 3 voci (verde Sicurezza, rosso Rischio, blu 81+ Soluzione); fila di EROI coi nomi: CHEFIX, LUXPECTORIX, FORMIX, PRIVACIX, CONSENSIX, SICURIX. FOOTER in basso: grande 'Prima vedi. Poi sistemi.'; banner scudo verde 'PROTEGGIAMO. PREVENIAMO. MIGLIORIAMO.' e triangolo rosso 'DISATTENZIONE. RISCHI. COSTI. CAOS.'; logo '81+' + '81plus.net'. TRAMA (usa questi eventi come vignette; se sono meno di 10 aggiungi vignette di contesto, dialogo e reazione per arrivare a 10-12): 1) RUMORIX causa il pericolo 'DPI' (Uso e Formazione DPI); poi CHEFIX+SICURIX applicano il METODO81+; 2) CAOSIX causa il pericolo 'MMC' (Movimentazione Manuale Carichi); poi LUXPECTORIX+SICURIX applicano il METODO81+; 3) HACKIX causa il pericolo 'Formazione' (Formazione GDPR); poi FORMIX+SICURIX applicano il METODO81+; 4) VOLTIX causa il pericolo 'Formazione base' (Formazione Generale Lavoratori); poi PRIVACIX+SICURIX applicano il METODO81+; 5) CAOSIX causa il pericolo 'Documento' (Informativa e Consensi); poi FORMIX+SICURIX applicano il METODO81+; 6) FRETTIX causa il pericolo 'Rintracciabilita' (Rintracciabilita ed Etichettatura); poi CONSENSIX+SICURIX applicano il METODO81+; 7) CAOSIX causa il pericolo 'Ruolo/RLS' (Rappresentante Lavoratori Sicurezza (RLS)); poi SICURIX+SICURIX applicano il METODO81+; 8) TEMPORIX causa il pericolo 'Allergeni' (Gestione Allergeni); poi LUXPECTORIX+SICURIX applicano il METODO81+; 9) CHIMIKIX causa il pericolo 'Stress' (Stress Lavoro-Correlato); poi SCUDIX+SICURIX applicano il METODO81+; 10) IMPROVVISIX causa il pericolo 'Sanificazione' (Piano di Sanificazione); poi FORMIX+SICURIX applicano il METODO81+; 11) MULTIX causa il pericolo 'Data breach' (Procedura Data Breach); poi CHEFIX+SICURIX applicano il METODO81+; 12) SCHIACCIX causa il pericolo 'Emergenze/Soccorso' (Addetto Primo Soccorso); poi CONSENSIX+SICURIX applicano il METODO81+. PALETTE BRAND ESCLUSIVA: nero #05050A, bianco panna, arancione #FF6A1A/#E8501A; ROSSO solo per 'PERICOLO', VERDE per la checklist 'Metodo 81+'. Logo '81+' ben visibile in OGNI vignetta. REGOLA STORIA: SICURIX NON agisce mai da solo - in OGNI vignetta di soluzione si fa AIUTARE dai suoi colleghi EROI (lavoro di squadra, ognuno col suo ruolo). TESTO: didascalie e fumetti MOLTO BREVI (1-4 parole), GRANDI, centrati, in ITALIANO con ORTOGRAFIA PERFETTA, senza parole inventate, lettere doppie errate o testo tagliato. CATTIVI (coerenti col canone): RUMORIX, CAOSIX, HACKIX, VOLTIX, FRETTIX, TEMPORIX, CHIMIKIX, IMPROVVISIX, MULTIX, SCHIACCIX. EROI: CHEFIX, LUXPECTORIX, FORMIX, PRIVACIX, CONSENSIX, SICURIX, SCUDIX. NEGATIVE: nessun marchio LEGO reale, nessun personaggio protetto (Asterix ecc.), niente gore/horror, niente claim assoluti ('rischio zero','garantito','zero multe').",Quello che l'ispettore controlla per primo in Manifattura (e quasi nessuno lo sa),"La differenza tra chi in Manifattura dorme sereno e chi trema al controllo

In manifattura gli adempimenti obbligatori non aspettano: DPI, MMC, Formazione, Formazione base, Documento, Rintracciabilita, Ruolo/RLS, Allergeni, Stress, Sanificazione, Data breach, Emergenze/Soccorso. In questa pagina TALES OF SICURIX il PERICOLO prende forma... e il METODO81+ lo rimette in ordine, passo dopo passo. Immagina la scena: prima il caos, poi la checklist che sistema tutto. La regola c'e' gia': tu falla lavorare per te.
👉 Iscriviti al corso: Corso Lavori in Quota e DPI Anticaduta -> https://81plus.net/?corso=corso-lavori-in-quota-e-dpi-anticaduta
▶️ YouTube: youtube.com/@sicurissimo
Contenuto informativo. Prima vedi. Poi sistemi. 81plus.net",Corso Lavori in Quota e DPI Anticaduta,https://81plus.net/?corso=corso-lavori-in-quota-e-dpi-anticaduta,#TalesOfSicurix #SICURIX #Metodo81 #81plus #Sicurissimo #Sicurezza #Privacy #HACCP #SicurezzaSulLavoro,SICURIX_TALES_139210_8_10_24_1_21_17_4_20_11_16_25_6.webp,https://drive.google.com/drive/folders/1hICKXdl9JTZBL1pemG19oE_661z-EH_k,IMG_ERR
23.15.10,Manifattura,C,Sicurezza+Privacy+HACCP,12,Attrezzature e Macchine | Rischio Rumore | Formazione GDPR | Sorveglianza Sanitaria / Medico Competente | Corso Alimentarista | Formazione Generale Lavoratori | Lotta agli Infestanti (Pest Control) | Registro dei Trattamenti | Rappresentante Lavoratori Sicurezza (RLS) | Addetto Primo Soccorso | Informativa e Consensi | Stress Lavoro-Correlato,D.Lgs81/08 Tit.III | D.Lgs81/08 Tit.VIII | GDPR art.32 | D.Lgs81/08 art.41 | Reg.CE 852/2004 | Accordo Stato-Regioni | GDPR art.30 | D.Lgs81/08 art.47 | DM 388/2003 | GDPR art.13 | D.Lgs81/08 art.28,"DOCUMIX>VIBRIX, BLINKIX>TAGLIX, LUXPECTORIX>IMPROVVISIX, CHECKIX>SCHIACCIX, ROBOTIX81>MESCOLIX, LUXPECTORIX>RISKIX, TRACCIX>MULTIX, FORMIX>CANCELIX, FORMIX>ØTIX, FORMIX>SOTTOVALUTIX, PRIVACIX>FRETTIX, PRIVACIX>CAOSIX","Crea una PAGINA A FUMETTI a STORIA COMPLETA, verticale A4 (1024x1536), QUALITA' EDITORIALE DA STAMPA, stile ufficiale 'SICURIX TALES' IDENTICO alle immagini di riferimento allegate (stessi personaggi a mattoncini 3D, stessa impaginazione, stessi colori, stesse rese): minifigure espressive, ambientazioni ricche e dettagliate del settore, luci morbide, profondita', bordi vignetta netti. IMPAGINAZIONE OBBLIGATORIA: da 10 a 12 VIGNETTE numerate che raccontano UNA STORIA con arco narrativo completo (1 situazione normale -> 2-4 arrivano i pericoli coi cattivi -> 5-6 tensione/conseguenza -> 7-9 arriva SICURIX con gli eroi e applica il METODO81+ passo per passo -> 10-11 risoluzione ordinata -> 12 finale). HEADER in alto: SICURIX (mantello, medaglione arancione '81+', bussola) che presenta in un fumetto; grande titolo 'SICURIX TALES'; sottotitolo 'MANIFATTURA: Pericolo vs Soluzione con Metodo 81+'; legenda 3 voci (verde Sicurezza, rosso Rischio, blu 81+ Soluzione); fila di EROI coi nomi: DOCUMIX, BLINKIX, LUXPECTORIX, CHECKIX, ROBOTIX81, TRACCIX. FOOTER in basso: grande 'Prima vedi. Poi sistemi.'; banner scudo verde 'PROTEGGIAMO. PREVENIAMO. MIGLIORIAMO.' e triangolo rosso 'DISATTENZIONE. RISCHI. COSTI. CAOS.'; logo '81+' + '81plus.net'. TRAMA (usa questi eventi come vignette; se sono meno di 10 aggiungi vignette di contesto, dialogo e reazione per arrivare a 10-12): 1) VIBRIX causa il pericolo 'Attrezzature' (Attrezzature e Macchine); poi DOCUMIX+SICURIX applicano il METODO81+; 2) TAGLIX causa il pericolo 'Rumore' (Rischio Rumore); poi BLINKIX+SICURIX applicano il METODO81+; 3) IMPROVVISIX causa il pericolo 'Formazione' (Formazione GDPR); poi LUXPECTORIX+SICURIX applicano il METODO81+; 4) SCHIACCIX causa il pericolo 'Sorveglianza sanitaria' (Sorveglianza Sanitaria / Medico Competente); poi CHECKIX+SICURIX applicano il METODO81+; 5) MESCOLIX causa il pericolo 'Corso' (Corso Alimentarista); poi ROBOTIX81+SICURIX applicano il METODO81+; 6) RISKIX causa il pericolo 'Formazione base' (Formazione Generale Lavoratori); poi LUXPECTORIX+SICURIX applicano il METODO81+; 7) MULTIX causa il pericolo 'Infestanti' (Lotta agli Infestanti (Pest Control)); poi TRACCIX+SICURIX applicano il METODO81+; 8) CANCELIX causa il pericolo 'Registro' (Registro dei Trattamenti); poi FORMIX+SICURIX applicano il METODO81+; 9) ØTIX causa il pericolo 'Ruolo/RLS' (Rappresentante Lavoratori Sicurezza (RLS)); poi FORMIX+SICURIX applicano il METODO81+; 10) SOTTOVALUTIX causa il pericolo 'Emergenze/Soccorso' (Addetto Primo Soccorso); poi FORMIX+SICURIX applicano il METODO81+; 11) FRETTIX causa il pericolo 'Documento' (Informativa e Consensi); poi PRIVACIX+SICURIX applicano il METODO81+; 12) CAOSIX causa il pericolo 'Stress' (Stress Lavoro-Correlato); poi PRIVACIX+SICURIX applicano il METODO81+. PALETTE BRAND ESCLUSIVA: nero #05050A, bianco panna, arancione #FF6A1A/#E8501A; ROSSO solo per 'PERICOLO', VERDE per la checklist 'Metodo 81+'. Logo '81+' ben visibile in OGNI vignetta. REGOLA STORIA: SICURIX NON agisce mai da solo - in OGNI vignetta di soluzione si fa AIUTARE dai suoi colleghi EROI (lavoro di squadra, ognuno col suo ruolo). TESTO: didascalie e fumetti MOLTO BREVI (1-4 parole), GRANDI, centrati, in ITALIANO con ORTOGRAFIA PERFETTA, senza parole inventate, lettere doppie errate o testo tagliato. CATTIVI (coerenti col canone): VIBRIX, TAGLIX, IMPROVVISIX, SCHIACCIX, MESCOLIX, RISKIX, MULTIX, CANCELIX, ØTIX, SOTTOVALUTIX, FRETTIX, CAOSIX. EROI: DOCUMIX, BLINKIX, LUXPECTORIX, CHECKIX, ROBOTIX81, TRACCIX, FORMIX, PRIVACIX. NEGATIVE: nessun marchio LEGO reale, nessun personaggio protetto (Asterix ecc.), niente gore/horror, niente claim assoluti ('rischio zero','garantito','zero multe').","In Manifattura non e' 'se' arriva il controllo, e' 'quando'. Sei pronto?","Manifattura: 3 minuti oggi o un problema enorme domani. Scegli tu.

In manifattura gli adempimenti obbligatori non aspettano: Attrezzature, Rumore, Formazione, Sorveglianza sanitaria, Corso, Formazione base, Infestanti, Registro, Ruolo/RLS, Emergenze/Soccorso, Documento, Stress. In questa pagina TALES OF SICURIX il PERICOLO prende forma... e il METODO81+ lo rimette in ordine, passo dopo passo. Immagina la scena: prima il caos, poi la checklist che sistema tutto. Non e' burocrazia: e' la tua tranquillita.
👉 Iscriviti al corso: Corso Lavori in Quota e DPI Anticaduta -> https://81plus.net/?corso=corso-lavori-in-quota-e-dpi-anticaduta
▶️ YouTube: youtube.com/@sicurissimo
Contenuto informativo. Prima vedi. Poi sistemi. 81plus.net",Corso Lavori in Quota e DPI Anticaduta,https://81plus.net/?corso=corso-lavori-in-quota-e-dpi-anticaduta,#TalesOfSicurix #SICURIX #Metodo81 #81plus #Sicurissimo #Sicurezza #Privacy #HACCP #SicurezzaSulLavoro,SICURIX_TALES_231510_13_12_24_9_15_1_19_22_4_6_21_11.webp,https://drive.google.com/drive/folders/1hICKXdl9JTZBL1pemG19oE_661z-EH_k,IMG_ERR
56.11.23,Alloggio/Ristorazione,I,Privacy+Sicurezza+HACCP,10,Nomina Incaricati/Responsabili | Rappresentante Lavoratori Sicurezza (RLS) | Informativa e Consensi | Rintracciabilita ed Etichettatura | Gestione Allergeni | Lotta agli Infestanti (Pest Control) | Stress Lavoro-Correlato | Formazione Generale Lavoratori | Formazione GDPR | Corso Alimentarista,GDPR art.28-29 | D.Lgs81/08 art.47 | GDPR art.13 | Reg.CE 178/2002 | Reg.UE 1169/2011 | Reg.CE 852/2004 | D.Lgs81/08 art.28 | Accordo Stato-Regioni | GDPR art.32,"TRACCIX>CAOSIX, CONSENSIX>VIBRIX, CIFRIX>IMPROVVISIX, PREPOSTIX>MESCOLIX, CHECKIX>MESCOLIX, SCUDIX>IMPROVVISIX, FORMIX>SOTTOVALUTIX, BLINKIX>FUMIX, DOCUMIX>FRETTIX, ROBOTIX81>MULTIX","Crea una PAGINA A FUMETTI a STORIA COMPLETA, verticale A4 (1024x1536), QUALITA' EDITORIALE DA STAMPA, stile ufficiale 'SICURIX TALES' IDENTICO alle immagini di riferimento allegate (stessi personaggi a mattoncini 3D, stessa impaginazione, stessi colori, stesse rese): minifigure espressive, ambientazioni ricche e dettagliate del settore, luci morbide, profondita', bordi vignetta netti. IMPAGINAZIONE OBBLIGATORIA: da 10 a 12 VIGNETTE numerate che raccontano UNA STORIA con arco narrativo completo (1 situazione normale -> 2-4 arrivano i pericoli coi cattivi -> 5-6 tensione/conseguenza -> 7-9 arriva SICURIX con gli eroi e applica il METODO81+ passo per passo -> 10-11 risoluzione ordinata -> 12 finale). HEADER in alto: SICURIX (mantello, medaglione arancione '81+', bussola) che presenta in un fumetto; grande titolo 'SICURIX TALES'; sottotitolo 'ALLOGGIO/RISTORAZIONE: Pericolo vs Soluzione con Metodo 81+'; legenda 3 voci (verde Sicurezza, rosso Rischio, blu 81+ Soluzione); fila di EROI coi nomi: TRACCIX, CONSENSIX, CIFRIX, PREPOSTIX, CHECKIX, SCUDIX. FOOTER in basso: grande 'Prima vedi. Poi sistemi.'; banner scudo verde 'PROTEGGIAMO. PREVENIAMO. MIGLIORIAMO.' e triangolo rosso 'DISATTENZIONE. RISCHI. COSTI. CAOS.'; logo '81+' + '81plus.net'. TRAMA (usa questi eventi come vignette; se sono meno di 10 aggiungi vignette di contesto, dialogo e reazione per arrivare a 10-12): 1) CAOSIX causa il pericolo 'Nomine' (Nomina Incaricati/Responsabili); poi TRACCIX+SICURIX applicano il METODO81+; 2) VIBRIX causa il pericolo 'Ruolo/RLS' (Rappresentante Lavoratori Sicurezza (RLS)); poi CONSENSIX+SICURIX applicano il METODO81+; 3) IMPROVVISIX causa il pericolo 'Documento' (Informativa e Consensi); poi CIFRIX+SICURIX applicano il METODO81+; 4) MESCOLIX causa il pericolo 'Rintracciabilita' (Rintracciabilita ed Etichettatura); poi PREPOSTIX+SICURIX applicano il METODO81+; 5) MESCOLIX causa il pericolo 'Allergeni' (Gestione Allergeni); poi CHECKIX+SICURIX applicano il METODO81+; 6) IMPROVVISIX causa il pericolo 'Infestanti' (Lotta agli Infestanti (Pest Control)); poi SCUDIX+SICURIX applicano il METODO81+; 7) SOTTOVALUTIX causa il pericolo 'Stress' (Stress Lavoro-Correlato); poi FORMIX+SICURIX applicano il METODO81+; 8) FUMIX causa il pericolo 'Formazione base' (Formazione Generale Lavoratori); poi BLINKIX+SICURIX applicano il METODO81+; 9) FRETTIX causa il pericolo 'Formazione' (Formazione GDPR); poi DOCUMIX+SICURIX applicano il METODO81+; 10) MULTIX causa il pericolo 'Corso' (Corso Alimentarista); poi ROBOTIX81+SICURIX applicano il METODO81+. PALETTE BRAND ESCLUSIVA: nero #05050A, bianco panna, arancione #FF6A1A/#E8501A; ROSSO solo per 'PERICOLO', VERDE per la checklist 'Metodo 81+'. Logo '81+' ben visibile in OGNI vignetta. REGOLA STORIA: SICURIX NON agisce mai da solo - in OGNI vignetta di soluzione si fa AIUTARE dai suoi colleghi EROI (lavoro di squadra, ognuno col suo ruolo). TESTO: didascalie e fumetti MOLTO BREVI (1-4 parole), GRANDI, centrati, in ITALIANO con ORTOGRAFIA PERFETTA, senza parole inventate, lettere doppie errate o testo tagliato. CATTIVI (coerenti col canone): CAOSIX, VIBRIX, IMPROVVISIX, MESCOLIX, SOTTOVALUTIX, FUMIX, FRETTIX, MULTIX. EROI: TRACCIX, CONSENSIX, CIFRIX, PREPOSTIX, CHECKIX, SCUDIX, FORMIX, BLINKIX, DOCUMIX, ROBOTIX81. NEGATIVE: nessun marchio LEGO reale, nessun personaggio protetto (Asterix ecc.), niente gore/horror, niente claim assoluti ('rischio zero','garantito','zero multe').",Quello che l'ispettore controlla per primo in Alloggio/Ristorazione (e quasi nessuno lo sa),"La differenza tra chi in Alloggio/Ristorazione dorme sereno e chi trema al controllo

In alloggio/ristorazione gli adempimenti obbligatori non aspettano: Nomine, Ruolo/RLS, Documento, Rintracciabilita, Allergeni, Infestanti, Stress, Formazione base, Formazione, Corso. In questa pagina TALES OF SICURIX il PERICOLO prende forma... e il METODO81+ lo rimette in ordine, passo dopo passo. Immagina la scena: prima il caos, poi la checklist che sistema tutto. Non e' burocrazia: e' la tua tranquillita.
👉 Iscriviti al corso: Corso privacy destinato ai lavoratori -> https://81plus.net/?corso=corso-privacy-destinato-ai-lavoratori
▶️ YouTube: youtube.com/@sicurissimo
Contenuto informativo. Prima vedi. Poi sistemi. 81plus.net",Corso privacy destinato ai lavoratori,https://81plus.net/?corso=corso-privacy-destinato-ai-lavoratori,#TalesOfSicurix #SICURIX #Metodo81 #81plus #Sicurissimo #Privacy #Sicurezza #HACCP #SicurezzaSulLavoro,SICURIX_TALES_561123_21_4_19_15_18_17_11_1_22_13.webp,https://drive.google.com/drive/folders/1hICKXdl9JTZBL1pemG19oE_661z-EH_k,IMG_ERR
47.69.11,Commercio,G,Sicurezza+HACCP+Privacy,12,Documento Valutazione Rischi (DVR) | Stress Lavoro-Correlato | Piano di Sanificazione | Procedura Data Breach | Registro dei Trattamenti | Corso Alimentarista | Uso e Formazione DPI | Formazione Generale Lavoratori | Nomina Incaricati/Responsabili | Formazione Preposto | Sorveglianza Sanitaria / Medico Competente | Rappresentante Lavoratori Sicurezza (RLS),D.Lgs81/08 art.28 | Reg.CE 852/2004 | GDPR art.33-34 | GDPR art.30 | D.Lgs81/08 art.77 | Accordo Stato-Regioni | GDPR art.28-29 | D.Lgs81/08 art.37 | D.Lgs81/08 art.41 | D.Lgs81/08 art.47,"PREPOSTIX>CAOSIX, BLINKIX>SOTTOVALUTIX, DOCUMIX>TEMPORIX, CONSENSIX>PHISHIX, CONSENSIX>CAOSIX, LUXPECTORIX>MESCOLIX, TRACCIX>SCHIACCIX, BLINKIX>VOLTIX, CONSENSIX>FRETTIX, SCUDIX>SEGNALEX, TRACCIX>RISKIX, LUXPECTORIX>NONDPIX","Crea una PAGINA A FUMETTI a STORIA COMPLETA, verticale A4 (1024x1536), QUALITA' EDITORIALE DA STAMPA, stile ufficiale 'SICURIX TALES' IDENTICO alle immagini di riferimento allegate (stessi personaggi a mattoncini 3D, stessa impaginazione, stessi colori, stesse rese): minifigure espressive, ambientazioni ricche e dettagliate del settore, luci morbide, profondita', bordi vignetta netti. IMPAGINAZIONE OBBLIGATORIA: da 10 a 12 VIGNETTE numerate che raccontano UNA STORIA con arco narrativo completo (1 situazione normale -> 2-4 arrivano i pericoli coi cattivi -> 5-6 tensione/conseguenza -> 7-9 arriva SICURIX con gli eroi e applica il METODO81+ passo per passo -> 10-11 risoluzione ordinata -> 12 finale). HEADER in alto: SICURIX (mantello, medaglione arancione '81+', bussola) che presenta in un fumetto; grande titolo 'SICURIX TALES'; sottotitolo 'COMMERCIO: Pericolo vs Soluzione con Metodo 81+'; legenda 3 voci (verde Sicurezza, rosso Rischio, blu 81+ Soluzione); fila di EROI coi nomi: PREPOSTIX, BLINKIX, DOCUMIX, CONSENSIX, LUXPECTORIX, TRACCIX. FOOTER in basso: grande 'Prima vedi. Poi sistemi.'; banner scudo verde 'PROTEGGIAMO. PREVENIAMO. MIGLIORIAMO.' e triangolo rosso 'DISATTENZIONE. RISCHI. COSTI. CAOS.'; logo '81+' + '81plus.net'. TRAMA (usa questi eventi come vignette; se sono meno di 10 aggiungi vignette di contesto, dialogo e reazione per arrivare a 10-12): 1) CAOSIX causa il pericolo 'Documento' (Documento Valutazione Rischi (DVR)); poi PREPOSTIX+SICURIX applicano il METODO81+; 2) SOTTOVALUTIX causa il pericolo 'Stress' (Stress Lavoro-Correlato); poi BLINKIX+SICURIX applicano il METODO81+; 3) TEMPORIX causa il pericolo 'Sanificazione' (Piano di Sanificazione); poi DOCUMIX+SICURIX applicano il METODO81+; 4) PHISHIX causa il pericolo 'Data breach' (Procedura Data Breach); poi CONSENSIX+SICURIX applicano il METODO81+; 5) CAOSIX causa il pericolo 'Registro' (Registro dei Trattamenti); poi CONSENSIX+SICURIX applicano il METODO81+; 6) MESCOLIX causa il pericolo 'Corso' (Corso Alimentarista); poi LUXPECTORIX+SICURIX applicano il METODO81+; 7) SCHIACCIX causa il pericolo 'DPI' (Uso e Formazione DPI); poi TRACCIX+SICURIX applicano il METODO81+; 8) VOLTIX causa il pericolo 'Formazione base' (Formazione Generale Lavoratori); poi BLINKIX+SICURIX applicano il METODO81+; 9) FRETTIX causa il pericolo 'Nomine' (Nomina Incaricati/Responsabili); poi CONSENSIX+SICURIX applicano il METODO81+; 10) SEGNALEX causa il pericolo 'Ruolo/Preposto' (Formazione Preposto); poi SCUDIX+SICURIX applicano il METODO81+; 11) RISKIX causa il pericolo 'Sorveglianza sanitaria' (Sorveglianza Sanitaria / Medico Competente); poi TRACCIX+SICURIX applicano il METODO81+; 12) NONDPIX causa il pericolo 'Ruolo/RLS' (Rappresentante Lavoratori Sicurezza (RLS)); poi LUXPECTORIX+SICURIX applicano il METODO81+. PALETTE BRAND ESCLUSIVA: nero #05050A, bianco panna, arancione #FF6A1A/#E8501A; ROSSO solo per 'PERICOLO', VERDE per la checklist 'Metodo 81+'. Logo '81+' ben visibile in OGNI vignetta. REGOLA STORIA: SICURIX NON agisce mai da solo - in OGNI vignetta di soluzione si fa AIUTARE dai suoi colleghi EROI (lavoro di squadra, ognuno col suo ruolo). TESTO: didascalie e fumetti MOLTO BREVI (1-4 parole), GRANDI, centrati, in ITALIANO con ORTOGRAFIA PERFETTA, senza parole inventate, lettere doppie errate o testo tagliato. CATTIVI (coerenti col canone): CAOSIX, SOTTOVALUTIX, TEMPORIX, PHISHIX, MESCOLIX, SCHIACCIX, VOLTIX, FRETTIX, SEGNALEX, RISKIX, NONDPIX. EROI: PREPOSTIX, BLINKIX, DOCUMIX, CONSENSIX, LUXPECTORIX, TRACCIX, SCUDIX. NEGATIVE: nessun marchio LEGO reale, nessun personaggio protetto (Asterix ecc.), niente gore/horror, niente claim assoluti ('rischio zero','garantito','zero multe').","In Commercio non e' 'se' arriva il controllo, e' 'quando'. Sei pronto?","In Commercio c'e' un obbligo che in tanti scoprono solo con la sanzione

In commercio gli adempimenti obbligatori non aspettano: Documento, Stress, Sanificazione, Data breach, Registro, Corso, DPI, Formazione base, Nomine, Ruolo/Preposto, Sorveglianza sanitaria, Ruolo/RLS. In questa pagina TALES OF SICURIX il PERICOLO prende forma... e il METODO81+ lo rimette in ordine, passo dopo passo. Immagina la scena: prima il caos, poi la checklist che sistema tutto. La regola c'e' gia': tu falla lavorare per te.
👉 Iscriviti al corso: Corso lavoratore parte GENERALE 4 ore -> https://81plus.net/?corso=corso-lavoratore-parte-generale-4-ore
▶️ YouTube: youtube.com/@sicurissimo
Contenuto informativo. Prima vedi. Poi sistemi. 81plus.net",Corso lavoratore parte GENERALE 4 ore,https://81plus.net/?corso=corso-lavoratore-parte-generale-4-ore,#TalesOfSicurix #SICURIX #Metodo81 #81plus #Sicurissimo #Sicurezza #HACCP #Privacy #SicurezzaSulLavoro,SICURIX_TALES_476911_0_11_14_23_20_13_8_1_21_3_9_4.webp,https://drive.google.com/drive/folders/1hICKXdl9JTZBL1pemG19oE_661z-EH_k,IMG_ERR
79.90.01,PA,O,Privacy+Sicurezza,10,Informativa e Consensi | RSPP / Datore di Lavoro RSPP | Documento Valutazione Rischi (DVR) | Formazione Generale Lavoratori | Addetto Primo Soccorso | Formazione Specifica (rischio medio) | Nomina DPO / RPD | Registro dei Trattamenti | Addetto Antincendio | Formazione GDPR,GDPR art.13 | D.Lgs81/08 art.34 | D.Lgs81/08 art.28 | Accordo Stato-Regioni | DM 388/2003 | GDPR art.37 | GDPR art.30 | DM 2/9/2021 | GDPR art.32,"HYGIENIX>RISKIX, DOCUMIX>SOTTOVALUTIX, PREPOSTIX>CADUTIX, HYGIENIX>OBLIVIX, CONSENSIX>TAGLIX, CHECKIX>SCHIACCIX, FORMIX>PHISHIX, HYGIENIX>CAOSIX, TRACCIX>CHIMIKIX, ROBOTIX81>SPYIX","Crea una PAGINA A FUMETTI a STORIA COMPLETA, verticale A4 (1024x1536), QUALITA' EDITORIALE DA STAMPA, stile ufficiale 'SICURIX TALES' IDENTICO alle immagini di riferimento allegate (stessi personaggi a mattoncini 3D, stessa impaginazione, stessi colori, stesse rese): minifigure espressive, ambientazioni ricche e dettagliate del settore, luci morbide, profondita', bordi vignetta netti. IMPAGINAZIONE OBBLIGATORIA: da 10 a 12 VIGNETTE numerate che raccontano UNA STORIA con arco narrativo completo (1 situazione normale -> 2-4 arrivano i pericoli coi cattivi -> 5-6 tensione/conseguenza -> 7-9 arriva SICURIX con gli eroi e applica il METODO81+ passo per passo -> 10-11 risoluzione ordinata -> 12 finale). HEADER in alto: SICURIX (mantello, medaglione arancione '81+', bussola) che presenta in un fumetto; grande titolo 'SICURIX TALES'; sottotitolo 'PA: Pericolo vs Soluzione con Metodo 81+'; legenda 3 voci (verde Sicurezza, rosso Rischio, blu 81+ Soluzione); fila di EROI coi nomi: HYGIENIX, DOCUMIX, PREPOSTIX, CONSENSIX, CHECKIX, FORMIX. FOOTER in basso: grande 'Prima vedi. Poi sistemi.'; banner scudo verde 'PROTEGGIAMO. PREVENIAMO. MIGLIORIAMO.' e triangolo rosso 'DISATTENZIONE. RISCHI. COSTI. CAOS.'; logo '81+' + '81plus.net'. TRAMA (usa questi eventi come vignette; se sono meno di 10 aggiungi vignette di contesto, dialogo e reazione per arrivare a 10-12): 1) RISKIX causa il pericolo 'Documento' (Informativa e Consensi); poi HYGIENIX+SICURIX applicano il METODO81+; 2) SOTTOVALUTIX causa il pericolo 'Ruolo/RSPP' (RSPP / Datore di Lavoro RSPP); poi DOCUMIX+SICURIX applicano il METODO81+; 3) CADUTIX causa il pericolo 'Documento' (Documento Valutazione Rischi (DVR)); poi PREPOSTIX+SICURIX applicano il METODO81+; 4) OBLIVIX causa il pericolo 'Formazione base' (Formazione Generale Lavoratori); poi HYGIENIX+SICURIX applicano il METODO81+; 5) TAGLIX causa il pericolo 'Emergenze/Soccorso' (Addetto Primo Soccorso); poi CONSENSIX+SICURIX applicano il METODO81+; 6) SCHIACCIX causa il pericolo 'Formazione specifica' (Formazione Specifica (rischio medio)); poi CHECKIX+SICURIX applicano il METODO81+; 7) PHISHIX causa il pericolo 'DPO' (Nomina DPO / RPD); poi FORMIX+SICURIX applicano il METODO81+; 8) CAOSIX causa il pericolo 'Registro' (Registro dei Trattamenti); poi HYGIENIX+SICURIX applicano il METODO81+; 9) CHIMIKIX causa il pericolo 'Emergenze/Incendio' (Addetto Antincendio); poi TRACCIX+SICURIX applicano il METODO81+; 10) SPYIX causa il pericolo 'Formazione' (Formazione GDPR); poi ROBOTIX81+SICURIX applicano il METODO81+. PALETTE BRAND ESCLUSIVA: nero #05050A, bianco panna, arancione #FF6A1A/#E8501A; ROSSO solo per 'PERICOLO', VERDE per la checklist 'Metodo 81+'. Logo '81+' ben visibile in OGNI vignetta. REGOLA STORIA: SICURIX NON agisce mai da solo - in OGNI vignetta di soluzione si fa AIUTARE dai suoi colleghi EROI (lavoro di squadra, ognuno col suo ruolo). TESTO: didascalie e fumetti MOLTO BREVI (1-4 parole), GRANDI, centrati, in ITALIANO con ORTOGRAFIA PERFETTA, senza parole inventate, lettere doppie errate o testo tagliato. CATTIVI (coerenti col canone): RISKIX, SOTTOVALUTIX, CADUTIX, OBLIVIX, TAGLIX, SCHIACCIX, PHISHIX, CAOSIX, CHIMIKIX, SPYIX. EROI: HYGIENIX, DOCUMIX, PREPOSTIX, CONSENSIX, CHECKIX, FORMIX, TRACCIX, ROBOTIX81. NEGATIVE: nessun marchio LEGO reale, nessun personaggio protetto (Asterix ecc.), niente gore/horror, niente claim assoluti ('rischio zero','garantito','zero multe').",La differenza tra chi in PA dorme sereno e chi trema al controllo,"PA: 3 minuti oggi o un problema enorme domani. Scegli tu.

In pa gli adempimenti obbligatori non aspettano: Documento, Ruolo/RSPP, Formazione base, Emergenze/Soccorso, Formazione specifica, DPO, Registro, Emergenze/Incendio, Formazione. In questa pagina TALES OF SICURIX il PERICOLO prende forma... e il METODO81+ lo rimette in ordine, passo dopo passo. Immagina la scena: prima il caos, poi la checklist che sistema tutto. Non e' burocrazia: e' la tua tranquillita.
👉 Iscriviti al corso: Corso privacy destinato ai lavoratori -> https://81plus.net/?corso=corso-privacy-destinato-ai-lavoratori
▶️ YouTube: youtube.com/@sicurissimo
Contenuto informativo. Prima vedi. Poi sistemi. 81plus.net",Corso privacy destinato ai lavoratori,https://81plus.net/?corso=corso-privacy-destinato-ai-lavoratori,#TalesOfSicurix #SICURIX #Metodo81 #81plus #Sicurissimo #Privacy #Sicurezza #SicurezzaSulLavoro,SICURIX_TALES_799001_12_5_0_1_6_2_17_13_7_15.webp,https://drive.google.com/drive/folders/1hICKXdl9JTZBL1pemG19oE_661z-EH_k,IMG_ERR
96.10.11,Famiglie datori,T,Sicurezza+Privacy,11,Formazione Specifica (rischio basso) | RSPP / Datore di Lavoro RSPP | Nomina DPO / RPD | Rappresentante Lavoratori Sicurezza (RLS) | Informativa e Consensi | Formazione Preposto | Documento Valutazione Rischi (DVR) | Nomina Incaricati/Responsabili | Addetto Primo Soccorso | Uso e Formazione DPI | Addetto Antincendio,Accordo Stato-Regioni | D.Lgs81/08 art.34 | GDPR art.37 | D.Lgs81/08 art.47 | GDPR art.13 | D.Lgs81/08 art.37 | D.Lgs81/08 art.28 | GDPR art.28-29 | DM 388/2003 | D.Lgs81/08 art.77 | DM 2/9/2021,"ROBOTIX81>SCHIACCIX, SICURIX>SCHIACCIX, CHEFIX>CAOSIX, FORMIX>SCIVOLIX, LUXPECTORIX>IMPROVVISIX, SCUDIX>ØTIX, PREPOSTIX>FUMIX, BLINKIX>CANCELIX, BLINKIX>POLVERIX, SICURIX>POLVERIX, LUXPECTORIX>NONDPIX","Crea una PAGINA A FUMETTI a STORIA COMPLETA, verticale A4 (1024x1536), QUALITA' EDITORIALE DA STAMPA, stile ufficiale 'SICURIX TALES' IDENTICO alle immagini di riferimento allegate (stessi personaggi a mattoncini 3D, stessa impaginazione, stessi colori, stesse rese): minifigure espressive, ambientazioni ricche e dettagliate del settore, luci morbide, profondita', bordi vignetta netti. IMPAGINAZIONE OBBLIGATORIA: da 10 a 12 VIGNETTE numerate che raccontano UNA STORIA con arco narrativo completo (1 situazione normale -> 2-4 arrivano i pericoli coi cattivi -> 5-6 tensione/conseguenza -> 7-9 arriva SICURIX con gli eroi e applica il METODO81+ passo per passo -> 10-11 risoluzione ordinata -> 12 finale). HEADER in alto: SICURIX (mantello, medaglione arancione '81+', bussola) che presenta in un fumetto; grande titolo 'SICURIX TALES'; sottotitolo 'FAMIGLIE DATORI: Pericolo vs Soluzione con Metodo 81+'; legenda 3 voci (verde Sicurezza, rosso Rischio, blu 81+ Soluzione); fila di EROI coi nomi: ROBOTIX81, SICURIX, CHEFIX, FORMIX, LUXPECTORIX, SCUDIX. FOOTER in basso: grande 'Prima vedi. Poi sistemi.'; banner scudo verde 'PROTEGGIAMO. PREVENIAMO. MIGLIORIAMO.' e triangolo rosso 'DISATTENZIONE. RISCHI. COSTI. CAOS.'; logo '81+' + '81plus.net'. TRAMA (usa questi eventi come vignette; se sono meno di 10 aggiungi vignette di contesto, dialogo e reazione per arrivare a 10-12): 1) SCHIACCIX causa il pericolo 'Formazione specifica' (Formazione Specifica (rischio basso)); poi ROBOTIX81+SICURIX applicano il METODO81+; 2) SCHIACCIX causa il pericolo 'Ruolo/RSPP' (RSPP / Datore di Lavoro RSPP); poi SICURIX+SICURIX applicano il METODO81+; 3) CAOSIX causa il pericolo 'DPO' (Nomina DPO / RPD); poi CHEFIX+SICURIX applicano il METODO81+; 4) SCIVOLIX causa il pericolo 'Ruolo/RLS' (Rappresentante Lavoratori Sicurezza (RLS)); poi FORMIX+SICURIX applicano il METODO81+; 5) IMPROVVISIX causa il pericolo 'Documento' (Informativa e Consensi); poi LUXPECTORIX+SICURIX applicano il METODO81+; 6) ØTIX causa il pericolo 'Ruolo/Preposto' (Formazione Preposto); poi SCUDIX+SICURIX applicano il METODO81+; 7) FUMIX causa il pericolo 'Documento' (Documento Valutazione Rischi (DVR)); poi PREPOSTIX+SICURIX applicano il METODO81+; 8) CANCELIX causa il pericolo 'Nomine' (Nomina Incaricati/Responsabili); poi BLINKIX+SICURIX applicano il METODO81+; 9) POLVERIX causa il pericolo 'Emergenze/Soccorso' (Addetto Primo Soccorso); poi BLINKIX+SICURIX applicano il METODO81+; 10) POLVERIX causa il pericolo 'DPI' (Uso e Formazione DPI); poi SICURIX+SICURIX applicano il METODO81+; 11) NONDPIX causa il pericolo 'Emergenze/Incendio' (Addetto Antincendio); poi LUXPECTORIX+SICURIX applicano il METODO81+. PALETTE BRAND ESCLUSIVA: nero #05050A, bianco panna, arancione #FF6A1A/#E8501A; ROSSO solo per 'PERICOLO', VERDE per la checklist 'Metodo 81+'. Logo '81+' ben visibile in OGNI vignetta. REGOLA STORIA: SICURIX NON agisce mai da solo - in OGNI vignetta di soluzione si fa AIUTARE dai suoi colleghi EROI (lavoro di squadra, ognuno col suo ruolo). TESTO: didascalie e fumetti MOLTO BREVI (1-4 parole), GRANDI, centrati, in ITALIANO con ORTOGRAFIA PERFETTA, senza parole inventate, lettere doppie errate o testo tagliato. CATTIVI (coerenti col canone): SCHIACCIX, CAOSIX, SCIVOLIX, IMPROVVISIX, ØTIX, FUMIX, CANCELIX, POLVERIX, NONDPIX. EROI: ROBOTIX81, SICURIX, CHEFIX, FORMIX, LUXPECTORIX, SCUDIX, PREPOSTIX, BLINKIX. NEGATIVE: nessun marchio LEGO reale, nessun personaggio protetto (Asterix ecc.), niente gore/horror, niente claim assoluti ('rischio zero','garantito','zero multe').",Famiglie datori: 3 minuti oggi o un problema enorme domani. Scegli tu.,"Famiglie datori: 3 minuti oggi o un problema enorme domani. Scegli tu.

In famiglie datori gli adempimenti obbligatori non aspettano: Formazione specifica, Ruolo/RSPP, DPO, Ruolo/RLS, Documento, Ruolo/Preposto, Nomine, Emergenze/Soccorso, DPI, Emergenze/Incendio. In questa pagina TALES OF SICURIX il PERICOLO prende forma... e il METODO81+ lo rimette in ordine, passo dopo passo. Immagina la scena: prima il caos, poi la checklist che sistema tutto. Mettere ordine ora costa poco. Rimediare dopo costa caro.
👉 Iscriviti al corso: Corso lavoratore parte GENERALE 4 ore -> https://81plus.net/?corso=corso-lavoratore-parte-generale-4-ore
▶️ YouTube: youtube.com/@sicurissimo
Contenuto informativo. Prima vedi. Poi sistemi. 81plus.net",Corso lavoratore parte GENERALE 4 ore,https://81plus.net/?corso=corso-lavoratore-parte-generale-4-ore,#TalesOfSicurix #SICURIX #Metodo81 #81plus #Sicurissimo #Sicurezza #Privacy #SicurezzaSulLavoro,SICURIX_TALES_961011_2_5_14_4_9_3_0_11_6_8_7.webp,https://drive.google.com/drive/folders/1hICKXdl9JTZBL1pemG19oE_661z-EH_k,IMG_ERR
28.41.00,Manifattura,C,Sicurezza+Ambientale+HACCP+Privacy,11,Addetto Primo Soccorso | Formazione Ambientale | Lotta agli Infestanti (Pest Control) | Uso e Formazione DPI | Movimentazione Manuale Carichi | Manuale HACCP di Autocontrollo | Attrezzature e Macchine | Gestione Allergeni | Nomina Incaricati/Responsabili | Informativa e Consensi | Addetto Antincendio,DM 388/2003 | D.Lgs152/06 | Reg.CE 852/2004 | D.Lgs81/08 art.77 | D.Lgs81/08 Tit.VI | D.Lgs81/08 Tit.III | Reg.UE 1169/2011 | GDPR art.28-29 | GDPR art.13 | DM 2/9/2021,"CHEFIX>RUMORIX, BLINKIX>RISKIX, TRACCIX>IMPROVVISIX, DOCUMIX>MULTIX, CHEFIX>TAGLIX, CHEFIX>CROSSIX, LUXPECTORIX>VIBRIX, CHECKIX>CAOSIX, CHECKIX>RISKIX, CHECKIX>HACKIX, CONSENSIX>CADUTIX","Crea una PAGINA A FUMETTI a STORIA COMPLETA, verticale A4 (1024x1536), QUALITA' EDITORIALE DA STAMPA, stile ufficiale 'SICURIX TALES' IDENTICO alle immagini di riferimento allegate (stessi personaggi a mattoncini 3D, stessa impaginazione, stessi colori, stesse rese): minifigure espressive, ambientazioni ricche e dettagliate del settore, luci morbide, profondita', bordi vignetta netti. IMPAGINAZIONE OBBLIGATORIA: da 10 a 12 VIGNETTE numerate che raccontano UNA STORIA con arco narrativo completo (1 situazione normale -> 2-4 arrivano i pericoli coi cattivi -> 5-6 tensione/conseguenza -> 7-9 arriva SICURIX con gli eroi e applica il METODO81+ passo per passo -> 10-11 risoluzione ordinata -> 12 finale). HEADER in alto: SICURIX (mantello, medaglione arancione '81+', bussola) che presenta in un fumetto; grande titolo 'SICURIX TALES'; sottotitolo 'MANIFATTURA: Pericolo vs Soluzione con Metodo 81+'; legenda 3 voci (verde Sicurezza, rosso Rischio, blu 81+ Soluzione); fila di EROI coi nomi: CHEFIX, BLINKIX, TRACCIX, DOCUMIX, LUXPECTORIX, CHECKIX. FOOTER in basso: grande 'Prima vedi. Poi sistemi.'; banner scudo verde 'PROTEGGIAMO. PREVENIAMO. MIGLIORIAMO.' e triangolo rosso 'DISATTENZIONE. RISCHI. COSTI. CAOS.'; logo '81+' + '81plus.net'. TRAMA (usa questi eventi come vignette; se sono meno di 10 aggiungi vignette di contesto, dialogo e reazione per arrivare a 10-12): 1) RUMORIX causa il pericolo 'Emergenze/Soccorso' (Addetto Primo Soccorso); poi CHEFIX+SICURIX applicano il METODO81+; 2) RISKIX causa il pericolo 'Formazione' (Formazione Ambientale); poi BLINKIX+SICURIX applicano il METODO81+; 3) IMPROVVISIX causa il pericolo 'Infestanti' (Lotta agli Infestanti (Pest Control)); poi TRACCIX+SICURIX applicano il METODO81+; 4) MULTIX causa il pericolo 'DPI' (Uso e Formazione DPI); poi DOCUMIX+SICURIX applicano il METODO81+; 5) TAGLIX causa il pericolo 'MMC' (Movimentazione Manuale Carichi); poi CHEFIX+SICURIX applicano il METODO81+; 6) CROSSIX causa il pericolo 'Documento' (Manuale HACCP di Autocontrollo); poi CHEFIX+SICURIX applicano il METODO81+; 7) VIBRIX causa il pericolo 'Attrezzature' (Attrezzature e Macchine); poi LUXPECTORIX+SICURIX applicano il METODO81+; 8) CAOSIX causa il pericolo 'Allergeni' (Gestione Allergeni); poi CHECKIX+SICURIX applicano il METODO81+; 9) RISKIX causa il pericolo 'Nomine' (Nomina Incaricati/Responsabili); poi CHECKIX+SICURIX applicano il METODO81+; 10) HACKIX causa il pericolo 'Documento' (Informativa e Consensi); poi CHECKIX+SICURIX applicano il METODO81+; 11) CADUTIX causa il pericolo 'Emergenze/Incendio' (Addetto Antincendio); poi CONSENSIX+SICURIX applicano il METODO81+. PALETTE BRAND ESCLUSIVA: nero #05050A, bianco panna, arancione #FF6A1A/#E8501A; ROSSO solo per 'PERICOLO', VERDE per la checklist 'Metodo 81+'. Logo '81+' ben visibile in OGNI vignetta. REGOLA STORIA: SICURIX NON agisce mai da solo - in OGNI vignetta di soluzione si fa AIUTARE dai suoi colleghi EROI (lavoro di squadra, ognuno col suo ruolo). TESTO: didascalie e fumetti MOLTO BREVI (1-4 parole), GRANDI, centrati, in ITALIANO con ORTOGRAFIA PERFETTA, senza parole inventate, lettere doppie errate o testo tagliato. CATTIVI (coerenti col canone): RUMORIX, RISKIX, IMPROVVISIX, MULTIX, TAGLIX, CROSSIX, VIBRIX, CAOSIX, HACKIX, CADUTIX. EROI: CHEFIX, BLINKIX, TRACCIX, DOCUMIX, LUXPECTORIX, CHECKIX, CONSENSIX. NEGATIVE: nessun marchio LEGO reale, nessun personaggio protetto (Asterix ecc.), niente gore/horror, niente claim assoluti ('rischio zero','garantito','zero multe').",La differenza tra chi in Manifattura dorme sereno e chi trema al controllo,"In Manifattura c'e' un obbligo che in tanti scoprono solo con la sanzione

In manifattura gli adempimenti obbligatori non aspettano: Emergenze/Soccorso, Formazione, Infestanti, DPI, MMC, Documento, Attrezzature, Allergeni, Nomine, Emergenze/Incendio. In questa pagina TALES OF SICURIX il PERICOLO prende forma... e il METODO81+ lo rimette in ordine, passo dopo passo. Immagina la scena: prima il caos, poi la checklist che sistema tutto. Chi si mette in regola prima, dorme meglio dopo.
👉 Iscriviti al corso: Corso Primo Soccorso (A-B-C) -> https://81plus.net/?corso=corso-primo-soccorso-a-b-c
▶️ YouTube: youtube.com/@sicurissimo
Contenuto informativo. Prima vedi. Poi sistemi. 81plus.net",Corso Primo Soccorso (A-B-C),https://81plus.net/?corso=corso-primo-soccorso-a-b-c,#TalesOfSicurix #SICURIX #Metodo81 #81plus #Sicurissimo #Sicurezza #Ambientale #HACCP #Privacy #SicurezzaSulLavoro,SICURIX_TALES_284100_6_27_19_8_10_14_13_20_23_21_7.webp,https://drive.google.com/drive/folders/1hICKXdl9JTZBL1pemG19oE_661z-EH_k,IMG_ERR
10.81.00,Manifattura,C,HACCP+Ambientale+Sicurezza+Privacy,12,Controllo Temperature e Celle | Formazione Ambientale | Addetto Primo Soccorso | Nomina Incaricati/Responsabili | Rappresentante Lavoratori Sicurezza (RLS) | Formazione Generale Lavoratori | Addetto Antincendio | Gestione Allergeni | Documento Valutazione Rischi (DVR) | Manuale HACCP di Autocontrollo | Informativa e Consensi | Registro dei Trattamenti,Reg.CE 852/2004 | D.Lgs152/06 | DM 388/2003 | GDPR art.28-29 | D.Lgs81/08 art.47 | Accordo Stato-Regioni | DM 2/9/2021 | Reg.UE 1169/2011 | D.Lgs81/08 art.28 | GDPR art.13 | GDPR art.30,"CIFRIX>OBLIVIX, SICURIX>RISKIX, SCUDIX>OBLIVIX, CIFRIX>MULTIX, ROBOTIX81>BIOXIX, PREPOSTIX>FRETTIX, CHEFIX>OBLIVIX, CHEFIX>TEMPORIX, CHECKIX>FUMIX, TRACCIX>IMPROVVISIX, DOCUMIX>MULTIX, CHECKIX>RISKIX","Crea una PAGINA A FUMETTI a STORIA COMPLETA, verticale A4 (1024x1536), QUALITA' EDITORIALE DA STAMPA, stile ufficiale 'SICURIX TALES' IDENTICO alle immagini di riferimento allegate (stessi personaggi a mattoncini 3D, stessa impaginazione, stessi colori, stesse rese): minifigure espressive, ambientazioni ricche e dettagliate del settore, luci morbide, profondita', bordi vignetta netti. IMPAGINAZIONE OBBLIGATORIA: da 10 a 12 VIGNETTE numerate che raccontano UNA STORIA con arco narrativo completo (1 situazione normale -> 2-4 arrivano i pericoli coi cattivi -> 5-6 tensione/conseguenza -> 7-9 arriva SICURIX con gli eroi e applica il METODO81+ passo per passo -> 10-11 risoluzione ordinata -> 12 finale). HEADER in alto: SICURIX (mantello, medaglione arancione '81+', bussola) che presenta in un fumetto; grande titolo 'SICURIX TALES'; sottotitolo 'MANIFATTURA: Pericolo vs Soluzione con Metodo 81+'; legenda 3 voci (verde Sicurezza, rosso Rischio, blu 81+ Soluzione); fila di EROI coi nomi: CIFRIX, SICURIX, SCUDIX, ROBOTIX81, PREPOSTIX, CHEFIX. FOOTER in basso: grande 'Prima vedi. Poi sistemi.'; banner scudo verde 'PROTEGGIAMO. PREVENIAMO. MIGLIORIAMO.' e triangolo rosso 'DISATTENZIONE. RISCHI. COSTI. CAOS.'; logo '81+' + '81plus.net'. TRAMA (usa questi eventi come vignette; se sono meno di 10 aggiungi vignette di contesto, dialogo e reazione per arrivare a 10-12): 1) OBLIVIX causa il pericolo 'Temperature' (Controllo Temperature e Celle); poi CIFRIX+SICURIX applicano il METODO81+; 2) RISKIX causa il pericolo 'Formazione' (Formazione Ambientale); poi SICURIX+SICURIX applicano il METODO81+; 3) OBLIVIX causa il pericolo 'Emergenze/Soccorso' (Addetto Primo Soccorso); poi SCUDIX+SICURIX applicano il METODO81+; 4) MULTIX causa il pericolo 'Nomine' (Nomina Incaricati/Responsabili); poi CIFRIX+SICURIX applicano il METODO81+; 5) BIOXIX causa il pericolo 'Ruolo/RLS' (Rappresentante Lavoratori Sicurezza (RLS)); poi ROBOTIX81+SICURIX applicano il METODO81+; 6) FRETTIX causa il pericolo 'Formazione base' (Formazione Generale Lavoratori); poi PREPOSTIX+SICURIX applicano il METODO81+; 7) OBLIVIX causa il pericolo 'Emergenze/Incendio' (Addetto Antincendio); poi CHEFIX+SICURIX applicano il METODO81+; 8) TEMPORIX causa il pericolo 'Allergeni' (Gestione Allergeni); poi CHEFIX+SICURIX applicano il METODO81+; 9) FUMIX causa il pericolo 'Documento' (Documento Valutazione Rischi (DVR)); poi CHECKIX+SICURIX applicano il METODO81+; 10) IMPROVVISIX causa il pericolo 'Documento' (Manuale HACCP di Autocontrollo); poi TRACCIX+SICURIX applicano il METODO81+; 11) MULTIX causa il pericolo 'Documento' (Informativa e Consensi); poi DOCUMIX+SICURIX applicano il METODO81+; 12) RISKIX causa il pericolo 'Registro' (Registro dei Trattamenti); poi CHECKIX+SICURIX applicano il METODO81+. PALETTE BRAND ESCLUSIVA: nero #05050A, bianco panna, arancione #FF6A1A/#E8501A; ROSSO solo per 'PERICOLO', VERDE per la checklist 'Metodo 81+'. Logo '81+' ben visibile in OGNI vignetta. REGOLA STORIA: SICURIX NON agisce mai da solo - in OGNI vignetta di soluzione si fa AIUTARE dai suoi colleghi EROI (lavoro di squadra, ognuno col suo ruolo). TESTO: didascalie e fumetti MOLTO BREVI (1-4 parole), GRANDI, centrati, in ITALIANO con ORTOGRAFIA PERFETTA, senza parole inventate, lettere doppie errate o testo tagliato. CATTIVI (coerenti col canone): OBLIVIX, RISKIX, MULTIX, BIOXIX, FRETTIX, TEMPORIX, FUMIX, IMPROVVISIX. EROI: CIFRIX, SICURIX, SCUDIX, ROBOTIX81, PREPOSTIX, CHEFIX, CHECKIX, TRACCIX, DOCUMIX. NEGATIVE: nessun marchio LEGO reale, nessun personaggio protetto (Asterix ecc.), niente gore/horror, niente claim assoluti ('rischio zero','garantito','zero multe').",Manifattura: 3 minuti oggi o un problema enorme domani. Scegli tu.,"La differenza tra chi in Manifattura dorme sereno e chi trema al controllo

In manifattura gli adempimenti obbligatori non aspettano: Temperature, Formazione, Emergenze/Soccorso, Nomine, Ruolo/RLS, Formazione base, Emergenze/Incendio, Allergeni, Documento, Registro. In questa pagina TALES OF SICURIX il PERICOLO prende forma... e il METODO81+ lo rimette in ordine, passo dopo passo. Immagina la scena: prima il caos, poi la checklist che sistema tutto. Mettere ordine ora costa poco. Rimediare dopo costa caro.
👉 Iscriviti al corso: Le esecuzioni civili, le procedure concorsuali e i servizi di cancelleria -> https://81plus.net/?corso=le-esecuzioni-civili-le-procedure-concorsuali-e-i-servizi-di
▶️ YouTube: youtube.com/@sicurissimo
Contenuto informativo. Prima vedi. Poi sistemi. 81plus.net","Le esecuzioni civili, le procedure concorsuali e i servizi di cancelleria",https://81plus.net/?corso=le-esecuzioni-civili-le-procedure-concorsuali-e-i-servizi-di,#TalesOfSicurix #SICURIX #Metodo81 #81plus #Sicurissimo #HACCP #Ambientale #Sicurezza #Privacy #SicurezzaSulLavoro,SICURIX_TALES_108100_18_27_6_23_4_1_7_20_0_14_21_22.webp,https://drive.google.com/drive/folders/1hICKXdl9JTZBL1pemG19oE_661z-EH_k,IMG_ERR
32.50.40,Manifattura,C,Sicurezza+HACCP,12,Rappresentante Lavoratori Sicurezza (RLS) | Sorveglianza Sanitaria / Medico Competente | Rintracciabilita ed Etichettatura | Rischio Rumore | Attrezzature e Macchine | Stress Lavoro-Correlato | Manuale HACCP di Autocontrollo | Addetto Primo Soccorso | Corso Alimentarista | Movimentazione Manuale Carichi | Gestione Allergeni | Lotta agli Infestanti (Pest Control),D.Lgs81/08 art.47 | D.Lgs81/08 art.41 | Reg.CE 178/2002 | D.Lgs81/08 Tit.VIII | D.Lgs81/08 Tit.III | D.Lgs81/08 art.28 | Reg.CE 852/2004 | DM 388/2003 | D.Lgs81/08 Tit.VI | Reg.UE 1169/2011,"CHECKIX>CADUTIX, LUXPECTORIX>VOLTIX, SICURIX>FRETTIX, ROBOTIX81>SEGNALEX, CONSENSIX>CADUTIX, PREPOSTIX>SCIVOLIX, ROBOTIX81>MESCOLIX, DOCUMIX>POLVERIX, DOCUMIX>OBLIVIX, DOCUMIX>NONDPIX, SICURIX>MULTIX, CHEFIX>CROSSIX","Crea una PAGINA A FUMETTI a STORIA COMPLETA, verticale A4 (1024x1536), QUALITA' EDITORIALE DA STAMPA, stile ufficiale 'SICURIX TALES' IDENTICO alle immagini di riferimento allegate (stessi personaggi a mattoncini 3D, stessa impaginazione, stessi colori, stesse rese): minifigure espressive, ambientazioni ricche e dettagliate del settore, luci morbide, profondita', bordi vignetta netti. IMPAGINAZIONE OBBLIGATORIA: da 10 a 12 VIGNETTE numerate che raccontano UNA STORIA con arco narrativo completo (1 situazione normale -> 2-4 arrivano i pericoli coi cattivi -> 5-6 tensione/conseguenza -> 7-9 arriva SICURIX con gli eroi e applica il METODO81+ passo per passo -> 10-11 risoluzione ordinata -> 12 finale). HEADER in alto: SICURIX (mantello, medaglione arancione '81+', bussola) che presenta in un fumetto; grande titolo 'SICURIX TALES'; sottotitolo 'MANIFATTURA: Pericolo vs Soluzione con Metodo 81+'; legenda 3 voci (verde Sicurezza, rosso Rischio, blu 81+ Soluzione); fila di EROI coi nomi: CHECKIX, LUXPECTORIX, SICURIX, ROBOTIX81, CONSENSIX, PREPOSTIX. FOOTER in basso: grande 'Prima vedi. Poi sistemi.'; banner scudo verde 'PROTEGGIAMO. PREVENIAMO. MIGLIORIAMO.' e triangolo rosso 'DISATTENZIONE. RISCHI. COSTI. CAOS.'; logo '81+' + '81plus.net'. TRAMA (usa questi eventi come vignette; se sono meno di 10 aggiungi vignette di contesto, dialogo e reazione per arrivare a 10-12): 1) CADUTIX causa il pericolo 'Ruolo/RLS' (Rappresentante Lavoratori Sicurezza (RLS)); poi CHECKIX+SICURIX applicano il METODO81+; 2) VOLTIX causa il pericolo 'Sorveglianza sanitaria' (Sorveglianza Sanitaria / Medico Competente); poi LUXPECTORIX+SICURIX applicano il METODO81+; 3) FRETTIX causa il pericolo 'Rintracciabilita' (Rintracciabilita ed Etichettatura); poi SICURIX+SICURIX applicano il METODO81+; 4) SEGNALEX causa il pericolo 'Rumore' (Rischio Rumore); poi ROBOTIX81+SICURIX applicano il METODO81+; 5) CADUTIX causa il pericolo 'Attrezzature' (Attrezzature e Macchine); poi CONSENSIX+SICURIX applicano il METODO81+; 6) SCIVOLIX causa il pericolo 'Stress' (Stress Lavoro-Correlato); poi PREPOSTIX+SICURIX applicano il METODO81+; 7) MESCOLIX causa il pericolo 'Documento' (Manuale HACCP di Autocontrollo); poi ROBOTIX81+SICURIX applicano il METODO81+; 8) POLVERIX causa il pericolo 'Emergenze/Soccorso' (Addetto Primo Soccorso); poi DOCUMIX+SICURIX applicano il METODO81+; 9) OBLIVIX causa il pericolo 'Corso' (Corso Alimentarista); poi DOCUMIX+SICURIX applicano il METODO81+; 10) NONDPIX causa il pericolo 'MMC' (Movimentazione Manuale Carichi); poi DOCUMIX+SICURIX applicano il METODO81+; 11) MULTIX causa il pericolo 'Allergeni' (Gestione Allergeni); poi SICURIX+SICURIX applicano il METODO81+; 12) CROSSIX causa il pericolo 'Infestanti' (Lotta agli Infestanti (Pest Control)); poi CHEFIX+SICURIX applicano il METODO81+. PALETTE BRAND ESCLUSIVA: nero #05050A, bianco panna, arancione #FF6A1A/#E8501A; ROSSO solo per 'PERICOLO', VERDE per la checklist 'Metodo 81+'. Logo '81+' ben visibile in OGNI vignetta. REGOLA STORIA: SICURIX NON agisce mai da solo - in OGNI vignetta di soluzione si fa AIUTARE dai suoi colleghi EROI (lavoro di squadra, ognuno col suo ruolo). TESTO: didascalie e fumetti MOLTO BREVI (1-4 parole), GRANDI, centrati, in ITALIANO con ORTOGRAFIA PERFETTA, senza parole inventate, lettere doppie errate o testo tagliato. CATTIVI (coerenti col canone): CADUTIX, VOLTIX, FRETTIX, SEGNALEX, SCIVOLIX, MESCOLIX, POLVERIX, OBLIVIX, NONDPIX, MULTIX, CROSSIX. EROI: CHECKIX, LUXPECTORIX, SICURIX, ROBOTIX81, CONSENSIX, PREPOSTIX, DOCUMIX, CHEFIX. NEGATIVE: nessun marchio LEGO reale, nessun personaggio protetto (Asterix ecc.), niente gore/horror, niente claim assoluti ('rischio zero','garantito','zero multe').",La differenza tra chi in Manifattura dorme sereno e chi trema al controllo,"La differenza tra chi in Manifattura dorme sereno e chi trema al controllo

In manifattura gli adempimenti obbligatori non aspettano: Ruolo/RLS, Sorveglianza sanitaria, Rintracciabilita, Rumore, Attrezzature, Stress, Documento, Emergenze/Soccorso, Corso, MMC, Allergeni, Infestanti. In questa pagina TALES OF SICURIX il PERICOLO prende forma... e il METODO81+ lo rimette in ordine, passo dopo passo. Immagina la scena: prima il caos, poi la checklist che sistema tutto. La regola c'e' gia': tu falla lavorare per te.
👉 Iscriviti al corso: Corso RLS -> https://81plus.net/?corso=corso-rls
▶️ YouTube: youtube.com/@sicurissimo
Contenuto informativo. Prima vedi. Poi sistemi. 81plus.net",Corso RLS,https://81plus.net/?corso=corso-rls,#TalesOfSicurix #SICURIX #Metodo81 #81plus #Sicurissimo #Sicurezza #HACCP #SicurezzaSulLavoro,SICURIX_TALES_325040_4_9_17_12_13_11_14_6_15_10_20_19.webp,https://drive.google.com/drive/folders/1hICKXdl9JTZBL1pemG19oE_661z-EH_k,IMG_ERR
70.20.01,Servizi alle imprese,N,Sicurezza+Privacy,10,Rappresentante Lavoratori Sicurezza (RLS) | Formazione Generale Lavoratori | Videoterminali (VDT) | Procedura Data Breach | Addetto Primo Soccorso | Documento Valutazione Rischi (DVR) | Formazione Specifica (rischio basso) | Registro dei Trattamenti | Nomina Incaricati/Responsabili | Formazione GDPR,D.Lgs81/08 art.47 | Accordo Stato-Regioni | D.Lgs81/08 Tit.VII | GDPR art.33-34 | DM 388/2003 | D.Lgs81/08 art.28 | GDPR art.30 | GDPR art.28-29 | GDPR art.32,"CONSENSIX>BIOXIX, SICURIX>CADUTIX, LUXPECTORIX>OBLIVIX, TRACCIX>CAOSIX, TRACCIX>CADUTIX, PREPOSTIX>BIOXIX, CHEFIX>FRETTIX, TRACCIX>FRETTIX, PREPOSTIX>CAOSIX, PREPOSTIX>RISKIX","Crea una PAGINA A FUMETTI a STORIA COMPLETA, verticale A4 (1024x1536), QUALITA' EDITORIALE DA STAMPA, stile ufficiale 'SICURIX TALES' IDENTICO alle immagini di riferimento allegate (stessi personaggi a mattoncini 3D, stessa impaginazione, stessi colori, stesse rese): minifigure espressive, ambientazioni ricche e dettagliate del settore, luci morbide, profondita', bordi vignetta netti. IMPAGINAZIONE OBBLIGATORIA: da 10 a 12 VIGNETTE numerate che raccontano UNA STORIA con arco narrativo completo (1 situazione normale -> 2-4 arrivano i pericoli coi cattivi -> 5-6 tensione/conseguenza -> 7-9 arriva SICURIX con gli eroi e applica il METODO81+ passo per passo -> 10-11 risoluzione ordinata -> 12 finale). HEADER in alto: SICURIX (mantello, medaglione arancione '81+', bussola) che presenta in un fumetto; grande titolo 'SICURIX TALES'; sottotitolo 'SERVIZI ALLE IMPRESE: Pericolo vs Soluzione con Metodo 81+'; legenda 3 voci (verde Sicurezza, rosso Rischio, blu 81+ Soluzione); fila di EROI coi nomi: CONSENSIX, SICURIX, LUXPECTORIX, TRACCIX, PREPOSTIX, CHEFIX. FOOTER in basso: grande 'Prima vedi. Poi sistemi.'; banner scudo verde 'PROTEGGIAMO. PREVENIAMO. MIGLIORIAMO.' e triangolo rosso 'DISATTENZIONE. RISCHI. COSTI. CAOS.'; logo '81+' + '81plus.net'. TRAMA (usa questi eventi come vignette; se sono meno di 10 aggiungi vignette di contesto, dialogo e reazione per arrivare a 10-12): 1) BIOXIX causa il pericolo 'Ruolo/RLS' (Rappresentante Lavoratori Sicurezza (RLS)); poi CONSENSIX+SICURIX applicano il METODO81+; 2) CADUTIX causa il pericolo 'Formazione base' (Formazione Generale Lavoratori); poi SICURIX+SICURIX applicano il METODO81+; 3) OBLIVIX causa il pericolo 'Videoterminali' (Videoterminali (VDT)); poi LUXPECTORIX+SICURIX applicano il METODO81+; 4) CAOSIX causa il pericolo 'Data breach' (Procedura Data Breach); poi TRACCIX+SICURIX applicano il METODO81+; 5) CADUTIX causa il pericolo 'Emergenze/Soccorso' (Addetto Primo Soccorso); poi TRACCIX+SICURIX applicano il METODO81+; 6) BIOXIX causa il pericolo 'Documento' (Documento Valutazione Rischi (DVR)); poi PREPOSTIX+SICURIX applicano il METODO81+; 7) FRETTIX causa il pericolo 'Formazione specifica' (Formazione Specifica (rischio basso)); poi CHEFIX+SICURIX applicano il METODO81+; 8) FRETTIX causa il pericolo 'Registro' (Registro dei Trattamenti); poi TRACCIX+SICURIX applicano il METODO81+; 9) CAOSIX causa il pericolo 'Nomine' (Nomina Incaricati/Responsabili); poi PREPOSTIX+SICURIX applicano il METODO81+; 10) RISKIX causa il pericolo 'Formazione' (Formazione GDPR); poi PREPOSTIX+SICURIX applicano il METODO81+. PALETTE BRAND ESCLUSIVA: nero #05050A, bianco panna, arancione #FF6A1A/#E8501A; ROSSO solo per 'PERICOLO', VERDE per la checklist 'Metodo 81+'. Logo '81+' ben visibile in OGNI vignetta. REGOLA STORIA: SICURIX NON agisce mai da solo - in OGNI vignetta di soluzione si fa AIUTARE dai suoi colleghi EROI (lavoro di squadra, ognuno col suo ruolo). TESTO: didascalie e fumetti MOLTO BREVI (1-4 parole), GRANDI, centrati, in ITALIANO con ORTOGRAFIA PERFETTA, senza parole inventate, lettere doppie errate o testo tagliato. CATTIVI (coerenti col canone): BIOXIX, CADUTIX, OBLIVIX, CAOSIX, FRETTIX, RISKIX. EROI: CONSENSIX, SICURIX, LUXPECTORIX, TRACCIX, PREPOSTIX, CHEFIX. NEGATIVE: nessun marchio LEGO reale, nessun personaggio protetto (Asterix ecc.), niente gore/horror, niente claim assoluti ('rischio zero','garantito','zero multe').",La differenza tra chi in Servizi alle imprese dorme sereno e chi trema al controllo,"Servizi alle imprese: 3 minuti oggi o un problema enorme domani. Scegli tu.

In servizi alle imprese gli adempimenti obbligatori non aspettano: Ruolo/RLS, Formazione base, Videoterminali, Data breach, Emergenze/Soccorso, Documento, Formazione specifica, Registro, Nomine, Formazione. In questa pagina TALES OF SICURIX il PERICOLO prende forma... e il METODO81+ lo rimette in ordine, passo dopo passo. Immagina la scena: prima il caos, poi la checklist che sistema tutto. Non e' burocrazia: e' la tua tranquillita.
👉 Iscriviti al corso: Corso RLS -> https://81plus.net/?corso=corso-rls
▶️ YouTube: youtube.com/@sicurissimo
Contenuto informativo. Prima vedi. Poi sistemi. 81plus.net",Corso RLS,https://81plus.net/?corso=corso-rls,#TalesOfSicurix #SICURIX #Metodo81 #81plus #Sicurissimo #Sicurezza #Privacy #SicurezzaSulLavoro,SICURIX_TALES_702001_4_1_9_14_6_0_2_11_12_13.webp,https://drive.google.com/drive/folders/1hICKXdl9JTZBL1pemG19oE_661z-EH_k,IMG_ERR
46.18.50,Commercio,G,Sicurezza+HACCP+Privacy,10,RSPP / Datore di Lavoro RSPP | Gestione Allergeni | Addetto Primo Soccorso | Sorveglianza Sanitaria / Medico Competente | Formazione Specifica (rischio medio) | Controllo Temperature e Celle | Corso Alimentarista | Videosorveglianza a norma | Rintracciabilita ed Etichettatura | Formazione GDPR,D.Lgs81/08 art.34 | Reg.UE 1169/2011 | DM 388/2003 | D.Lgs81/08 art.41 | Accordo Stato-Regioni | Reg.CE 852/2004 | Provv.Garante | Reg.CE 178/2002 | GDPR art.32,"PRIVACIX>FRETTIX, BLINKIX>ACQUAIX, HYGIENIX>SCHIACCIX, CIFRIX>IMPROVVISIX, CHECKIX>MULTIX, TRACCIX>SPORCKIX, FORMIX>ACQUAIX, DOCUMIX>CANCELIX, HYGIENIX>DOSAGIX, DOCUMIX>MULTIX","Crea una PAGINA A FUMETTI a STORIA COMPLETA, verticale A4 (1024x1536), QUALITA' EDITORIALE DA STAMPA, stile ufficiale 'SICURIX TALES' IDENTICO alle immagini di riferimento allegate (stessi personaggi a mattoncini 3D, stessa impaginazione, stessi colori, stesse rese): minifigure espressive, ambientazioni ricche e dettagliate del settore, luci morbide, profondita', bordi vignetta netti. IMPAGINAZIONE OBBLIGATORIA: da 10 a 12 VIGNETTE numerate che raccontano UNA STORIA con arco narrativo completo (1 situazione normale -> 2-4 arrivano i pericoli coi cattivi -> 5-6 tensione/conseguenza -> 7-9 arriva SICURIX con gli eroi e applica il METODO81+ passo per passo -> 10-11 risoluzione ordinata -> 12 finale). HEADER in alto: SICURIX (mantello, medaglione arancione '81+', bussola) che presenta in un fumetto; grande titolo 'SICURIX TALES'; sottotitolo 'COMMERCIO: Pericolo vs Soluzione con Metodo 81+'; legenda 3 voci (verde Sicurezza, rosso Rischio, blu 81+ Soluzione); fila di EROI coi nomi: PRIVACIX, BLINKIX, HYGIENIX, CIFRIX, CHECKIX, TRACCIX. FOOTER in basso: grande 'Prima vedi. Poi sistemi.'; banner scudo verde 'PROTEGGIAMO. PREVENIAMO. MIGLIORIAMO.' e triangolo rosso 'DISATTENZIONE. RISCHI. COSTI. CAOS.'; logo '81+' + '81plus.net'. TRAMA (usa questi eventi come vignette; se sono meno di 10 aggiungi vignette di contesto, dialogo e reazione per arrivare a 10-12): 1) FRETTIX causa il pericolo 'Ruolo/RSPP' (RSPP / Datore di Lavoro RSPP); poi PRIVACIX+SICURIX applicano il METODO81+; 2) ACQUAIX causa il pericolo 'Allergeni' (Gestione Allergeni); poi BLINKIX+SICURIX applicano il METODO81+; 3) SCHIACCIX causa il pericolo 'Emergenze/Soccorso' (Addetto Primo Soccorso); poi HYGIENIX+SICURIX applicano il METODO81+; 4) IMPROVVISIX causa il pericolo 'Sorveglianza sanitaria' (Sorveglianza Sanitaria / Medico Competente); poi CIFRIX+SICURIX applicano il METODO81+; 5) MULTIX causa il pericolo 'Formazione specifica' (Formazione Specifica (rischio medio)); poi CHECKIX+SICURIX applicano il METODO81+; 6) SPORCKIX causa il pericolo 'Temperature' (Controllo Temperature e Celle); poi TRACCIX+SICURIX applicano il METODO81+; 7) ACQUAIX causa il pericolo 'Corso' (Corso Alimentarista); poi FORMIX+SICURIX applicano il METODO81+; 8) CANCELIX causa il pericolo 'Videosorveglianza' (Videosorveglianza a norma); poi DOCUMIX+SICURIX applicano il METODO81+; 9) DOSAGIX causa il pericolo 'Rintracciabilita' (Rintracciabilita ed Etichettatura); poi HYGIENIX+SICURIX applicano il METODO81+; 10) MULTIX causa il pericolo 'Formazione' (Formazione GDPR); poi DOCUMIX+SICURIX applicano il METODO81+. PALETTE BRAND ESCLUSIVA: nero #05050A, bianco panna, arancione #FF6A1A/#E8501A; ROSSO solo per 'PERICOLO', VERDE per la checklist 'Metodo 81+'. Logo '81+' ben visibile in OGNI vignetta. REGOLA STORIA: SICURIX NON agisce mai da solo - in OGNI vignetta di soluzione si fa AIUTARE dai suoi colleghi EROI (lavoro di squadra, ognuno col suo ruolo). TESTO: didascalie e fumetti MOLTO BREVI (1-4 parole), GRANDI, centrati, in ITALIANO con ORTOGRAFIA PERFETTA, senza parole inventate, lettere doppie errate o testo tagliato. CATTIVI (coerenti col canone): FRETTIX, ACQUAIX, SCHIACCIX, IMPROVVISIX, MULTIX, SPORCKIX, CANCELIX, DOSAGIX. EROI: PRIVACIX, BLINKIX, HYGIENIX, CIFRIX, CHECKIX, TRACCIX, FORMIX, DOCUMIX. NEGATIVE: nessun marchio LEGO reale, nessun personaggio protetto (Asterix ecc.), niente gore/horror, niente claim assoluti ('rischio zero','garantito','zero multe').",Quello che l'ispettore controlla per primo in Commercio (e quasi nessuno lo sa),"In Commercio non e' 'se' arriva il controllo, e' 'quando'. Sei pronto?

In commercio gli adempimenti obbligatori non aspettano: Ruolo/RSPP, Allergeni, Emergenze/Soccorso, Sorveglianza sanitaria, Formazione specifica, Temperature, Corso, Videosorveglianza, Rintracciabilita, Formazione. In questa pagina TALES OF SICURIX il PERICOLO prende forma... e il METODO81+ lo rimette in ordine, passo dopo passo. Immagina la scena: prima il caos, poi la checklist che sistema tutto. La regola c'e' gia': tu falla lavorare per te.
👉 Iscriviti al corso: RSPP Datore di Lavoro modulo 1 e 2 -> https://81plus.net/?corso=rspp-datore-di-lavoro-modulo-1-e-2
▶️ YouTube: youtube.com/@sicurissimo
Contenuto informativo. Prima vedi. Poi sistemi. 81plus.net",RSPP Datore di Lavoro modulo 1 e 2,https://81plus.net/?corso=rspp-datore-di-lavoro-modulo-1-e-2,#TalesOfSicurix #SICURIX #Metodo81 #81plus #Sicurissimo #Sicurezza #HACCP #Privacy #SicurezzaSulLavoro,SICURIX_TALES_461850_5_18_6_9_2_16_13_24_15_22.webp,https://drive.google.com/drive/folders/1hICKXdl9JTZBL1pemG19oE_661z-EH_k,IMG_ERR
96.10.21,Famiglie datori,T,Sicurezza+Privacy,10,Formazione Generale Lavoratori | Formazione Specifica (rischio basso) | RSPP / Datore di Lavoro RSPP | Uso e Formazione DPI | Procedura Data Breach | Documento Valutazione Rischi (DVR) | Addetto Antincendio | Registro dei Trattamenti | Formazione GDPR | Nomina Incaricati/Responsabili,Accordo Stato-Regioni | D.Lgs81/08 art.34 | D.Lgs81/08 art.77 | GDPR art.33-34 | D.Lgs81/08 art.28 | DM 2/9/2021 | GDPR art.30 | GDPR art.32 | GDPR art.28-29,"SCUDIX>SCIVOLIX, FORMIX>CHIMIKIX, DOCUMIX>RISKIX, SICURIX>CHIMIKIX, PRIVACIX>PERMISSIONIX, CHEFIX>IMPROVVISIX, CHEFIX>SCHIACCIX, CONSENSIX>CAOSIX, CONSENSIX>IMPROVVISIX, CIFRIX>RISKIX","Crea una PAGINA A FUMETTI a STORIA COMPLETA, verticale A4 (1024x1536), QUALITA' EDITORIALE DA STAMPA, stile ufficiale 'SICURIX TALES' IDENTICO alle immagini di riferimento allegate (stessi personaggi a mattoncini 3D, stessa impaginazione, stessi colori, stesse rese): minifigure espressive, ambientazioni ricche e dettagliate del settore, luci morbide, profondita', bordi vignetta netti. IMPAGINAZIONE OBBLIGATORIA: da 10 a 12 VIGNETTE numerate che raccontano UNA STORIA con arco narrativo completo (1 situazione normale -> 2-4 arrivano i pericoli coi cattivi -> 5-6 tensione/conseguenza -> 7-9 arriva SICURIX con gli eroi e applica il METODO81+ passo per passo -> 10-11 risoluzione ordinata -> 12 finale). HEADER in alto: SICURIX (mantello, medaglione arancione '81+', bussola) che presenta in un fumetto; grande titolo 'SICURIX TALES'; sottotitolo 'FAMIGLIE DATORI: Pericolo vs Soluzione con Metodo 81+'; legenda 3 voci (verde Sicurezza, rosso Rischio, blu 81+ Soluzione); fila di EROI coi nomi: SCUDIX, FORMIX, DOCUMIX, SICURIX, PRIVACIX, CHEFIX. FOOTER in basso: grande 'Prima vedi. Poi sistemi.'; banner scudo verde 'PROTEGGIAMO. PREVENIAMO. MIGLIORIAMO.' e triangolo rosso 'DISATTENZIONE. RISCHI. COSTI. CAOS.'; logo '81+' + '81plus.net'. TRAMA (usa questi eventi come vignette; se sono meno di 10 aggiungi vignette di contesto, dialogo e reazione per arrivare a 10-12): 1) SCIVOLIX causa il pericolo 'Formazione base' (Formazione Generale Lavoratori); poi SCUDIX+SICURIX applicano il METODO81+; 2) CHIMIKIX causa il pericolo 'Formazione specifica' (Formazione Specifica (rischio basso)); poi FORMIX+SICURIX applicano il METODO81+; 3) RISKIX causa il pericolo 'Ruolo/RSPP' (RSPP / Datore di Lavoro RSPP); poi DOCUMIX+SICURIX applicano il METODO81+; 4) CHIMIKIX causa il pericolo 'DPI' (Uso e Formazione DPI); poi SICURIX+SICURIX applicano il METODO81+; 5) PERMISSIONIX causa il pericolo 'Data breach' (Procedura Data Breach); poi PRIVACIX+SICURIX applicano il METODO81+; 6) IMPROVVISIX causa il pericolo 'Documento' (Documento Valutazione Rischi (DVR)); poi CHEFIX+SICURIX applicano il METODO81+; 7) SCHIACCIX causa il pericolo 'Emergenze/Incendio' (Addetto Antincendio); poi CHEFIX+SICURIX applicano il METODO81+; 8) CAOSIX causa il pericolo 'Registro' (Registro dei Trattamenti); poi CONSENSIX+SICURIX applicano il METODO81+; 9) IMPROVVISIX causa il pericolo 'Formazione' (Formazione GDPR); poi CONSENSIX+SICURIX applicano il METODO81+; 10) RISKIX causa il pericolo 'Nomine' (Nomina Incaricati/Responsabili); poi CIFRIX+SICURIX applicano il METODO81+. PALETTE BRAND ESCLUSIVA: nero #05050A, bianco panna, arancione #FF6A1A/#E8501A; ROSSO solo per 'PERICOLO', VERDE per la checklist 'Metodo 81+'. Logo '81+' ben visibile in OGNI vignetta. REGOLA STORIA: SICURIX NON agisce mai da solo - in OGNI vignetta di soluzione si fa AIUTARE dai suoi colleghi EROI (lavoro di squadra, ognuno col suo ruolo). TESTO: didascalie e fumetti MOLTO BREVI (1-4 parole), GRANDI, centrati, in ITALIANO con ORTOGRAFIA PERFETTA, senza parole inventate, lettere doppie errate o testo tagliato. CATTIVI (coerenti col canone): SCIVOLIX, CHIMIKIX, RISKIX, PERMISSIONIX, IMPROVVISIX, SCHIACCIX, CAOSIX. EROI: SCUDIX, FORMIX, DOCUMIX, SICURIX, PRIVACIX, CHEFIX, CONSENSIX, CIFRIX. NEGATIVE: nessun marchio LEGO reale, nessun personaggio protetto (Asterix ecc.), niente gore/horror, niente claim assoluti ('rischio zero','garantito','zero multe').",Quello che l'ispettore controlla per primo in Famiglie datori (e quasi nessuno lo sa),"In Famiglie datori non e' 'se' arriva il controllo, e' 'quando'. Sei pronto?

In famiglie datori gli adempimenti obbligatori non aspettano: Formazione base, Formazione specifica, Ruolo/RSPP, DPI, Data breach, Documento, Emergenze/Incendio, Registro, Formazione, Nomine. In questa pagina TALES OF SICURIX il PERICOLO prende forma... e il METODO81+ lo rimette in ordine, passo dopo passo. Immagina la scena: prima il caos, poi la checklist che sistema tutto. Mettere ordine ora costa poco. Rimediare dopo costa caro.
👉 Iscriviti al corso: Corso lavoratore parte GENERALE 4 ore -> https://81plus.net/?corso=corso-lavoratore-parte-generale-4-ore
▶️ YouTube: youtube.com/@sicurissimo
Contenuto informativo. Prima vedi. Poi sistemi. 81plus.net",Corso lavoratore parte GENERALE 4 ore,https://81plus.net/?corso=corso-lavoratore-parte-generale-4-ore,#TalesOfSicurix #SICURIX #Metodo81 #81plus #Sicurissimo #Sicurezza #Privacy #SicurezzaSulLavoro,SICURIX_TALES_961021_1_2_5_8_13_0_7_10_12_11.webp,https://drive.google.com/drive/folders/1hICKXdl9JTZBL1pemG19oE_661z-EH_k,IMG_ERR
94.99.90,Famiglie datori,T,Sicurezza+Privacy,11,Rappresentante Lavoratori Sicurezza (RLS) | Uso e Formazione DPI | RSPP / Datore di Lavoro RSPP | Registro dei Trattamenti | Addetto Primo Soccorso | Formazione Preposto | Addetto Antincendio | Formazione GDPR | Documento Valutazione Rischi (DVR) | Procedura Data Breach | Formazione Specifica (rischio basso),D.Lgs81/08 art.47 | D.Lgs81/08 art.77 | D.Lgs81/08 art.34 | GDPR art.30 | DM 388/2003 | D.Lgs81/08 art.37 | DM 2/9/2021 | GDPR art.32 | D.Lgs81/08 art.28 | GDPR art.33-34 | Accordo Stato-Regioni,"ROBOTIX81>CADUTIX, PRIVACIX>VIBRIX, PREPOSTIX>SCHIACCIX, CIFRIX>SPYIX, PRIVACIX>CAOSIX, CHEFIX>SOTTOVALUTIX, DOCUMIX>CADUTIX, CONSENSIX>CANCELIX, SICURIX>TAGLIX, CHECKIX>CANCELIX, TRACCIX>RUMORIX","Crea una PAGINA A FUMETTI a STORIA COMPLETA, verticale A4 (1024x1536), QUALITA' EDITORIALE DA STAMPA, stile ufficiale 'SICURIX TALES' IDENTICO alle immagini di riferimento allegate (stessi personaggi a mattoncini 3D, stessa impaginazione, stessi colori, stesse rese): minifigure espressive, ambientazioni ricche e dettagliate del settore, luci morbide, profondita', bordi vignetta netti. IMPAGINAZIONE OBBLIGATORIA: da 10 a 12 VIGNETTE numerate che raccontano UNA STORIA con arco narrativo completo (1 situazione normale -> 2-4 arrivano i pericoli coi cattivi -> 5-6 tensione/conseguenza -> 7-9 arriva SICURIX con gli eroi e applica il METODO81+ passo per passo -> 10-11 risoluzione ordinata -> 12 finale). HEADER in alto: SICURIX (mantello, medaglione arancione '81+', bussola) che presenta in un fumetto; grande titolo 'SICURIX TALES'; sottotitolo 'FAMIGLIE DATORI: Pericolo vs Soluzione con Metodo 81+'; legenda 3 voci (verde Sicurezza, rosso Rischio, blu 81+ Soluzione); fila di EROI coi nomi: ROBOTIX81, PRIVACIX, PREPOSTIX, CIFRIX, CHEFIX, DOCUMIX. FOOTER in basso: grande 'Prima vedi. Poi sistemi.'; banner scudo verde 'PROTEGGIAMO. PREVENIAMO. MIGLIORIAMO.' e triangolo rosso 'DISATTENZIONE. RISCHI. COSTI. CAOS.'; logo '81+' + '81plus.net'. TRAMA (usa questi eventi come vignette; se sono meno di 10 aggiungi vignette di contesto, dialogo e reazione per arrivare a 10-12): 1) CADUTIX causa il pericolo 'Ruolo/RLS' (Rappresentante Lavoratori Sicurezza (RLS)); poi ROBOTIX81+SICURIX applicano il METODO81+; 2) VIBRIX causa il pericolo 'DPI' (Uso e Formazione DPI); poi PRIVACIX+SICURIX applicano il METODO81+; 3) SCHIACCIX causa il pericolo 'Ruolo/RSPP' (RSPP / Datore di Lavoro RSPP); poi PREPOSTIX+SICURIX applicano il METODO81+; 4) SPYIX causa il pericolo 'Registro' (Registro dei Trattamenti); poi CIFRIX+SICURIX applicano il METODO81+; 5) CAOSIX causa il pericolo 'Emergenze/Soccorso' (Addetto Primo Soccorso); poi PRIVACIX+SICURIX applicano il METODO81+; 6) SOTTOVALUTIX causa il pericolo 'Ruolo/Preposto' (Formazione Preposto); poi CHEFIX+SICURIX applicano il METODO81+; 7) CADUTIX causa il pericolo 'Emergenze/Incendio' (Addetto Antincendio); poi DOCUMIX+SICURIX applicano il METODO81+; 8) CANCELIX causa il pericolo 'Formazione' (Formazione GDPR); poi CONSENSIX+SICURIX applicano il METODO81+; 9) TAGLIX causa il pericolo 'Documento' (Documento Valutazione Rischi (DVR)); poi SICURIX+SICURIX applicano il METODO81+; 10) CANCELIX causa il pericolo 'Data breach' (Procedura Data Breach); poi CHECKIX+SICURIX applicano il METODO81+; 11) RUMORIX causa il pericolo 'Formazione specifica' (Formazione Specifica (rischio basso)); poi TRACCIX+SICURIX applicano il METODO81+. PALETTE BRAND ESCLUSIVA: nero #05050A, bianco panna, arancione #FF6A1A/#E8501A; ROSSO solo per 'PERICOLO', VERDE per la checklist 'Metodo 81+'. Logo '81+' ben visibile in OGNI vignetta. REGOLA STORIA: SICURIX NON agisce mai da solo - in OGNI vignetta di soluzione si fa AIUTARE dai suoi colleghi EROI (lavoro di squadra, ognuno col suo ruolo). TESTO: didascalie e fumetti MOLTO BREVI (1-4 parole), GRANDI, centrati, in ITALIANO con ORTOGRAFIA PERFETTA, senza parole inventate, lettere doppie errate o testo tagliato. CATTIVI (coerenti col canone): CADUTIX, VIBRIX, SCHIACCIX, SPYIX, CAOSIX, SOTTOVALUTIX, CANCELIX, TAGLIX, RUMORIX. EROI: ROBOTIX81, PRIVACIX, PREPOSTIX, CIFRIX, CHEFIX, DOCUMIX, CONSENSIX, SICURIX, CHECKIX, TRACCIX. NEGATIVE: nessun marchio LEGO reale, nessun personaggio protetto (Asterix ecc.), niente gore/horror, niente claim assoluti ('rischio zero','garantito','zero multe').",In Famiglie datori c'e' un obbligo che in tanti scoprono solo con la sanzione,"Famiglie datori: 3 minuti oggi o un problema enorme domani. Scegli tu.

In famiglie datori gli adempimenti obbligatori non aspettano: Ruolo/RLS, DPI, Ruolo/RSPP, Registro, Emergenze/Soccorso, Ruolo/Preposto, Emergenze/Incendio, Formazione, Documento, Data breach, Formazione specifica. In questa pagina TALES OF SICURIX il PERICOLO prende forma... e il METODO81+ lo rimette in ordine, passo dopo passo. Immagina la scena: prima il caos, poi la checklist che sistema tutto. Mettere ordine ora costa poco. Rimediare dopo costa caro.
👉 Iscriviti al corso: Corso RLS -> https://81plus.net/?corso=corso-rls
▶️ YouTube: youtube.com/@sicurissimo
Contenuto informativo. Prima vedi. Poi sistemi. 81plus.net",Corso RLS,https://81plus.net/?corso=corso-rls,#TalesOfSicurix #SICURIX #Metodo81 #81plus #Sicurissimo #Sicurezza #Privacy #SicurezzaSulLavoro,SICURIX_TALES_949990_4_8_5_10_6_3_7_12_0_13_2.webp,https://drive.google.com/drive/folders/1hICKXdl9JTZBL1pemG19oE_661z-EH_k,IMG_ERR
46.13.01,Commercio,G,Sicurezza+HACCP+Privacy,11,Rappresentante Lavoratori Sicurezza (RLS) | Corso Alimentarista | Rintracciabilita ed Etichettatura | Formazione Preposto | Documento Valutazione Rischi (DVR) | Controllo Temperature e Celle | Stress Lavoro-Correlato | Movimentazione Manuale Carichi | Procedura Data Breach | Piano di Sanificazione | Gestione Allergeni,D.Lgs81/08 art.47 | Reg.CE 852/2004 | Reg.CE 178/2002 | D.Lgs81/08 art.37 | D.Lgs81/08 art.28 | D.Lgs81/08 Tit.VI | GDPR art.33-34 | Reg.UE 1169/2011,"PRIVACIX>ØTIX, HYGIENIX>OBLIVIX, BLINKIX>DOSAGIX, CIFRIX>CADUTIX, LUXPECTORIX>SCIVOLIX, PRIVACIX>RISKIX, DOCUMIX>VOLTIX, CHEFIX>BIOXIX, BLINKIX>PERMISSIONIX, LUXPECTORIX>MESCOLIX, TRACCIX>CAOSIX","Crea una PAGINA A FUMETTI a STORIA COMPLETA, verticale A4 (1024x1536), QUALITA' EDITORIALE DA STAMPA, stile ufficiale 'SICURIX TALES' IDENTICO alle immagini di riferimento allegate (stessi personaggi a mattoncini 3D, stessa impaginazione, stessi colori, stesse rese): minifigure espressive, ambientazioni ricche e dettagliate del settore, luci morbide, profondita', bordi vignetta netti. IMPAGINAZIONE OBBLIGATORIA: da 10 a 12 VIGNETTE numerate che raccontano UNA STORIA con arco narrativo completo (1 situazione normale -> 2-4 arrivano i pericoli coi cattivi -> 5-6 tensione/conseguenza -> 7-9 arriva SICURIX con gli eroi e applica il METODO81+ passo per passo -> 10-11 risoluzione ordinata -> 12 finale). HEADER in alto: SICURIX (mantello, medaglione arancione '81+', bussola) che presenta in un fumetto; grande titolo 'SICURIX TALES'; sottotitolo 'COMMERCIO: Pericolo vs Soluzione con Metodo 81+'; legenda 3 voci (verde Sicurezza, rosso Rischio, blu 81+ Soluzione); fila di EROI coi nomi: PRIVACIX, HYGIENIX, BLINKIX, CIFRIX, LUXPECTORIX, DOCUMIX. FOOTER in basso: grande 'Prima vedi. Poi sistemi.'; banner scudo verde 'PROTEGGIAMO. PREVENIAMO. MIGLIORIAMO.' e triangolo rosso 'DISATTENZIONE. RISCHI. COSTI. CAOS.'; logo '81+' + '81plus.net'. TRAMA (usa questi eventi come vignette; se sono meno di 10 aggiungi vignette di contesto, dialogo e reazione per arrivare a 10-12): 1) ØTIX causa il pericolo 'Ruolo/RLS' (Rappresentante Lavoratori Sicurezza (RLS)); poi PRIVACIX+SICURIX applicano il METODO81+; 2) OBLIVIX causa il pericolo 'Corso' (Corso Alimentarista); poi HYGIENIX+SICURIX applicano il METODO81+; 3) DOSAGIX causa il pericolo 'Rintracciabilita' (Rintracciabilita ed Etichettatura); poi BLINKIX+SICURIX applicano il METODO81+; 4) CADUTIX causa il pericolo 'Ruolo/Preposto' (Formazione Preposto); poi CIFRIX+SICURIX applicano il METODO81+; 5) SCIVOLIX causa il pericolo 'Documento' (Documento Valutazione Rischi (DVR)); poi LUXPECTORIX+SICURIX applicano il METODO81+; 6) RISKIX causa il pericolo 'Temperature' (Controllo Temperature e Celle); poi PRIVACIX+SICURIX applicano il METODO81+; 7) VOLTIX causa il pericolo 'Stress' (Stress Lavoro-Correlato); poi DOCUMIX+SICURIX applicano il METODO81+; 8) BIOXIX causa il pericolo 'MMC' (Movimentazione Manuale Carichi); poi CHEFIX+SICURIX applicano il METODO81+; 9) PERMISSIONIX causa il pericolo 'Data breach' (Procedura Data Breach); poi BLINKIX+SICURIX applicano il METODO81+; 10) MESCOLIX causa il pericolo 'Sanificazione' (Piano di Sanificazione); poi LUXPECTORIX+SICURIX applicano il METODO81+; 11) CAOSIX causa il pericolo 'Allergeni' (Gestione Allergeni); poi TRACCIX+SICURIX applicano il METODO81+. PALETTE BRAND ESCLUSIVA: nero #05050A, bianco panna, arancione #FF6A1A/#E8501A; ROSSO solo per 'PERICOLO', VERDE per la checklist 'Metodo 81+'. Logo '81+' ben visibile in OGNI vignetta. REGOLA STORIA: SICURIX NON agisce mai da solo - in OGNI vignetta di soluzione si fa AIUTARE dai suoi colleghi EROI (lavoro di squadra, ognuno col suo ruolo). TESTO: didascalie e fumetti MOLTO BREVI (1-4 parole), GRANDI, centrati, in ITALIANO con ORTOGRAFIA PERFETTA, senza parole inventate, lettere doppie errate o testo tagliato. CATTIVI (coerenti col canone): ØTIX, OBLIVIX, DOSAGIX, CADUTIX, SCIVOLIX, RISKIX, VOLTIX, BIOXIX, PERMISSIONIX, MESCOLIX, CAOSIX. EROI: PRIVACIX, HYGIENIX, BLINKIX, CIFRIX, LUXPECTORIX, DOCUMIX, CHEFIX, TRACCIX. NEGATIVE: nessun marchio LEGO reale, nessun personaggio protetto (Asterix ecc.), niente gore/horror, niente claim assoluti ('rischio zero','garantito','zero multe').",Commercio: 3 minuti oggi o un problema enorme domani. Scegli tu.,"In Commercio non e' 'se' arriva il controllo, e' 'quando'. Sei pronto?

In commercio gli adempimenti obbligatori non aspettano: Ruolo/RLS, Corso, Rintracciabilita, Ruolo/Preposto, Documento, Temperature, Stress, MMC, Data breach, Sanificazione, Allergeni. In questa pagina TALES OF SICURIX il PERICOLO prende forma... e il METODO81+ lo rimette in ordine, passo dopo passo. Immagina la scena: prima il caos, poi la checklist che sistema tutto. Mettere ordine ora costa poco. Rimediare dopo costa caro.
👉 Iscriviti al corso: Corso RLS -> https://81plus.net/?corso=corso-rls
▶️ YouTube: youtube.com/@sicurissimo
Contenuto informativo. Prima vedi. Poi sistemi. 81plus.net",Corso RLS,https://81plus.net/?corso=corso-rls,#TalesOfSicurix #SICURIX #Metodo81 #81plus #Sicurissimo #Sicurezza #HACCP #Privacy #SicurezzaSulLavoro,SICURIX_TALES_461301_4_13_15_3_0_16_11_10_23_14_18.webp,https://drive.google.com/drive/folders/1hICKXdl9JTZBL1pemG19oE_661z-EH_k,IMG_ERR
28.99.10,Manifattura,C,Sicurezza+Ambientale+Privacy+HACCP,11,Formazione Preposto | Formazione Ambientale | RSPP / Datore di Lavoro RSPP | Formazione Specifica (rischio alto) | Registro dei Trattamenti | Rappresentante Lavoratori Sicurezza (RLS) | Formazione GDPR | Nomina Incaricati/Responsabili | Corso Alimentarista | Informativa e Consensi | Rintracciabilita ed Etichettatura,D.Lgs81/08 art.37 | D.Lgs152/06 | D.Lgs81/08 art.34 | Accordo Stato-Regioni | GDPR art.30 | D.Lgs81/08 art.47 | GDPR art.32 | GDPR art.28-29 | Reg.CE 852/2004 | GDPR art.13 | Reg.CE 178/2002,"CONSENSIX>ØTIX, SCUDIX>OBLIVIX, ROBOTIX81>CAOSIX, CHEFIX>SCIVOLIX, BLINKIX>IMPROVVISIX, CIFRIX>CHIMIKIX, CHEFIX>MULTIX, ROBOTIX81>IMPROVVISIX, PRIVACIX>MULTIX, ROBOTIX81>PERMISSIONIX, CHECKIX>FRETTIX","Crea una PAGINA A FUMETTI a STORIA COMPLETA, verticale A4 (1024x1536), QUALITA' EDITORIALE DA STAMPA, stile ufficiale 'SICURIX TALES' IDENTICO alle immagini di riferimento allegate (stessi personaggi a mattoncini 3D, stessa impaginazione, stessi colori, stesse rese): minifigure espressive, ambientazioni ricche e dettagliate del settore, luci morbide, profondita', bordi vignetta netti. IMPAGINAZIONE OBBLIGATORIA: da 10 a 12 VIGNETTE numerate che raccontano UNA STORIA con arco narrativo completo (1 situazione normale -> 2-4 arrivano i pericoli coi cattivi -> 5-6 tensione/conseguenza -> 7-9 arriva SICURIX con gli eroi e applica il METODO81+ passo per passo -> 10-11 risoluzione ordinata -> 12 finale). HEADER in alto: SICURIX (mantello, medaglione arancione '81+', bussola) che presenta in un fumetto; grande titolo 'SICURIX TALES'; sottotitolo 'MANIFATTURA: Pericolo vs Soluzione con Metodo 81+'; legenda 3 voci (verde Sicurezza, rosso Rischio, blu 81+ Soluzione); fila di EROI coi nomi: CONSENSIX, SCUDIX, ROBOTIX81, CHEFIX, BLINKIX, CIFRIX. FOOTER in basso: grande 'Prima vedi. Poi sistemi.'; banner scudo verde 'PROTEGGIAMO. PREVENIAMO. MIGLIORIAMO.' e triangolo rosso 'DISATTENZIONE. RISCHI. COSTI. CAOS.'; logo '81+' + '81plus.net'. TRAMA (usa questi eventi come vignette; se sono meno di 10 aggiungi vignette di contesto, dialogo e reazione per arrivare a 10-12): 1) ØTIX causa il pericolo 'Ruolo/Preposto' (Formazione Preposto); poi CONSENSIX+SICURIX applicano il METODO81+; 2) OBLIVIX causa il pericolo 'Formazione' (Formazione Ambientale); poi SCUDIX+SICURIX applicano il METODO81+; 3) CAOSIX causa il pericolo 'Ruolo/RSPP' (RSPP / Datore di Lavoro RSPP); poi ROBOTIX81+SICURIX applicano il METODO81+; 4) SCIVOLIX causa il pericolo 'Formazione specifica' (Formazione Specifica (rischio alto)); poi CHEFIX+SICURIX applicano il METODO81+; 5) IMPROVVISIX causa il pericolo 'Registro' (Registro dei Trattamenti); poi BLINKIX+SICURIX applicano il METODO81+; 6) CHIMIKIX causa il pericolo 'Ruolo/RLS' (Rappresentante Lavoratori Sicurezza (RLS)); poi CIFRIX+SICURIX applicano il METODO81+; 7) MULTIX causa il pericolo 'Formazione' (Formazione GDPR); poi CHEFIX+SICURIX applicano il METODO81+; 8) IMPROVVISIX causa il pericolo 'Nomine' (Nomina Incaricati/Responsabili); poi ROBOTIX81+SICURIX applicano il METODO81+; 9) MULTIX causa il pericolo 'Corso' (Corso Alimentarista); poi PRIVACIX+SICURIX applicano il METODO81+; 10) PERMISSIONIX causa il pericolo 'Documento' (Informativa e Consensi); poi ROBOTIX81+SICURIX applicano il METODO81+; 11) FRETTIX causa il pericolo 'Rintracciabilita' (Rintracciabilita ed Etichettatura); poi CHECKIX+SICURIX applicano il METODO81+. PALETTE BRAND ESCLUSIVA: nero #05050A, bianco panna, arancione #FF6A1A/#E8501A; ROSSO solo per 'PERICOLO', VERDE per la checklist 'Metodo 81+'. Logo '81+' ben visibile in OGNI vignetta. REGOLA STORIA: SICURIX NON agisce mai da solo - in OGNI vignetta di soluzione si fa AIUTARE dai suoi colleghi EROI (lavoro di squadra, ognuno col suo ruolo). TESTO: didascalie e fumetti MOLTO BREVI (1-4 parole), GRANDI, centrati, in ITALIANO con ORTOGRAFIA PERFETTA, senza parole inventate, lettere doppie errate o testo tagliato. CATTIVI (coerenti col canone): ØTIX, OBLIVIX, CAOSIX, SCIVOLIX, IMPROVVISIX, CHIMIKIX, MULTIX, PERMISSIONIX, FRETTIX. EROI: CONSENSIX, SCUDIX, ROBOTIX81, CHEFIX, BLINKIX, CIFRIX, PRIVACIX, CHECKIX. NEGATIVE: nessun marchio LEGO reale, nessun personaggio protetto (Asterix ecc.), niente gore/horror, niente claim assoluti ('rischio zero','garantito','zero multe').",Manifattura: 3 minuti oggi o un problema enorme domani. Scegli tu.,"La differenza tra chi in Manifattura dorme sereno e chi trema al controllo

In manifattura gli adempimenti obbligatori non aspettano: Ruolo/Preposto, Formazione, Ruolo/RSPP, Formazione specifica, Registro, Ruolo/RLS, Nomine, Corso, Documento, Rintracciabilita. In questa pagina TALES OF SICURIX il PERICOLO prende forma... e il METODO81+ lo rimette in ordine, passo dopo passo. Immagina la scena: prima il caos, poi la checklist che sistema tutto. Mettere ordine ora costa poco. Rimediare dopo costa caro.
👉 Iscriviti al corso: Corso per Preposto -> https://81plus.net/?corso=corso-per-preposto
▶️ YouTube: youtube.com/@sicurissimo
Contenuto informativo. Prima vedi. Poi sistemi. 81plus.net",Corso per Preposto,https://81plus.net/?corso=corso-per-preposto,#TalesOfSicurix #SICURIX #Metodo81 #81plus #Sicurissimo #Sicurezza #Ambientale #Privacy #HACCP #SicurezzaSulLavoro,SICURIX_TALES_289910_3_27_5_2_22_4_24_23_15_21_17.webp,https://drive.google.com/drive/folders/1hICKXdl9JTZBL1pemG19oE_661z-EH_k,IMG_ERR
66.29.01,Immobiliare,L,Privacy+Sicurezza,10,Procedura Data Breach | Nomina Incaricati/Responsabili | Formazione GDPR | Addetto Antincendio | Rappresentante Lavoratori Sicurezza (RLS) | RSPP / Datore di Lavoro RSPP | Uso e Formazione DPI | Informativa e Consensi | Formazione Preposto | Formazione Specifica (rischio basso),GDPR art.33-34 | GDPR art.28-29 | GDPR art.32 | DM 2/9/2021 | D.Lgs81/08 art.47 | D.Lgs81/08 art.34 | D.Lgs81/08 art.77 | GDPR art.13 | D.Lgs81/08 art.37 | Accordo Stato-Regioni,"ROBOTIX81>PERMISSIONIX, SCUDIX>PHISHIX, PRIVACIX>LEAKIX, CHECKIX>VIBRIX, PRIVACIX>ØTIX, CIFRIX>VOLTIX, LUXPECTORIX>FUMIX, SCUDIX>PERMISSIONIX, LUXPECTORIX>NONDPIX, DOCUMIX>VIBRIX","Crea una PAGINA A FUMETTI a STORIA COMPLETA, verticale A4 (1024x1536), QUALITA' EDITORIALE DA STAMPA, stile ufficiale 'SICURIX TALES' IDENTICO alle immagini di riferimento allegate (stessi personaggi a mattoncini 3D, stessa impaginazione, stessi colori, stesse rese): minifigure espressive, ambientazioni ricche e dettagliate del settore, luci morbide, profondita', bordi vignetta netti. IMPAGINAZIONE OBBLIGATORIA: da 10 a 12 VIGNETTE numerate che raccontano UNA STORIA con arco narrativo completo (1 situazione normale -> 2-4 arrivano i pericoli coi cattivi -> 5-6 tensione/conseguenza -> 7-9 arriva SICURIX con gli eroi e applica il METODO81+ passo per passo -> 10-11 risoluzione ordinata -> 12 finale). HEADER in alto: SICURIX (mantello, medaglione arancione '81+', bussola) che presenta in un fumetto; grande titolo 'SICURIX TALES'; sottotitolo 'IMMOBILIARE: Pericolo vs Soluzione con Metodo 81+'; legenda 3 voci (verde Sicurezza, rosso Rischio, blu 81+ Soluzione); fila di EROI coi nomi: ROBOTIX81, SCUDIX, PRIVACIX, CHECKIX, CIFRIX, LUXPECTORIX. FOOTER in basso: grande 'Prima vedi. Poi sistemi.'; banner scudo verde 'PROTEGGIAMO. PREVENIAMO. MIGLIORIAMO.' e triangolo rosso 'DISATTENZIONE. RISCHI. COSTI. CAOS.'; logo '81+' + '81plus.net'. TRAMA (usa questi eventi come vignette; se sono meno di 10 aggiungi vignette di contesto, dialogo e reazione per arrivare a 10-12): 1) PERMISSIONIX causa il pericolo 'Data breach' (Procedura Data Breach); poi ROBOTIX81+SICURIX applicano il METODO81+; 2) PHISHIX causa il pericolo 'Nomine' (Nomina Incaricati/Responsabili); poi SCUDIX+SICURIX applicano il METODO81+; 3) LEAKIX causa il pericolo 'Formazione' (Formazione GDPR); poi PRIVACIX+SICURIX applicano il METODO81+; 4) VIBRIX causa il pericolo 'Emergenze/Incendio' (Addetto Antincendio); poi CHECKIX+SICURIX applicano il METODO81+; 5) ØTIX causa il pericolo 'Ruolo/RLS' (Rappresentante Lavoratori Sicurezza (RLS)); poi PRIVACIX+SICURIX applicano il METODO81+; 6) VOLTIX causa il pericolo 'Ruolo/RSPP' (RSPP / Datore di Lavoro RSPP); poi CIFRIX+SICURIX applicano il METODO81+; 7) FUMIX causa il pericolo 'DPI' (Uso e Formazione DPI); poi LUXPECTORIX+SICURIX applicano il METODO81+; 8) PERMISSIONIX causa il pericolo 'Documento' (Informativa e Consensi); poi SCUDIX+SICURIX applicano il METODO81+; 9) NONDPIX causa il pericolo 'Ruolo/Preposto' (Formazione Preposto); poi LUXPECTORIX+SICURIX applicano il METODO81+; 10) VIBRIX causa il pericolo 'Formazione specifica' (Formazione Specifica (rischio basso)); poi DOCUMIX+SICURIX applicano il METODO81+. PALETTE BRAND ESCLUSIVA: nero #05050A, bianco panna, arancione #FF6A1A/#E8501A; ROSSO solo per 'PERICOLO', VERDE per la checklist 'Metodo 81+'. Logo '81+' ben visibile in OGNI vignetta. REGOLA STORIA: SICURIX NON agisce mai da solo - in OGNI vignetta di soluzione si fa AIUTARE dai suoi colleghi EROI (lavoro di squadra, ognuno col suo ruolo). TESTO: didascalie e fumetti MOLTO BREVI (1-4 parole), GRANDI, centrati, in ITALIANO con ORTOGRAFIA PERFETTA, senza parole inventate, lettere doppie errate o testo tagliato. CATTIVI (coerenti col canone): PERMISSIONIX, PHISHIX, LEAKIX, VIBRIX, ØTIX, VOLTIX, FUMIX, NONDPIX. EROI: ROBOTIX81, SCUDIX, PRIVACIX, CHECKIX, CIFRIX, LUXPECTORIX, DOCUMIX. NEGATIVE: nessun marchio LEGO reale, nessun personaggio protetto (Asterix ecc.), niente gore/horror, niente claim assoluti ('rischio zero','garantito','zero multe').",La differenza tra chi in Immobiliare dorme sereno e chi trema al controllo,"In Immobiliare c'e' un obbligo che in tanti scoprono solo con la sanzione

In immobiliare gli adempimenti obbligatori non aspettano: Data breach, Nomine, Formazione, Emergenze/Incendio, Ruolo/RLS, Ruolo/RSPP, DPI, Documento, Ruolo/Preposto, Formazione specifica. In questa pagina TALES OF SICURIX il PERICOLO prende forma... e il METODO81+ lo rimette in ordine, passo dopo passo. Immagina la scena: prima il caos, poi la checklist che sistema tutto. Non e' burocrazia: e' la tua tranquillita.
👉 Iscriviti al corso: Corso privacy destinato ai lavoratori -> https://81plus.net/?corso=corso-privacy-destinato-ai-lavoratori
▶️ YouTube: youtube.com/@sicurissimo
Contenuto informativo. Prima vedi. Poi sistemi. 81plus.net",Corso privacy destinato ai lavoratori,https://81plus.net/?corso=corso-privacy-destinato-ai-lavoratori,#TalesOfSicurix #SICURIX #Metodo81 #81plus #Sicurissimo #Privacy #Sicurezza #SicurezzaSulLavoro,SICURIX_TALES_662901_13_11_12_7_4_5_8_9_3_2.webp,https://drive.google.com/drive/folders/1hICKXdl9JTZBL1pemG19oE_661z-EH_k,IMG_ERR
47.54.00,Commercio,G,HACCP+Sicurezza+Privacy,10,Gestione Allergeni | Addetto Antincendio | Lotta agli Infestanti (Pest Control) | Formazione Preposto | Movimentazione Manuale Carichi | Formazione GDPR | Corso Alimentarista | Stress Lavoro-Correlato | Manuale HACCP di Autocontrollo | RSPP / Datore di Lavoro RSPP,Reg.UE 1169/2011 | DM 2/9/2021 | Reg.CE 852/2004 | D.Lgs81/08 art.37 | D.Lgs81/08 Tit.VI | GDPR art.32 | D.Lgs81/08 art.28 | D.Lgs81/08 art.34,"CONSENSIX>CAOSIX, CHECKIX>RISKIX, CONSENSIX>DOSAGIX, DOCUMIX>CHIMIKIX, TRACCIX>SOTTOVALUTIX, CHECKIX>LEAKIX, SICURIX>CAOSIX, LUXPECTORIX>ØTIX, DOCUMIX>RISKIX, DOCUMIX>VOLTIX","Crea una PAGINA A FUMETTI a STORIA COMPLETA, verticale A4 (1024x1536), QUALITA' EDITORIALE DA STAMPA, stile ufficiale 'SICURIX TALES' IDENTICO alle immagini di riferimento allegate (stessi personaggi a mattoncini 3D, stessa impaginazione, stessi colori, stesse rese): minifigure espressive, ambientazioni ricche e dettagliate del settore, luci morbide, profondita', bordi vignetta netti. IMPAGINAZIONE OBBLIGATORIA: da 10 a 12 VIGNETTE numerate che raccontano UNA STORIA con arco narrativo completo (1 situazione normale -> 2-4 arrivano i pericoli coi cattivi -> 5-6 tensione/conseguenza -> 7-9 arriva SICURIX con gli eroi e applica il METODO81+ passo per passo -> 10-11 risoluzione ordinata -> 12 finale). HEADER in alto: SICURIX (mantello, medaglione arancione '81+', bussola) che presenta in un fumetto; grande titolo 'SICURIX TALES'; sottotitolo 'COMMERCIO: Pericolo vs Soluzione con Metodo 81+'; legenda 3 voci (verde Sicurezza, rosso Rischio, blu 81+ Soluzione); fila di EROI coi nomi: CONSENSIX, CHECKIX, DOCUMIX, TRACCIX, SICURIX, LUXPECTORIX. FOOTER in basso: grande 'Prima vedi. Poi sistemi.'; banner scudo verde 'PROTEGGIAMO. PREVENIAMO. MIGLIORIAMO.' e triangolo rosso 'DISATTENZIONE. RISCHI. COSTI. CAOS.'; logo '81+' + '81plus.net'. TRAMA (usa questi eventi come vignette; se sono meno di 10 aggiungi vignette di contesto, dialogo e reazione per arrivare a 10-12): 1) CAOSIX causa il pericolo 'Allergeni' (Gestione Allergeni); poi CONSENSIX+SICURIX applicano il METODO81+; 2) RISKIX causa il pericolo 'Emergenze/Incendio' (Addetto Antincendio); poi CHECKIX+SICURIX applicano il METODO81+; 3) DOSAGIX causa il pericolo 'Infestanti' (Lotta agli Infestanti (Pest Control)); poi CONSENSIX+SICURIX applicano il METODO81+; 4) CHIMIKIX causa il pericolo 'Ruolo/Preposto' (Formazione Preposto); poi DOCUMIX+SICURIX applicano il METODO81+; 5) SOTTOVALUTIX causa il pericolo 'MMC' (Movimentazione Manuale Carichi); poi TRACCIX+SICURIX applicano il METODO81+; 6) LEAKIX causa il pericolo 'Formazione' (Formazione GDPR); poi CHECKIX+SICURIX applicano il METODO81+; 7) CAOSIX causa il pericolo 'Corso' (Corso Alimentarista); poi SICURIX+SICURIX applicano il METODO81+; 8) ØTIX causa il pericolo 'Stress' (Stress Lavoro-Correlato); poi LUXPECTORIX+SICURIX applicano il METODO81+; 9) RISKIX causa il pericolo 'Documento' (Manuale HACCP di Autocontrollo); poi DOCUMIX+SICURIX applicano il METODO81+; 10) VOLTIX causa il pericolo 'Ruolo/RSPP' (RSPP / Datore di Lavoro RSPP); poi DOCUMIX+SICURIX applicano il METODO81+. PALETTE BRAND ESCLUSIVA: nero #05050A, bianco panna, arancione #FF6A1A/#E8501A; ROSSO solo per 'PERICOLO', VERDE per la checklist 'Metodo 81+'. Logo '81+' ben visibile in OGNI vignetta. REGOLA STORIA: SICURIX NON agisce mai da solo - in OGNI vignetta di soluzione si fa AIUTARE dai suoi colleghi EROI (lavoro di squadra, ognuno col suo ruolo). TESTO: didascalie e fumetti MOLTO BREVI (1-4 parole), GRANDI, centrati, in ITALIANO con ORTOGRAFIA PERFETTA, senza parole inventate, lettere doppie errate o testo tagliato. CATTIVI (coerenti col canone): CAOSIX, RISKIX, DOSAGIX, CHIMIKIX, SOTTOVALUTIX, LEAKIX, ØTIX, VOLTIX. EROI: CONSENSIX, CHECKIX, DOCUMIX, TRACCIX, SICURIX, LUXPECTORIX. NEGATIVE: nessun marchio LEGO reale, nessun personaggio protetto (Asterix ecc.), niente gore/horror, niente claim assoluti ('rischio zero','garantito','zero multe').",Commercio: 3 minuti oggi o un problema enorme domani. Scegli tu.,"In Commercio c'e' un obbligo che in tanti scoprono solo con la sanzione

In commercio gli adempimenti obbligatori non aspettano: Allergeni, Emergenze/Incendio, Infestanti, Ruolo/Preposto, MMC, Formazione, Corso, Stress, Documento, Ruolo/RSPP. In questa pagina TALES OF SICURIX il PERICOLO prende forma... e il METODO81+ lo rimette in ordine, passo dopo passo. Immagina la scena: prima il caos, poi la checklist che sistema tutto. Non e' burocrazia: e' la tua tranquillita.
👉 Iscriviti al corso: Haccp - Corso responsabile industria alimentare -> https://81plus.net/?corso=haccp-corso-responsabile-industria-alimentare
▶️ YouTube: youtube.com/@sicurissimo
Contenuto informativo. Prima vedi. Poi sistemi. 81plus.net",Haccp - Corso responsabile industria alimentare,https://81plus.net/?corso=haccp-corso-responsabile-industria-alimentare,#TalesOfSicurix #SICURIX #Metodo81 #81plus #Sicurissimo #HACCP #Sicurezza #Privacy #SicurezzaSulLavoro,SICURIX_TALES_475400_18_7_17_3_10_22_13_11_12_5.webp,https://drive.google.com/drive/folders/1hICKXdl9JTZBL1pemG19oE_661z-EH_k,IMG_ERR
35.15.00,Energia,D,Privacy+Sicurezza+Ambientale,12,Formazione GDPR | Procedura Data Breach | Addetto Primo Soccorso | Formazione Generale Lavoratori | Rischio Elettrico (PES/PAV) | Gestione Rifiuti e Registro | Formazione Preposto | Sorveglianza Sanitaria / Medico Competente | RSPP / Datore di Lavoro RSPP | Attrezzature e Macchine | Uso e Formazione DPI | Documento Valutazione Rischi (DVR),GDPR art.32 | GDPR art.33-34 | DM 388/2003 | Accordo Stato-Regioni | CEI 11-27 | D.Lgs152/06 | D.Lgs81/08 art.37 | D.Lgs81/08 art.41 | D.Lgs81/08 art.34 | D.Lgs81/08 Tit.III | D.Lgs81/08 art.77 | D.Lgs81/08 art.28,"CIFRIX>SPYIX, CHECKIX>CANCELIX, BLINKIX>FRETTIX, SICURIX>MULTIX, TRACCIX>CAOSIX, SICURIX>RISKIX, CHEFIX>VIBRIX, CHEFIX>OBLIVIX, CIFRIX>RUMORIX, PREPOSTIX>TAGLIX, BLINKIX>RISKIX, SCUDIX>TAGLIX","Crea una PAGINA A FUMETTI a STORIA COMPLETA, verticale A4 (1024x1536), QUALITA' EDITORIALE DA STAMPA, stile ufficiale 'SICURIX TALES' IDENTICO alle immagini di riferimento allegate (stessi personaggi a mattoncini 3D, stessa impaginazione, stessi colori, stesse rese): minifigure espressive, ambientazioni ricche e dettagliate del settore, luci morbide, profondita', bordi vignetta netti. IMPAGINAZIONE OBBLIGATORIA: da 10 a 12 VIGNETTE numerate che raccontano UNA STORIA con arco narrativo completo (1 situazione normale -> 2-4 arrivano i pericoli coi cattivi -> 5-6 tensione/conseguenza -> 7-9 arriva SICURIX con gli eroi e applica il METODO81+ passo per passo -> 10-11 risoluzione ordinata -> 12 finale). HEADER in alto: SICURIX (mantello, medaglione arancione '81+', bussola) che presenta in un fumetto; grande titolo 'SICURIX TALES'; sottotitolo 'ENERGIA: Pericolo vs Soluzione con Metodo 81+'; legenda 3 voci (verde Sicurezza, rosso Rischio, blu 81+ Soluzione); fila di EROI coi nomi: CIFRIX, CHECKIX, BLINKIX, SICURIX, TRACCIX, CHEFIX. FOOTER in basso: grande 'Prima vedi. Poi sistemi.'; banner scudo verde 'PROTEGGIAMO. PREVENIAMO. MIGLIORIAMO.' e triangolo rosso 'DISATTENZIONE. RISCHI. COSTI. CAOS.'; logo '81+' + '81plus.net'. TRAMA (usa questi eventi come vignette; se sono meno di 10 aggiungi vignette di contesto, dialogo e reazione per arrivare a 10-12): 1) SPYIX causa il pericolo 'Formazione' (Formazione GDPR); poi CIFRIX+SICURIX applicano il METODO81+; 2) CANCELIX causa il pericolo 'Data breach' (Procedura Data Breach); poi CHECKIX+SICURIX applicano il METODO81+; 3) FRETTIX causa il pericolo 'Emergenze/Soccorso' (Addetto Primo Soccorso); poi BLINKIX+SICURIX applicano il METODO81+; 4) MULTIX causa il pericolo 'Formazione base' (Formazione Generale Lavoratori); poi SICURIX+SICURIX applicano il METODO81+; 5) CAOSIX causa il pericolo 'Rischio elettrico' (Rischio Elettrico (PES/PAV)); poi TRACCIX+SICURIX applicano il METODO81+; 6) RISKIX causa il pericolo 'Rifiuti' (Gestione Rifiuti e Registro); poi SICURIX+SICURIX applicano il METODO81+; 7) VIBRIX causa il pericolo 'Ruolo/Preposto' (Formazione Preposto); poi CHEFIX+SICURIX applicano il METODO81+; 8) OBLIVIX causa il pericolo 'Sorveglianza sanitaria' (Sorveglianza Sanitaria / Medico Competente); poi CHEFIX+SICURIX applicano il METODO81+; 9) RUMORIX causa il pericolo 'Ruolo/RSPP' (RSPP / Datore di Lavoro RSPP); poi CIFRIX+SICURIX applicano il METODO81+; 10) TAGLIX causa il pericolo 'Attrezzature' (Attrezzature e Macchine); poi PREPOSTIX+SICURIX applicano il METODO81+; 11) RISKIX causa il pericolo 'DPI' (Uso e Formazione DPI); poi BLINKIX+SICURIX applicano il METODO81+; 12) TAGLIX causa il pericolo 'Documento' (Documento Valutazione Rischi (DVR)); poi SCUDIX+SICURIX applicano il METODO81+. PALETTE BRAND ESCLUSIVA: nero #05050A, bianco panna, arancione #FF6A1A/#E8501A; ROSSO solo per 'PERICOLO', VERDE per la checklist 'Metodo 81+'. Logo '81+' ben visibile in OGNI vignetta. REGOLA STORIA: SICURIX NON agisce mai da solo - in OGNI vignetta di soluzione si fa AIUTARE dai suoi colleghi EROI (lavoro di squadra, ognuno col suo ruolo). TESTO: didascalie e fumetti MOLTO BREVI (1-4 parole), GRANDI, centrati, in ITALIANO con ORTOGRAFIA PERFETTA, senza parole inventate, lettere doppie errate o testo tagliato. CATTIVI (coerenti col canone): SPYIX, CANCELIX, FRETTIX, MULTIX, CAOSIX, RISKIX, VIBRIX, OBLIVIX, RUMORIX, TAGLIX. EROI: CIFRIX, CHECKIX, BLINKIX, SICURIX, TRACCIX, CHEFIX, PREPOSTIX, SCUDIX. NEGATIVE: nessun marchio LEGO reale, nessun personaggio protetto (Asterix ecc.), niente gore/horror, niente claim assoluti ('rischio zero','garantito','zero multe').",Energia: 3 minuti oggi o un problema enorme domani. Scegli tu.,"Quello che l'ispettore controlla per primo in Energia (e quasi nessuno lo sa)

In energia gli adempimenti obbligatori non aspettano: Formazione, Data breach, Emergenze/Soccorso, Formazione base, Rischio elettrico, Rifiuti, Ruolo/Preposto, Sorveglianza sanitaria, Ruolo/RSPP, Attrezzature, DPI, Documento. In questa pagina TALES OF SICURIX il PERICOLO prende forma... e il METODO81+ lo rimette in ordine, passo dopo passo. Immagina la scena: prima il caos, poi la checklist che sistema tutto. Mettere ordine ora costa poco. Rimediare dopo costa caro.
👉 Iscriviti al corso: GDPR 2016/679: privacy e trattamento dei dati personali -> https://81plus.net/?corso=gdpr-2016-679-privacy-e-trattamento-dei-dati-personali
▶️ YouTube: youtube.com/@sicurissimo
Contenuto informativo. Prima vedi. Poi sistemi. 81plus.net",GDPR 2016/679: privacy e trattamento dei dati personali,https://81plus.net/?corso=gdpr-2016-679-privacy-e-trattamento-dei-dati-personali,#TalesOfSicurix #SICURIX #Metodo81 #81plus #Sicurissimo #Privacy #Sicurezza #Ambientale #SicurezzaSulLavoro,SICURIX_TALES_351500_18_19_6_1_14_20_3_9_5_13_8_0.webp,https://drive.google.com/drive/folders/1hICKXdl9JTZBL1pemG19oE_661z-EH_k,IMG_ERR
16.11.00,Manifattura,C,Sicurezza+Privacy+Ambientale,11,Attrezzature e Macchine | Sorveglianza Sanitaria / Medico Competente | Formazione Generale Lavoratori | Rappresentante Lavoratori Sicurezza (RLS) | Procedura Data Breach | Stress Lavoro-Correlato | Formazione Ambientale | Formazione GDPR | Formazione Preposto | Registro dei Trattamenti | Formazione Specifica (rischio alto),D.Lgs81/08 Tit.III | D.Lgs81/08 art.41 | Accordo Stato-Regioni | D.Lgs81/08 art.47 | GDPR art.33-34 | D.Lgs81/08 art.28 | D.Lgs152/06 | GDPR art.32 | D.Lgs81/08 art.37 | GDPR art.30,"SICURIX>CAOSIX, LUXPECTORIX>SOTTOVALUTIX, CHECKIX>MULTIX, PREPOSTIX>VIBRIX, TRACCIX>FRETTIX, ROBOTIX81>RUMORIX, FORMIX>CAOSIX, CONSENSIX>PERMISSIONIX, BLINKIX>VIBRIX, BLINKIX>IMPROVVISIX, TRACCIX>VIBRIX","Crea una PAGINA A FUMETTI a STORIA COMPLETA, verticale A4 (1024x1536), QUALITA' EDITORIALE DA STAMPA, stile ufficiale 'SICURIX TALES' IDENTICO alle immagini di riferimento allegate (stessi personaggi a mattoncini 3D, stessa impaginazione, stessi colori, stesse rese): minifigure espressive, ambientazioni ricche e dettagliate del settore, luci morbide, profondita', bordi vignetta netti. IMPAGINAZIONE OBBLIGATORIA: da 10 a 12 VIGNETTE numerate che raccontano UNA STORIA con arco narrativo completo (1 situazione normale -> 2-4 arrivano i pericoli coi cattivi -> 5-6 tensione/conseguenza -> 7-9 arriva SICURIX con gli eroi e applica il METODO81+ passo per passo -> 10-11 risoluzione ordinata -> 12 finale). HEADER in alto: SICURIX (mantello, medaglione arancione '81+', bussola) che presenta in un fumetto; grande titolo 'SICURIX TALES'; sottotitolo 'MANIFATTURA: Pericolo vs Soluzione con Metodo 81+'; legenda 3 voci (verde Sicurezza, rosso Rischio, blu 81+ Soluzione); fila di EROI coi nomi: SICURIX, LUXPECTORIX, CHECKIX, PREPOSTIX, TRACCIX, ROBOTIX81. FOOTER in basso: grande 'Prima vedi. Poi sistemi.'; banner scudo verde 'PROTEGGIAMO. PREVENIAMO. MIGLIORIAMO.' e triangolo rosso 'DISATTENZIONE. RISCHI. COSTI. CAOS.'; logo '81+' + '81plus.net'. TRAMA (usa questi eventi come vignette; se sono meno di 10 aggiungi vignette di contesto, dialogo e reazione per arrivare a 10-12): 1) CAOSIX causa il pericolo 'Attrezzature' (Attrezzature e Macchine); poi SICURIX+SICURIX applicano il METODO81+; 2) SOTTOVALUTIX causa il pericolo 'Sorveglianza sanitaria' (Sorveglianza Sanitaria / Medico Competente); poi LUXPECTORIX+SICURIX applicano il METODO81+; 3) MULTIX causa il pericolo 'Formazione base' (Formazione Generale Lavoratori); poi CHECKIX+SICURIX applicano il METODO81+; 4) VIBRIX causa il pericolo 'Ruolo/RLS' (Rappresentante Lavoratori Sicurezza (RLS)); poi PREPOSTIX+SICURIX applicano il METODO81+; 5) FRETTIX causa il pericolo 'Data breach' (Procedura Data Breach); poi TRACCIX+SICURIX applicano il METODO81+; 6) RUMORIX causa il pericolo 'Stress' (Stress Lavoro-Correlato); poi ROBOTIX81+SICURIX applicano il METODO81+; 7) CAOSIX causa il pericolo 'Formazione' (Formazione Ambientale); poi FORMIX+SICURIX applicano il METODO81+; 8) PERMISSIONIX causa il pericolo 'Formazione' (Formazione GDPR); poi CONSENSIX+SICURIX applicano il METODO81+; 9) VIBRIX causa il pericolo 'Ruolo/Preposto' (Formazione Preposto); poi BLINKIX+SICURIX applicano il METODO81+; 10) IMPROVVISIX causa il pericolo 'Registro' (Registro dei Trattamenti); poi BLINKIX+SICURIX applicano il METODO81+; 11) VIBRIX causa il pericolo 'Formazione specifica' (Formazione Specifica (rischio alto)); poi TRACCIX+SICURIX applicano il METODO81+. PALETTE BRAND ESCLUSIVA: nero #05050A, bianco panna, arancione #FF6A1A/#E8501A; ROSSO solo per 'PERICOLO', VERDE per la checklist 'Metodo 81+'. Logo '81+' ben visibile in OGNI vignetta. REGOLA STORIA: SICURIX NON agisce mai da solo - in OGNI vignetta di soluzione si fa AIUTARE dai suoi colleghi EROI (lavoro di squadra, ognuno col suo ruolo). TESTO: didascalie e fumetti MOLTO BREVI (1-4 parole), GRANDI, centrati, in ITALIANO con ORTOGRAFIA PERFETTA, senza parole inventate, lettere doppie errate o testo tagliato. CATTIVI (coerenti col canone): CAOSIX, SOTTOVALUTIX, MULTIX, VIBRIX, FRETTIX, RUMORIX, PERMISSIONIX, IMPROVVISIX. EROI: SICURIX, LUXPECTORIX, CHECKIX, PREPOSTIX, TRACCIX, ROBOTIX81, FORMIX, CONSENSIX, BLINKIX. NEGATIVE: nessun marchio LEGO reale, nessun personaggio protetto (Asterix ecc.), niente gore/horror, niente claim assoluti ('rischio zero','garantito','zero multe').",Quello che l'ispettore controlla per primo in Manifattura (e quasi nessuno lo sa),"In Manifattura non e' 'se' arriva il controllo, e' 'quando'. Sei pronto?

In manifattura gli adempimenti obbligatori non aspettano: Attrezzature, Sorveglianza sanitaria, Formazione base, Ruolo/RLS, Data breach, Stress, Formazione, Ruolo/Preposto, Registro, Formazione specifica. In questa pagina TALES OF SICURIX il PERICOLO prende forma... e il METODO81+ lo rimette in ordine, passo dopo passo. Immagina la scena: prima il caos, poi la checklist che sistema tutto. Non e' burocrazia: e' la tua tranquillita.
👉 Iscriviti al corso: Corso Lavori in Quota e DPI Anticaduta -> https://81plus.net/?corso=corso-lavori-in-quota-e-dpi-anticaduta
▶️ YouTube: youtube.com/@sicurissimo
Contenuto informativo. Prima vedi. Poi sistemi. 81plus.net",Corso Lavori in Quota e DPI Anticaduta,https://81plus.net/?corso=corso-lavori-in-quota-e-dpi-anticaduta,#TalesOfSicurix #SICURIX #Metodo81 #81plus #Sicurissimo #Sicurezza #Privacy #Ambientale #SicurezzaSulLavoro,SICURIX_TALES_161100_13_9_1_4_25_11_27_24_3_22_2.webp,https://drive.google.com/drive/folders/1hICKXdl9JTZBL1pemG19oE_661z-EH_k,IMG_ERR
52.24.30,Trasporti/Magazzino,H,Privacy+Sicurezza+Ambientale,10,Formazione GDPR | Carrellista / Muletto | Formazione Ambientale | Documento Valutazione Rischi (DVR) | Stress Lavoro-Correlato | RSPP / Datore di Lavoro RSPP | Addetto Antincendio | Attrezzature e Macchine | Formazione Specifica (rischio alto) | Informativa e Consensi,GDPR art.32 | Accordo Stato-Regioni | D.Lgs152/06 | D.Lgs81/08 art.28 | D.Lgs81/08 art.34 | DM 2/9/2021 | D.Lgs81/08 Tit.III | GDPR art.13,"CIFRIX>PERMISSIONIX, SICURIX>VIBRIX, SICURIX>IMPROVVISIX, CHEFIX>VOLTIX, CHECKIX>VIBRIX, CONSENSIX>SEGNALEX, PRIVACIX>MULTIX, PREPOSTIX>TAGLIX, SICURIX>NONDPIX, LUXPECTORIX>OBLIVIX","Crea una PAGINA A FUMETTI a STORIA COMPLETA, verticale A4 (1024x1536), QUALITA' EDITORIALE DA STAMPA, stile ufficiale 'SICURIX TALES' IDENTICO alle immagini di riferimento allegate (stessi personaggi a mattoncini 3D, stessa impaginazione, stessi colori, stesse rese): minifigure espressive, ambientazioni ricche e dettagliate del settore, luci morbide, profondita', bordi vignetta netti. IMPAGINAZIONE OBBLIGATORIA: da 10 a 12 VIGNETTE numerate che raccontano UNA STORIA con arco narrativo completo (1 situazione normale -> 2-4 arrivano i pericoli coi cattivi -> 5-6 tensione/conseguenza -> 7-9 arriva SICURIX con gli eroi e applica il METODO81+ passo per passo -> 10-11 risoluzione ordinata -> 12 finale). HEADER in alto: SICURIX (mantello, medaglione arancione '81+', bussola) che presenta in un fumetto; grande titolo 'SICURIX TALES'; sottotitolo 'TRASPORTI/MAGAZZINO: Pericolo vs Soluzione con Metodo 81+'; legenda 3 voci (verde Sicurezza, rosso Rischio, blu 81+ Soluzione); fila di EROI coi nomi: CIFRIX, SICURIX, CHEFIX, CHECKIX, CONSENSIX, PRIVACIX. FOOTER in basso: grande 'Prima vedi. Poi sistemi.'; banner scudo verde 'PROTEGGIAMO. PREVENIAMO. MIGLIORIAMO.' e triangolo rosso 'DISATTENZIONE. RISCHI. COSTI. CAOS.'; logo '81+' + '81plus.net'. TRAMA (usa questi eventi come vignette; se sono meno di 10 aggiungi vignette di contesto, dialogo e reazione per arrivare a 10-12): 1) PERMISSIONIX causa il pericolo 'Formazione' (Formazione GDPR); poi CIFRIX+SICURIX applicano il METODO81+; 2) VIBRIX causa il pericolo 'Carrelli' (Carrellista / Muletto); poi SICURIX+SICURIX applicano il METODO81+; 3) IMPROVVISIX causa il pericolo 'Formazione' (Formazione Ambientale); poi SICURIX+SICURIX applicano il METODO81+; 4) VOLTIX causa il pericolo 'Documento' (Documento Valutazione Rischi (DVR)); poi CHEFIX+SICURIX applicano il METODO81+; 5) VIBRIX causa il pericolo 'Stress' (Stress Lavoro-Correlato); poi CHECKIX+SICURIX applicano il METODO81+; 6) SEGNALEX causa il pericolo 'Ruolo/RSPP' (RSPP / Datore di Lavoro RSPP); poi CONSENSIX+SICURIX applicano il METODO81+; 7) MULTIX causa il pericolo 'Emergenze/Incendio' (Addetto Antincendio); poi PRIVACIX+SICURIX applicano il METODO81+; 8) TAGLIX causa il pericolo 'Attrezzature' (Attrezzature e Macchine); poi PREPOSTIX+SICURIX applicano il METODO81+; 9) NONDPIX causa il pericolo 'Formazione specifica' (Formazione Specifica (rischio alto)); poi SICURIX+SICURIX applicano il METODO81+; 10) OBLIVIX causa il pericolo 'Documento' (Informativa e Consensi); poi LUXPECTORIX+SICURIX applicano il METODO81+. PALETTE BRAND ESCLUSIVA: nero #05050A, bianco panna, arancione #FF6A1A/#E8501A; ROSSO solo per 'PERICOLO', VERDE per la checklist 'Metodo 81+'. Logo '81+' ben visibile in OGNI vignetta. REGOLA STORIA: SICURIX NON agisce mai da solo - in OGNI vignetta di soluzione si fa AIUTARE dai suoi colleghi EROI (lavoro di squadra, ognuno col suo ruolo). TESTO: didascalie e fumetti MOLTO BREVI (1-4 parole), GRANDI, centrati, in ITALIANO con ORTOGRAFIA PERFETTA, senza parole inventate, lettere doppie errate o testo tagliato. CATTIVI (coerenti col canone): PERMISSIONIX, VIBRIX, IMPROVVISIX, VOLTIX, SEGNALEX, MULTIX, TAGLIX, NONDPIX, OBLIVIX. EROI: CIFRIX, SICURIX, CHEFIX, CHECKIX, CONSENSIX, PRIVACIX, PREPOSTIX, LUXPECTORIX. NEGATIVE: nessun marchio LEGO reale, nessun personaggio protetto (Asterix ecc.), niente gore/horror, niente claim assoluti ('rischio zero','garantito','zero multe').",Quello che l'ispettore controlla per primo in Trasporti/Magazzino (e quasi nessuno lo sa),"In Trasporti/Magazzino non e' 'se' arriva il controllo, e' 'quando'. Sei pronto?

In trasporti/magazzino gli adempimenti obbligatori non aspettano: Formazione, Carrelli, Documento, Stress, Ruolo/RSPP, Emergenze/Incendio, Attrezzature, Formazione specifica. In questa pagina TALES OF SICURIX il PERICOLO prende forma... e il METODO81+ lo rimette in ordine, passo dopo passo. Immagina la scena: prima il caos, poi la checklist che sistema tutto. Chi si mette in regola prima, dorme meglio dopo.
👉 Iscriviti al corso: GDPR 2016/679: privacy e trattamento dei dati personali -> https://81plus.net/?corso=gdpr-2016-679-privacy-e-trattamento-dei-dati-personali
▶️ YouTube: youtube.com/@sicurissimo
Contenuto informativo. Prima vedi. Poi sistemi. 81plus.net",GDPR 2016/679: privacy e trattamento dei dati personali,https://81plus.net/?corso=gdpr-2016-679-privacy-e-trattamento-dei-dati-personali,#TalesOfSicurix #SICURIX #Metodo81 #81plus #Sicurissimo #Privacy #Sicurezza #Ambientale #SicurezzaSulLavoro,SICURIX_TALES_522430_18_14_21_0_11_5_7_13_2_15.webp,https://drive.google.com/drive/folders/1hICKXdl9JTZBL1pemG19oE_661z-EH_k,IMG_ERR
46.11.01,Commercio,G,HACCP+Privacy+Sicurezza,12,Corso Alimentarista | Nomina Incaricati/Responsabili | Informativa e Consensi | Videosorveglianza a norma | Sorveglianza Sanitaria / Medico Competente | Lotta agli Infestanti (Pest Control) | Gestione Allergeni | Addetto Primo Soccorso | RSPP / Datore di Lavoro RSPP | Procedura Data Breach | Stress Lavoro-Correlato | Addetto Antincendio,Reg.CE 852/2004 | GDPR art.28-29 | GDPR art.13 | Provv.Garante | D.Lgs81/08 art.41 | Reg.UE 1169/2011 | DM 388/2003 | D.Lgs81/08 art.34 | GDPR art.33-34 | D.Lgs81/08 art.28 | DM 2/9/2021,"CHEFIX>IMPROVVISIX, SICURIX>LEAKIX, FORMIX>PERMISSIONIX, TRACCIX>RISKIX, SICURIX>POLVERIX, SICURIX>SPORCKIX, CHECKIX>SPORCKIX, CHECKIX>SOTTOVALUTIX, FORMIX>RUMORIX, LUXPECTORIX>PERMISSIONIX, CIFRIX>ØTIX, CIFRIX>MULTIX","Crea una PAGINA A FUMETTI a STORIA COMPLETA, verticale A4 (1024x1536), QUALITA' EDITORIALE DA STAMPA, stile ufficiale 'SICURIX TALES' IDENTICO alle immagini di riferimento allegate (stessi personaggi a mattoncini 3D, stessa impaginazione, stessi colori, stesse rese): minifigure espressive, ambientazioni ricche e dettagliate del settore, luci morbide, profondita', bordi vignetta netti. IMPAGINAZIONE OBBLIGATORIA: da 10 a 12 VIGNETTE numerate che raccontano UNA STORIA con arco narrativo completo (1 situazione normale -> 2-4 arrivano i pericoli coi cattivi -> 5-6 tensione/conseguenza -> 7-9 arriva SICURIX con gli eroi e applica il METODO81+ passo per passo -> 10-11 risoluzione ordinata -> 12 finale). HEADER in alto: SICURIX (mantello, medaglione arancione '81+', bussola) che presenta in un fumetto; grande titolo 'SICURIX TALES'; sottotitolo 'COMMERCIO: Pericolo vs Soluzione con Metodo 81+'; legenda 3 voci (verde Sicurezza, rosso Rischio, blu 81+ Soluzione); fila di EROI coi nomi: CHEFIX, SICURIX, FORMIX, TRACCIX, CHECKIX, LUXPECTORIX. FOOTER in basso: grande 'Prima vedi. Poi sistemi.'; banner scudo verde 'PROTEGGIAMO. PREVENIAMO. MIGLIORIAMO.' e triangolo rosso 'DISATTENZIONE. RISCHI. COSTI. CAOS.'; logo '81+' + '81plus.net'. TRAMA (usa questi eventi come vignette; se sono meno di 10 aggiungi vignette di contesto, dialogo e reazione per arrivare a 10-12): 1) IMPROVVISIX causa il pericolo 'Corso' (Corso Alimentarista); poi CHEFIX+SICURIX applicano il METODO81+; 2) LEAKIX causa il pericolo 'Nomine' (Nomina Incaricati/Responsabili); poi SICURIX+SICURIX applicano il METODO81+; 3) PERMISSIONIX causa il pericolo 'Documento' (Informativa e Consensi); poi FORMIX+SICURIX applicano il METODO81+; 4) RISKIX causa il pericolo 'Videosorveglianza' (Videosorveglianza a norma); poi TRACCIX+SICURIX applicano il METODO81+; 5) POLVERIX causa il pericolo 'Sorveglianza sanitaria' (Sorveglianza Sanitaria / Medico Competente); poi SICURIX+SICURIX applicano il METODO81+; 6) SPORCKIX causa il pericolo 'Infestanti' (Lotta agli Infestanti (Pest Control)); poi SICURIX+SICURIX applicano il METODO81+; 7) SPORCKIX causa il pericolo 'Allergeni' (Gestione Allergeni); poi CHECKIX+SICURIX applicano il METODO81+; 8) SOTTOVALUTIX causa il pericolo 'Emergenze/Soccorso' (Addetto Primo Soccorso); poi CHECKIX+SICURIX applicano il METODO81+; 9) RUMORIX causa il pericolo 'Ruolo/RSPP' (RSPP / Datore di Lavoro RSPP); poi FORMIX+SICURIX applicano il METODO81+; 10) PERMISSIONIX causa il pericolo 'Data breach' (Procedura Data Breach); poi LUXPECTORIX+SICURIX applicano il METODO81+; 11) ØTIX causa il pericolo 'Stress' (Stress Lavoro-Correlato); poi CIFRIX+SICURIX applicano il METODO81+; 12) MULTIX causa il pericolo 'Emergenze/Incendio' (Addetto Antincendio); poi CIFRIX+SICURIX applicano il METODO81+. PALETTE BRAND ESCLUSIVA: nero #05050A, bianco panna, arancione #FF6A1A/#E8501A; ROSSO solo per 'PERICOLO', VERDE per la checklist 'Metodo 81+'. Logo '81+' ben visibile in OGNI vignetta. REGOLA STORIA: SICURIX NON agisce mai da solo - in OGNI vignetta di soluzione si fa AIUTARE dai suoi colleghi EROI (lavoro di squadra, ognuno col suo ruolo). TESTO: didascalie e fumetti MOLTO BREVI (1-4 parole), GRANDI, centrati, in ITALIANO con ORTOGRAFIA PERFETTA, senza parole inventate, lettere doppie errate o testo tagliato. CATTIVI (coerenti col canone): IMPROVVISIX, LEAKIX, PERMISSIONIX, RISKIX, POLVERIX, SPORCKIX, SOTTOVALUTIX, RUMORIX, ØTIX, MULTIX. EROI: CHEFIX, SICURIX, FORMIX, TRACCIX, CHECKIX, LUXPECTORIX, CIFRIX. NEGATIVE: nessun marchio LEGO reale, nessun personaggio protetto (Asterix ecc.), niente gore/horror, niente claim assoluti ('rischio zero','garantito','zero multe').",Commercio: 3 minuti oggi o un problema enorme domani. Scegli tu.,"In Commercio c'e' un obbligo che in tanti scoprono solo con la sanzione

In commercio gli adempimenti obbligatori non aspettano: Corso, Nomine, Documento, Videosorveglianza, Sorveglianza sanitaria, Infestanti, Allergeni, Emergenze/Soccorso, Ruolo/RSPP, Data breach, Stress, Emergenze/Incendio. In questa pagina TALES OF SICURIX il PERICOLO prende forma... e il METODO81+ lo rimette in ordine, passo dopo passo. Immagina la scena: prima il caos, poi la checklist che sistema tutto. Non e' burocrazia: e' la tua tranquillita.
👉 Iscriviti al corso: Haccp - Corso responsabile industria alimentare -> https://81plus.net/?corso=haccp-corso-responsabile-industria-alimentare
▶️ YouTube: youtube.com/@sicurissimo
Contenuto informativo. Prima vedi. Poi sistemi. 81plus.net",Haccp - Corso responsabile industria alimentare,https://81plus.net/?corso=haccp-corso-responsabile-industria-alimentare,#TalesOfSicurix #SICURIX #Metodo81 #81plus #Sicurissimo #HACCP #Privacy #Sicurezza #SicurezzaSulLavoro,SICURIX_TALES_461101_13_21_19_24_9_17_18_6_5_23_11_7.webp,https://drive.google.com/drive/folders/1hICKXdl9JTZBL1pemG19oE_661z-EH_k,IMG_ERR
33.13.02,Manifattura,C,Ambientale+Privacy+HACCP+Sicurezza,12,Gestione Rifiuti e Registro | Nomina Incaricati/Responsabili | Gestione Allergeni | Formazione Ambientale | Sorveglianza Sanitaria / Medico Competente | Registro dei Trattamenti | Movimentazione Manuale Carichi | Formazione GDPR | Formazione Specifica (rischio alto) | Documento Valutazione Rischi (DVR) | Formazione Generale Lavoratori | Formazione Preposto,D.Lgs152/06 | GDPR art.28-29 | Reg.UE 1169/2011 | D.Lgs81/08 art.41 | GDPR art.30 | D.Lgs81/08 Tit.VI | GDPR art.32 | Accordo Stato-Regioni | D.Lgs81/08 art.28 | D.Lgs81/08 art.37,"BLINKIX>RISKIX, HYGIENIX>HACKIX, BLINKIX>TEMPORIX, SICURIX>OBLIVIX, FORMIX>POLVERIX, PREPOSTIX>PHISHIX, SICURIX>SCHIACCIX, PRIVACIX>CAOSIX, DOCUMIX>CHIMIKIX, BLINKIX>SEGNALEX, SCUDIX>TAGLIX, CHEFIX>ØTIX","Crea una PAGINA A FUMETTI a STORIA COMPLETA, verticale A4 (1024x1536), QUALITA' EDITORIALE DA STAMPA, stile ufficiale 'SICURIX TALES' IDENTICO alle immagini di riferimento allegate (stessi personaggi a mattoncini 3D, stessa impaginazione, stessi colori, stesse rese): minifigure espressive, ambientazioni ricche e dettagliate del settore, luci morbide, profondita', bordi vignetta netti. IMPAGINAZIONE OBBLIGATORIA: da 10 a 12 VIGNETTE numerate che raccontano UNA STORIA con arco narrativo completo (1 situazione normale -> 2-4 arrivano i pericoli coi cattivi -> 5-6 tensione/conseguenza -> 7-9 arriva SICURIX con gli eroi e applica il METODO81+ passo per passo -> 10-11 risoluzione ordinata -> 12 finale). HEADER in alto: SICURIX (mantello, medaglione arancione '81+', bussola) che presenta in un fumetto; grande titolo 'SICURIX TALES'; sottotitolo 'MANIFATTURA: Pericolo vs Soluzione con Metodo 81+'; legenda 3 voci (verde Sicurezza, rosso Rischio, blu 81+ Soluzione); fila di EROI coi nomi: BLINKIX, HYGIENIX, SICURIX, FORMIX, PREPOSTIX, PRIVACIX. FOOTER in basso: grande 'Prima vedi. Poi sistemi.'; banner scudo verde 'PROTEGGIAMO. PREVENIAMO. MIGLIORIAMO.' e triangolo rosso 'DISATTENZIONE. RISCHI. COSTI. CAOS.'; logo '81+' + '81plus.net'. TRAMA (usa questi eventi come vignette; se sono meno di 10 aggiungi vignette di contesto, dialogo e reazione per arrivare a 10-12): 1) RISKIX causa il pericolo 'Rifiuti' (Gestione Rifiuti e Registro); poi BLINKIX+SICURIX applicano il METODO81+; 2) HACKIX causa il pericolo 'Nomine' (Nomina Incaricati/Responsabili); poi HYGIENIX+SICURIX applicano il METODO81+; 3) TEMPORIX causa il pericolo 'Allergeni' (Gestione Allergeni); poi BLINKIX+SICURIX applicano il METODO81+; 4) OBLIVIX causa il pericolo 'Formazione' (Formazione Ambientale); poi SICURIX+SICURIX applicano il METODO81+; 5) POLVERIX causa il pericolo 'Sorveglianza sanitaria' (Sorveglianza Sanitaria / Medico Competente); poi FORMIX+SICURIX applicano il METODO81+; 6) PHISHIX causa il pericolo 'Registro' (Registro dei Trattamenti); poi PREPOSTIX+SICURIX applicano il METODO81+; 7) SCHIACCIX causa il pericolo 'MMC' (Movimentazione Manuale Carichi); poi SICURIX+SICURIX applicano il METODO81+; 8) CAOSIX causa il pericolo 'Formazione' (Formazione GDPR); poi PRIVACIX+SICURIX applicano il METODO81+; 9) CHIMIKIX causa il pericolo 'Formazione specifica' (Formazione Specifica (rischio alto)); poi DOCUMIX+SICURIX applicano il METODO81+; 10) SEGNALEX causa il pericolo 'Documento' (Documento Valutazione Rischi (DVR)); poi BLINKIX+SICURIX applicano il METODO81+; 11) TAGLIX causa il pericolo 'Formazione base' (Formazione Generale Lavoratori); poi SCUDIX+SICURIX applicano il METODO81+; 12) ØTIX causa il pericolo 'Ruolo/Preposto' (Formazione Preposto); poi CHEFIX+SICURIX applicano il METODO81+. PALETTE BRAND ESCLUSIVA: nero #05050A, bianco panna, arancione #FF6A1A/#E8501A; ROSSO solo per 'PERICOLO', VERDE per la checklist 'Metodo 81+'. Logo '81+' ben visibile in OGNI vignetta. REGOLA STORIA: SICURIX NON agisce mai da solo - in OGNI vignetta di soluzione si fa AIUTARE dai suoi colleghi EROI (lavoro di squadra, ognuno col suo ruolo). TESTO: didascalie e fumetti MOLTO BREVI (1-4 parole), GRANDI, centrati, in ITALIANO con ORTOGRAFIA PERFETTA, senza parole inventate, lettere doppie errate o testo tagliato. CATTIVI (coerenti col canone): RISKIX, HACKIX, TEMPORIX, OBLIVIX, POLVERIX, PHISHIX, SCHIACCIX, CAOSIX, CHIMIKIX, SEGNALEX, TAGLIX, ØTIX. EROI: BLINKIX, HYGIENIX, SICURIX, FORMIX, PREPOSTIX, PRIVACIX, DOCUMIX, SCUDIX, CHEFIX. NEGATIVE: nessun marchio LEGO reale, nessun personaggio protetto (Asterix ecc.), niente gore/horror, niente claim assoluti ('rischio zero','garantito','zero multe').",Manifattura: 3 minuti oggi o un problema enorme domani. Scegli tu.,"In Manifattura non e' 'se' arriva il controllo, e' 'quando'. Sei pronto?

In manifattura gli adempimenti obbligatori non aspettano: Rifiuti, Nomine, Allergeni, Formazione, Sorveglianza sanitaria, Registro, MMC, Formazione specifica, Documento, Formazione base, Ruolo/Preposto. In questa pagina TALES OF SICURIX il PERICOLO prende forma... e il METODO81+ lo rimette in ordine, passo dopo passo. Immagina la scena: prima il caos, poi la checklist che sistema tutto. Mettere ordine ora costa poco. Rimediare dopo costa caro.
👉 Iscriviti al corso: Formazione integrativa lavoratore 4 ore – gestione e smaltimento rifiuti -> https://81plus.net/?corso=formazione-integrativa-lavoratore-4-ore-gestione-e-smaltimen
▶️ YouTube: youtube.com/@sicurissimo
Contenuto informativo. Prima vedi. Poi sistemi. 81plus.net",Formazione integrativa lavoratore 4 ore – gestione e smaltimento rifiuti,https://81plus.net/?corso=formazione-integrativa-lavoratore-4-ore-gestione-e-smaltimen,#TalesOfSicurix #SICURIX #Metodo81 #81plus #Sicurissimo #Ambientale #Privacy #HACCP #Sicurezza #SicurezzaSulLavoro,SICURIX_TALES_331302_26_23_20_27_9_22_10_24_2_0_1_3.webp,https://drive.google.com/drive/folders/1hICKXdl9JTZBL1pemG19oE_661z-EH_k,IMG_ERR
81.30.00,PA,O,Sicurezza+Privacy,10,Sorveglianza Sanitaria / Medico Competente | Formazione Generale Lavoratori | Registro dei Trattamenti | Addetto Primo Soccorso | Rappresentante Lavoratori Sicurezza (RLS) | Valutazione d'Impatto (DPIA) | Documento Valutazione Rischi (DVR) | Nomina DPO / RPD | Nomina Incaricati/Responsabili | Uso e Formazione DPI,D.Lgs81/08 art.41 | Accordo Stato-Regioni | GDPR art.30 | DM 388/2003 | D.Lgs81/08 art.47 | GDPR art.35 | D.Lgs81/08 art.28 | GDPR art.37 | GDPR art.28-29 | D.Lgs81/08 art.77,"SCUDIX>MULTIX, BLINKIX>SOTTOVALUTIX, CONSENSIX>LEAKIX, CONSENSIX>IMPROVVISIX, CIFRIX>NONDPIX, TRACCIX>MULTIX, FORMIX>CADUTIX, CIFRIX>LEAKIX, SCUDIX>LEAKIX, CHECKIX>SCIVOLIX","Crea una PAGINA A FUMETTI a STORIA COMPLETA, verticale A4 (1024x1536), QUALITA' EDITORIALE DA STAMPA, stile ufficiale 'SICURIX TALES' IDENTICO alle immagini di riferimento allegate (stessi personaggi a mattoncini 3D, stessa impaginazione, stessi colori, stesse rese): minifigure espressive, ambientazioni ricche e dettagliate del settore, luci morbide, profondita', bordi vignetta netti. IMPAGINAZIONE OBBLIGATORIA: da 10 a 12 VIGNETTE numerate che raccontano UNA STORIA con arco narrativo completo (1 situazione normale -> 2-4 arrivano i pericoli coi cattivi -> 5-6 tensione/conseguenza -> 7-9 arriva SICURIX con gli eroi e applica il METODO81+ passo per passo -> 10-11 risoluzione ordinata -> 12 finale). HEADER in alto: SICURIX (mantello, medaglione arancione '81+', bussola) che presenta in un fumetto; grande titolo 'SICURIX TALES'; sottotitolo 'PA: Pericolo vs Soluzione con Metodo 81+'; legenda 3 voci (verde Sicurezza, rosso Rischio, blu 81+ Soluzione); fila di EROI coi nomi: SCUDIX, BLINKIX, CONSENSIX, CIFRIX, TRACCIX, FORMIX. FOOTER in basso: grande 'Prima vedi. Poi sistemi.'; banner scudo verde 'PROTEGGIAMO. PREVENIAMO. MIGLIORIAMO.' e triangolo rosso 'DISATTENZIONE. RISCHI. COSTI. CAOS.'; logo '81+' + '81plus.net'. TRAMA (usa questi eventi come vignette; se sono meno di 10 aggiungi vignette di contesto, dialogo e reazione per arrivare a 10-12): 1) MULTIX causa il pericolo 'Sorveglianza sanitaria' (Sorveglianza Sanitaria / Medico Competente); poi SCUDIX+SICURIX applicano il METODO81+; 2) SOTTOVALUTIX causa il pericolo 'Formazione base' (Formazione Generale Lavoratori); poi BLINKIX+SICURIX applicano il METODO81+; 3) LEAKIX causa il pericolo 'Registro' (Registro dei Trattamenti); poi CONSENSIX+SICURIX applicano il METODO81+; 4) IMPROVVISIX causa il pericolo 'Emergenze/Soccorso' (Addetto Primo Soccorso); poi CONSENSIX+SICURIX applicano il METODO81+; 5) NONDPIX causa il pericolo 'Ruolo/RLS' (Rappresentante Lavoratori Sicurezza (RLS)); poi CIFRIX+SICURIX applicano il METODO81+; 6) MULTIX causa il pericolo 'DPIA' (Valutazione d'Impatto (DPIA)); poi TRACCIX+SICURIX applicano il METODO81+; 7) CADUTIX causa il pericolo 'Documento' (Documento Valutazione Rischi (DVR)); poi FORMIX+SICURIX applicano il METODO81+; 8) LEAKIX causa il pericolo 'DPO' (Nomina DPO / RPD); poi CIFRIX+SICURIX applicano il METODO81+; 9) LEAKIX causa il pericolo 'Nomine' (Nomina Incaricati/Responsabili); poi SCUDIX+SICURIX applicano il METODO81+; 10) SCIVOLIX causa il pericolo 'DPI' (Uso e Formazione DPI); poi CHECKIX+SICURIX applicano il METODO81+. PALETTE BRAND ESCLUSIVA: nero #05050A, bianco panna, arancione #FF6A1A/#E8501A; ROSSO solo per 'PERICOLO', VERDE per la checklist 'Metodo 81+'. Logo '81+' ben visibile in OGNI vignetta. REGOLA STORIA: SICURIX NON agisce mai da solo - in OGNI vignetta di soluzione si fa AIUTARE dai suoi colleghi EROI (lavoro di squadra, ognuno col suo ruolo). TESTO: didascalie e fumetti MOLTO BREVI (1-4 parole), GRANDI, centrati, in ITALIANO con ORTOGRAFIA PERFETTA, senza parole inventate, lettere doppie errate o testo tagliato. CATTIVI (coerenti col canone): MULTIX, SOTTOVALUTIX, LEAKIX, IMPROVVISIX, NONDPIX, CADUTIX, SCIVOLIX. EROI: SCUDIX, BLINKIX, CONSENSIX, CIFRIX, TRACCIX, FORMIX, CHECKIX. NEGATIVE: nessun marchio LEGO reale, nessun personaggio protetto (Asterix ecc.), niente gore/horror, niente claim assoluti ('rischio zero','garantito','zero multe').","In PA non e' 'se' arriva il controllo, e' 'quando'. Sei pronto?","La differenza tra chi in PA dorme sereno e chi trema al controllo

In pa gli adempimenti obbligatori non aspettano: Sorveglianza sanitaria, Formazione base, Registro, Emergenze/Soccorso, Ruolo/RLS, DPIA, Documento, DPO, Nomine, DPI. In questa pagina TALES OF SICURIX il PERICOLO prende forma... e il METODO81+ lo rimette in ordine, passo dopo passo. Immagina la scena: prima il caos, poi la checklist che sistema tutto. Chi si mette in regola prima, dorme meglio dopo.
👉 Iscriviti al corso: Corso lavoratore parte GENERALE 4 ore -> https://81plus.net/?corso=corso-lavoratore-parte-generale-4-ore
▶️ YouTube: youtube.com/@sicurissimo
Contenuto informativo. Prima vedi. Poi sistemi. 81plus.net",Corso lavoratore parte GENERALE 4 ore,https://81plus.net/?corso=corso-lavoratore-parte-generale-4-ore,#TalesOfSicurix #SICURIX #Metodo81 #81plus #Sicurissimo #Sicurezza #Privacy #SicurezzaSulLavoro,SICURIX_TALES_813000_9_1_13_6_4_18_0_17_14_8.webp,https://drive.google.com/drive/folders/1hICKXdl9JTZBL1pemG19oE_661z-EH_k,IMG_ERR
85.32.09,Sanita/Sociale,Q,Privacy+Sicurezza,12,Formazione GDPR | RSPP / Datore di Lavoro RSPP | Documento Valutazione Rischi (DVR) | Registro dei Trattamenti | Uso e Formazione DPI | Formazione Specifica (rischio medio) | Nomina DPO / RPD | Formazione Preposto | Addetto Antincendio | Rappresentante Lavoratori Sicurezza (RLS) | Formazione Generale Lavoratori | Valutazione d'Impatto (DPIA),GDPR art.32 | D.Lgs81/08 art.34 | D.Lgs81/08 art.28 | GDPR art.30 | D.Lgs81/08 art.77 | Accordo Stato-Regioni | GDPR art.37 | D.Lgs81/08 art.37 | DM 2/9/2021 | D.Lgs81/08 art.47 | GDPR art.35,"SICURIX>IMPROVVISIX, CIFRIX>MULTIX, ROBOTIX81>CAOSIX, PRIVACIX>PHISHIX, PREPOSTIX>IMPROVVISIX, LUXPECTORIX>VIBRIX, CHEFIX>HACKIX, DOCUMIX>SOTTOVALUTIX, SICURIX>CHIMIKIX, BLINKIX>SCIVOLIX, CONSENSIX>BIOXIX, LUXPECTORIX>FRETTIX","Crea una PAGINA A FUMETTI a STORIA COMPLETA, verticale A4 (1024x1536), QUALITA' EDITORIALE DA STAMPA, stile ufficiale 'SICURIX TALES' IDENTICO alle immagini di riferimento allegate (stessi personaggi a mattoncini 3D, stessa impaginazione, stessi colori, stesse rese): minifigure espressive, ambientazioni ricche e dettagliate del settore, luci morbide, profondita', bordi vignetta netti. IMPAGINAZIONE OBBLIGATORIA: da 10 a 12 VIGNETTE numerate che raccontano UNA STORIA con arco narrativo completo (1 situazione normale -> 2-4 arrivano i pericoli coi cattivi -> 5-6 tensione/conseguenza -> 7-9 arriva SICURIX con gli eroi e applica il METODO81+ passo per passo -> 10-11 risoluzione ordinata -> 12 finale). HEADER in alto: SICURIX (mantello, medaglione arancione '81+', bussola) che presenta in un fumetto; grande titolo 'SICURIX TALES'; sottotitolo 'SANITA/SOCIALE: Pericolo vs Soluzione con Metodo 81+'; legenda 3 voci (verde Sicurezza, rosso Rischio, blu 81+ Soluzione); fila di EROI coi nomi: SICURIX, CIFRIX, ROBOTIX81, PRIVACIX, PREPOSTIX, LUXPECTORIX. FOOTER in basso: grande 'Prima vedi. Poi sistemi.'; banner scudo verde 'PROTEGGIAMO. PREVENIAMO. MIGLIORIAMO.' e triangolo rosso 'DISATTENZIONE. RISCHI. COSTI. CAOS.'; logo '81+' + '81plus.net'. TRAMA (usa questi eventi come vignette; se sono meno di 10 aggiungi vignette di contesto, dialogo e reazione per arrivare a 10-12): 1) IMPROVVISIX causa il pericolo 'Formazione' (Formazione GDPR); poi SICURIX+SICURIX applicano il METODO81+; 2) MULTIX causa il pericolo 'Ruolo/RSPP' (RSPP / Datore di Lavoro RSPP); poi CIFRIX+SICURIX applicano il METODO81+; 3) CAOSIX causa il pericolo 'Documento' (Documento Valutazione Rischi (DVR)); poi ROBOTIX81+SICURIX applicano il METODO81+; 4) PHISHIX causa il pericolo 'Registro' (Registro dei Trattamenti); poi PRIVACIX+SICURIX applicano il METODO81+; 5) IMPROVVISIX causa il pericolo 'DPI' (Uso e Formazione DPI); poi PREPOSTIX+SICURIX applicano il METODO81+; 6) VIBRIX causa il pericolo 'Formazione specifica' (Formazione Specifica (rischio medio)); poi LUXPECTORIX+SICURIX applicano il METODO81+; 7) HACKIX causa il pericolo 'DPO' (Nomina DPO / RPD); poi CHEFIX+SICURIX applicano il METODO81+; 8) SOTTOVALUTIX causa il pericolo 'Ruolo/Preposto' (Formazione Preposto); poi DOCUMIX+SICURIX applicano il METODO81+; 9) CHIMIKIX causa il pericolo 'Emergenze/Incendio' (Addetto Antincendio); poi SICURIX+SICURIX applicano il METODO81+; 10) SCIVOLIX causa il pericolo 'Ruolo/RLS' (Rappresentante Lavoratori Sicurezza (RLS)); poi BLINKIX+SICURIX applicano il METODO81+; 11) BIOXIX causa il pericolo 'Formazione base' (Formazione Generale Lavoratori); poi CONSENSIX+SICURIX applicano il METODO81+; 12) FRETTIX causa il pericolo 'DPIA' (Valutazione d'Impatto (DPIA)); poi LUXPECTORIX+SICURIX applicano il METODO81+. PALETTE BRAND ESCLUSIVA: nero #05050A, bianco panna, arancione #FF6A1A/#E8501A; ROSSO solo per 'PERICOLO', VERDE per la checklist 'Metodo 81+'. Logo '81+' ben visibile in OGNI vignetta. REGOLA STORIA: SICURIX NON agisce mai da solo - in OGNI vignetta di soluzione si fa AIUTARE dai suoi colleghi EROI (lavoro di squadra, ognuno col suo ruolo). TESTO: didascalie e fumetti MOLTO BREVI (1-4 parole), GRANDI, centrati, in ITALIANO con ORTOGRAFIA PERFETTA, senza parole inventate, lettere doppie errate o testo tagliato. CATTIVI (coerenti col canone): IMPROVVISIX, MULTIX, CAOSIX, PHISHIX, VIBRIX, HACKIX, SOTTOVALUTIX, CHIMIKIX, SCIVOLIX, BIOXIX, FRETTIX. EROI: SICURIX, CIFRIX, ROBOTIX81, PRIVACIX, PREPOSTIX, LUXPECTORIX, CHEFIX, DOCUMIX, BLINKIX, CONSENSIX. NEGATIVE: nessun marchio LEGO reale, nessun personaggio protetto (Asterix ecc.), niente gore/horror, niente claim assoluti ('rischio zero','garantito','zero multe').",In Sanita/Sociale c'e' un obbligo che in tanti scoprono solo con la sanzione,"In Sanita/Sociale c'e' un obbligo che in tanti scoprono solo con la sanzione

In sanita/sociale gli adempimenti obbligatori non aspettano: Formazione, Ruolo/RSPP, Documento, Registro, DPI, Formazione specifica, DPO, Ruolo/Preposto, Emergenze/Incendio, Ruolo/RLS, Formazione base, DPIA. In questa pagina TALES OF SICURIX il PERICOLO prende forma... e il METODO81+ lo rimette in ordine, passo dopo passo. Immagina la scena: prima il caos, poi la checklist che sistema tutto. Chi si mette in regola prima, dorme meglio dopo.
👉 Iscriviti al corso: GDPR 2016/679: privacy e trattamento dei dati personali -> https://81plus.net/?corso=gdpr-2016-679-privacy-e-trattamento-dei-dati-personali
▶️ YouTube: youtube.com/@sicurissimo
Contenuto informativo. Prima vedi. Poi sistemi. 81plus.net",GDPR 2016/679: privacy e trattamento dei dati personali,https://81plus.net/?corso=gdpr-2016-679-privacy-e-trattamento-dei-dati-personali,#TalesOfSicurix #SICURIX #Metodo81 #81plus #Sicurissimo #Privacy #Sicurezza #SicurezzaSulLavoro,SICURIX_TALES_853209_15_5_0_13_8_2_17_3_7_4_1_18.webp,https://drive.google.com/drive/folders/1hICKXdl9JTZBL1pemG19oE_661z-EH_k,IMG_ERR
38.31.00,Acqua/Rifiuti,E,Sicurezza+Privacy+Ambientale,12,Stress Lavoro-Correlato | Addetto Primo Soccorso | Formazione GDPR | Formazione Preposto | Addetto Antincendio | Documento Valutazione Rischi (DVR) | Formazione Ambientale | Formazione Specifica (rischio alto) | Informativa e Consensi | Rischio Rumore | RSPP / Datore di Lavoro RSPP | Attrezzature e Macchine,D.Lgs81/08 art.28 | DM 388/2003 | GDPR art.32 | D.Lgs81/08 art.37 | DM 2/9/2021 | D.Lgs152/06 | Accordo Stato-Regioni | GDPR art.13 | D.Lgs81/08 Tit.VIII | D.Lgs81/08 art.34 | D.Lgs81/08 Tit.III,"DOCUMIX>SCHIACCIX, BLINKIX>FRETTIX, TRACCIX>MULTIX, PREPOSTIX>VIBRIX, CHECKIX>SCHIACCIX, PREPOSTIX>SCIVOLIX, PREPOSTIX>OBLIVIX, TRACCIX>ØTIX, LUXPECTORIX>HACKIX, LUXPECTORIX>NONDPIX, CONSENSIX>OBLIVIX, BLINKIX>CADUTIX","Crea una PAGINA A FUMETTI a STORIA COMPLETA, verticale A4 (1024x1536), QUALITA' EDITORIALE DA STAMPA, stile ufficiale 'SICURIX TALES' IDENTICO alle immagini di riferimento allegate (stessi personaggi a mattoncini 3D, stessa impaginazione, stessi colori, stesse rese): minifigure espressive, ambientazioni ricche e dettagliate del settore, luci morbide, profondita', bordi vignetta netti. IMPAGINAZIONE OBBLIGATORIA: da 10 a 12 VIGNETTE numerate che raccontano UNA STORIA con arco narrativo completo (1 situazione normale -> 2-4 arrivano i pericoli coi cattivi -> 5-6 tensione/conseguenza -> 7-9 arriva SICURIX con gli eroi e applica il METODO81+ passo per passo -> 10-11 risoluzione ordinata -> 12 finale). HEADER in alto: SICURIX (mantello, medaglione arancione '81+', bussola) che presenta in un fumetto; grande titolo 'SICURIX TALES'; sottotitolo 'ACQUA/RIFIUTI: Pericolo vs Soluzione con Metodo 81+'; legenda 3 voci (verde Sicurezza, rosso Rischio, blu 81+ Soluzione); fila di EROI coi nomi: DOCUMIX, BLINKIX, TRACCIX, PREPOSTIX, CHECKIX, LUXPECTORIX. FOOTER in basso: grande 'Prima vedi. Poi sistemi.'; banner scudo verde 'PROTEGGIAMO. PREVENIAMO. MIGLIORIAMO.' e triangolo rosso 'DISATTENZIONE. RISCHI. COSTI. CAOS.'; logo '81+' + '81plus.net'. TRAMA (usa questi eventi come vignette; se sono meno di 10 aggiungi vignette di contesto, dialogo e reazione per arrivare a 10-12): 1) SCHIACCIX causa il pericolo 'Stress' (Stress Lavoro-Correlato); poi DOCUMIX+SICURIX applicano il METODO81+; 2) FRETTIX causa il pericolo 'Emergenze/Soccorso' (Addetto Primo Soccorso); poi BLINKIX+SICURIX applicano il METODO81+; 3) MULTIX causa il pericolo 'Formazione' (Formazione GDPR); poi TRACCIX+SICURIX applicano il METODO81+; 4) VIBRIX causa il pericolo 'Ruolo/Preposto' (Formazione Preposto); poi PREPOSTIX+SICURIX applicano il METODO81+; 5) SCHIACCIX causa il pericolo 'Emergenze/Incendio' (Addetto Antincendio); poi CHECKIX+SICURIX applicano il METODO81+; 6) SCIVOLIX causa il pericolo 'Documento' (Documento Valutazione Rischi (DVR)); poi PREPOSTIX+SICURIX applicano il METODO81+; 7) OBLIVIX causa il pericolo 'Formazione' (Formazione Ambientale); poi PREPOSTIX+SICURIX applicano il METODO81+; 8) ØTIX causa il pericolo 'Formazione specifica' (Formazione Specifica (rischio alto)); poi TRACCIX+SICURIX applicano il METODO81+; 9) HACKIX causa il pericolo 'Documento' (Informativa e Consensi); poi LUXPECTORIX+SICURIX applicano il METODO81+; 10) NONDPIX causa il pericolo 'Rumore' (Rischio Rumore); poi LUXPECTORIX+SICURIX applicano il METODO81+; 11) OBLIVIX causa il pericolo 'Ruolo/RSPP' (RSPP / Datore di Lavoro RSPP); poi CONSENSIX+SICURIX applicano il METODO81+; 12) CADUTIX causa il pericolo 'Attrezzature' (Attrezzature e Macchine); poi BLINKIX+SICURIX applicano il METODO81+. PALETTE BRAND ESCLUSIVA: nero #05050A, bianco panna, arancione #FF6A1A/#E8501A; ROSSO solo per 'PERICOLO', VERDE per la checklist 'Metodo 81+'. Logo '81+' ben visibile in OGNI vignetta. REGOLA STORIA: SICURIX NON agisce mai da solo - in OGNI vignetta di soluzione si fa AIUTARE dai suoi colleghi EROI (lavoro di squadra, ognuno col suo ruolo). TESTO: didascalie e fumetti MOLTO BREVI (1-4 parole), GRANDI, centrati, in ITALIANO con ORTOGRAFIA PERFETTA, senza parole inventate, lettere doppie errate o testo tagliato. CATTIVI (coerenti col canone): SCHIACCIX, FRETTIX, MULTIX, VIBRIX, SCIVOLIX, OBLIVIX, ØTIX, HACKIX, NONDPIX, CADUTIX. EROI: DOCUMIX, BLINKIX, TRACCIX, PREPOSTIX, CHECKIX, LUXPECTORIX, CONSENSIX. NEGATIVE: nessun marchio LEGO reale, nessun personaggio protetto (Asterix ecc.), niente gore/horror, niente claim assoluti ('rischio zero','garantito','zero multe').",Acqua/Rifiuti: 3 minuti oggi o un problema enorme domani. Scegli tu.,"In Acqua/Rifiuti non e' 'se' arriva il controllo, e' 'quando'. Sei pronto?

In acqua/rifiuti gli adempimenti obbligatori non aspettano: Stress, Emergenze/Soccorso, Formazione, Ruolo/Preposto, Emergenze/Incendio, Documento, Formazione specifica, Rumore, Ruolo/RSPP, Attrezzature. In questa pagina TALES OF SICURIX il PERICOLO prende forma... e il METODO81+ lo rimette in ordine, passo dopo passo. Immagina la scena: prima il caos, poi la checklist che sistema tutto. Non e' burocrazia: e' la tua tranquillita.
👉 Iscriviti al corso: Rischio stress lavoro correlato -> https://81plus.net/?corso=rischio-stress-lavoro-correlato
▶️ YouTube: youtube.com/@sicurissimo
Contenuto informativo. Prima vedi. Poi sistemi. 81plus.net",Rischio stress lavoro correlato,https://81plus.net/?corso=rischio-stress-lavoro-correlato,#TalesOfSicurix #SICURIX #Metodo81 #81plus #Sicurissimo #Sicurezza #Privacy #Ambientale #SicurezzaSulLavoro,SICURIX_TALES_383100_11_6_18_3_7_0_21_2_15_12_5_13.webp,https://drive.google.com/drive/folders/1hICKXdl9JTZBL1pemG19oE_661z-EH_k,IMG_ERR
47.24.20,Commercio,G,HACCP+Sicurezza+Privacy,11,Gestione Allergeni | Addetto Primo Soccorso | Documento Valutazione Rischi (DVR) | RSPP / Datore di Lavoro RSPP | Formazione Preposto | Rintracciabilita ed Etichettatura | Videosorveglianza a norma | Controllo Temperature e Celle | Formazione Specifica (rischio medio) | Formazione GDPR | Procedura Data Breach,Reg.UE 1169/2011 | DM 388/2003 | D.Lgs81/08 art.28 | D.Lgs81/08 art.34 | D.Lgs81/08 art.37 | Reg.CE 178/2002 | Provv.Garante | Reg.CE 852/2004 | Accordo Stato-Regioni | GDPR art.32 | GDPR art.33-34,"PREPOSTIX>DOSAGIX, SCUDIX>CAOSIX, CONSENSIX>RISKIX, FORMIX>TAGLIX, CHEFIX>SCIVOLIX, CHEFIX>OBLIVIX, PRIVACIX>MULTIX, FORMIX>CROSSIX, HYGIENIX>MULTIX, CHEFIX>PHISHIX, BLINKIX>PHISHIX","Crea una PAGINA A FUMETTI a STORIA COMPLETA, verticale A4 (1024x1536), QUALITA' EDITORIALE DA STAMPA, stile ufficiale 'SICURIX TALES' IDENTICO alle immagini di riferimento allegate (stessi personaggi a mattoncini 3D, stessa impaginazione, stessi colori, stesse rese): minifigure espressive, ambientazioni ricche e dettagliate del settore, luci morbide, profondita', bordi vignetta netti. IMPAGINAZIONE OBBLIGATORIA: da 10 a 12 VIGNETTE numerate che raccontano UNA STORIA con arco narrativo completo (1 situazione normale -> 2-4 arrivano i pericoli coi cattivi -> 5-6 tensione/conseguenza -> 7-9 arriva SICURIX con gli eroi e applica il METODO81+ passo per passo -> 10-11 risoluzione ordinata -> 12 finale). HEADER in alto: SICURIX (mantello, medaglione arancione '81+', bussola) che presenta in un fumetto; grande titolo 'SICURIX TALES'; sottotitolo 'COMMERCIO: Pericolo vs Soluzione con Metodo 81+'; legenda 3 voci (verde Sicurezza, rosso Rischio, blu 81+ Soluzione); fila di EROI coi nomi: PREPOSTIX, SCUDIX, CONSENSIX, FORMIX, CHEFIX, PRIVACIX. FOOTER in basso: grande 'Prima vedi. Poi sistemi.'; banner scudo verde 'PROTEGGIAMO. PREVENIAMO. MIGLIORIAMO.' e triangolo rosso 'DISATTENZIONE. RISCHI. COSTI. CAOS.'; logo '81+' + '81plus.net'. TRAMA (usa questi eventi come vignette; se sono meno di 10 aggiungi vignette di contesto, dialogo e reazione per arrivare a 10-12): 1) DOSAGIX causa il pericolo 'Allergeni' (Gestione Allergeni); poi PREPOSTIX+SICURIX applicano il METODO81+; 2) CAOSIX causa il pericolo 'Emergenze/Soccorso' (Addetto Primo Soccorso); poi SCUDIX+SICURIX applicano il METODO81+; 3) RISKIX causa il pericolo 'Documento' (Documento Valutazione Rischi (DVR)); poi CONSENSIX+SICURIX applicano il METODO81+; 4) TAGLIX causa il pericolo 'Ruolo/RSPP' (RSPP / Datore di Lavoro RSPP); poi FORMIX+SICURIX applicano il METODO81+; 5) SCIVOLIX causa il pericolo 'Ruolo/Preposto' (Formazione Preposto); poi CHEFIX+SICURIX applicano il METODO81+; 6) OBLIVIX causa il pericolo 'Rintracciabilita' (Rintracciabilita ed Etichettatura); poi CHEFIX+SICURIX applicano il METODO81+; 7) MULTIX causa il pericolo 'Videosorveglianza' (Videosorveglianza a norma); poi PRIVACIX+SICURIX applicano il METODO81+; 8) CROSSIX causa il pericolo 'Temperature' (Controllo Temperature e Celle); poi FORMIX+SICURIX applicano il METODO81+; 9) MULTIX causa il pericolo 'Formazione specifica' (Formazione Specifica (rischio medio)); poi HYGIENIX+SICURIX applicano il METODO81+; 10) PHISHIX causa il pericolo 'Formazione' (Formazione GDPR); poi CHEFIX+SICURIX applicano il METODO81+; 11) PHISHIX causa il pericolo 'Data breach' (Procedura Data Breach); poi BLINKIX+SICURIX applicano il METODO81+. PALETTE BRAND ESCLUSIVA: nero #05050A, bianco panna, arancione #FF6A1A/#E8501A; ROSSO solo per 'PERICOLO', VERDE per la checklist 'Metodo 81+'. Logo '81+' ben visibile in OGNI vignetta. REGOLA STORIA: SICURIX NON agisce mai da solo - in OGNI vignetta di soluzione si fa AIUTARE dai suoi colleghi EROI (lavoro di squadra, ognuno col suo ruolo). TESTO: didascalie e fumetti MOLTO BREVI (1-4 parole), GRANDI, centrati, in ITALIANO con ORTOGRAFIA PERFETTA, senza parole inventate, lettere doppie errate o testo tagliato. CATTIVI (coerenti col canone): DOSAGIX, CAOSIX, RISKIX, TAGLIX, SCIVOLIX, OBLIVIX, MULTIX, CROSSIX, PHISHIX. EROI: PREPOSTIX, SCUDIX, CONSENSIX, FORMIX, CHEFIX, PRIVACIX, HYGIENIX, BLINKIX. NEGATIVE: nessun marchio LEGO reale, nessun personaggio protetto (Asterix ecc.), niente gore/horror, niente claim assoluti ('rischio zero','garantito','zero multe').",Quello che l'ispettore controlla per primo in Commercio (e quasi nessuno lo sa),"In Commercio non e' 'se' arriva il controllo, e' 'quando'. Sei pronto?

In commercio gli adempimenti obbligatori non aspettano: Allergeni, Emergenze/Soccorso, Documento, Ruolo/RSPP, Ruolo/Preposto, Rintracciabilita, Videosorveglianza, Temperature, Formazione specifica, Formazione, Data breach. In questa pagina TALES OF SICURIX il PERICOLO prende forma... e il METODO81+ lo rimette in ordine, passo dopo passo. Immagina la scena: prima il caos, poi la checklist che sistema tutto. Chi si mette in regola prima, dorme meglio dopo.
👉 Iscriviti al corso: Haccp - Corso responsabile industria alimentare -> https://81plus.net/?corso=haccp-corso-responsabile-industria-alimentare
▶️ YouTube: youtube.com/@sicurissimo
Contenuto informativo. Prima vedi. Poi sistemi. 81plus.net",Haccp - Corso responsabile industria alimentare,https://81plus.net/?corso=haccp-corso-responsabile-industria-alimentare,#TalesOfSicurix #SICURIX #Metodo81 #81plus #Sicurissimo #HACCP #Sicurezza #Privacy #SicurezzaSulLavoro,SICURIX_TALES_472420_18_6_0_5_3_15_24_16_2_22_23.webp,https://drive.google.com/drive/folders/1hICKXdl9JTZBL1pemG19oE_661z-EH_k,IMG_ERR
84.13.50,Istruzione,P,Sicurezza+Privacy,10,Uso e Formazione DPI | Addetto Primo Soccorso | Movimentazione Manuale Carichi | Procedura Data Breach | RSPP / Datore di Lavoro RSPP | Informativa e Consensi | Addetto Antincendio | Formazione Specifica (rischio medio) | Formazione Generale Lavoratori | Videosorveglianza a norma,D.Lgs81/08 art.77 | DM 388/2003 | D.Lgs81/08 Tit.VI | GDPR art.33-34 | D.Lgs81/08 art.34 | GDPR art.13 | DM 2/9/2021 | Accordo Stato-Regioni | Provv.Garante,"FORMIX>POLVERIX, LUXPECTORIX>VOLTIX, SICURIX>VIBRIX, SCUDIX>FRETTIX, SCUDIX>FRETTIX, PREPOSTIX>HACKIX, TRACCIX>CHIMIKIX, CHEFIX>CHIMIKIX, PRIVACIX>SCHIACCIX, TRACCIX>CAOSIX","Crea una PAGINA A FUMETTI a STORIA COMPLETA, verticale A4 (1024x1536), QUALITA' EDITORIALE DA STAMPA, stile ufficiale 'SICURIX TALES' IDENTICO alle immagini di riferimento allegate (stessi personaggi a mattoncini 3D, stessa impaginazione, stessi colori, stesse rese): minifigure espressive, ambientazioni ricche e dettagliate del settore, luci morbide, profondita', bordi vignetta netti. IMPAGINAZIONE OBBLIGATORIA: da 10 a 12 VIGNETTE numerate che raccontano UNA STORIA con arco narrativo completo (1 situazione normale -> 2-4 arrivano i pericoli coi cattivi -> 5-6 tensione/conseguenza -> 7-9 arriva SICURIX con gli eroi e applica il METODO81+ passo per passo -> 10-11 risoluzione ordinata -> 12 finale). HEADER in alto: SICURIX (mantello, medaglione arancione '81+', bussola) che presenta in un fumetto; grande titolo 'SICURIX TALES'; sottotitolo 'ISTRUZIONE: Pericolo vs Soluzione con Metodo 81+'; legenda 3 voci (verde Sicurezza, rosso Rischio, blu 81+ Soluzione); fila di EROI coi nomi: FORMIX, LUXPECTORIX, SICURIX, SCUDIX, PREPOSTIX, TRACCIX. FOOTER in basso: grande 'Prima vedi. Poi sistemi.'; banner scudo verde 'PROTEGGIAMO. PREVENIAMO. MIGLIORIAMO.' e triangolo rosso 'DISATTENZIONE. RISCHI. COSTI. CAOS.'; logo '81+' + '81plus.net'. TRAMA (usa questi eventi come vignette; se sono meno di 10 aggiungi vignette di contesto, dialogo e reazione per arrivare a 10-12): 1) POLVERIX causa il pericolo 'DPI' (Uso e Formazione DPI); poi FORMIX+SICURIX applicano il METODO81+; 2) VOLTIX causa il pericolo 'Emergenze/Soccorso' (Addetto Primo Soccorso); poi LUXPECTORIX+SICURIX applicano il METODO81+; 3) VIBRIX causa il pericolo 'MMC' (Movimentazione Manuale Carichi); poi SICURIX+SICURIX applicano il METODO81+; 4) FRETTIX causa il pericolo 'Data breach' (Procedura Data Breach); poi SCUDIX+SICURIX applicano il METODO81+; 5) FRETTIX causa il pericolo 'Ruolo/RSPP' (RSPP / Datore di Lavoro RSPP); poi SCUDIX+SICURIX applicano il METODO81+; 6) HACKIX causa il pericolo 'Documento' (Informativa e Consensi); poi PREPOSTIX+SICURIX applicano il METODO81+; 7) CHIMIKIX causa il pericolo 'Emergenze/Incendio' (Addetto Antincendio); poi TRACCIX+SICURIX applicano il METODO81+; 8) CHIMIKIX causa il pericolo 'Formazione specifica' (Formazione Specifica (rischio medio)); poi CHEFIX+SICURIX applicano il METODO81+; 9) SCHIACCIX causa il pericolo 'Formazione base' (Formazione Generale Lavoratori); poi PRIVACIX+SICURIX applicano il METODO81+; 10) CAOSIX causa il pericolo 'Videosorveglianza' (Videosorveglianza a norma); poi TRACCIX+SICURIX applicano il METODO81+. PALETTE BRAND ESCLUSIVA: nero #05050A, bianco panna, arancione #FF6A1A/#E8501A; ROSSO solo per 'PERICOLO', VERDE per la checklist 'Metodo 81+'. Logo '81+' ben visibile in OGNI vignetta. REGOLA STORIA: SICURIX NON agisce mai da solo - in OGNI vignetta di soluzione si fa AIUTARE dai suoi colleghi EROI (lavoro di squadra, ognuno col suo ruolo). TESTO: didascalie e fumetti MOLTO BREVI (1-4 parole), GRANDI, centrati, in ITALIANO con ORTOGRAFIA PERFETTA, senza parole inventate, lettere doppie errate o testo tagliato. CATTIVI (coerenti col canone): POLVERIX, VOLTIX, VIBRIX, FRETTIX, HACKIX, CHIMIKIX, SCHIACCIX, CAOSIX. EROI: FORMIX, LUXPECTORIX, SICURIX, SCUDIX, PREPOSTIX, TRACCIX, CHEFIX, PRIVACIX. NEGATIVE: nessun marchio LEGO reale, nessun personaggio protetto (Asterix ecc.), niente gore/horror, niente claim assoluti ('rischio zero','garantito','zero multe').",In Istruzione c'e' un obbligo che in tanti scoprono solo con la sanzione,"Quello che l'ispettore controlla per primo in Istruzione (e quasi nessuno lo sa)

In istruzione gli adempimenti obbligatori non aspettano: DPI, Emergenze/Soccorso, MMC, Data breach, Ruolo/RSPP, Documento, Emergenze/Incendio, Formazione specifica, Formazione base, Videosorveglianza. In questa pagina TALES OF SICURIX il PERICOLO prende forma... e il METODO81+ lo rimette in ordine, passo dopo passo. Immagina la scena: prima il caos, poi la checklist che sistema tutto. Non e' burocrazia: e' la tua tranquillita.
👉 Iscriviti al corso: Corso Lavori in Quota e DPI Anticaduta -> https://81plus.net/?corso=corso-lavori-in-quota-e-dpi-anticaduta
▶️ YouTube: youtube.com/@sicurissimo
Contenuto informativo. Prima vedi. Poi sistemi. 81plus.net",Corso Lavori in Quota e DPI Anticaduta,https://81plus.net/?corso=corso-lavori-in-quota-e-dpi-anticaduta,#TalesOfSicurix #SICURIX #Metodo81 #81plus #Sicurissimo #Sicurezza #Privacy #SicurezzaSulLavoro,SICURIX_TALES_841350_8_6_10_16_5_12_7_2_1_19.webp,https://drive.google.com/drive/folders/1hICKXdl9JTZBL1pemG19oE_661z-EH_k,IMG_ERR
46.11.03,Commercio,G,Privacy+Sicurezza+HACCP,12,Videosorveglianza a norma | Uso e Formazione DPI | Registro dei Trattamenti | Procedura Data Breach | Addetto Primo Soccorso | Controllo Temperature e Celle | Documento Valutazione Rischi (DVR) | Gestione Allergeni | RSPP / Datore di Lavoro RSPP | Lotta agli Infestanti (Pest Control) | Informativa e Consensi | Movimentazione Manuale Carichi,Provv.Garante | D.Lgs81/08 art.77 | GDPR art.30 | GDPR art.33-34 | DM 388/2003 | Reg.CE 852/2004 | D.Lgs81/08 art.28 | Reg.UE 1169/2011 | D.Lgs81/08 art.34 | GDPR art.13 | D.Lgs81/08 Tit.VI,"PRIVACIX>PERMISSIONIX, CHECKIX>OBLIVIX, DOCUMIX>FRETTIX, CHECKIX>SPYIX, LUXPECTORIX>SCIVOLIX, HYGIENIX>ACQUAIX, CHECKIX>IMPROVVISIX, BLINKIX>SPORCKIX, LUXPECTORIX>SCIVOLIX, PRIVACIX>FRETTIX, PREPOSTIX>LEAKIX, SCUDIX>VOLTIX","Crea una PAGINA A FUMETTI a STORIA COMPLETA, verticale A4 (1024x1536), QUALITA' EDITORIALE DA STAMPA, stile ufficiale 'SICURIX TALES' IDENTICO alle immagini di riferimento allegate (stessi personaggi a mattoncini 3D, stessa impaginazione, stessi colori, stesse rese): minifigure espressive, ambientazioni ricche e dettagliate del settore, luci morbide, profondita', bordi vignetta netti. IMPAGINAZIONE OBBLIGATORIA: da 10 a 12 VIGNETTE numerate che raccontano UNA STORIA con arco narrativo completo (1 situazione normale -> 2-4 arrivano i pericoli coi cattivi -> 5-6 tensione/conseguenza -> 7-9 arriva SICURIX con gli eroi e applica il METODO81+ passo per passo -> 10-11 risoluzione ordinata -> 12 finale). HEADER in alto: SICURIX (mantello, medaglione arancione '81+', bussola) che presenta in un fumetto; grande titolo 'SICURIX TALES'; sottotitolo 'COMMERCIO: Pericolo vs Soluzione con Metodo 81+'; legenda 3 voci (verde Sicurezza, rosso Rischio, blu 81+ Soluzione); fila di EROI coi nomi: PRIVACIX, CHECKIX, DOCUMIX, LUXPECTORIX, HYGIENIX, BLINKIX. FOOTER in basso: grande 'Prima vedi. Poi sistemi.'; banner scudo verde 'PROTEGGIAMO. PREVENIAMO. MIGLIORIAMO.' e triangolo rosso 'DISATTENZIONE. RISCHI. COSTI. CAOS.'; logo '81+' + '81plus.net'. TRAMA (usa questi eventi come vignette; se sono meno di 10 aggiungi vignette di contesto, dialogo e reazione per arrivare a 10-12): 1) PERMISSIONIX causa il pericolo 'Videosorveglianza' (Videosorveglianza a norma); poi PRIVACIX+SICURIX applicano il METODO81+; 2) OBLIVIX causa il pericolo 'DPI' (Uso e Formazione DPI); poi CHECKIX+SICURIX applicano il METODO81+; 3) FRETTIX causa il pericolo 'Registro' (Registro dei Trattamenti); poi DOCUMIX+SICURIX applicano il METODO81+; 4) SPYIX causa il pericolo 'Data breach' (Procedura Data Breach); poi CHECKIX+SICURIX applicano il METODO81+; 5) SCIVOLIX causa il pericolo 'Emergenze/Soccorso' (Addetto Primo Soccorso); poi LUXPECTORIX+SICURIX applicano il METODO81+; 6) ACQUAIX causa il pericolo 'Temperature' (Controllo Temperature e Celle); poi HYGIENIX+SICURIX applicano il METODO81+; 7) IMPROVVISIX causa il pericolo 'Documento' (Documento Valutazione Rischi (DVR)); poi CHECKIX+SICURIX applicano il METODO81+; 8) SPORCKIX causa il pericolo 'Allergeni' (Gestione Allergeni); poi BLINKIX+SICURIX applicano il METODO81+; 9) SCIVOLIX causa il pericolo 'Ruolo/RSPP' (RSPP / Datore di Lavoro RSPP); poi LUXPECTORIX+SICURIX applicano il METODO81+; 10) FRETTIX causa il pericolo 'Infestanti' (Lotta agli Infestanti (Pest Control)); poi PRIVACIX+SICURIX applicano il METODO81+; 11) LEAKIX causa il pericolo 'Documento' (Informativa e Consensi); poi PREPOSTIX+SICURIX applicano il METODO81+; 12) VOLTIX causa il pericolo 'MMC' (Movimentazione Manuale Carichi); poi SCUDIX+SICURIX applicano il METODO81+. PALETTE BRAND ESCLUSIVA: nero #05050A, bianco panna, arancione #FF6A1A/#E8501A; ROSSO solo per 'PERICOLO', VERDE per la checklist 'Metodo 81+'. Logo '81+' ben visibile in OGNI vignetta. REGOLA STORIA: SICURIX NON agisce mai da solo - in OGNI vignetta di soluzione si fa AIUTARE dai suoi colleghi EROI (lavoro di squadra, ognuno col suo ruolo). TESTO: didascalie e fumetti MOLTO BREVI (1-4 parole), GRANDI, centrati, in ITALIANO con ORTOGRAFIA PERFETTA, senza parole inventate, lettere doppie errate o testo tagliato. CATTIVI (coerenti col canone): PERMISSIONIX, OBLIVIX, FRETTIX, SPYIX, SCIVOLIX, ACQUAIX, IMPROVVISIX, SPORCKIX, LEAKIX, VOLTIX. EROI: PRIVACIX, CHECKIX, DOCUMIX, LUXPECTORIX, HYGIENIX, BLINKIX, PREPOSTIX, SCUDIX. NEGATIVE: nessun marchio LEGO reale, nessun personaggio protetto (Asterix ecc.), niente gore/horror, niente claim assoluti ('rischio zero','garantito','zero multe').",Commercio: 3 minuti oggi o un problema enorme domani. Scegli tu.,"Quello che l'ispettore controlla per primo in Commercio (e quasi nessuno lo sa)

In commercio gli adempimenti obbligatori non aspettano: Videosorveglianza, DPI, Registro, Data breach, Emergenze/Soccorso, Temperature, Documento, Allergeni, Ruolo/RSPP, Infestanti, MMC. In questa pagina TALES OF SICURIX il PERICOLO prende forma... e il METODO81+ lo rimette in ordine, passo dopo passo. Immagina la scena: prima il caos, poi la checklist che sistema tutto. Chi si mette in regola prima, dorme meglio dopo.
👉 Iscriviti al corso: Corso privacy destinato ai lavoratori -> https://81plus.net/?corso=corso-privacy-destinato-ai-lavoratori
▶️ YouTube: youtube.com/@sicurissimo
Contenuto informativo. Prima vedi. Poi sistemi. 81plus.net",Corso privacy destinato ai lavoratori,https://81plus.net/?corso=corso-privacy-destinato-ai-lavoratori,#TalesOfSicurix #SICURIX #Metodo81 #81plus #Sicurissimo #Privacy #Sicurezza #HACCP #SicurezzaSulLavoro,SICURIX_TALES_461103_24_8_20_23_6_16_0_18_5_17_19_10.webp,https://drive.google.com/drive/folders/1hICKXdl9JTZBL1pemG19oE_661z-EH_k,IMG_ERR
11.01.00,Manifattura,C,Sicurezza+Privacy+Ambientale,10,Addetto Primo Soccorso | Formazione Specifica (rischio alto) | Uso e Formazione DPI | Documento Valutazione Rischi (DVR) | Attrezzature e Macchine | Informativa e Consensi | Gestione Rifiuti e Registro | Addetto Antincendio | Registro dei Trattamenti | Formazione GDPR,DM 388/2003 | Accordo Stato-Regioni | D.Lgs81/08 art.77 | D.Lgs81/08 art.28 | D.Lgs81/08 Tit.III | GDPR art.13 | D.Lgs152/06 | DM 2/9/2021 | GDPR art.30 | GDPR art.32,"LUXPECTORIX>SCIVOLIX, PREPOSTIX>IMPROVVISIX, DOCUMIX>POLVERIX, CHEFIX>VOLTIX, FORMIX>CADUTIX, CIFRIX>HACKIX, TRACCIX>OBLIVIX, CONSENSIX>OBLIVIX, FORMIX>SPYIX, LUXPECTORIX>CANCELIX","Crea una PAGINA A FUMETTI a STORIA COMPLETA, verticale A4 (1024x1536), QUALITA' EDITORIALE DA STAMPA, stile ufficiale 'SICURIX TALES' IDENTICO alle immagini di riferimento allegate (stessi personaggi a mattoncini 3D, stessa impaginazione, stessi colori, stesse rese): minifigure espressive, ambientazioni ricche e dettagliate del settore, luci morbide, profondita', bordi vignetta netti. IMPAGINAZIONE OBBLIGATORIA: da 10 a 12 VIGNETTE numerate che raccontano UNA STORIA con arco narrativo completo (1 situazione normale -> 2-4 arrivano i pericoli coi cattivi -> 5-6 tensione/conseguenza -> 7-9 arriva SICURIX con gli eroi e applica il METODO81+ passo per passo -> 10-11 risoluzione ordinata -> 12 finale). HEADER in alto: SICURIX (mantello, medaglione arancione '81+', bussola) che presenta in un fumetto; grande titolo 'SICURIX TALES'; sottotitolo 'MANIFATTURA: Pericolo vs Soluzione con Metodo 81+'; legenda 3 voci (verde Sicurezza, rosso Rischio, blu 81+ Soluzione); fila di EROI coi nomi: LUXPECTORIX, PREPOSTIX, DOCUMIX, CHEFIX, FORMIX, CIFRIX. FOOTER in basso: grande 'Prima vedi. Poi sistemi.'; banner scudo verde 'PROTEGGIAMO. PREVENIAMO. MIGLIORIAMO.' e triangolo rosso 'DISATTENZIONE. RISCHI. COSTI. CAOS.'; logo '81+' + '81plus.net'. TRAMA (usa questi eventi come vignette; se sono meno di 10 aggiungi vignette di contesto, dialogo e reazione per arrivare a 10-12): 1) SCIVOLIX causa il pericolo 'Emergenze/Soccorso' (Addetto Primo Soccorso); poi LUXPECTORIX+SICURIX applicano il METODO81+; 2) IMPROVVISIX causa il pericolo 'Formazione specifica' (Formazione Specifica (rischio alto)); poi PREPOSTIX+SICURIX applicano il METODO81+; 3) POLVERIX causa il pericolo 'DPI' (Uso e Formazione DPI); poi DOCUMIX+SICURIX applicano il METODO81+; 4) VOLTIX causa il pericolo 'Documento' (Documento Valutazione Rischi (DVR)); poi CHEFIX+SICURIX applicano il METODO81+; 5) CADUTIX causa il pericolo 'Attrezzature' (Attrezzature e Macchine); poi FORMIX+SICURIX applicano il METODO81+; 6) HACKIX causa il pericolo 'Documento' (Informativa e Consensi); poi CIFRIX+SICURIX applicano il METODO81+; 7) OBLIVIX causa il pericolo 'Rifiuti' (Gestione Rifiuti e Registro); poi TRACCIX+SICURIX applicano il METODO81+; 8) OBLIVIX causa il pericolo 'Emergenze/Incendio' (Addetto Antincendio); poi CONSENSIX+SICURIX applicano il METODO81+; 9) SPYIX causa il pericolo 'Registro' (Registro dei Trattamenti); poi FORMIX+SICURIX applicano il METODO81+; 10) CANCELIX causa il pericolo 'Formazione' (Formazione GDPR); poi LUXPECTORIX+SICURIX applicano il METODO81+. PALETTE BRAND ESCLUSIVA: nero #05050A, bianco panna, arancione #FF6A1A/#E8501A; ROSSO solo per 'PERICOLO', VERDE per la checklist 'Metodo 81+'. Logo '81+' ben visibile in OGNI vignetta. REGOLA STORIA: SICURIX NON agisce mai da solo - in OGNI vignetta di soluzione si fa AIUTARE dai suoi colleghi EROI (lavoro di squadra, ognuno col suo ruolo). TESTO: didascalie e fumetti MOLTO BREVI (1-4 parole), GRANDI, centrati, in ITALIANO con ORTOGRAFIA PERFETTA, senza parole inventate, lettere doppie errate o testo tagliato. CATTIVI (coerenti col canone): SCIVOLIX, IMPROVVISIX, POLVERIX, VOLTIX, CADUTIX, HACKIX, OBLIVIX, SPYIX, CANCELIX. EROI: LUXPECTORIX, PREPOSTIX, DOCUMIX, CHEFIX, FORMIX, CIFRIX, TRACCIX, CONSENSIX. NEGATIVE: nessun marchio LEGO reale, nessun personaggio protetto (Asterix ecc.), niente gore/horror, niente claim assoluti ('rischio zero','garantito','zero multe').",Quello che l'ispettore controlla per primo in Manifattura (e quasi nessuno lo sa),"Quello che l'ispettore controlla per primo in Manifattura (e quasi nessuno lo sa)

In manifattura gli adempimenti obbligatori non aspettano: Emergenze/Soccorso, Formazione specifica, DPI, Documento, Attrezzature, Rifiuti, Emergenze/Incendio, Registro, Formazione. In questa pagina TALES OF SICURIX il PERICOLO prende forma... e il METODO81+ lo rimette in ordine, passo dopo passo. Immagina la scena: prima il caos, poi la checklist che sistema tutto. Chi si mette in regola prima, dorme meglio dopo.
👉 Iscriviti al corso: Corso Primo Soccorso (A-B-C) -> https://81plus.net/?corso=corso-primo-soccorso-a-b-c
▶️ YouTube: youtube.com/@sicurissimo
Contenuto informativo. Prima vedi. Poi sistemi. 81plus.net",Corso Primo Soccorso (A-B-C),https://81plus.net/?corso=corso-primo-soccorso-a-b-c,#TalesOfSicurix #SICURIX #Metodo81 #81plus #Sicurissimo #Sicurezza #Privacy #Ambientale #SicurezzaSulLavoro,SICURIX_TALES_110100_6_2_8_0_13_21_26_7_22_24.webp,https://drive.google.com/drive/folders/1hICKXdl9JTZBL1pemG19oE_661z-EH_k,IMG_ERR
52.24.40,Trasporti/Magazzino,H,Ambientale+Sicurezza+Privacy,12,Gestione Rifiuti e Registro | Formazione Specifica (rischio alto) | Procedura Data Breach | Stress Lavoro-Correlato | Addetto Primo Soccorso | Formazione GDPR | Documento Valutazione Rischi (DVR) | Informativa e Consensi | Addetto Antincendio | Uso e Formazione DPI | Formazione Ambientale | Carrellista / Muletto,D.Lgs152/06 | Accordo Stato-Regioni | GDPR art.33-34 | D.Lgs81/08 art.28 | DM 388/2003 | GDPR art.32 | GDPR art.13 | DM 2/9/2021 | D.Lgs81/08 art.77,"BLINKIX>CAOSIX, HYGIENIX>POLVERIX, BLINKIX>MULTIX, BLINKIX>SEGNALEX, HYGIENIX>RUMORIX, BLINKIX>PHISHIX, LUXPECTORIX>RUMORIX, SICURIX>HACKIX, DOCUMIX>NONDPIX, PRIVACIX>CAOSIX, CIFRIX>OBLIVIX, CHEFIX>NONDPIX","Crea una PAGINA A FUMETTI a STORIA COMPLETA, verticale A4 (1024x1536), QUALITA' EDITORIALE DA STAMPA, stile ufficiale 'SICURIX TALES' IDENTICO alle immagini di riferimento allegate (stessi personaggi a mattoncini 3D, stessa impaginazione, stessi colori, stesse rese): minifigure espressive, ambientazioni ricche e dettagliate del settore, luci morbide, profondita', bordi vignetta netti. IMPAGINAZIONE OBBLIGATORIA: da 10 a 12 VIGNETTE numerate che raccontano UNA STORIA con arco narrativo completo (1 situazione normale -> 2-4 arrivano i pericoli coi cattivi -> 5-6 tensione/conseguenza -> 7-9 arriva SICURIX con gli eroi e applica il METODO81+ passo per passo -> 10-11 risoluzione ordinata -> 12 finale). HEADER in alto: SICURIX (mantello, medaglione arancione '81+', bussola) che presenta in un fumetto; grande titolo 'SICURIX TALES'; sottotitolo 'TRASPORTI/MAGAZZINO: Pericolo vs Soluzione con Metodo 81+'; legenda 3 voci (verde Sicurezza, rosso Rischio, blu 81+ Soluzione); fila di EROI coi nomi: BLINKIX, HYGIENIX, LUXPECTORIX, SICURIX, DOCUMIX, PRIVACIX. FOOTER in basso: grande 'Prima vedi. Poi sistemi.'; banner scudo verde 'PROTEGGIAMO. PREVENIAMO. MIGLIORIAMO.' e triangolo rosso 'DISATTENZIONE. RISCHI. COSTI. CAOS.'; logo '81+' + '81plus.net'. TRAMA (usa questi eventi come vignette; se sono meno di 10 aggiungi vignette di contesto, dialogo e reazione per arrivare a 10-12): 1) CAOSIX causa il pericolo 'Rifiuti' (Gestione Rifiuti e Registro); poi BLINKIX+SICURIX applicano il METODO81+; 2) POLVERIX causa il pericolo 'Formazione specifica' (Formazione Specifica (rischio alto)); poi HYGIENIX+SICURIX applicano il METODO81+; 3) MULTIX causa il pericolo 'Data breach' (Procedura Data Breach); poi BLINKIX+SICURIX applicano il METODO81+; 4) SEGNALEX causa il pericolo 'Stress' (Stress Lavoro-Correlato); poi BLINKIX+SICURIX applicano il METODO81+; 5) RUMORIX causa il pericolo 'Emergenze/Soccorso' (Addetto Primo Soccorso); poi HYGIENIX+SICURIX applicano il METODO81+; 6) PHISHIX causa il pericolo 'Formazione' (Formazione GDPR); poi BLINKIX+SICURIX applicano il METODO81+; 7) RUMORIX causa il pericolo 'Documento' (Documento Valutazione Rischi (DVR)); poi LUXPECTORIX+SICURIX applicano il METODO81+; 8) HACKIX causa il pericolo 'Documento' (Informativa e Consensi); poi SICURIX+SICURIX applicano il METODO81+; 9) NONDPIX causa il pericolo 'Emergenze/Incendio' (Addetto Antincendio); poi DOCUMIX+SICURIX applicano il METODO81+; 10) CAOSIX causa il pericolo 'DPI' (Uso e Formazione DPI); poi PRIVACIX+SICURIX applicano il METODO81+; 11) OBLIVIX causa il pericolo 'Formazione' (Formazione Ambientale); poi CIFRIX+SICURIX applicano il METODO81+; 12) NONDPIX causa il pericolo 'Carrelli' (Carrellista / Muletto); poi CHEFIX+SICURIX applicano il METODO81+. PALETTE BRAND ESCLUSIVA: nero #05050A, bianco panna, arancione #FF6A1A/#E8501A; ROSSO solo per 'PERICOLO', VERDE per la checklist 'Metodo 81+'. Logo '81+' ben visibile in OGNI vignetta. REGOLA STORIA: SICURIX NON agisce mai da solo - in OGNI vignetta di soluzione si fa AIUTARE dai suoi colleghi EROI (lavoro di squadra, ognuno col suo ruolo). TESTO: didascalie e fumetti MOLTO BREVI (1-4 parole), GRANDI, centrati, in ITALIANO con ORTOGRAFIA PERFETTA, senza parole inventate, lettere doppie errate o testo tagliato. CATTIVI (coerenti col canone): CAOSIX, POLVERIX, MULTIX, SEGNALEX, RUMORIX, PHISHIX, HACKIX, NONDPIX, OBLIVIX. EROI: BLINKIX, HYGIENIX, LUXPECTORIX, SICURIX, DOCUMIX, PRIVACIX, CIFRIX, CHEFIX. NEGATIVE: nessun marchio LEGO reale, nessun personaggio protetto (Asterix ecc.), niente gore/horror, niente claim assoluti ('rischio zero','garantito','zero multe').",La differenza tra chi in Trasporti/Magazzino dorme sereno e chi trema al controllo,"Trasporti/Magazzino: 3 minuti oggi o un problema enorme domani. Scegli tu.

In trasporti/magazzino gli adempimenti obbligatori non aspettano: Rifiuti, Formazione specifica, Data breach, Stress, Emergenze/Soccorso, Formazione, Documento, Emergenze/Incendio, DPI, Carrelli. In questa pagina TALES OF SICURIX il PERICOLO prende forma... e il METODO81+ lo rimette in ordine, passo dopo passo. Immagina la scena: prima il caos, poi la checklist che sistema tutto. Non e' burocrazia: e' la tua tranquillita.
👉 Iscriviti al corso: Formazione integrativa lavoratore 4 ore – gestione e smaltimento rifiuti -> https://81plus.net/?corso=formazione-integrativa-lavoratore-4-ore-gestione-e-smaltimen
▶️ YouTube: youtube.com/@sicurissimo
Contenuto informativo. Prima vedi. Poi sistemi. 81plus.net",Formazione integrativa lavoratore 4 ore – gestione e smaltimento rifiuti,https://81plus.net/?corso=formazione-integrativa-lavoratore-4-ore-gestione-e-smaltimen,#TalesOfSicurix #SICURIX #Metodo81 #81plus #Sicurissimo #Ambientale #Sicurezza #Privacy #SicurezzaSulLavoro,SICURIX_TALES_522440_20_2_19_11_6_18_0_15_7_8_21_14.webp,https://drive.google.com/drive/folders/1hICKXdl9JTZBL1pemG19oE_661z-EH_k,IMG_ERR
93.19.10,Altri servizi,S,Sicurezza+Privacy+HACCP,10,Formazione Generale Lavoratori | Addetto Antincendio | Procedura Data Breach | Stress Lavoro-Correlato | Nomina Incaricati/Responsabili | Addetto Primo Soccorso | Piano di Sanificazione | Informativa e Consensi | Registro dei Trattamenti | Formazione Specifica (rischio medio),Accordo Stato-Regioni | DM 2/9/2021 | GDPR art.33-34 | D.Lgs81/08 art.28 | GDPR art.28-29 | DM 388/2003 | Reg.CE 852/2004 | GDPR art.13 | GDPR art.30,"LUXPECTORIX>RISKIX, ROBOTIX81>SEGNALEX, DOCUMIX>PERMISSIONIX, PREPOSTIX>SCHIACCIX, SICURIX>CANCELIX, PREPOSTIX>RISKIX, CONSENSIX>MULTIX, LUXPECTORIX>CAOSIX, LUXPECTORIX>IMPROVVISIX, LUXPECTORIX>MULTIX","Crea una PAGINA A FUMETTI a STORIA COMPLETA, verticale A4 (1024x1536), QUALITA' EDITORIALE DA STAMPA, stile ufficiale 'SICURIX TALES' IDENTICO alle immagini di riferimento allegate (stessi personaggi a mattoncini 3D, stessa impaginazione, stessi colori, stesse rese): minifigure espressive, ambientazioni ricche e dettagliate del settore, luci morbide, profondita', bordi vignetta netti. IMPAGINAZIONE OBBLIGATORIA: da 10 a 12 VIGNETTE numerate che raccontano UNA STORIA con arco narrativo completo (1 situazione normale -> 2-4 arrivano i pericoli coi cattivi -> 5-6 tensione/conseguenza -> 7-9 arriva SICURIX con gli eroi e applica il METODO81+ passo per passo -> 10-11 risoluzione ordinata -> 12 finale). HEADER in alto: SICURIX (mantello, medaglione arancione '81+', bussola) che presenta in un fumetto; grande titolo 'SICURIX TALES'; sottotitolo 'ALTRI SERVIZI: Pericolo vs Soluzione con Metodo 81+'; legenda 3 voci (verde Sicurezza, rosso Rischio, blu 81+ Soluzione); fila di EROI coi nomi: LUXPECTORIX, ROBOTIX81, DOCUMIX, PREPOSTIX, SICURIX, CONSENSIX. FOOTER in basso: grande 'Prima vedi. Poi sistemi.'; banner scudo verde 'PROTEGGIAMO. PREVENIAMO. MIGLIORIAMO.' e triangolo rosso 'DISATTENZIONE. RISCHI. COSTI. CAOS.'; logo '81+' + '81plus.net'. TRAMA (usa questi eventi come vignette; se sono meno di 10 aggiungi vignette di contesto, dialogo e reazione per arrivare a 10-12): 1) RISKIX causa il pericolo 'Formazione base' (Formazione Generale Lavoratori); poi LUXPECTORIX+SICURIX applicano il METODO81+; 2) SEGNALEX causa il pericolo 'Emergenze/Incendio' (Addetto Antincendio); poi ROBOTIX81+SICURIX applicano il METODO81+; 3) PERMISSIONIX causa il pericolo 'Data breach' (Procedura Data Breach); poi DOCUMIX+SICURIX applicano il METODO81+; 4) SCHIACCIX causa il pericolo 'Stress' (Stress Lavoro-Correlato); poi PREPOSTIX+SICURIX applicano il METODO81+; 5) CANCELIX causa il pericolo 'Nomine' (Nomina Incaricati/Responsabili); poi SICURIX+SICURIX applicano il METODO81+; 6) RISKIX causa il pericolo 'Emergenze/Soccorso' (Addetto Primo Soccorso); poi PREPOSTIX+SICURIX applicano il METODO81+; 7) MULTIX causa il pericolo 'Sanificazione' (Piano di Sanificazione); poi CONSENSIX+SICURIX applicano il METODO81+; 8) CAOSIX causa il pericolo 'Documento' (Informativa e Consensi); poi LUXPECTORIX+SICURIX applicano il METODO81+; 9) IMPROVVISIX causa il pericolo 'Registro' (Registro dei Trattamenti); poi LUXPECTORIX+SICURIX applicano il METODO81+; 10) MULTIX causa il pericolo 'Formazione specifica' (Formazione Specifica (rischio medio)); poi LUXPECTORIX+SICURIX applicano il METODO81+. PALETTE BRAND ESCLUSIVA: nero #05050A, bianco panna, arancione #FF6A1A/#E8501A; ROSSO solo per 'PERICOLO', VERDE per la checklist 'Metodo 81+'. Logo '81+' ben visibile in OGNI vignetta. REGOLA STORIA: SICURIX NON agisce mai da solo - in OGNI vignetta di soluzione si fa AIUTARE dai suoi colleghi EROI (lavoro di squadra, ognuno col suo ruolo). TESTO: didascalie e fumetti MOLTO BREVI (1-4 parole), GRANDI, centrati, in ITALIANO con ORTOGRAFIA PERFETTA, senza parole inventate, lettere doppie errate o testo tagliato. CATTIVI (coerenti col canone): RISKIX, SEGNALEX, PERMISSIONIX, SCHIACCIX, CANCELIX, MULTIX, CAOSIX, IMPROVVISIX. EROI: LUXPECTORIX, ROBOTIX81, DOCUMIX, PREPOSTIX, SICURIX, CONSENSIX. NEGATIVE: nessun marchio LEGO reale, nessun personaggio protetto (Asterix ecc.), niente gore/horror, niente claim assoluti ('rischio zero','garantito','zero multe').",Altri servizi: 3 minuti oggi o un problema enorme domani. Scegli tu.,"In Altri servizi c'e' un obbligo che in tanti scoprono solo con la sanzione

In altri servizi gli adempimenti obbligatori non aspettano: Formazione base, Emergenze/Incendio, Data breach, Stress, Nomine, Emergenze/Soccorso, Sanificazione, Documento, Registro, Formazione specifica. In questa pagina TALES OF SICURIX il PERICOLO prende forma... e il METODO81+ lo rimette in ordine, passo dopo passo. Immagina la scena: prima il caos, poi la checklist che sistema tutto. Non e' burocrazia: e' la tua tranquillita.
👉 Iscriviti al corso: Corso lavoratore parte GENERALE 4 ore -> https://81plus.net/?corso=corso-lavoratore-parte-generale-4-ore
▶️ YouTube: youtube.com/@sicurissimo
Contenuto informativo. Prima vedi. Poi sistemi. 81plus.net",Corso lavoratore parte GENERALE 4 ore,https://81plus.net/?corso=corso-lavoratore-parte-generale-4-ore,#TalesOfSicurix #SICURIX #Metodo81 #81plus #Sicurissimo #Sicurezza #Privacy #HACCP #SicurezzaSulLavoro,SICURIX_TALES_931910_1_7_23_11_21_6_14_19_20_2.webp,https://drive.google.com/drive/folders/1hICKXdl9JTZBL1pemG19oE_661z-EH_k,IMG_ERR
24.20.10,Manifattura,C,Ambientale+Sicurezza+HACCP+Privacy,12,Gestione Rifiuti e Registro | Movimentazione Manuale Carichi | Gestione Allergeni | Procedura Data Breach | Formazione Specifica (rischio alto) | Nomina Incaricati/Responsabili | Uso e Formazione DPI | Sorveglianza Sanitaria / Medico Competente | Informativa e Consensi | Stress Lavoro-Correlato | Piano di Sanificazione | Manuale HACCP di Autocontrollo,D.Lgs152/06 | D.Lgs81/08 Tit.VI | Reg.UE 1169/2011 | GDPR art.33-34 | Accordo Stato-Regioni | GDPR art.28-29 | D.Lgs81/08 art.77 | D.Lgs81/08 art.41 | GDPR art.13 | D.Lgs81/08 art.28 | Reg.CE 852/2004,"BLINKIX>IMPROVVISIX, LUXPECTORIX>SOTTOVALUTIX, CONSENSIX>MESCOLIX, TRACCIX>PERMISSIONIX, DOCUMIX>CAOSIX, DOCUMIX>IMPROVVISIX, PRIVACIX>VOLTIX, CIFRIX>MULTIX, HYGIENIX>CANCELIX, PRIVACIX>CHIMIKIX, SCUDIX>DOSAGIX, CHEFIX>OBLIVIX","Crea una PAGINA A FUMETTI a STORIA COMPLETA, verticale A4 (1024x1536), QUALITA' EDITORIALE DA STAMPA, stile ufficiale 'SICURIX TALES' IDENTICO alle immagini di riferimento allegate (stessi personaggi a mattoncini 3D, stessa impaginazione, stessi colori, stesse rese): minifigure espressive, ambientazioni ricche e dettagliate del settore, luci morbide, profondita', bordi vignetta netti. IMPAGINAZIONE OBBLIGATORIA: da 10 a 12 VIGNETTE numerate che raccontano UNA STORIA con arco narrativo completo (1 situazione normale -> 2-4 arrivano i pericoli coi cattivi -> 5-6 tensione/conseguenza -> 7-9 arriva SICURIX con gli eroi e applica il METODO81+ passo per passo -> 10-11 risoluzione ordinata -> 12 finale). HEADER in alto: SICURIX (mantello, medaglione arancione '81+', bussola) che presenta in un fumetto; grande titolo 'SICURIX TALES'; sottotitolo 'MANIFATTURA: Pericolo vs Soluzione con Metodo 81+'; legenda 3 voci (verde Sicurezza, rosso Rischio, blu 81+ Soluzione); fila di EROI coi nomi: BLINKIX, LUXPECTORIX, CONSENSIX, TRACCIX, DOCUMIX, PRIVACIX. FOOTER in basso: grande 'Prima vedi. Poi sistemi.'; banner scudo verde 'PROTEGGIAMO. PREVENIAMO. MIGLIORIAMO.' e triangolo rosso 'DISATTENZIONE. RISCHI. COSTI. CAOS.'; logo '81+' + '81plus.net'. TRAMA (usa questi eventi come vignette; se sono meno di 10 aggiungi vignette di contesto, dialogo e reazione per arrivare a 10-12): 1) IMPROVVISIX causa il pericolo 'Rifiuti' (Gestione Rifiuti e Registro); poi BLINKIX+SICURIX applicano il METODO81+; 2) SOTTOVALUTIX causa il pericolo 'MMC' (Movimentazione Manuale Carichi); poi LUXPECTORIX+SICURIX applicano il METODO81+; 3) MESCOLIX causa il pericolo 'Allergeni' (Gestione Allergeni); poi CONSENSIX+SICURIX applicano il METODO81+; 4) PERMISSIONIX causa il pericolo 'Data breach' (Procedura Data Breach); poi TRACCIX+SICURIX applicano il METODO81+; 5) CAOSIX causa il pericolo 'Formazione specifica' (Formazione Specifica (rischio alto)); poi DOCUMIX+SICURIX applicano il METODO81+; 6) IMPROVVISIX causa il pericolo 'Nomine' (Nomina Incaricati/Responsabili); poi DOCUMIX+SICURIX applicano il METODO81+; 7) VOLTIX causa il pericolo 'DPI' (Uso e Formazione DPI); poi PRIVACIX+SICURIX applicano il METODO81+; 8) MULTIX causa il pericolo 'Sorveglianza sanitaria' (Sorveglianza Sanitaria / Medico Competente); poi CIFRIX+SICURIX applicano il METODO81+; 9) CANCELIX causa il pericolo 'Documento' (Informativa e Consensi); poi HYGIENIX+SICURIX applicano il METODO81+; 10) CHIMIKIX causa il pericolo 'Stress' (Stress Lavoro-Correlato); poi PRIVACIX+SICURIX applicano il METODO81+; 11) DOSAGIX causa il pericolo 'Sanificazione' (Piano di Sanificazione); poi SCUDIX+SICURIX applicano il METODO81+; 12) OBLIVIX causa il pericolo 'Documento' (Manuale HACCP di Autocontrollo); poi CHEFIX+SICURIX applicano il METODO81+. PALETTE BRAND ESCLUSIVA: nero #05050A, bianco panna, arancione #FF6A1A/#E8501A; ROSSO solo per 'PERICOLO', VERDE per la checklist 'Metodo 81+'. Logo '81+' ben visibile in OGNI vignetta. REGOLA STORIA: SICURIX NON agisce mai da solo - in OGNI vignetta di soluzione si fa AIUTARE dai suoi colleghi EROI (lavoro di squadra, ognuno col suo ruolo). TESTO: didascalie e fumetti MOLTO BREVI (1-4 parole), GRANDI, centrati, in ITALIANO con ORTOGRAFIA PERFETTA, senza parole inventate, lettere doppie errate o testo tagliato. CATTIVI (coerenti col canone): IMPROVVISIX, SOTTOVALUTIX, MESCOLIX, PERMISSIONIX, CAOSIX, VOLTIX, MULTIX, CANCELIX, CHIMIKIX, DOSAGIX, OBLIVIX. EROI: BLINKIX, LUXPECTORIX, CONSENSIX, TRACCIX, DOCUMIX, PRIVACIX, CIFRIX, HYGIENIX, SCUDIX, CHEFIX. NEGATIVE: nessun marchio LEGO reale, nessun personaggio protetto (Asterix ecc.), niente gore/horror, niente claim assoluti ('rischio zero','garantito','zero multe').",Manifattura: 3 minuti oggi o un problema enorme domani. Scegli tu.,"Quello che l'ispettore controlla per primo in Manifattura (e quasi nessuno lo sa)

In manifattura gli adempimenti obbligatori non aspettano: Rifiuti, MMC, Allergeni, Data breach, Formazione specifica, Nomine, DPI, Sorveglianza sanitaria, Documento, Stress, Sanificazione. In questa pagina TALES OF SICURIX il PERICOLO prende forma... e il METODO81+ lo rimette in ordine, passo dopo passo. Immagina la scena: prima il caos, poi la checklist che sistema tutto. Chi si mette in regola prima, dorme meglio dopo.
👉 Iscriviti al corso: Formazione integrativa lavoratore 4 ore – gestione e smaltimento rifiuti -> https://81plus.net/?corso=formazione-integrativa-lavoratore-4-ore-gestione-e-smaltimen
▶️ YouTube: youtube.com/@sicurissimo
Contenuto informativo. Prima vedi. Poi sistemi. 81plus.net",Formazione integrativa lavoratore 4 ore – gestione e smaltimento rifiuti,https://81plus.net/?corso=formazione-integrativa-lavoratore-4-ore-gestione-e-smaltimen,#TalesOfSicurix #SICURIX #Metodo81 #81plus #Sicurissimo #Ambientale #Sicurezza #HACCP #Privacy #SicurezzaSulLavoro,SICURIX_TALES_242010_26_10_20_25_2_23_8_9_21_11_16_14.webp,https://drive.google.com/drive/folders/1hICKXdl9JTZBL1pemG19oE_661z-EH_k,IMG_ERR
20.59.20,Manifattura,C,HACCP+Ambientale+Sicurezza+Privacy,10,Rintracciabilita ed Etichettatura | Gestione Rifiuti e Registro | Movimentazione Manuale Carichi | Informativa e Consensi | Documento Valutazione Rischi (DVR) | Attrezzature e Macchine | Nomina Incaricati/Responsabili | Stress Lavoro-Correlato | Gestione Allergeni | Formazione GDPR,Reg.CE 178/2002 | D.Lgs152/06 | D.Lgs81/08 Tit.VI | GDPR art.13 | D.Lgs81/08 art.28 | D.Lgs81/08 Tit.III | GDPR art.28-29 | Reg.UE 1169/2011 | GDPR art.32,"HYGIENIX>RISKIX, LUXPECTORIX>IMPROVVISIX, LUXPECTORIX>SOTTOVALUTIX, ROBOTIX81>HACKIX, ROBOTIX81>SCHIACCIX, TRACCIX>OBLIVIX, FORMIX>HACKIX, HYGIENIX>ØTIX, TRACCIX>CROSSIX, SCUDIX>PHISHIX","Crea una PAGINA A FUMETTI a STORIA COMPLETA, verticale A4 (1024x1536), QUALITA' EDITORIALE DA STAMPA, stile ufficiale 'SICURIX TALES' IDENTICO alle immagini di riferimento allegate (stessi personaggi a mattoncini 3D, stessa impaginazione, stessi colori, stesse rese): minifigure espressive, ambientazioni ricche e dettagliate del settore, luci morbide, profondita', bordi vignetta netti. IMPAGINAZIONE OBBLIGATORIA: da 10 a 12 VIGNETTE numerate che raccontano UNA STORIA con arco narrativo completo (1 situazione normale -> 2-4 arrivano i pericoli coi cattivi -> 5-6 tensione/conseguenza -> 7-9 arriva SICURIX con gli eroi e applica il METODO81+ passo per passo -> 10-11 risoluzione ordinata -> 12 finale). HEADER in alto: SICURIX (mantello, medaglione arancione '81+', bussola) che presenta in un fumetto; grande titolo 'SICURIX TALES'; sottotitolo 'MANIFATTURA: Pericolo vs Soluzione con Metodo 81+'; legenda 3 voci (verde Sicurezza, rosso Rischio, blu 81+ Soluzione); fila di EROI coi nomi: HYGIENIX, LUXPECTORIX, ROBOTIX81, TRACCIX, FORMIX, SCUDIX. FOOTER in basso: grande 'Prima vedi. Poi sistemi.'; banner scudo verde 'PROTEGGIAMO. PREVENIAMO. MIGLIORIAMO.' e triangolo rosso 'DISATTENZIONE. RISCHI. COSTI. CAOS.'; logo '81+' + '81plus.net'. TRAMA (usa questi eventi come vignette; se sono meno di 10 aggiungi vignette di contesto, dialogo e reazione per arrivare a 10-12): 1) RISKIX causa il pericolo 'Rintracciabilita' (Rintracciabilita ed Etichettatura); poi HYGIENIX+SICURIX applicano il METODO81+; 2) IMPROVVISIX causa il pericolo 'Rifiuti' (Gestione Rifiuti e Registro); poi LUXPECTORIX+SICURIX applicano il METODO81+; 3) SOTTOVALUTIX causa il pericolo 'MMC' (Movimentazione Manuale Carichi); poi LUXPECTORIX+SICURIX applicano il METODO81+; 4) HACKIX causa il pericolo 'Documento' (Informativa e Consensi); poi ROBOTIX81+SICURIX applicano il METODO81+; 5) SCHIACCIX causa il pericolo 'Documento' (Documento Valutazione Rischi (DVR)); poi ROBOTIX81+SICURIX applicano il METODO81+; 6) OBLIVIX causa il pericolo 'Attrezzature' (Attrezzature e Macchine); poi TRACCIX+SICURIX applicano il METODO81+; 7) HACKIX causa il pericolo 'Nomine' (Nomina Incaricati/Responsabili); poi FORMIX+SICURIX applicano il METODO81+; 8) ØTIX causa il pericolo 'Stress' (Stress Lavoro-Correlato); poi HYGIENIX+SICURIX applicano il METODO81+; 9) CROSSIX causa il pericolo 'Allergeni' (Gestione Allergeni); poi TRACCIX+SICURIX applicano il METODO81+; 10) PHISHIX causa il pericolo 'Formazione' (Formazione GDPR); poi SCUDIX+SICURIX applicano il METODO81+. PALETTE BRAND ESCLUSIVA: nero #05050A, bianco panna, arancione #FF6A1A/#E8501A; ROSSO solo per 'PERICOLO', VERDE per la checklist 'Metodo 81+'. Logo '81+' ben visibile in OGNI vignetta. REGOLA STORIA: SICURIX NON agisce mai da solo - in OGNI vignetta di soluzione si fa AIUTARE dai suoi colleghi EROI (lavoro di squadra, ognuno col suo ruolo). TESTO: didascalie e fumetti MOLTO BREVI (1-4 parole), GRANDI, centrati, in ITALIANO con ORTOGRAFIA PERFETTA, senza parole inventate, lettere doppie errate o testo tagliato. CATTIVI (coerenti col canone): RISKIX, IMPROVVISIX, SOTTOVALUTIX, HACKIX, SCHIACCIX, OBLIVIX, ØTIX, CROSSIX, PHISHIX. EROI: HYGIENIX, LUXPECTORIX, ROBOTIX81, TRACCIX, FORMIX, SCUDIX. NEGATIVE: nessun marchio LEGO reale, nessun personaggio protetto (Asterix ecc.), niente gore/horror, niente claim assoluti ('rischio zero','garantito','zero multe').",Quello che l'ispettore controlla per primo in Manifattura (e quasi nessuno lo sa),"In Manifattura c'e' un obbligo che in tanti scoprono solo con la sanzione

In manifattura gli adempimenti obbligatori non aspettano: Rintracciabilita, Rifiuti, MMC, Documento, Attrezzature, Nomine, Stress, Allergeni, Formazione. In questa pagina TALES OF SICURIX il PERICOLO prende forma... e il METODO81+ lo rimette in ordine, passo dopo passo. Immagina la scena: prima il caos, poi la checklist che sistema tutto. La regola c'e' gia': tu falla lavorare per te.
👉 Iscriviti al corso: Manuale di rintracciabilità -> https://81plus.net/?corso=manuale-di-rintracciabilit
▶️ YouTube: youtube.com/@sicurissimo
Contenuto informativo. Prima vedi. Poi sistemi. 81plus.net",Manuale di rintracciabilità,https://81plus.net/?corso=manuale-di-rintracciabilit,#TalesOfSicurix #SICURIX #Metodo81 #81plus #Sicurissimo #HACCP #Ambientale #Sicurezza #Privacy #SicurezzaSulLavoro,SICURIX_TALES_205920_17_26_10_21_0_13_23_11_20_24.webp,https://drive.google.com/drive/folders/1hICKXdl9JTZBL1pemG19oE_661z-EH_k,IMG_ERR
93.21.00,Altri servizi,S,HACCP+Privacy+Sicurezza,11,Rintracciabilita ed Etichettatura | Formazione GDPR | Rappresentante Lavoratori Sicurezza (RLS) | Addetto Primo Soccorso | Informativa e Consensi | RSPP / Datore di Lavoro RSPP | Uso e Formazione DPI | Controllo Temperature e Celle | Corso Alimentarista | Movimentazione Manuale Carichi | Piano di Sanificazione,Reg.CE 178/2002 | GDPR art.32 | D.Lgs81/08 art.47 | DM 388/2003 | GDPR art.13 | D.Lgs81/08 art.34 | D.Lgs81/08 art.77 | Reg.CE 852/2004 | D.Lgs81/08 Tit.VI,"HYGIENIX>IMPROVVISIX, DOCUMIX>CANCELIX, PREPOSTIX>RUMORIX, SICURIX>CAOSIX, FORMIX>OBLIVIX, PREPOSTIX>OBLIVIX, PRIVACIX>POLVERIX, TRACCIX>IMPROVVISIX, LUXPECTORIX>CROSSIX, CHEFIX>RUMORIX, LUXPECTORIX>CROSSIX","Crea una PAGINA A FUMETTI a STORIA COMPLETA, verticale A4 (1024x1536), QUALITA' EDITORIALE DA STAMPA, stile ufficiale 'SICURIX TALES' IDENTICO alle immagini di riferimento allegate (stessi personaggi a mattoncini 3D, stessa impaginazione, stessi colori, stesse rese): minifigure espressive, ambientazioni ricche e dettagliate del settore, luci morbide, profondita', bordi vignetta netti. IMPAGINAZIONE OBBLIGATORIA: da 10 a 12 VIGNETTE numerate che raccontano UNA STORIA con arco narrativo completo (1 situazione normale -> 2-4 arrivano i pericoli coi cattivi -> 5-6 tensione/conseguenza -> 7-9 arriva SICURIX con gli eroi e applica il METODO81+ passo per passo -> 10-11 risoluzione ordinata -> 12 finale). HEADER in alto: SICURIX (mantello, medaglione arancione '81+', bussola) che presenta in un fumetto; grande titolo 'SICURIX TALES'; sottotitolo 'ALTRI SERVIZI: Pericolo vs Soluzione con Metodo 81+'; legenda 3 voci (verde Sicurezza, rosso Rischio, blu 81+ Soluzione); fila di EROI coi nomi: HYGIENIX, DOCUMIX, PREPOSTIX, SICURIX, FORMIX, PRIVACIX. FOOTER in basso: grande 'Prima vedi. Poi sistemi.'; banner scudo verde 'PROTEGGIAMO. PREVENIAMO. MIGLIORIAMO.' e triangolo rosso 'DISATTENZIONE. RISCHI. COSTI. CAOS.'; logo '81+' + '81plus.net'. TRAMA (usa questi eventi come vignette; se sono meno di 10 aggiungi vignette di contesto, dialogo e reazione per arrivare a 10-12): 1) IMPROVVISIX causa il pericolo 'Rintracciabilita' (Rintracciabilita ed Etichettatura); poi HYGIENIX+SICURIX applicano il METODO81+; 2) CANCELIX causa il pericolo 'Formazione' (Formazione GDPR); poi DOCUMIX+SICURIX applicano il METODO81+; 3) RUMORIX causa il pericolo 'Ruolo/RLS' (Rappresentante Lavoratori Sicurezza (RLS)); poi PREPOSTIX+SICURIX applicano il METODO81+; 4) CAOSIX causa il pericolo 'Emergenze/Soccorso' (Addetto Primo Soccorso); poi SICURIX+SICURIX applicano il METODO81+; 5) OBLIVIX causa il pericolo 'Documento' (Informativa e Consensi); poi FORMIX+SICURIX applicano il METODO81+; 6) OBLIVIX causa il pericolo 'Ruolo/RSPP' (RSPP / Datore di Lavoro RSPP); poi PREPOSTIX+SICURIX applicano il METODO81+; 7) POLVERIX causa il pericolo 'DPI' (Uso e Formazione DPI); poi PRIVACIX+SICURIX applicano il METODO81+; 8) IMPROVVISIX causa il pericolo 'Temperature' (Controllo Temperature e Celle); poi TRACCIX+SICURIX applicano il METODO81+; 9) CROSSIX causa il pericolo 'Corso' (Corso Alimentarista); poi LUXPECTORIX+SICURIX applicano il METODO81+; 10) RUMORIX causa il pericolo 'MMC' (Movimentazione Manuale Carichi); poi CHEFIX+SICURIX applicano il METODO81+; 11) CROSSIX causa il pericolo 'Sanificazione' (Piano di Sanificazione); poi LUXPECTORIX+SICURIX applicano il METODO81+. PALETTE BRAND ESCLUSIVA: nero #05050A, bianco panna, arancione #FF6A1A/#E8501A; ROSSO solo per 'PERICOLO', VERDE per la checklist 'Metodo 81+'. Logo '81+' ben visibile in OGNI vignetta. REGOLA STORIA: SICURIX NON agisce mai da solo - in OGNI vignetta di soluzione si fa AIUTARE dai suoi colleghi EROI (lavoro di squadra, ognuno col suo ruolo). TESTO: didascalie e fumetti MOLTO BREVI (1-4 parole), GRANDI, centrati, in ITALIANO con ORTOGRAFIA PERFETTA, senza parole inventate, lettere doppie errate o testo tagliato. CATTIVI (coerenti col canone): IMPROVVISIX, CANCELIX, RUMORIX, CAOSIX, OBLIVIX, POLVERIX, CROSSIX. EROI: HYGIENIX, DOCUMIX, PREPOSTIX, SICURIX, FORMIX, PRIVACIX, TRACCIX, LUXPECTORIX, CHEFIX. NEGATIVE: nessun marchio LEGO reale, nessun personaggio protetto (Asterix ecc.), niente gore/horror, niente claim assoluti ('rischio zero','garantito','zero multe').",In Altri servizi c'e' un obbligo che in tanti scoprono solo con la sanzione,"Quello che l'ispettore controlla per primo in Altri servizi (e quasi nessuno lo sa)

In altri servizi gli adempimenti obbligatori non aspettano: Rintracciabilita, Formazione, Ruolo/RLS, Emergenze/Soccorso, Documento, Ruolo/RSPP, DPI, Temperature, Corso, MMC, Sanificazione. In questa pagina TALES OF SICURIX il PERICOLO prende forma... e il METODO81+ lo rimette in ordine, passo dopo passo. Immagina la scena: prima il caos, poi la checklist che sistema tutto. Non e' burocrazia: e' la tua tranquillita.
👉 Iscriviti al corso: Manuale di rintracciabilità -> https://81plus.net/?corso=manuale-di-rintracciabilit
▶️ YouTube: youtube.com/@sicurissimo
Contenuto informativo. Prima vedi. Poi sistemi. 81plus.net",Manuale di rintracciabilità,https://81plus.net/?corso=manuale-di-rintracciabilit,#TalesOfSicurix #SICURIX #Metodo81 #81plus #Sicurissimo #HACCP #Privacy #Sicurezza #SicurezzaSulLavoro,SICURIX_TALES_932100_15_22_4_6_19_5_8_16_13_10_14.webp,https://drive.google.com/drive/folders/1hICKXdl9JTZBL1pemG19oE_661z-EH_k,IMG_ERR
20.59.20,Manifattura,C,Ambientale+Sicurezza+HACCP+Privacy,10,Gestione Rifiuti e Registro | Addetto Antincendio | Rintracciabilita ed Etichettatura | Addetto Primo Soccorso | Formazione Preposto | Corso Alimentarista | Procedura Data Breach | Registro dei Trattamenti | Nomina Incaricati/Responsabili | Formazione Specifica (rischio alto),D.Lgs152/06 | DM 2/9/2021 | Reg.CE 178/2002 | DM 388/2003 | D.Lgs81/08 art.37 | Reg.CE 852/2004 | GDPR art.33-34 | GDPR art.30 | GDPR art.28-29 | Accordo Stato-Regioni,"ROBOTIX81>MULTIX, DOCUMIX>FRETTIX, PRIVACIX>FRETTIX, BLINKIX>SCHIACCIX, SCUDIX>FRETTIX, PRIVACIX>DOSAGIX, CHECKIX>RISKIX, CHEFIX>OBLIVIX, HYGIENIX>PHISHIX, CHEFIX>FUMIX","Crea una PAGINA A FUMETTI a STORIA COMPLETA, verticale A4 (1024x1536), QUALITA' EDITORIALE DA STAMPA, stile ufficiale 'SICURIX TALES' IDENTICO alle immagini di riferimento allegate (stessi personaggi a mattoncini 3D, stessa impaginazione, stessi colori, stesse rese): minifigure espressive, ambientazioni ricche e dettagliate del settore, luci morbide, profondita', bordi vignetta netti. IMPAGINAZIONE OBBLIGATORIA: da 10 a 12 VIGNETTE numerate che raccontano UNA STORIA con arco narrativo completo (1 situazione normale -> 2-4 arrivano i pericoli coi cattivi -> 5-6 tensione/conseguenza -> 7-9 arriva SICURIX con gli eroi e applica il METODO81+ passo per passo -> 10-11 risoluzione ordinata -> 12 finale). HEADER in alto: SICURIX (mantello, medaglione arancione '81+', bussola) che presenta in un fumetto; grande titolo 'SICURIX TALES'; sottotitolo 'MANIFATTURA: Pericolo vs Soluzione con Metodo 81+'; legenda 3 voci (verde Sicurezza, rosso Rischio, blu 81+ Soluzione); fila di EROI coi nomi: ROBOTIX81, DOCUMIX, PRIVACIX, BLINKIX, SCUDIX, CHECKIX. FOOTER in basso: grande 'Prima vedi. Poi sistemi.'; banner scudo verde 'PROTEGGIAMO. PREVENIAMO. MIGLIORIAMO.' e triangolo rosso 'DISATTENZIONE. RISCHI. COSTI. CAOS.'; logo '81+' + '81plus.net'. TRAMA (usa questi eventi come vignette; se sono meno di 10 aggiungi vignette di contesto, dialogo e reazione per arrivare a 10-12): 1) MULTIX causa il pericolo 'Rifiuti' (Gestione Rifiuti e Registro); poi ROBOTIX81+SICURIX applicano il METODO81+; 2) FRETTIX causa il pericolo 'Emergenze/Incendio' (Addetto Antincendio); poi DOCUMIX+SICURIX applicano il METODO81+; 3) FRETTIX causa il pericolo 'Rintracciabilita' (Rintracciabilita ed Etichettatura); poi PRIVACIX+SICURIX applicano il METODO81+; 4) SCHIACCIX causa il pericolo 'Emergenze/Soccorso' (Addetto Primo Soccorso); poi BLINKIX+SICURIX applicano il METODO81+; 5) FRETTIX causa il pericolo 'Ruolo/Preposto' (Formazione Preposto); poi SCUDIX+SICURIX applicano il METODO81+; 6) DOSAGIX causa il pericolo 'Corso' (Corso Alimentarista); poi PRIVACIX+SICURIX applicano il METODO81+; 7) RISKIX causa il pericolo 'Data breach' (Procedura Data Breach); poi CHECKIX+SICURIX applicano il METODO81+; 8) OBLIVIX causa il pericolo 'Registro' (Registro dei Trattamenti); poi CHEFIX+SICURIX applicano il METODO81+; 9) PHISHIX causa il pericolo 'Nomine' (Nomina Incaricati/Responsabili); poi HYGIENIX+SICURIX applicano il METODO81+; 10) FUMIX causa il pericolo 'Formazione specifica' (Formazione Specifica (rischio alto)); poi CHEFIX+SICURIX applicano il METODO81+. PALETTE BRAND ESCLUSIVA: nero #05050A, bianco panna, arancione #FF6A1A/#E8501A; ROSSO solo per 'PERICOLO', VERDE per la checklist 'Metodo 81+'. Logo '81+' ben visibile in OGNI vignetta. REGOLA STORIA: SICURIX NON agisce mai da solo - in OGNI vignetta di soluzione si fa AIUTARE dai suoi colleghi EROI (lavoro di squadra, ognuno col suo ruolo). TESTO: didascalie e fumetti MOLTO BREVI (1-4 parole), GRANDI, centrati, in ITALIANO con ORTOGRAFIA PERFETTA, senza parole inventate, lettere doppie errate o testo tagliato. CATTIVI (coerenti col canone): MULTIX, FRETTIX, SCHIACCIX, DOSAGIX, RISKIX, OBLIVIX, PHISHIX, FUMIX. EROI: ROBOTIX81, DOCUMIX, PRIVACIX, BLINKIX, SCUDIX, CHECKIX, CHEFIX, HYGIENIX. NEGATIVE: nessun marchio LEGO reale, nessun personaggio protetto (Asterix ecc.), niente gore/horror, niente claim assoluti ('rischio zero','garantito','zero multe').","In Manifattura non e' 'se' arriva il controllo, e' 'quando'. Sei pronto?","La differenza tra chi in Manifattura dorme sereno e chi trema al controllo

In manifattura gli adempimenti obbligatori non aspettano: Rifiuti, Emergenze/Incendio, Rintracciabilita, Emergenze/Soccorso, Ruolo/Preposto, Corso, Data breach, Registro, Nomine, Formazione specifica. In questa pagina TALES OF SICURIX il PERICOLO prende forma... e il METODO81+ lo rimette in ordine, passo dopo passo. Immagina la scena: prima il caos, poi la checklist che sistema tutto. Chi si mette in regola prima, dorme meglio dopo.
👉 Iscriviti al corso: Formazione integrativa lavoratore 4 ore – gestione e smaltimento rifiuti -> https://81plus.net/?corso=formazione-integrativa-lavoratore-4-ore-gestione-e-smaltimen
▶️ YouTube: youtube.com/@sicurissimo
Contenuto informativo. Prima vedi. Poi sistemi. 81plus.net",Formazione integrativa lavoratore 4 ore – gestione e smaltimento rifiuti,https://81plus.net/?corso=formazione-integrativa-lavoratore-4-ore-gestione-e-smaltimen,#TalesOfSicurix #SICURIX #Metodo81 #81plus #Sicurissimo #Ambientale #Sicurezza #HACCP #Privacy #SicurezzaSulLavoro,SICURIX_TALES_205920_26_7_17_6_3_15_25_22_23_2.webp,https://drive.google.com/drive/folders/1hICKXdl9JTZBL1pemG19oE_661z-EH_k,IMG_ERR
49.50.10,Trasporti/Magazzino,H,Sicurezza+Privacy,11,Uso e Formazione DPI | Sorveglianza Sanitaria / Medico Competente | Formazione GDPR | Carrellista / Muletto | Formazione Generale Lavoratori | Documento Valutazione Rischi (DVR) | Addetto Antincendio | Registro dei Trattamenti | Stress Lavoro-Correlato | Formazione Specifica (rischio alto) | Rappresentante Lavoratori Sicurezza (RLS),D.Lgs81/08 art.77 | D.Lgs81/08 art.41 | GDPR art.32 | Accordo Stato-Regioni | D.Lgs81/08 art.28 | DM 2/9/2021 | GDPR art.30 | D.Lgs81/08 art.47,"FORMIX>NONDPIX, PREPOSTIX>TAGLIX, LUXPECTORIX>RISKIX, DOCUMIX>VOLTIX, CONSENSIX>POLVERIX, CHEFIX>BIOXIX, SICURIX>OBLIVIX, CIFRIX>HACKIX, ROBOTIX81>ØTIX, FORMIX>MULTIX, CHECKIX>RISKIX","Crea una PAGINA A FUMETTI a STORIA COMPLETA, verticale A4 (1024x1536), QUALITA' EDITORIALE DA STAMPA, stile ufficiale 'SICURIX TALES' IDENTICO alle immagini di riferimento allegate (stessi personaggi a mattoncini 3D, stessa impaginazione, stessi colori, stesse rese): minifigure espressive, ambientazioni ricche e dettagliate del settore, luci morbide, profondita', bordi vignetta netti. IMPAGINAZIONE OBBLIGATORIA: da 10 a 12 VIGNETTE numerate che raccontano UNA STORIA con arco narrativo completo (1 situazione normale -> 2-4 arrivano i pericoli coi cattivi -> 5-6 tensione/conseguenza -> 7-9 arriva SICURIX con gli eroi e applica il METODO81+ passo per passo -> 10-11 risoluzione ordinata -> 12 finale). HEADER in alto: SICURIX (mantello, medaglione arancione '81+', bussola) che presenta in un fumetto; grande titolo 'SICURIX TALES'; sottotitolo 'TRASPORTI/MAGAZZINO: Pericolo vs Soluzione con Metodo 81+'; legenda 3 voci (verde Sicurezza, rosso Rischio, blu 81+ Soluzione); fila di EROI coi nomi: FORMIX, PREPOSTIX, LUXPECTORIX, DOCUMIX, CONSENSIX, CHEFIX. FOOTER in basso: grande 'Prima vedi. Poi sistemi.'; banner scudo verde 'PROTEGGIAMO. PREVENIAMO. MIGLIORIAMO.' e triangolo rosso 'DISATTENZIONE. RISCHI. COSTI. CAOS.'; logo '81+' + '81plus.net'. TRAMA (usa questi eventi come vignette; se sono meno di 10 aggiungi vignette di contesto, dialogo e reazione per arrivare a 10-12): 1) NONDPIX causa il pericolo 'DPI' (Uso e Formazione DPI); poi FORMIX+SICURIX applicano il METODO81+; 2) TAGLIX causa il pericolo 'Sorveglianza sanitaria' (Sorveglianza Sanitaria / Medico Competente); poi PREPOSTIX+SICURIX applicano il METODO81+; 3) RISKIX causa il pericolo 'Formazione' (Formazione GDPR); poi LUXPECTORIX+SICURIX applicano il METODO81+; 4) VOLTIX causa il pericolo 'Carrelli' (Carrellista / Muletto); poi DOCUMIX+SICURIX applicano il METODO81+; 5) POLVERIX causa il pericolo 'Formazione base' (Formazione Generale Lavoratori); poi CONSENSIX+SICURIX applicano il METODO81+; 6) BIOXIX causa il pericolo 'Documento' (Documento Valutazione Rischi (DVR)); poi CHEFIX+SICURIX applicano il METODO81+; 7) OBLIVIX causa il pericolo 'Emergenze/Incendio' (Addetto Antincendio); poi SICURIX+SICURIX applicano il METODO81+; 8) HACKIX causa il pericolo 'Registro' (Registro dei Trattamenti); poi CIFRIX+SICURIX applicano il METODO81+; 9) ØTIX causa il pericolo 'Stress' (Stress Lavoro-Correlato); poi ROBOTIX81+SICURIX applicano il METODO81+; 10) MULTIX causa il pericolo 'Formazione specifica' (Formazione Specifica (rischio alto)); poi FORMIX+SICURIX applicano il METODO81+; 11) RISKIX causa il pericolo 'Ruolo/RLS' (Rappresentante Lavoratori Sicurezza (RLS)); poi CHECKIX+SICURIX applicano il METODO81+. PALETTE BRAND ESCLUSIVA: nero #05050A, bianco panna, arancione #FF6A1A/#E8501A; ROSSO solo per 'PERICOLO', VERDE per la checklist 'Metodo 81+'. Logo '81+' ben visibile in OGNI vignetta. REGOLA STORIA: SICURIX NON agisce mai da solo - in OGNI vignetta di soluzione si fa AIUTARE dai suoi colleghi EROI (lavoro di squadra, ognuno col suo ruolo). TESTO: didascalie e fumetti MOLTO BREVI (1-4 parole), GRANDI, centrati, in ITALIANO con ORTOGRAFIA PERFETTA, senza parole inventate, lettere doppie errate o testo tagliato. CATTIVI (coerenti col canone): NONDPIX, TAGLIX, RISKIX, VOLTIX, POLVERIX, BIOXIX, OBLIVIX, HACKIX, ØTIX, MULTIX. EROI: FORMIX, PREPOSTIX, LUXPECTORIX, DOCUMIX, CONSENSIX, CHEFIX, SICURIX, CIFRIX, ROBOTIX81, CHECKIX. NEGATIVE: nessun marchio LEGO reale, nessun personaggio protetto (Asterix ecc.), niente gore/horror, niente claim assoluti ('rischio zero','garantito','zero multe').",Trasporti/Magazzino: 3 minuti oggi o un problema enorme domani. Scegli tu.,"In Trasporti/Magazzino non e' 'se' arriva il controllo, e' 'quando'. Sei pronto?

In trasporti/magazzino gli adempimenti obbligatori non aspettano: DPI, Sorveglianza sanitaria, Formazione, Carrelli, Formazione base, Documento, Emergenze/Incendio, Registro, Stress, Formazione specifica, Ruolo/RLS. In questa pagina TALES OF SICURIX il PERICOLO prende forma... e il METODO81+ lo rimette in ordine, passo dopo passo. Immagina la scena: prima il caos, poi la checklist che sistema tutto. Mettere ordine ora costa poco. Rimediare dopo costa caro.
👉 Iscriviti al corso: Corso Lavori in Quota e DPI Anticaduta -> https://81plus.net/?corso=corso-lavori-in-quota-e-dpi-anticaduta
▶️ YouTube: youtube.com/@sicurissimo
Contenuto informativo. Prima vedi. Poi sistemi. 81plus.net",Corso Lavori in Quota e DPI Anticaduta,https://81plus.net/?corso=corso-lavori-in-quota-e-dpi-anticaduta,#TalesOfSicurix #SICURIX #Metodo81 #81plus #Sicurissimo #Sicurezza #Privacy #SicurezzaSulLavoro,SICURIX_TALES_495010_8_9_18_14_1_0_7_16_11_2_4.webp,https://drive.google.com/drive/folders/1hICKXdl9JTZBL1pemG19oE_661z-EH_k,IMG_ERR
28.12.00,Manifattura,C,Sicurezza+Privacy+HACCP,10,Rischio Rumore | Formazione GDPR | Nomina Incaricati/Responsabili | Gestione Allergeni | RSPP / Datore di Lavoro RSPP | Procedura Data Breach | Formazione Specifica (rischio alto) | Documento Valutazione Rischi (DVR) | Lotta agli Infestanti (Pest Control) | Rappresentante Lavoratori Sicurezza (RLS),D.Lgs81/08 Tit.VIII | GDPR art.32 | GDPR art.28-29 | Reg.UE 1169/2011 | D.Lgs81/08 art.34 | GDPR art.33-34 | Accordo Stato-Regioni | D.Lgs81/08 art.28 | Reg.CE 852/2004 | D.Lgs81/08 art.47,"TRACCIX>RUMORIX, HYGIENIX>MULTIX, BLINKIX>CAOSIX, CHECKIX>SCADUTIX, SCUDIX>POLVERIX, CONSENSIX>HACKIX, PREPOSTIX>SCIVOLIX, PRIVACIX>VOLTIX, SCUDIX>FRETTIX, CHEFIX>VIBRIX","Crea una PAGINA A FUMETTI a STORIA COMPLETA, verticale A4 (1024x1536), QUALITA' EDITORIALE DA STAMPA, stile ufficiale 'SICURIX TALES' IDENTICO alle immagini di riferimento allegate (stessi personaggi a mattoncini 3D, stessa impaginazione, stessi colori, stesse rese): minifigure espressive, ambientazioni ricche e dettagliate del settore, luci morbide, profondita', bordi vignetta netti. IMPAGINAZIONE OBBLIGATORIA: da 10 a 12 VIGNETTE numerate che raccontano UNA STORIA con arco narrativo completo (1 situazione normale -> 2-4 arrivano i pericoli coi cattivi -> 5-6 tensione/conseguenza -> 7-9 arriva SICURIX con gli eroi e applica il METODO81+ passo per passo -> 10-11 risoluzione ordinata -> 12 finale). HEADER in alto: SICURIX (mantello, medaglione arancione '81+', bussola) che presenta in un fumetto; grande titolo 'SICURIX TALES'; sottotitolo 'MANIFATTURA: Pericolo vs Soluzione con Metodo 81+'; legenda 3 voci (verde Sicurezza, rosso Rischio, blu 81+ Soluzione); fila di EROI coi nomi: TRACCIX, HYGIENIX, BLINKIX, CHECKIX, SCUDIX, CONSENSIX. FOOTER in basso: grande 'Prima vedi. Poi sistemi.'; banner scudo verde 'PROTEGGIAMO. PREVENIAMO. MIGLIORIAMO.' e triangolo rosso 'DISATTENZIONE. RISCHI. COSTI. CAOS.'; logo '81+' + '81plus.net'. TRAMA (usa questi eventi come vignette; se sono meno di 10 aggiungi vignette di contesto, dialogo e reazione per arrivare a 10-12): 1) RUMORIX causa il pericolo 'Rumore' (Rischio Rumore); poi TRACCIX+SICURIX applicano il METODO81+; 2) MULTIX causa il pericolo 'Formazione' (Formazione GDPR); poi HYGIENIX+SICURIX applicano il METODO81+; 3) CAOSIX causa il pericolo 'Nomine' (Nomina Incaricati/Responsabili); poi BLINKIX+SICURIX applicano il METODO81+; 4) SCADUTIX causa il pericolo 'Allergeni' (Gestione Allergeni); poi CHECKIX+SICURIX applicano il METODO81+; 5) POLVERIX causa il pericolo 'Ruolo/RSPP' (RSPP / Datore di Lavoro RSPP); poi SCUDIX+SICURIX applicano il METODO81+; 6) HACKIX causa il pericolo 'Data breach' (Procedura Data Breach); poi CONSENSIX+SICURIX applicano il METODO81+; 7) SCIVOLIX causa il pericolo 'Formazione specifica' (Formazione Specifica (rischio alto)); poi PREPOSTIX+SICURIX applicano il METODO81+; 8) VOLTIX causa il pericolo 'Documento' (Documento Valutazione Rischi (DVR)); poi PRIVACIX+SICURIX applicano il METODO81+; 9) FRETTIX causa il pericolo 'Infestanti' (Lotta agli Infestanti (Pest Control)); poi SCUDIX+SICURIX applicano il METODO81+; 10) VIBRIX causa il pericolo 'Ruolo/RLS' (Rappresentante Lavoratori Sicurezza (RLS)); poi CHEFIX+SICURIX applicano il METODO81+. PALETTE BRAND ESCLUSIVA: nero #05050A, bianco panna, arancione #FF6A1A/#E8501A; ROSSO solo per 'PERICOLO', VERDE per la checklist 'Metodo 81+'. Logo '81+' ben visibile in OGNI vignetta. REGOLA STORIA: SICURIX NON agisce mai da solo - in OGNI vignetta di soluzione si fa AIUTARE dai suoi colleghi EROI (lavoro di squadra, ognuno col suo ruolo). TESTO: didascalie e fumetti MOLTO BREVI (1-4 parole), GRANDI, centrati, in ITALIANO con ORTOGRAFIA PERFETTA, senza parole inventate, lettere doppie errate o testo tagliato. CATTIVI (coerenti col canone): RUMORIX, MULTIX, CAOSIX, SCADUTIX, POLVERIX, HACKIX, SCIVOLIX, VOLTIX, FRETTIX, VIBRIX. EROI: TRACCIX, HYGIENIX, BLINKIX, CHECKIX, SCUDIX, CONSENSIX, PREPOSTIX, PRIVACIX, CHEFIX. NEGATIVE: nessun marchio LEGO reale, nessun personaggio protetto (Asterix ecc.), niente gore/horror, niente claim assoluti ('rischio zero','garantito','zero multe').","In Manifattura non e' 'se' arriva il controllo, e' 'quando'. Sei pronto?","La differenza tra chi in Manifattura dorme sereno e chi trema al controllo

In manifattura gli adempimenti obbligatori non aspettano: Rumore, Formazione, Nomine, Allergeni, Ruolo/RSPP, Data breach, Formazione specifica, Documento, Infestanti, Ruolo/RLS. In questa pagina TALES OF SICURIX il PERICOLO prende forma... e il METODO81+ lo rimette in ordine, passo dopo passo. Immagina la scena: prima il caos, poi la checklist che sistema tutto. La regola c'e' gia': tu falla lavorare per te.
👉 Iscriviti al corso: Corso RSPP Datore di Lavoro : rischio rumore -> https://81plus.net/?corso=corso-rspp-datore-di-lavoro-rischio-rumore
▶️ YouTube: youtube.com/@sicurissimo
Contenuto informativo. Prima vedi. Poi sistemi. 81plus.net",Corso RSPP Datore di Lavoro : rischio rumore,https://81plus.net/?corso=corso-rspp-datore-di-lavoro-rischio-rumore,#TalesOfSicurix #SICURIX #Metodo81 #81plus #Sicurissimo #Sicurezza #Privacy #HACCP #SicurezzaSulLavoro,SICURIX_TALES_281200_12_24_23_20_5_25_2_0_19_4.webp,https://drive.google.com/drive/folders/1hICKXdl9JTZBL1pemG19oE_661z-EH_k,IMG_ERR
52.31.00,Trasporti/Magazzino,H,Ambientale+Sicurezza,11,Gestione Rifiuti e Registro | Carrellista / Muletto | Documento Valutazione Rischi (DVR) | Formazione Specifica (rischio alto) | Uso e Formazione DPI | Formazione Generale Lavoratori | Sorveglianza Sanitaria / Medico Competente | Addetto Antincendio | Formazione Ambientale | Addetto Primo Soccorso | Rappresentante Lavoratori Sicurezza (RLS),D.Lgs152/06 | Accordo Stato-Regioni | D.Lgs81/08 art.28 | D.Lgs81/08 art.77 | D.Lgs81/08 art.41 | DM 2/9/2021 | DM 388/2003 | D.Lgs81/08 art.47,"DOCUMIX>IMPROVVISIX, PRIVACIX>SOTTOVALUTIX, SCUDIX>IMPROVVISIX, PREPOSTIX>ØTIX, CHEFIX>RUMORIX, PRIVACIX>CAOSIX, CIFRIX>VOLTIX, FORMIX>SEGNALEX, CHEFIX>RISKIX, TRACCIX>CAOSIX, CONSENSIX>TAGLIX","Crea una PAGINA A FUMETTI a STORIA COMPLETA, verticale A4 (1024x1536), QUALITA' EDITORIALE DA STAMPA, stile ufficiale 'SICURIX TALES' IDENTICO alle immagini di riferimento allegate (stessi personaggi a mattoncini 3D, stessa impaginazione, stessi colori, stesse rese): minifigure espressive, ambientazioni ricche e dettagliate del settore, luci morbide, profondita', bordi vignetta netti. IMPAGINAZIONE OBBLIGATORIA: da 10 a 12 VIGNETTE numerate che raccontano UNA STORIA con arco narrativo completo (1 situazione normale -> 2-4 arrivano i pericoli coi cattivi -> 5-6 tensione/conseguenza -> 7-9 arriva SICURIX con gli eroi e applica il METODO81+ passo per passo -> 10-11 risoluzione ordinata -> 12 finale). HEADER in alto: SICURIX (mantello, medaglione arancione '81+', bussola) che presenta in un fumetto; grande titolo 'SICURIX TALES'; sottotitolo 'TRASPORTI/MAGAZZINO: Pericolo vs Soluzione con Metodo 81+'; legenda 3 voci (verde Sicurezza, rosso Rischio, blu 81+ Soluzione); fila di EROI coi nomi: DOCUMIX, PRIVACIX, SCUDIX, PREPOSTIX, CHEFIX, CIFRIX. FOOTER in basso: grande 'Prima vedi. Poi sistemi.'; banner scudo verde 'PROTEGGIAMO. PREVENIAMO. MIGLIORIAMO.' e triangolo rosso 'DISATTENZIONE. RISCHI. COSTI. CAOS.'; logo '81+' + '81plus.net'. TRAMA (usa questi eventi come vignette; se sono meno di 10 aggiungi vignette di contesto, dialogo e reazione per arrivare a 10-12): 1) IMPROVVISIX causa il pericolo 'Rifiuti' (Gestione Rifiuti e Registro); poi DOCUMIX+SICURIX applicano il METODO81+; 2) SOTTOVALUTIX causa il pericolo 'Carrelli' (Carrellista / Muletto); poi PRIVACIX+SICURIX applicano il METODO81+; 3) IMPROVVISIX causa il pericolo 'Documento' (Documento Valutazione Rischi (DVR)); poi SCUDIX+SICURIX applicano il METODO81+; 4) ØTIX causa il pericolo 'Formazione specifica' (Formazione Specifica (rischio alto)); poi PREPOSTIX+SICURIX applicano il METODO81+; 5) RUMORIX causa il pericolo 'DPI' (Uso e Formazione DPI); poi CHEFIX+SICURIX applicano il METODO81+; 6) CAOSIX causa il pericolo 'Formazione base' (Formazione Generale Lavoratori); poi PRIVACIX+SICURIX applicano il METODO81+; 7) VOLTIX causa il pericolo 'Sorveglianza sanitaria' (Sorveglianza Sanitaria / Medico Competente); poi CIFRIX+SICURIX applicano il METODO81+; 8) SEGNALEX causa il pericolo 'Emergenze/Incendio' (Addetto Antincendio); poi FORMIX+SICURIX applicano il METODO81+; 9) RISKIX causa il pericolo 'Formazione' (Formazione Ambientale); poi CHEFIX+SICURIX applicano il METODO81+; 10) CAOSIX causa il pericolo 'Emergenze/Soccorso' (Addetto Primo Soccorso); poi TRACCIX+SICURIX applicano il METODO81+; 11) TAGLIX causa il pericolo 'Ruolo/RLS' (Rappresentante Lavoratori Sicurezza (RLS)); poi CONSENSIX+SICURIX applicano il METODO81+. PALETTE BRAND ESCLUSIVA: nero #05050A, bianco panna, arancione #FF6A1A/#E8501A; ROSSO solo per 'PERICOLO', VERDE per la checklist 'Metodo 81+'. Logo '81+' ben visibile in OGNI vignetta. REGOLA STORIA: SICURIX NON agisce mai da solo - in OGNI vignetta di soluzione si fa AIUTARE dai suoi colleghi EROI (lavoro di squadra, ognuno col suo ruolo). TESTO: didascalie e fumetti MOLTO BREVI (1-4 parole), GRANDI, centrati, in ITALIANO con ORTOGRAFIA PERFETTA, senza parole inventate, lettere doppie errate o testo tagliato. CATTIVI (coerenti col canone): IMPROVVISIX, SOTTOVALUTIX, ØTIX, RUMORIX, CAOSIX, VOLTIX, SEGNALEX, RISKIX, TAGLIX. EROI: DOCUMIX, PRIVACIX, SCUDIX, PREPOSTIX, CHEFIX, CIFRIX, FORMIX, TRACCIX, CONSENSIX. NEGATIVE: nessun marchio LEGO reale, nessun personaggio protetto (Asterix ecc.), niente gore/horror, niente claim assoluti ('rischio zero','garantito','zero multe').",La differenza tra chi in Trasporti/Magazzino dorme sereno e chi trema al controllo,"In Trasporti/Magazzino non e' 'se' arriva il controllo, e' 'quando'. Sei pronto?

In trasporti/magazzino gli adempimenti obbligatori non aspettano: Rifiuti, Carrelli, Documento, Formazione specifica, DPI, Formazione base, Sorveglianza sanitaria, Emergenze/Incendio, Formazione, Emergenze/Soccorso, Ruolo/RLS. In questa pagina TALES OF SICURIX il PERICOLO prende forma... e il METODO81+ lo rimette in ordine, passo dopo passo. Immagina la scena: prima il caos, poi la checklist che sistema tutto. Chi si mette in regola prima, dorme meglio dopo.
👉 Iscriviti al corso: Formazione integrativa lavoratore 4 ore – gestione e smaltimento rifiuti -> https://81plus.net/?corso=formazione-integrativa-lavoratore-4-ore-gestione-e-smaltimen
▶️ YouTube: youtube.com/@sicurissimo
Contenuto informativo. Prima vedi. Poi sistemi. 81plus.net",Formazione integrativa lavoratore 4 ore – gestione e smaltimento rifiuti,https://81plus.net/?corso=formazione-integrativa-lavoratore-4-ore-gestione-e-smaltimen,#TalesOfSicurix #SICURIX #Metodo81 #81plus #Sicurissimo #Ambientale #Sicurezza #SicurezzaSulLavoro,SICURIX_TALES_523100_20_14_0_2_8_1_9_7_21_6_4.webp,https://drive.google.com/drive/folders/1hICKXdl9JTZBL1pemG19oE_661z-EH_k,IMG_ERR
98.10.00,Org.extra,U,Privacy+Sicurezza,12,Nomina Incaricati/Responsabili | Uso e Formazione DPI | Formazione Generale Lavoratori | RSPP / Datore di Lavoro RSPP | Formazione Specifica (rischio basso) | Addetto Primo Soccorso | Formazione Preposto | Procedura Data Breach | Formazione GDPR | Rappresentante Lavoratori Sicurezza (RLS) | Informativa e Consensi | Registro dei Trattamenti,GDPR art.28-29 | D.Lgs81/08 art.77 | Accordo Stato-Regioni | D.Lgs81/08 art.34 | DM 388/2003 | D.Lgs81/08 art.37 | GDPR art.33-34 | GDPR art.32 | D.Lgs81/08 art.47 | GDPR art.13 | GDPR art.30,"PREPOSTIX>MULTIX, CIFRIX>BIOXIX, PRIVACIX>CADUTIX, FORMIX>BIOXIX, SICURIX>MULTIX, DOCUMIX>VOLTIX, HYGIENIX>MULTIX, LUXPECTORIX>FRETTIX, BLINKIX>HACKIX, ROBOTIX81>BIOXIX, CHECKIX>PHISHIX, SICURIX>MULTIX","Crea una PAGINA A FUMETTI a STORIA COMPLETA, verticale A4 (1024x1536), QUALITA' EDITORIALE DA STAMPA, stile ufficiale 'SICURIX TALES' IDENTICO alle immagini di riferimento allegate (stessi personaggi a mattoncini 3D, stessa impaginazione, stessi colori, stesse rese): minifigure espressive, ambientazioni ricche e dettagliate del settore, luci morbide, profondita', bordi vignetta netti. IMPAGINAZIONE OBBLIGATORIA: da 10 a 12 VIGNETTE numerate che raccontano UNA STORIA con arco narrativo completo (1 situazione normale -> 2-4 arrivano i pericoli coi cattivi -> 5-6 tensione/conseguenza -> 7-9 arriva SICURIX con gli eroi e applica il METODO81+ passo per passo -> 10-11 risoluzione ordinata -> 12 finale). HEADER in alto: SICURIX (mantello, medaglione arancione '81+', bussola) che presenta in un fumetto; grande titolo 'SICURIX TALES'; sottotitolo 'ORG.EXTRA: Pericolo vs Soluzione con Metodo 81+'; legenda 3 voci (verde Sicurezza, rosso Rischio, blu 81+ Soluzione); fila di EROI coi nomi: PREPOSTIX, CIFRIX, PRIVACIX, FORMIX, SICURIX, DOCUMIX. FOOTER in basso: grande 'Prima vedi. Poi sistemi.'; banner scudo verde 'PROTEGGIAMO. PREVENIAMO. MIGLIORIAMO.' e triangolo rosso 'DISATTENZIONE. RISCHI. COSTI. CAOS.'; logo '81+' + '81plus.net'. TRAMA (usa questi eventi come vignette; se sono meno di 10 aggiungi vignette di contesto, dialogo e reazione per arrivare a 10-12): 1) MULTIX causa il pericolo 'Nomine' (Nomina Incaricati/Responsabili); poi PREPOSTIX+SICURIX applicano il METODO81+; 2) BIOXIX causa il pericolo 'DPI' (Uso e Formazione DPI); poi CIFRIX+SICURIX applicano il METODO81+; 3) CADUTIX causa il pericolo 'Formazione base' (Formazione Generale Lavoratori); poi PRIVACIX+SICURIX applicano il METODO81+; 4) BIOXIX causa il pericolo 'Ruolo/RSPP' (RSPP / Datore di Lavoro RSPP); poi FORMIX+SICURIX applicano il METODO81+; 5) MULTIX causa il pericolo 'Formazione specifica' (Formazione Specifica (rischio basso)); poi SICURIX+SICURIX applicano il METODO81+; 6) VOLTIX causa il pericolo 'Emergenze/Soccorso' (Addetto Primo Soccorso); poi DOCUMIX+SICURIX applicano il METODO81+; 7) MULTIX causa il pericolo 'Ruolo/Preposto' (Formazione Preposto); poi HYGIENIX+SICURIX applicano il METODO81+; 8) FRETTIX causa il pericolo 'Data breach' (Procedura Data Breach); poi LUXPECTORIX+SICURIX applicano il METODO81+; 9) HACKIX causa il pericolo 'Formazione' (Formazione GDPR); poi BLINKIX+SICURIX applicano il METODO81+; 10) BIOXIX causa il pericolo 'Ruolo/RLS' (Rappresentante Lavoratori Sicurezza (RLS)); poi ROBOTIX81+SICURIX applicano il METODO81+; 11) PHISHIX causa il pericolo 'Documento' (Informativa e Consensi); poi CHECKIX+SICURIX applicano il METODO81+; 12) MULTIX causa il pericolo 'Registro' (Registro dei Trattamenti); poi SICURIX+SICURIX applicano il METODO81+. PALETTE BRAND ESCLUSIVA: nero #05050A, bianco panna, arancione #FF6A1A/#E8501A; ROSSO solo per 'PERICOLO', VERDE per la checklist 'Metodo 81+'. Logo '81+' ben visibile in OGNI vignetta. REGOLA STORIA: SICURIX NON agisce mai da solo - in OGNI vignetta di soluzione si fa AIUTARE dai suoi colleghi EROI (lavoro di squadra, ognuno col suo ruolo). TESTO: didascalie e fumetti MOLTO BREVI (1-4 parole), GRANDI, centrati, in ITALIANO con ORTOGRAFIA PERFETTA, senza parole inventate, lettere doppie errate o testo tagliato. CATTIVI (coerenti col canone): MULTIX, BIOXIX, CADUTIX, VOLTIX, FRETTIX, HACKIX, PHISHIX. EROI: PREPOSTIX, CIFRIX, PRIVACIX, FORMIX, SICURIX, DOCUMIX, HYGIENIX, LUXPECTORIX, BLINKIX, ROBOTIX81, CHECKIX. NEGATIVE: nessun marchio LEGO reale, nessun personaggio protetto (Asterix ecc.), niente gore/horror, niente claim assoluti ('rischio zero','garantito','zero multe').","In Org.extra non e' 'se' arriva il controllo, e' 'quando'. Sei pronto?","Org.extra: 3 minuti oggi o un problema enorme domani. Scegli tu.

In org.extra gli adempimenti obbligatori non aspettano: Nomine, DPI, Formazione base, Ruolo/RSPP, Formazione specifica, Emergenze/Soccorso, Ruolo/Preposto, Data breach, Formazione, Ruolo/RLS, Documento, Registro. In questa pagina TALES OF SICURIX il PERICOLO prende forma... e il METODO81+ lo rimette in ordine, passo dopo passo. Immagina la scena: prima il caos, poi la checklist che sistema tutto. La regola c'e' gia': tu falla lavorare per te.
👉 Iscriviti al corso: Corso privacy destinato ai lavoratori -> https://81plus.net/?corso=corso-privacy-destinato-ai-lavoratori
▶️ YouTube: youtube.com/@sicurissimo
Contenuto informativo. Prima vedi. Poi sistemi. 81plus.net",Corso privacy destinato ai lavoratori,https://81plus.net/?corso=corso-privacy-destinato-ai-lavoratori,#TalesOfSicurix #SICURIX #Metodo81 #81plus #Sicurissimo #Privacy #Sicurezza #SicurezzaSulLavoro,SICURIX_TALES_981000_11_8_1_5_2_6_3_13_12_4_9_10.webp,https://drive.google.com/drive/folders/1hICKXdl9JTZBL1pemG19oE_661z-EH_k,IMG_ERR
47.30.00,Commercio,G,Sicurezza+HACCP+Privacy,12,Documento Valutazione Rischi (DVR) | Gestione Allergeni | Addetto Primo Soccorso | Rappresentante Lavoratori Sicurezza (RLS) | Formazione GDPR | Formazione Generale Lavoratori | Procedura Data Breach | Uso e Formazione DPI | Addetto Antincendio | Informativa e Consensi | Piano di Sanificazione | Lotta agli Infestanti (Pest Control),D.Lgs81/08 art.28 | Reg.UE 1169/2011 | DM 388/2003 | D.Lgs81/08 art.47 | GDPR art.32 | Accordo Stato-Regioni | GDPR art.33-34 | D.Lgs81/08 art.77 | DM 2/9/2021 | GDPR art.13 | Reg.CE 852/2004,"CHEFIX>SOTTOVALUTIX, PRIVACIX>DOSAGIX, BLINKIX>SCHIACCIX, DOCUMIX>CAOSIX, TRACCIX>PERMISSIONIX, DOCUMIX>VOLTIX, CONSENSIX>LEAKIX, CONSENSIX>FRETTIX, LUXPECTORIX>BIOXIX, HYGIENIX>FRETTIX, SICURIX>IMPROVVISIX, DOCUMIX>SCADUTIX","Crea una PAGINA A FUMETTI a STORIA COMPLETA, verticale A4 (1024x1536), QUALITA' EDITORIALE DA STAMPA, stile ufficiale 'SICURIX TALES' IDENTICO alle immagini di riferimento allegate (stessi personaggi a mattoncini 3D, stessa impaginazione, stessi colori, stesse rese): minifigure espressive, ambientazioni ricche e dettagliate del settore, luci morbide, profondita', bordi vignetta netti. IMPAGINAZIONE OBBLIGATORIA: da 10 a 12 VIGNETTE numerate che raccontano UNA STORIA con arco narrativo completo (1 situazione normale -> 2-4 arrivano i pericoli coi cattivi -> 5-6 tensione/conseguenza -> 7-9 arriva SICURIX con gli eroi e applica il METODO81+ passo per passo -> 10-11 risoluzione ordinata -> 12 finale). HEADER in alto: SICURIX (mantello, medaglione arancione '81+', bussola) che presenta in un fumetto; grande titolo 'SICURIX TALES'; sottotitolo 'COMMERCIO: Pericolo vs Soluzione con Metodo 81+'; legenda 3 voci (verde Sicurezza, rosso Rischio, blu 81+ Soluzione); fila di EROI coi nomi: CHEFIX, PRIVACIX, BLINKIX, DOCUMIX, TRACCIX, CONSENSIX. FOOTER in basso: grande 'Prima vedi. Poi sistemi.'; banner scudo verde 'PROTEGGIAMO. PREVENIAMO. MIGLIORIAMO.' e triangolo rosso 'DISATTENZIONE. RISCHI. COSTI. CAOS.'; logo '81+' + '81plus.net'. TRAMA (usa questi eventi come vignette; se sono meno di 10 aggiungi vignette di contesto, dialogo e reazione per arrivare a 10-12): 1) SOTTOVALUTIX causa il pericolo 'Documento' (Documento Valutazione Rischi (DVR)); poi CHEFIX+SICURIX applicano il METODO81+; 2) DOSAGIX causa il pericolo 'Allergeni' (Gestione Allergeni); poi PRIVACIX+SICURIX applicano il METODO81+; 3) SCHIACCIX causa il pericolo 'Emergenze/Soccorso' (Addetto Primo Soccorso); poi BLINKIX+SICURIX applicano il METODO81+; 4) CAOSIX causa il pericolo 'Ruolo/RLS' (Rappresentante Lavoratori Sicurezza (RLS)); poi DOCUMIX+SICURIX applicano il METODO81+; 5) PERMISSIONIX causa il pericolo 'Formazione' (Formazione GDPR); poi TRACCIX+SICURIX applicano il METODO81+; 6) VOLTIX causa il pericolo 'Formazione base' (Formazione Generale Lavoratori); poi DOCUMIX+SICURIX applicano il METODO81+; 7) LEAKIX causa il pericolo 'Data breach' (Procedura Data Breach); poi CONSENSIX+SICURIX applicano il METODO81+; 8) FRETTIX causa il pericolo 'DPI' (Uso e Formazione DPI); poi CONSENSIX+SICURIX applicano il METODO81+; 9) BIOXIX causa il pericolo 'Emergenze/Incendio' (Addetto Antincendio); poi LUXPECTORIX+SICURIX applicano il METODO81+; 10) FRETTIX causa il pericolo 'Documento' (Informativa e Consensi); poi HYGIENIX+SICURIX applicano il METODO81+; 11) IMPROVVISIX causa il pericolo 'Sanificazione' (Piano di Sanificazione); poi SICURIX+SICURIX applicano il METODO81+; 12) SCADUTIX causa il pericolo 'Infestanti' (Lotta agli Infestanti (Pest Control)); poi DOCUMIX+SICURIX applicano il METODO81+. PALETTE BRAND ESCLUSIVA: nero #05050A, bianco panna, arancione #FF6A1A/#E8501A; ROSSO solo per 'PERICOLO', VERDE per la checklist 'Metodo 81+'. Logo '81+' ben visibile in OGNI vignetta. REGOLA STORIA: SICURIX NON agisce mai da solo - in OGNI vignetta di soluzione si fa AIUTARE dai suoi colleghi EROI (lavoro di squadra, ognuno col suo ruolo). TESTO: didascalie e fumetti MOLTO BREVI (1-4 parole), GRANDI, centrati, in ITALIANO con ORTOGRAFIA PERFETTA, senza parole inventate, lettere doppie errate o testo tagliato. CATTIVI (coerenti col canone): SOTTOVALUTIX, DOSAGIX, SCHIACCIX, CAOSIX, PERMISSIONIX, VOLTIX, LEAKIX, FRETTIX, BIOXIX, IMPROVVISIX, SCADUTIX. EROI: CHEFIX, PRIVACIX, BLINKIX, DOCUMIX, TRACCIX, CONSENSIX, LUXPECTORIX, HYGIENIX, SICURIX. NEGATIVE: nessun marchio LEGO reale, nessun personaggio protetto (Asterix ecc.), niente gore/horror, niente claim assoluti ('rischio zero','garantito','zero multe').",La differenza tra chi in Commercio dorme sereno e chi trema al controllo,"In Commercio non e' 'se' arriva il controllo, e' 'quando'. Sei pronto?

In commercio gli adempimenti obbligatori non aspettano: Documento, Allergeni, Emergenze/Soccorso, Ruolo/RLS, Formazione, Formazione base, Data breach, DPI, Emergenze/Incendio, Sanificazione, Infestanti. In questa pagina TALES OF SICURIX il PERICOLO prende forma... e il METODO81+ lo rimette in ordine, passo dopo passo. Immagina la scena: prima il caos, poi la checklist che sistema tutto. Non e' burocrazia: e' la tua tranquillita.
👉 Iscriviti al corso: Corso lavoratore parte GENERALE 4 ore -> https://81plus.net/?corso=corso-lavoratore-parte-generale-4-ore
▶️ YouTube: youtube.com/@sicurissimo
Contenuto informativo. Prima vedi. Poi sistemi. 81plus.net",Corso lavoratore parte GENERALE 4 ore,https://81plus.net/?corso=corso-lavoratore-parte-generale-4-ore,#TalesOfSicurix #SICURIX #Metodo81 #81plus #Sicurissimo #Sicurezza #HACCP #Privacy #SicurezzaSulLavoro,SICURIX_TALES_473000_0_18_6_4_22_1_23_8_7_19_14_17.webp,https://drive.google.com/drive/folders/1hICKXdl9JTZBL1pemG19oE_661z-EH_k,IMG_ERR
65.11.00,Immobiliare,L,Sicurezza+Privacy,10,RSPP / Datore di Lavoro RSPP | Formazione Preposto | Uso e Formazione DPI | Formazione GDPR | Nomina Incaricati/Responsabili | Formazione Generale Lavoratori | Registro dei Trattamenti | Rappresentante Lavoratori Sicurezza (RLS) | Procedura Data Breach | Informativa e Consensi,D.Lgs81/08 art.34 | D.Lgs81/08 art.37 | D.Lgs81/08 art.77 | GDPR art.32 | GDPR art.28-29 | Accordo Stato-Regioni | GDPR art.30 | D.Lgs81/08 art.47 | GDPR art.33-34 | GDPR art.13,"CIFRIX>ØTIX, FORMIX>VOLTIX, TRACCIX>POLVERIX, TRACCIX>OBLIVIX, PRIVACIX>RISKIX, CIFRIX>MULTIX, ROBOTIX81>IMPROVVISIX, CHECKIX>TAGLIX, PRIVACIX>PHISHIX, FORMIX>CAOSIX","Crea una PAGINA A FUMETTI a STORIA COMPLETA, verticale A4 (1024x1536), QUALITA' EDITORIALE DA STAMPA, stile ufficiale 'SICURIX TALES' IDENTICO alle immagini di riferimento allegate (stessi personaggi a mattoncini 3D, stessa impaginazione, stessi colori, stesse rese): minifigure espressive, ambientazioni ricche e dettagliate del settore, luci morbide, profondita', bordi vignetta netti. IMPAGINAZIONE OBBLIGATORIA: da 10 a 12 VIGNETTE numerate che raccontano UNA STORIA con arco narrativo completo (1 situazione normale -> 2-4 arrivano i pericoli coi cattivi -> 5-6 tensione/conseguenza -> 7-9 arriva SICURIX con gli eroi e applica il METODO81+ passo per passo -> 10-11 risoluzione ordinata -> 12 finale). HEADER in alto: SICURIX (mantello, medaglione arancione '81+', bussola) che presenta in un fumetto; grande titolo 'SICURIX TALES'; sottotitolo 'IMMOBILIARE: Pericolo vs Soluzione con Metodo 81+'; legenda 3 voci (verde Sicurezza, rosso Rischio, blu 81+ Soluzione); fila di EROI coi nomi: CIFRIX, FORMIX, TRACCIX, PRIVACIX, ROBOTIX81, CHECKIX. FOOTER in basso: grande 'Prima vedi. Poi sistemi.'; banner scudo verde 'PROTEGGIAMO. PREVENIAMO. MIGLIORIAMO.' e triangolo rosso 'DISATTENZIONE. RISCHI. COSTI. CAOS.'; logo '81+' + '81plus.net'. TRAMA (usa questi eventi come vignette; se sono meno di 10 aggiungi vignette di contesto, dialogo e reazione per arrivare a 10-12): 1) ØTIX causa il pericolo 'Ruolo/RSPP' (RSPP / Datore di Lavoro RSPP); poi CIFRIX+SICURIX applicano il METODO81+; 2) VOLTIX causa il pericolo 'Ruolo/Preposto' (Formazione Preposto); poi FORMIX+SICURIX applicano il METODO81+; 3) POLVERIX causa il pericolo 'DPI' (Uso e Formazione DPI); poi TRACCIX+SICURIX applicano il METODO81+; 4) OBLIVIX causa il pericolo 'Formazione' (Formazione GDPR); poi TRACCIX+SICURIX applicano il METODO81+; 5) RISKIX causa il pericolo 'Nomine' (Nomina Incaricati/Responsabili); poi PRIVACIX+SICURIX applicano il METODO81+; 6) MULTIX causa il pericolo 'Formazione base' (Formazione Generale Lavoratori); poi CIFRIX+SICURIX applicano il METODO81+; 7) IMPROVVISIX causa il pericolo 'Registro' (Registro dei Trattamenti); poi ROBOTIX81+SICURIX applicano il METODO81+; 8) TAGLIX causa il pericolo 'Ruolo/RLS' (Rappresentante Lavoratori Sicurezza (RLS)); poi CHECKIX+SICURIX applicano il METODO81+; 9) PHISHIX causa il pericolo 'Data breach' (Procedura Data Breach); poi PRIVACIX+SICURIX applicano il METODO81+; 10) CAOSIX causa il pericolo 'Documento' (Informativa e Consensi); poi FORMIX+SICURIX applicano il METODO81+. PALETTE BRAND ESCLUSIVA: nero #05050A, bianco panna, arancione #FF6A1A/#E8501A; ROSSO solo per 'PERICOLO', VERDE per la checklist 'Metodo 81+'. Logo '81+' ben visibile in OGNI vignetta. REGOLA STORIA: SICURIX NON agisce mai da solo - in OGNI vignetta di soluzione si fa AIUTARE dai suoi colleghi EROI (lavoro di squadra, ognuno col suo ruolo). TESTO: didascalie e fumetti MOLTO BREVI (1-4 parole), GRANDI, centrati, in ITALIANO con ORTOGRAFIA PERFETTA, senza parole inventate, lettere doppie errate o testo tagliato. CATTIVI (coerenti col canone): ØTIX, VOLTIX, POLVERIX, OBLIVIX, RISKIX, MULTIX, IMPROVVISIX, TAGLIX, PHISHIX, CAOSIX. EROI: CIFRIX, FORMIX, TRACCIX, PRIVACIX, ROBOTIX81, CHECKIX. NEGATIVE: nessun marchio LEGO reale, nessun personaggio protetto (Asterix ecc.), niente gore/horror, niente claim assoluti ('rischio zero','garantito','zero multe').",In Immobiliare c'e' un obbligo che in tanti scoprono solo con la sanzione,"In Immobiliare non e' 'se' arriva il controllo, e' 'quando'. Sei pronto?

In immobiliare gli adempimenti obbligatori non aspettano: Ruolo/RSPP, Ruolo/Preposto, DPI, Formazione, Nomine, Formazione base, Registro, Ruolo/RLS, Data breach, Documento. In questa pagina TALES OF SICURIX il PERICOLO prende forma... e il METODO81+ lo rimette in ordine, passo dopo passo. Immagina la scena: prima il caos, poi la checklist che sistema tutto. Non e' burocrazia: e' la tua tranquillita.
👉 Iscriviti al corso: RSPP Datore di Lavoro modulo 1 e 2 -> https://81plus.net/?corso=rspp-datore-di-lavoro-modulo-1-e-2
▶️ YouTube: youtube.com/@sicurissimo
Contenuto informativo. Prima vedi. Poi sistemi. 81plus.net",RSPP Datore di Lavoro modulo 1 e 2,https://81plus.net/?corso=rspp-datore-di-lavoro-modulo-1-e-2,#TalesOfSicurix #SICURIX #Metodo81 #81plus #Sicurissimo #Sicurezza #Privacy #SicurezzaSulLavoro,SICURIX_TALES_651100_5_3_8_12_11_1_10_4_13_9.webp,https://drive.google.com/drive/folders/1hICKXdl9JTZBL1pemG19oE_661z-EH_k,IMG_ERR
03.22.01,Agricoltura,A,Sicurezza+Privacy+HACCP,12,Uso e Formazione DPI | Registro dei Trattamenti | Gestione Allergeni | Formazione Preposto | Corso Alimentarista | Documento Valutazione Rischi (DVR) | Informativa e Consensi | Nomina Incaricati/Responsabili | Rintracciabilita ed Etichettatura | Rischio Rumore | Stress Lavoro-Correlato | Sorveglianza Sanitaria / Medico Competente,D.Lgs81/08 art.77 | GDPR art.30 | Reg.UE 1169/2011 | D.Lgs81/08 art.37 | Reg.CE 852/2004 | D.Lgs81/08 art.28 | GDPR art.13 | GDPR art.28-29 | Reg.CE 178/2002 | D.Lgs81/08 Tit.VIII | D.Lgs81/08 art.41,"SCUDIX>RISKIX, CONSENSIX>OBLIVIX, CHEFIX>IMPROVVISIX, BLINKIX>SCIVOLIX, FORMIX>MULTIX, CHECKIX>OBLIVIX, HYGIENIX>FRETTIX, CHECKIX>LEAKIX, FORMIX>DOSAGIX, SICURIX>IMPROVVISIX, HYGIENIX>POLVERIX, FORMIX>OBLIVIX","Crea una PAGINA A FUMETTI a STORIA COMPLETA, verticale A4 (1024x1536), QUALITA' EDITORIALE DA STAMPA, stile ufficiale 'SICURIX TALES' IDENTICO alle immagini di riferimento allegate (stessi personaggi a mattoncini 3D, stessa impaginazione, stessi colori, stesse rese): minifigure espressive, ambientazioni ricche e dettagliate del settore, luci morbide, profondita', bordi vignetta netti. IMPAGINAZIONE OBBLIGATORIA: da 10 a 12 VIGNETTE numerate che raccontano UNA STORIA con arco narrativo completo (1 situazione normale -> 2-4 arrivano i pericoli coi cattivi -> 5-6 tensione/conseguenza -> 7-9 arriva SICURIX con gli eroi e applica il METODO81+ passo per passo -> 10-11 risoluzione ordinata -> 12 finale). HEADER in alto: SICURIX (mantello, medaglione arancione '81+', bussola) che presenta in un fumetto; grande titolo 'SICURIX TALES'; sottotitolo 'AGRICOLTURA: Pericolo vs Soluzione con Metodo 81+'; legenda 3 voci (verde Sicurezza, rosso Rischio, blu 81+ Soluzione); fila di EROI coi nomi: SCUDIX, CONSENSIX, CHEFIX, BLINKIX, FORMIX, CHECKIX. FOOTER in basso: grande 'Prima vedi. Poi sistemi.'; banner scudo verde 'PROTEGGIAMO. PREVENIAMO. MIGLIORIAMO.' e triangolo rosso 'DISATTENZIONE. RISCHI. COSTI. CAOS.'; logo '81+' + '81plus.net'. TRAMA (usa questi eventi come vignette; se sono meno di 10 aggiungi vignette di contesto, dialogo e reazione per arrivare a 10-12): 1) RISKIX causa il pericolo 'DPI' (Uso e Formazione DPI); poi SCUDIX+SICURIX applicano il METODO81+; 2) OBLIVIX causa il pericolo 'Registro' (Registro dei Trattamenti); poi CONSENSIX+SICURIX applicano il METODO81+; 3) IMPROVVISIX causa il pericolo 'Allergeni' (Gestione Allergeni); poi CHEFIX+SICURIX applicano il METODO81+; 4) SCIVOLIX causa il pericolo 'Ruolo/Preposto' (Formazione Preposto); poi BLINKIX+SICURIX applicano il METODO81+; 5) MULTIX causa il pericolo 'Corso' (Corso Alimentarista); poi FORMIX+SICURIX applicano il METODO81+; 6) OBLIVIX causa il pericolo 'Documento' (Documento Valutazione Rischi (DVR)); poi CHECKIX+SICURIX applicano il METODO81+; 7) FRETTIX causa il pericolo 'Documento' (Informativa e Consensi); poi HYGIENIX+SICURIX applicano il METODO81+; 8) LEAKIX causa il pericolo 'Nomine' (Nomina Incaricati/Responsabili); poi CHECKIX+SICURIX applicano il METODO81+; 9) DOSAGIX causa il pericolo 'Rintracciabilita' (Rintracciabilita ed Etichettatura); poi FORMIX+SICURIX applicano il METODO81+; 10) IMPROVVISIX causa il pericolo 'Rumore' (Rischio Rumore); poi SICURIX+SICURIX applicano il METODO81+; 11) POLVERIX causa il pericolo 'Stress' (Stress Lavoro-Correlato); poi HYGIENIX+SICURIX applicano il METODO81+; 12) OBLIVIX causa il pericolo 'Sorveglianza sanitaria' (Sorveglianza Sanitaria / Medico Competente); poi FORMIX+SICURIX applicano il METODO81+. PALETTE BRAND ESCLUSIVA: nero #05050A, bianco panna, arancione #FF6A1A/#E8501A; ROSSO solo per 'PERICOLO', VERDE per la checklist 'Metodo 81+'. Logo '81+' ben visibile in OGNI vignetta. REGOLA STORIA: SICURIX NON agisce mai da solo - in OGNI vignetta di soluzione si fa AIUTARE dai suoi colleghi EROI (lavoro di squadra, ognuno col suo ruolo). TESTO: didascalie e fumetti MOLTO BREVI (1-4 parole), GRANDI, centrati, in ITALIANO con ORTOGRAFIA PERFETTA, senza parole inventate, lettere doppie errate o testo tagliato. CATTIVI (coerenti col canone): RISKIX, OBLIVIX, IMPROVVISIX, SCIVOLIX, MULTIX, FRETTIX, LEAKIX, DOSAGIX, POLVERIX. EROI: SCUDIX, CONSENSIX, CHEFIX, BLINKIX, FORMIX, CHECKIX, HYGIENIX, SICURIX. NEGATIVE: nessun marchio LEGO reale, nessun personaggio protetto (Asterix ecc.), niente gore/horror, niente claim assoluti ('rischio zero','garantito','zero multe').","In Agricoltura non e' 'se' arriva il controllo, e' 'quando'. Sei pronto?","Quello che l'ispettore controlla per primo in Agricoltura (e quasi nessuno lo sa)

In agricoltura gli adempimenti obbligatori non aspettano: DPI, Registro, Allergeni, Ruolo/Preposto, Corso, Documento, Nomine, Rintracciabilita, Rumore, Stress, Sorveglianza sanitaria. In questa pagina TALES OF SICURIX il PERICOLO prende forma... e il METODO81+ lo rimette in ordine, passo dopo passo. Immagina la scena: prima il caos, poi la checklist che sistema tutto. Chi si mette in regola prima, dorme meglio dopo.
👉 Iscriviti al corso: Corso Lavori in Quota e DPI Anticaduta -> https://81plus.net/?corso=corso-lavori-in-quota-e-dpi-anticaduta
▶️ YouTube: youtube.com/@sicurissimo
Contenuto informativo. Prima vedi. Poi sistemi. 81plus.net",Corso Lavori in Quota e DPI Anticaduta,https://81plus.net/?corso=corso-lavori-in-quota-e-dpi-anticaduta,#TalesOfSicurix #SICURIX #Metodo81 #81plus #Sicurissimo #Sicurezza #Privacy #HACCP #SicurezzaSulLavoro,SICURIX_TALES_032201_8_23_21_3_16_0_22_24_18_12_11_9.webp,https://drive.google.com/drive/folders/1hICKXdl9JTZBL1pemG19oE_661z-EH_k,IMG_ERR
25.93.10,Manifattura,C,Sicurezza+Privacy+HACCP+Ambientale,12,Sorveglianza Sanitaria / Medico Competente | Uso e Formazione DPI | Formazione GDPR | Rintracciabilita ed Etichettatura | Documento Valutazione Rischi (DVR) | Piano di Sanificazione | Formazione Ambientale | Addetto Antincendio | RSPP / Datore di Lavoro RSPP | Movimentazione Manuale Carichi | Procedura Data Breach | Controllo Temperature e Celle,D.Lgs81/08 art.41 | D.Lgs81/08 art.77 | GDPR art.32 | Reg.CE 178/2002 | D.Lgs81/08 art.28 | Reg.CE 852/2004 | D.Lgs152/06 | DM 2/9/2021 | D.Lgs81/08 art.34 | D.Lgs81/08 Tit.VI | GDPR art.33-34,"HYGIENIX>POLVERIX, CHEFIX>SOTTOVALUTIX, PREPOSTIX>OBLIVIX, HYGIENIX>CROSSIX, TRACCIX>NONDPIX, TRACCIX>CROSSIX, CIFRIX>OBLIVIX, LUXPECTORIX>SCIVOLIX, FORMIX>BIOXIX, ROBOTIX81>MULTIX, CHECKIX>CAOSIX, SCUDIX>OBLIVIX","Crea una PAGINA A FUMETTI a STORIA COMPLETA, verticale A4 (1024x1536), QUALITA' EDITORIALE DA STAMPA, stile ufficiale 'SICURIX TALES' IDENTICO alle immagini di riferimento allegate (stessi personaggi a mattoncini 3D, stessa impaginazione, stessi colori, stesse rese): minifigure espressive, ambientazioni ricche e dettagliate del settore, luci morbide, profondita', bordi vignetta netti. IMPAGINAZIONE OBBLIGATORIA: da 10 a 12 VIGNETTE numerate che raccontano UNA STORIA con arco narrativo completo (1 situazione normale -> 2-4 arrivano i pericoli coi cattivi -> 5-6 tensione/conseguenza -> 7-9 arriva SICURIX con gli eroi e applica il METODO81+ passo per passo -> 10-11 risoluzione ordinata -> 12 finale). HEADER in alto: SICURIX (mantello, medaglione arancione '81+', bussola) che presenta in un fumetto; grande titolo 'SICURIX TALES'; sottotitolo 'MANIFATTURA: Pericolo vs Soluzione con Metodo 81+'; legenda 3 voci (verde Sicurezza, rosso Rischio, blu 81+ Soluzione); fila di EROI coi nomi: HYGIENIX, CHEFIX, PREPOSTIX, TRACCIX, CIFRIX, LUXPECTORIX. FOOTER in basso: grande 'Prima vedi. Poi sistemi.'; banner scudo verde 'PROTEGGIAMO. PREVENIAMO. MIGLIORIAMO.' e triangolo rosso 'DISATTENZIONE. RISCHI. COSTI. CAOS.'; logo '81+' + '81plus.net'. TRAMA (usa questi eventi come vignette; se sono meno di 10 aggiungi vignette di contesto, dialogo e reazione per arrivare a 10-12): 1) POLVERIX causa il pericolo 'Sorveglianza sanitaria' (Sorveglianza Sanitaria / Medico Competente); poi HYGIENIX+SICURIX applicano il METODO81+; 2) SOTTOVALUTIX causa il pericolo 'DPI' (Uso e Formazione DPI); poi CHEFIX+SICURIX applicano il METODO81+; 3) OBLIVIX causa il pericolo 'Formazione' (Formazione GDPR); poi PREPOSTIX+SICURIX applicano il METODO81+; 4) CROSSIX causa il pericolo 'Rintracciabilita' (Rintracciabilita ed Etichettatura); poi HYGIENIX+SICURIX applicano il METODO81+; 5) NONDPIX causa il pericolo 'Documento' (Documento Valutazione Rischi (DVR)); poi TRACCIX+SICURIX applicano il METODO81+; 6) CROSSIX causa il pericolo 'Sanificazione' (Piano di Sanificazione); poi TRACCIX+SICURIX applicano il METODO81+; 7) OBLIVIX causa il pericolo 'Formazione' (Formazione Ambientale); poi CIFRIX+SICURIX applicano il METODO81+; 8) SCIVOLIX causa il pericolo 'Emergenze/Incendio' (Addetto Antincendio); poi LUXPECTORIX+SICURIX applicano il METODO81+; 9) BIOXIX causa il pericolo 'Ruolo/RSPP' (RSPP / Datore di Lavoro RSPP); poi FORMIX+SICURIX applicano il METODO81+; 10) MULTIX causa il pericolo 'MMC' (Movimentazione Manuale Carichi); poi ROBOTIX81+SICURIX applicano il METODO81+; 11) CAOSIX causa il pericolo 'Data breach' (Procedura Data Breach); poi CHECKIX+SICURIX applicano il METODO81+; 12) OBLIVIX causa il pericolo 'Temperature' (Controllo Temperature e Celle); poi SCUDIX+SICURIX applicano il METODO81+. PALETTE BRAND ESCLUSIVA: nero #05050A, bianco panna, arancione #FF6A1A/#E8501A; ROSSO solo per 'PERICOLO', VERDE per la checklist 'Metodo 81+'. Logo '81+' ben visibile in OGNI vignetta. REGOLA STORIA: SICURIX NON agisce mai da solo - in OGNI vignetta di soluzione si fa AIUTARE dai suoi colleghi EROI (lavoro di squadra, ognuno col suo ruolo). TESTO: didascalie e fumetti MOLTO BREVI (1-4 parole), GRANDI, centrati, in ITALIANO con ORTOGRAFIA PERFETTA, senza parole inventate, lettere doppie errate o testo tagliato. CATTIVI (coerenti col canone): POLVERIX, SOTTOVALUTIX, OBLIVIX, CROSSIX, NONDPIX, SCIVOLIX, BIOXIX, MULTIX, CAOSIX. EROI: HYGIENIX, CHEFIX, PREPOSTIX, TRACCIX, CIFRIX, LUXPECTORIX, FORMIX, ROBOTIX81, CHECKIX, SCUDIX. NEGATIVE: nessun marchio LEGO reale, nessun personaggio protetto (Asterix ecc.), niente gore/horror, niente claim assoluti ('rischio zero','garantito','zero multe').",In Manifattura c'e' un obbligo che in tanti scoprono solo con la sanzione,"Quello che l'ispettore controlla per primo in Manifattura (e quasi nessuno lo sa)

In manifattura gli adempimenti obbligatori non aspettano: Sorveglianza sanitaria, DPI, Formazione, Rintracciabilita, Documento, Sanificazione, Emergenze/Incendio, Ruolo/RSPP, MMC, Data breach, Temperature. In questa pagina TALES OF SICURIX il PERICOLO prende forma... e il METODO81+ lo rimette in ordine, passo dopo passo. Immagina la scena: prima il caos, poi la checklist che sistema tutto. Chi si mette in regola prima, dorme meglio dopo.
👉 Iscriviti al corso: Corso lavoratore parte GENERALE 4 ore -> https://81plus.net/?corso=corso-lavoratore-parte-generale-4-ore
▶️ YouTube: youtube.com/@sicurissimo
Contenuto informativo. Prima vedi. Poi sistemi. 81plus.net",Corso lavoratore parte GENERALE 4 ore,https://81plus.net/?corso=corso-lavoratore-parte-generale-4-ore,#TalesOfSicurix #SICURIX #Metodo81 #81plus #Sicurissimo #Sicurezza #Privacy #HACCP #Ambientale #SicurezzaSulLavoro,SICURIX_TALES_259310_9_8_24_17_0_16_27_7_5_10_25_18.webp,https://drive.google.com/drive/folders/1hICKXdl9JTZBL1pemG19oE_661z-EH_k,IMG_ERR
47.55.10,Commercio,G,HACCP+Sicurezza+Privacy,12,Controllo Temperature e Celle | Uso e Formazione DPI | RSPP / Datore di Lavoro RSPP | Procedura Data Breach | Nomina Incaricati/Responsabili | Rappresentante Lavoratori Sicurezza (RLS) | Rintracciabilita ed Etichettatura | Videosorveglianza a norma | Stress Lavoro-Correlato | Lotta agli Infestanti (Pest Control) | Corso Alimentarista | Movimentazione Manuale Carichi,Reg.CE 852/2004 | D.Lgs81/08 art.77 | D.Lgs81/08 art.34 | GDPR art.33-34 | GDPR art.28-29 | D.Lgs81/08 art.47 | Reg.CE 178/2002 | Provv.Garante | D.Lgs81/08 art.28 | D.Lgs81/08 Tit.VI,"CIFRIX>TEMPORIX, CIFRIX>POLVERIX, CHECKIX>VOLTIX, CONSENSIX>FRETTIX, DOCUMIX>PERMISSIONIX, TRACCIX>FRETTIX, CONSENSIX>SPORCKIX, BLINKIX>SPYIX, SCUDIX>RISKIX, CONSENSIX>ACQUAIX, BLINKIX>IMPROVVISIX, SICURIX>OBLIVIX","Crea una PAGINA A FUMETTI a STORIA COMPLETA, verticale A4 (1024x1536), QUALITA' EDITORIALE DA STAMPA, stile ufficiale 'SICURIX TALES' IDENTICO alle immagini di riferimento allegate (stessi personaggi a mattoncini 3D, stessa impaginazione, stessi colori, stesse rese): minifigure espressive, ambientazioni ricche e dettagliate del settore, luci morbide, profondita', bordi vignetta netti. IMPAGINAZIONE OBBLIGATORIA: da 10 a 12 VIGNETTE numerate che raccontano UNA STORIA con arco narrativo completo (1 situazione normale -> 2-4 arrivano i pericoli coi cattivi -> 5-6 tensione/conseguenza -> 7-9 arriva SICURIX con gli eroi e applica il METODO81+ passo per passo -> 10-11 risoluzione ordinata -> 12 finale). HEADER in alto: SICURIX (mantello, medaglione arancione '81+', bussola) che presenta in un fumetto; grande titolo 'SICURIX TALES'; sottotitolo 'COMMERCIO: Pericolo vs Soluzione con Metodo 81+'; legenda 3 voci (verde Sicurezza, rosso Rischio, blu 81+ Soluzione); fila di EROI coi nomi: CIFRIX, CHECKIX, CONSENSIX, DOCUMIX, TRACCIX, BLINKIX. FOOTER in basso: grande 'Prima vedi. Poi sistemi.'; banner scudo verde 'PROTEGGIAMO. PREVENIAMO. MIGLIORIAMO.' e triangolo rosso 'DISATTENZIONE. RISCHI. COSTI. CAOS.'; logo '81+' + '81plus.net'. TRAMA (usa questi eventi come vignette; se sono meno di 10 aggiungi vignette di contesto, dialogo e reazione per arrivare a 10-12): 1) TEMPORIX causa il pericolo 'Temperature' (Controllo Temperature e Celle); poi CIFRIX+SICURIX applicano il METODO81+; 2) POLVERIX causa il pericolo 'DPI' (Uso e Formazione DPI); poi CIFRIX+SICURIX applicano il METODO81+; 3) VOLTIX causa il pericolo 'Ruolo/RSPP' (RSPP / Datore di Lavoro RSPP); poi CHECKIX+SICURIX applicano il METODO81+; 4) FRETTIX causa il pericolo 'Data breach' (Procedura Data Breach); poi CONSENSIX+SICURIX applicano il METODO81+; 5) PERMISSIONIX causa il pericolo 'Nomine' (Nomina Incaricati/Responsabili); poi DOCUMIX+SICURIX applicano il METODO81+; 6) FRETTIX causa il pericolo 'Ruolo/RLS' (Rappresentante Lavoratori Sicurezza (RLS)); poi TRACCIX+SICURIX applicano il METODO81+; 7) SPORCKIX causa il pericolo 'Rintracciabilita' (Rintracciabilita ed Etichettatura); poi CONSENSIX+SICURIX applicano il METODO81+; 8) SPYIX causa il pericolo 'Videosorveglianza' (Videosorveglianza a norma); poi BLINKIX+SICURIX applicano il METODO81+; 9) RISKIX causa il pericolo 'Stress' (Stress Lavoro-Correlato); poi SCUDIX+SICURIX applicano il METODO81+; 10) ACQUAIX causa il pericolo 'Infestanti' (Lotta agli Infestanti (Pest Control)); poi CONSENSIX+SICURIX applicano il METODO81+; 11) IMPROVVISIX causa il pericolo 'Corso' (Corso Alimentarista); poi BLINKIX+SICURIX applicano il METODO81+; 12) OBLIVIX causa il pericolo 'MMC' (Movimentazione Manuale Carichi); poi SICURIX+SICURIX applicano il METODO81+. PALETTE BRAND ESCLUSIVA: nero #05050A, bianco panna, arancione #FF6A1A/#E8501A; ROSSO solo per 'PERICOLO', VERDE per la checklist 'Metodo 81+'. Logo '81+' ben visibile in OGNI vignetta. REGOLA STORIA: SICURIX NON agisce mai da solo - in OGNI vignetta di soluzione si fa AIUTARE dai suoi colleghi EROI (lavoro di squadra, ognuno col suo ruolo). TESTO: didascalie e fumetti MOLTO BREVI (1-4 parole), GRANDI, centrati, in ITALIANO con ORTOGRAFIA PERFETTA, senza parole inventate, lettere doppie errate o testo tagliato. CATTIVI (coerenti col canone): TEMPORIX, POLVERIX, VOLTIX, FRETTIX, PERMISSIONIX, SPORCKIX, SPYIX, RISKIX, ACQUAIX, IMPROVVISIX, OBLIVIX. EROI: CIFRIX, CHECKIX, CONSENSIX, DOCUMIX, TRACCIX, BLINKIX, SCUDIX, SICURIX. NEGATIVE: nessun marchio LEGO reale, nessun personaggio protetto (Asterix ecc.), niente gore/horror, niente claim assoluti ('rischio zero','garantito','zero multe').",Commercio: 3 minuti oggi o un problema enorme domani. Scegli tu.,"In Commercio c'e' un obbligo che in tanti scoprono solo con la sanzione

In commercio gli adempimenti obbligatori non aspettano: Temperature, DPI, Ruolo/RSPP, Data breach, Nomine, Ruolo/RLS, Rintracciabilita, Videosorveglianza, Stress, Infestanti, Corso, MMC. In questa pagina TALES OF SICURIX il PERICOLO prende forma... e il METODO81+ lo rimette in ordine, passo dopo passo. Immagina la scena: prima il caos, poi la checklist che sistema tutto. Chi si mette in regola prima, dorme meglio dopo.
👉 Iscriviti al corso: Le esecuzioni civili, le procedure concorsuali e i servizi di cancelleria -> https://81plus.net/?corso=le-esecuzioni-civili-le-procedure-concorsuali-e-i-servizi-di
▶️ YouTube: youtube.com/@sicurissimo
Contenuto informativo. Prima vedi. Poi sistemi. 81plus.net","Le esecuzioni civili, le procedure concorsuali e i servizi di cancelleria",https://81plus.net/?corso=le-esecuzioni-civili-le-procedure-concorsuali-e-i-servizi-di,#TalesOfSicurix #SICURIX #Metodo81 #81plus #Sicurissimo #HACCP #Sicurezza #Privacy #SicurezzaSulLavoro,SICURIX_TALES_475510_16_8_5_23_21_4_15_24_11_17_13_10.webp,https://drive.google.com/drive/folders/1hICKXdl9JTZBL1pemG19oE_661z-EH_k,IMG_ERR
59.20.20,ICT/Informazione,J,Privacy+Sicurezza,10,Registro dei Trattamenti | Formazione Generale Lavoratori | Formazione Specifica (rischio basso) | Formazione GDPR | Procedura Data Breach | Rappresentante Lavoratori Sicurezza (RLS) | Informativa e Consensi | Documento Valutazione Rischi (DVR) | Uso e Formazione DPI | Nomina Incaricati/Responsabili,GDPR art.30 | Accordo Stato-Regioni | GDPR art.32 | GDPR art.33-34 | D.Lgs81/08 art.47 | GDPR art.13 | D.Lgs81/08 art.28 | D.Lgs81/08 art.77 | GDPR art.28-29,"HYGIENIX>CAOSIX, CIFRIX>SCIVOLIX, LUXPECTORIX>TAGLIX, BLINKIX>SPYIX, FORMIX>PHISHIX, LUXPECTORIX>BIOXIX, FORMIX>PERMISSIONIX, BLINKIX>IMPROVVISIX, PRIVACIX>SCHIACCIX, LUXPECTORIX>SPYIX","Crea una PAGINA A FUMETTI a STORIA COMPLETA, verticale A4 (1024x1536), QUALITA' EDITORIALE DA STAMPA, stile ufficiale 'SICURIX TALES' IDENTICO alle immagini di riferimento allegate (stessi personaggi a mattoncini 3D, stessa impaginazione, stessi colori, stesse rese): minifigure espressive, ambientazioni ricche e dettagliate del settore, luci morbide, profondita', bordi vignetta netti. IMPAGINAZIONE OBBLIGATORIA: da 10 a 12 VIGNETTE numerate che raccontano UNA STORIA con arco narrativo completo (1 situazione normale -> 2-4 arrivano i pericoli coi cattivi -> 5-6 tensione/conseguenza -> 7-9 arriva SICURIX con gli eroi e applica il METODO81+ passo per passo -> 10-11 risoluzione ordinata -> 12 finale). HEADER in alto: SICURIX (mantello, medaglione arancione '81+', bussola) che presenta in un fumetto; grande titolo 'SICURIX TALES'; sottotitolo 'ICT/INFORMAZIONE: Pericolo vs Soluzione con Metodo 81+'; legenda 3 voci (verde Sicurezza, rosso Rischio, blu 81+ Soluzione); fila di EROI coi nomi: HYGIENIX, CIFRIX, LUXPECTORIX, BLINKIX, FORMIX, PRIVACIX. FOOTER in basso: grande 'Prima vedi. Poi sistemi.'; banner scudo verde 'PROTEGGIAMO. PREVENIAMO. MIGLIORIAMO.' e triangolo rosso 'DISATTENZIONE. RISCHI. COSTI. CAOS.'; logo '81+' + '81plus.net'. TRAMA (usa questi eventi come vignette; se sono meno di 10 aggiungi vignette di contesto, dialogo e reazione per arrivare a 10-12): 1) CAOSIX causa il pericolo 'Registro' (Registro dei Trattamenti); poi HYGIENIX+SICURIX applicano il METODO81+; 2) SCIVOLIX causa il pericolo 'Formazione base' (Formazione Generale Lavoratori); poi CIFRIX+SICURIX applicano il METODO81+; 3) TAGLIX causa il pericolo 'Formazione specifica' (Formazione Specifica (rischio basso)); poi LUXPECTORIX+SICURIX applicano il METODO81+; 4) SPYIX causa il pericolo 'Formazione' (Formazione GDPR); poi BLINKIX+SICURIX applicano il METODO81+; 5) PHISHIX causa il pericolo 'Data breach' (Procedura Data Breach); poi FORMIX+SICURIX applicano il METODO81+; 6) BIOXIX causa il pericolo 'Ruolo/RLS' (Rappresentante Lavoratori Sicurezza (RLS)); poi LUXPECTORIX+SICURIX applicano il METODO81+; 7) PERMISSIONIX causa il pericolo 'Documento' (Informativa e Consensi); poi FORMIX+SICURIX applicano il METODO81+; 8) IMPROVVISIX causa il pericolo 'Documento' (Documento Valutazione Rischi (DVR)); poi BLINKIX+SICURIX applicano il METODO81+; 9) SCHIACCIX causa il pericolo 'DPI' (Uso e Formazione DPI); poi PRIVACIX+SICURIX applicano il METODO81+; 10) SPYIX causa il pericolo 'Nomine' (Nomina Incaricati/Responsabili); poi LUXPECTORIX+SICURIX applicano il METODO81+. PALETTE BRAND ESCLUSIVA: nero #05050A, bianco panna, arancione #FF6A1A/#E8501A; ROSSO solo per 'PERICOLO', VERDE per la checklist 'Metodo 81+'. Logo '81+' ben visibile in OGNI vignetta. REGOLA STORIA: SICURIX NON agisce mai da solo - in OGNI vignetta di soluzione si fa AIUTARE dai suoi colleghi EROI (lavoro di squadra, ognuno col suo ruolo). TESTO: didascalie e fumetti MOLTO BREVI (1-4 parole), GRANDI, centrati, in ITALIANO con ORTOGRAFIA PERFETTA, senza parole inventate, lettere doppie errate o testo tagliato. CATTIVI (coerenti col canone): CAOSIX, SCIVOLIX, TAGLIX, SPYIX, PHISHIX, BIOXIX, PERMISSIONIX, IMPROVVISIX, SCHIACCIX. EROI: HYGIENIX, CIFRIX, LUXPECTORIX, BLINKIX, FORMIX, PRIVACIX. NEGATIVE: nessun marchio LEGO reale, nessun personaggio protetto (Asterix ecc.), niente gore/horror, niente claim assoluti ('rischio zero','garantito','zero multe').",La differenza tra chi in ICT/Informazione dorme sereno e chi trema al controllo,"In ICT/Informazione c'e' un obbligo che in tanti scoprono solo con la sanzione

In ict/informazione gli adempimenti obbligatori non aspettano: Registro, Formazione base, Formazione specifica, Formazione, Data breach, Ruolo/RLS, Documento, DPI, Nomine. In questa pagina TALES OF SICURIX il PERICOLO prende forma... e il METODO81+ lo rimette in ordine, passo dopo passo. Immagina la scena: prima il caos, poi la checklist che sistema tutto. La regola c'e' gia': tu falla lavorare per te.
👉 Iscriviti al corso: Corso privacy destinato ai lavoratori -> https://81plus.net/?corso=corso-privacy-destinato-ai-lavoratori
▶️ YouTube: youtube.com/@sicurissimo
Contenuto informativo. Prima vedi. Poi sistemi. 81plus.net",Corso privacy destinato ai lavoratori,https://81plus.net/?corso=corso-privacy-destinato-ai-lavoratori,#TalesOfSicurix #SICURIX #Metodo81 #81plus #Sicurissimo #Privacy #Sicurezza #SicurezzaSulLavoro,SICURIX_TALES_592020_10_1_2_12_13_4_9_0_8_11.webp,https://drive.google.com/drive/folders/1hICKXdl9JTZBL1pemG19oE_661z-EH_k,IMG_ERR
61.10.01,Finanza/Assicurazioni,K,Privacy+Sicurezza,10,Informativa e Consensi | Formazione GDPR | Addetto Primo Soccorso | Addetto Antincendio | Nomina Incaricati/Responsabili | Formazione Preposto | Rappresentante Lavoratori Sicurezza (RLS) | Formazione Generale Lavoratori | Documento Valutazione Rischi (DVR) | RSPP / Datore di Lavoro RSPP,GDPR art.13 | GDPR art.32 | DM 388/2003 | DM 2/9/2021 | GDPR art.28-29 | D.Lgs81/08 art.37 | D.Lgs81/08 art.47 | Accordo Stato-Regioni | D.Lgs81/08 art.28 | D.Lgs81/08 art.34,"SICURIX>LEAKIX, SICURIX>LEAKIX, HYGIENIX>TAGLIX, CHEFIX>SEGNALEX, BLINKIX>PERMISSIONIX, ROBOTIX81>IMPROVVISIX, PREPOSTIX>POLVERIX, PRIVACIX>CADUTIX, BLINKIX>IMPROVVISIX, CONSENSIX>FRETTIX","Crea una PAGINA A FUMETTI a STORIA COMPLETA, verticale A4 (1024x1536), QUALITA' EDITORIALE DA STAMPA, stile ufficiale 'SICURIX TALES' IDENTICO alle immagini di riferimento allegate (stessi personaggi a mattoncini 3D, stessa impaginazione, stessi colori, stesse rese): minifigure espressive, ambientazioni ricche e dettagliate del settore, luci morbide, profondita', bordi vignetta netti. IMPAGINAZIONE OBBLIGATORIA: da 10 a 12 VIGNETTE numerate che raccontano UNA STORIA con arco narrativo completo (1 situazione normale -> 2-4 arrivano i pericoli coi cattivi -> 5-6 tensione/conseguenza -> 7-9 arriva SICURIX con gli eroi e applica il METODO81+ passo per passo -> 10-11 risoluzione ordinata -> 12 finale). HEADER in alto: SICURIX (mantello, medaglione arancione '81+', bussola) che presenta in un fumetto; grande titolo 'SICURIX TALES'; sottotitolo 'FINANZA/ASSICURAZIONI: Pericolo vs Soluzione con Metodo 81+'; legenda 3 voci (verde Sicurezza, rosso Rischio, blu 81+ Soluzione); fila di EROI coi nomi: SICURIX, HYGIENIX, CHEFIX, BLINKIX, ROBOTIX81, PREPOSTIX. FOOTER in basso: grande 'Prima vedi. Poi sistemi.'; banner scudo verde 'PROTEGGIAMO. PREVENIAMO. MIGLIORIAMO.' e triangolo rosso 'DISATTENZIONE. RISCHI. COSTI. CAOS.'; logo '81+' + '81plus.net'. TRAMA (usa questi eventi come vignette; se sono meno di 10 aggiungi vignette di contesto, dialogo e reazione per arrivare a 10-12): 1) LEAKIX causa il pericolo 'Documento' (Informativa e Consensi); poi SICURIX+SICURIX applicano il METODO81+; 2) LEAKIX causa il pericolo 'Formazione' (Formazione GDPR); poi SICURIX+SICURIX applicano il METODO81+; 3) TAGLIX causa il pericolo 'Emergenze/Soccorso' (Addetto Primo Soccorso); poi HYGIENIX+SICURIX applicano il METODO81+; 4) SEGNALEX causa il pericolo 'Emergenze/Incendio' (Addetto Antincendio); poi CHEFIX+SICURIX applicano il METODO81+; 5) PERMISSIONIX causa il pericolo 'Nomine' (Nomina Incaricati/Responsabili); poi BLINKIX+SICURIX applicano il METODO81+; 6) IMPROVVISIX causa il pericolo 'Ruolo/Preposto' (Formazione Preposto); poi ROBOTIX81+SICURIX applicano il METODO81+; 7) POLVERIX causa il pericolo 'Ruolo/RLS' (Rappresentante Lavoratori Sicurezza (RLS)); poi PREPOSTIX+SICURIX applicano il METODO81+; 8) CADUTIX causa il pericolo 'Formazione base' (Formazione Generale Lavoratori); poi PRIVACIX+SICURIX applicano il METODO81+; 9) IMPROVVISIX causa il pericolo 'Documento' (Documento Valutazione Rischi (DVR)); poi BLINKIX+SICURIX applicano il METODO81+; 10) FRETTIX causa il pericolo 'Ruolo/RSPP' (RSPP / Datore di Lavoro RSPP); poi CONSENSIX+SICURIX applicano il METODO81+. PALETTE BRAND ESCLUSIVA: nero #05050A, bianco panna, arancione #FF6A1A/#E8501A; ROSSO solo per 'PERICOLO', VERDE per la checklist 'Metodo 81+'. Logo '81+' ben visibile in OGNI vignetta. REGOLA STORIA: SICURIX NON agisce mai da solo - in OGNI vignetta di soluzione si fa AIUTARE dai suoi colleghi EROI (lavoro di squadra, ognuno col suo ruolo). TESTO: didascalie e fumetti MOLTO BREVI (1-4 parole), GRANDI, centrati, in ITALIANO con ORTOGRAFIA PERFETTA, senza parole inventate, lettere doppie errate o testo tagliato. CATTIVI (coerenti col canone): LEAKIX, TAGLIX, SEGNALEX, PERMISSIONIX, IMPROVVISIX, POLVERIX, CADUTIX, FRETTIX. EROI: SICURIX, HYGIENIX, CHEFIX, BLINKIX, ROBOTIX81, PREPOSTIX, PRIVACIX, CONSENSIX. NEGATIVE: nessun marchio LEGO reale, nessun personaggio protetto (Asterix ecc.), niente gore/horror, niente claim assoluti ('rischio zero','garantito','zero multe').",La differenza tra chi in Finanza/Assicurazioni dorme sereno e chi trema al controllo,"La differenza tra chi in Finanza/Assicurazioni dorme sereno e chi trema al controllo

In finanza/assicurazioni gli adempimenti obbligatori non aspettano: Documento, Formazione, Emergenze/Soccorso, Emergenze/Incendio, Nomine, Ruolo/Preposto, Ruolo/RLS, Formazione base, Ruolo/RSPP. In questa pagina TALES OF SICURIX il PERICOLO prende forma... e il METODO81+ lo rimette in ordine, passo dopo passo. Immagina la scena: prima il caos, poi la checklist che sistema tutto. Non e' burocrazia: e' la tua tranquillita.
👉 Iscriviti al corso: Corso privacy destinato ai lavoratori -> https://81plus.net/?corso=corso-privacy-destinato-ai-lavoratori
▶️ YouTube: youtube.com/@sicurissimo
Contenuto informativo. Prima vedi. Poi sistemi. 81plus.net",Corso privacy destinato ai lavoratori,https://81plus.net/?corso=corso-privacy-destinato-ai-lavoratori,#TalesOfSicurix #SICURIX #Metodo81 #81plus #Sicurissimo #Privacy #Sicurezza #SicurezzaSulLavoro,SICURIX_TALES_611001_9_12_6_7_11_3_4_1_0_5.webp,https://drive.google.com/drive/folders/1hICKXdl9JTZBL1pemG19oE_661z-EH_k,IMG_ERR
49.50.20,Trasporti/Magazzino,H,Privacy+Ambientale+Sicurezza,12,Procedura Data Breach | Formazione Ambientale | RSPP / Datore di Lavoro RSPP | Addetto Antincendio | Attrezzature e Macchine | Rischio Rumore | Nomina Incaricati/Responsabili | Uso e Formazione DPI | Registro dei Trattamenti | Informativa e Consensi | Formazione GDPR | Sorveglianza Sanitaria / Medico Competente,GDPR art.33-34 | D.Lgs152/06 | D.Lgs81/08 art.34 | DM 2/9/2021 | D.Lgs81/08 Tit.III | D.Lgs81/08 Tit.VIII | GDPR art.28-29 | D.Lgs81/08 art.77 | GDPR art.30 | GDPR art.13 | GDPR art.32 | D.Lgs81/08 art.41,"CHECKIX>SPYIX, CHECKIX>IMPROVVISIX, BLINKIX>BIOXIX, ROBOTIX81>BIOXIX, FORMIX>IMPROVVISIX, CONSENSIX>SCHIACCIX, BLINKIX>RISKIX, CONSENSIX>SEGNALEX, HYGIENIX>RISKIX, BLINKIX>FRETTIX, LUXPECTORIX>PHISHIX, SICURIX>NONDPIX","Crea una PAGINA A FUMETTI a STORIA COMPLETA, verticale A4 (1024x1536), QUALITA' EDITORIALE DA STAMPA, stile ufficiale 'SICURIX TALES' IDENTICO alle immagini di riferimento allegate (stessi personaggi a mattoncini 3D, stessa impaginazione, stessi colori, stesse rese): minifigure espressive, ambientazioni ricche e dettagliate del settore, luci morbide, profondita', bordi vignetta netti. IMPAGINAZIONE OBBLIGATORIA: da 10 a 12 VIGNETTE numerate che raccontano UNA STORIA con arco narrativo completo (1 situazione normale -> 2-4 arrivano i pericoli coi cattivi -> 5-6 tensione/conseguenza -> 7-9 arriva SICURIX con gli eroi e applica il METODO81+ passo per passo -> 10-11 risoluzione ordinata -> 12 finale). HEADER in alto: SICURIX (mantello, medaglione arancione '81+', bussola) che presenta in un fumetto; grande titolo 'SICURIX TALES'; sottotitolo 'TRASPORTI/MAGAZZINO: Pericolo vs Soluzione con Metodo 81+'; legenda 3 voci (verde Sicurezza, rosso Rischio, blu 81+ Soluzione); fila di EROI coi nomi: CHECKIX, BLINKIX, ROBOTIX81, FORMIX, CONSENSIX, HYGIENIX. FOOTER in basso: grande 'Prima vedi. Poi sistemi.'; banner scudo verde 'PROTEGGIAMO. PREVENIAMO. MIGLIORIAMO.' e triangolo rosso 'DISATTENZIONE. RISCHI. COSTI. CAOS.'; logo '81+' + '81plus.net'. TRAMA (usa questi eventi come vignette; se sono meno di 10 aggiungi vignette di contesto, dialogo e reazione per arrivare a 10-12): 1) SPYIX causa il pericolo 'Data breach' (Procedura Data Breach); poi CHECKIX+SICURIX applicano il METODO81+; 2) IMPROVVISIX causa il pericolo 'Formazione' (Formazione Ambientale); poi CHECKIX+SICURIX applicano il METODO81+; 3) BIOXIX causa il pericolo 'Ruolo/RSPP' (RSPP / Datore di Lavoro RSPP); poi BLINKIX+SICURIX applicano il METODO81+; 4) BIOXIX causa il pericolo 'Emergenze/Incendio' (Addetto Antincendio); poi ROBOTIX81+SICURIX applicano il METODO81+; 5) IMPROVVISIX causa il pericolo 'Attrezzature' (Attrezzature e Macchine); poi FORMIX+SICURIX applicano il METODO81+; 6) SCHIACCIX causa il pericolo 'Rumore' (Rischio Rumore); poi CONSENSIX+SICURIX applicano il METODO81+; 7) RISKIX causa il pericolo 'Nomine' (Nomina Incaricati/Responsabili); poi BLINKIX+SICURIX applicano il METODO81+; 8) SEGNALEX causa il pericolo 'DPI' (Uso e Formazione DPI); poi CONSENSIX+SICURIX applicano il METODO81+; 9) RISKIX causa il pericolo 'Registro' (Registro dei Trattamenti); poi HYGIENIX+SICURIX applicano il METODO81+; 10) FRETTIX causa il pericolo 'Documento' (Informativa e Consensi); poi BLINKIX+SICURIX applicano il METODO81+; 11) PHISHIX causa il pericolo 'Formazione' (Formazione GDPR); poi LUXPECTORIX+SICURIX applicano il METODO81+; 12) NONDPIX causa il pericolo 'Sorveglianza sanitaria' (Sorveglianza Sanitaria / Medico Competente); poi SICURIX+SICURIX applicano il METODO81+. PALETTE BRAND ESCLUSIVA: nero #05050A, bianco panna, arancione #FF6A1A/#E8501A; ROSSO solo per 'PERICOLO', VERDE per la checklist 'Metodo 81+'. Logo '81+' ben visibile in OGNI vignetta. REGOLA STORIA: SICURIX NON agisce mai da solo - in OGNI vignetta di soluzione si fa AIUTARE dai suoi colleghi EROI (lavoro di squadra, ognuno col suo ruolo). TESTO: didascalie e fumetti MOLTO BREVI (1-4 parole), GRANDI, centrati, in ITALIANO con ORTOGRAFIA PERFETTA, senza parole inventate, lettere doppie errate o testo tagliato. CATTIVI (coerenti col canone): SPYIX, IMPROVVISIX, BIOXIX, SCHIACCIX, RISKIX, SEGNALEX, FRETTIX, PHISHIX, NONDPIX. EROI: CHECKIX, BLINKIX, ROBOTIX81, FORMIX, CONSENSIX, HYGIENIX, LUXPECTORIX, SICURIX. NEGATIVE: nessun marchio LEGO reale, nessun personaggio protetto (Asterix ecc.), niente gore/horror, niente claim assoluti ('rischio zero','garantito','zero multe').",Quello che l'ispettore controlla per primo in Trasporti/Magazzino (e quasi nessuno lo sa),"In Trasporti/Magazzino c'e' un obbligo che in tanti scoprono solo con la sanzione

In trasporti/magazzino gli adempimenti obbligatori non aspettano: Data breach, Formazione, Ruolo/RSPP, Emergenze/Incendio, Attrezzature, Rumore, Nomine, DPI, Registro, Documento, Sorveglianza sanitaria. In questa pagina TALES OF SICURIX il PERICOLO prende forma... e il METODO81+ lo rimette in ordine, passo dopo passo. Immagina la scena: prima il caos, poi la checklist che sistema tutto. La regola c'e' gia': tu falla lavorare per te.
👉 Iscriviti al corso: Corso privacy destinato ai lavoratori -> https://81plus.net/?corso=corso-privacy-destinato-ai-lavoratori
▶️ YouTube: youtube.com/@sicurissimo
Contenuto informativo. Prima vedi. Poi sistemi. 81plus.net",Corso privacy destinato ai lavoratori,https://81plus.net/?corso=corso-privacy-destinato-ai-lavoratori,#TalesOfSicurix #SICURIX #Metodo81 #81plus #Sicurissimo #Privacy #Ambientale #Sicurezza #SicurezzaSulLavoro,SICURIX_TALES_495020_19_21_5_7_13_12_17_8_16_15_18_9.webp,https://drive.google.com/drive/folders/1hICKXdl9JTZBL1pemG19oE_661z-EH_k,IMG_ERR
46.49.10,Commercio,G,Privacy+HACCP+Sicurezza,12,Informativa e Consensi | Lotta agli Infestanti (Pest Control) | Rintracciabilita ed Etichettatura | Formazione Preposto | Addetto Primo Soccorso | Documento Valutazione Rischi (DVR) | Nomina Incaricati/Responsabili | Formazione Generale Lavoratori | Rappresentante Lavoratori Sicurezza (RLS) | Manuale HACCP di Autocontrollo | Sorveglianza Sanitaria / Medico Competente | Piano di Sanificazione,GDPR art.13 | Reg.CE 852/2004 | Reg.CE 178/2002 | D.Lgs81/08 art.37 | DM 388/2003 | D.Lgs81/08 art.28 | GDPR art.28-29 | Accordo Stato-Regioni | D.Lgs81/08 art.47 | D.Lgs81/08 art.41,"HYGIENIX>PHISHIX, LUXPECTORIX>SPORCKIX, CONSENSIX>ACQUAIX, CHEFIX>ØTIX, HYGIENIX>IMPROVVISIX, FORMIX>POLVERIX, SCUDIX>PHISHIX, CHECKIX>VIBRIX, DOCUMIX>RUMORIX, CONSENSIX>RISKIX, BLINKIX>FRETTIX, ROBOTIX81>SCADUTIX","Crea una PAGINA A FUMETTI a STORIA COMPLETA, verticale A4 (1024x1536), QUALITA' EDITORIALE DA STAMPA, stile ufficiale 'SICURIX TALES' IDENTICO alle immagini di riferimento allegate (stessi personaggi a mattoncini 3D, stessa impaginazione, stessi colori, stesse rese): minifigure espressive, ambientazioni ricche e dettagliate del settore, luci morbide, profondita', bordi vignetta netti. IMPAGINAZIONE OBBLIGATORIA: da 10 a 12 VIGNETTE numerate che raccontano UNA STORIA con arco narrativo completo (1 situazione normale -> 2-4 arrivano i pericoli coi cattivi -> 5-6 tensione/conseguenza -> 7-9 arriva SICURIX con gli eroi e applica il METODO81+ passo per passo -> 10-11 risoluzione ordinata -> 12 finale). HEADER in alto: SICURIX (mantello, medaglione arancione '81+', bussola) che presenta in un fumetto; grande titolo 'SICURIX TALES'; sottotitolo 'COMMERCIO: Pericolo vs Soluzione con Metodo 81+'; legenda 3 voci (verde Sicurezza, rosso Rischio, blu 81+ Soluzione); fila di EROI coi nomi: HYGIENIX, LUXPECTORIX, CONSENSIX, CHEFIX, FORMIX, SCUDIX. FOOTER in basso: grande 'Prima vedi. Poi sistemi.'; banner scudo verde 'PROTEGGIAMO. PREVENIAMO. MIGLIORIAMO.' e triangolo rosso 'DISATTENZIONE. RISCHI. COSTI. CAOS.'; logo '81+' + '81plus.net'. TRAMA (usa questi eventi come vignette; se sono meno di 10 aggiungi vignette di contesto, dialogo e reazione per arrivare a 10-12): 1) PHISHIX causa il pericolo 'Documento' (Informativa e Consensi); poi HYGIENIX+SICURIX applicano il METODO81+; 2) SPORCKIX causa il pericolo 'Infestanti' (Lotta agli Infestanti (Pest Control)); poi LUXPECTORIX+SICURIX applicano il METODO81+; 3) ACQUAIX causa il pericolo 'Rintracciabilita' (Rintracciabilita ed Etichettatura); poi CONSENSIX+SICURIX applicano il METODO81+; 4) ØTIX causa il pericolo 'Ruolo/Preposto' (Formazione Preposto); poi CHEFIX+SICURIX applicano il METODO81+; 5) IMPROVVISIX causa il pericolo 'Emergenze/Soccorso' (Addetto Primo Soccorso); poi HYGIENIX+SICURIX applicano il METODO81+; 6) POLVERIX causa il pericolo 'Documento' (Documento Valutazione Rischi (DVR)); poi FORMIX+SICURIX applicano il METODO81+; 7) PHISHIX causa il pericolo 'Nomine' (Nomina Incaricati/Responsabili); poi SCUDIX+SICURIX applicano il METODO81+; 8) VIBRIX causa il pericolo 'Formazione base' (Formazione Generale Lavoratori); poi CHECKIX+SICURIX applicano il METODO81+; 9) RUMORIX causa il pericolo 'Ruolo/RLS' (Rappresentante Lavoratori Sicurezza (RLS)); poi DOCUMIX+SICURIX applicano il METODO81+; 10) RISKIX causa il pericolo 'Documento' (Manuale HACCP di Autocontrollo); poi CONSENSIX+SICURIX applicano il METODO81+; 11) FRETTIX causa il pericolo 'Sorveglianza sanitaria' (Sorveglianza Sanitaria / Medico Competente); poi BLINKIX+SICURIX applicano il METODO81+; 12) SCADUTIX causa il pericolo 'Sanificazione' (Piano di Sanificazione); poi ROBOTIX81+SICURIX applicano il METODO81+. PALETTE BRAND ESCLUSIVA: nero #05050A, bianco panna, arancione #FF6A1A/#E8501A; ROSSO solo per 'PERICOLO', VERDE per la checklist 'Metodo 81+'. Logo '81+' ben visibile in OGNI vignetta. REGOLA STORIA: SICURIX NON agisce mai da solo - in OGNI vignetta di soluzione si fa AIUTARE dai suoi colleghi EROI (lavoro di squadra, ognuno col suo ruolo). TESTO: didascalie e fumetti MOLTO BREVI (1-4 parole), GRANDI, centrati, in ITALIANO con ORTOGRAFIA PERFETTA, senza parole inventate, lettere doppie errate o testo tagliato. CATTIVI (coerenti col canone): PHISHIX, SPORCKIX, ACQUAIX, ØTIX, IMPROVVISIX, POLVERIX, VIBRIX, RUMORIX, RISKIX, FRETTIX, SCADUTIX. EROI: HYGIENIX, LUXPECTORIX, CONSENSIX, CHEFIX, FORMIX, SCUDIX, CHECKIX, DOCUMIX, BLINKIX, ROBOTIX81. NEGATIVE: nessun marchio LEGO reale, nessun personaggio protetto (Asterix ecc.), niente gore/horror, niente claim assoluti ('rischio zero','garantito','zero multe').","In Commercio non e' 'se' arriva il controllo, e' 'quando'. Sei pronto?","In Commercio c'e' un obbligo che in tanti scoprono solo con la sanzione

In commercio gli adempimenti obbligatori non aspettano: Documento, Infestanti, Rintracciabilita, Ruolo/Preposto, Emergenze/Soccorso, Nomine, Formazione base, Ruolo/RLS, Sorveglianza sanitaria, Sanificazione. In questa pagina TALES OF SICURIX il PERICOLO prende forma... e il METODO81+ lo rimette in ordine, passo dopo passo. Immagina la scena: prima il caos, poi la checklist che sistema tutto. La regola c'e' gia': tu falla lavorare per te.
👉 Iscriviti al corso: Corso privacy destinato ai lavoratori -> https://81plus.net/?corso=corso-privacy-destinato-ai-lavoratori
▶️ YouTube: youtube.com/@sicurissimo
Contenuto informativo. Prima vedi. Poi sistemi. 81plus.net",Corso privacy destinato ai lavoratori,https://81plus.net/?corso=corso-privacy-destinato-ai-lavoratori,#TalesOfSicurix #SICURIX #Metodo81 #81plus #Sicurissimo #Privacy #HACCP #Sicurezza #SicurezzaSulLavoro,SICURIX_TALES_464910_19_17_15_3_6_0_21_1_4_12_9_14.webp,https://drive.google.com/drive/folders/1hICKXdl9JTZBL1pemG19oE_661z-EH_k,IMG_ERR
46.31.20,Commercio,G,HACCP+Sicurezza+Privacy,12,Rintracciabilita ed Etichettatura | Addetto Primo Soccorso | Uso e Formazione DPI | Informativa e Consensi | Nomina Incaricati/Responsabili | Formazione GDPR | Controllo Temperature e Celle | Formazione Specifica (rischio medio) | Stress Lavoro-Correlato | Addetto Antincendio | Corso Alimentarista | Movimentazione Manuale Carichi,Reg.CE 178/2002 | DM 388/2003 | D.Lgs81/08 art.77 | GDPR art.13 | GDPR art.28-29 | GDPR art.32 | Reg.CE 852/2004 | Accordo Stato-Regioni | D.Lgs81/08 art.28 | DM 2/9/2021 | D.Lgs81/08 Tit.VI,"SICURIX>ACQUAIX, HYGIENIX>SCHIACCIX, CIFRIX>SCIVOLIX, BLINKIX>IMPROVVISIX, ROBOTIX81>CAOSIX, PREPOSTIX>CAOSIX, CONSENSIX>SPORCKIX, CONSENSIX>RISKIX, FORMIX>FRETTIX, PRIVACIX>FUMIX, CIFRIX>ACQUAIX, TRACCIX>SCIVOLIX","Crea una PAGINA A FUMETTI a STORIA COMPLETA, verticale A4 (1024x1536), QUALITA' EDITORIALE DA STAMPA, stile ufficiale 'SICURIX TALES' IDENTICO alle immagini di riferimento allegate (stessi personaggi a mattoncini 3D, stessa impaginazione, stessi colori, stesse rese): minifigure espressive, ambientazioni ricche e dettagliate del settore, luci morbide, profondita', bordi vignetta netti. IMPAGINAZIONE OBBLIGATORIA: da 10 a 12 VIGNETTE numerate che raccontano UNA STORIA con arco narrativo completo (1 situazione normale -> 2-4 arrivano i pericoli coi cattivi -> 5-6 tensione/conseguenza -> 7-9 arriva SICURIX con gli eroi e applica il METODO81+ passo per passo -> 10-11 risoluzione ordinata -> 12 finale). HEADER in alto: SICURIX (mantello, medaglione arancione '81+', bussola) che presenta in un fumetto; grande titolo 'SICURIX TALES'; sottotitolo 'COMMERCIO: Pericolo vs Soluzione con Metodo 81+'; legenda 3 voci (verde Sicurezza, rosso Rischio, blu 81+ Soluzione); fila di EROI coi nomi: SICURIX, HYGIENIX, CIFRIX, BLINKIX, ROBOTIX81, PREPOSTIX. FOOTER in basso: grande 'Prima vedi. Poi sistemi.'; banner scudo verde 'PROTEGGIAMO. PREVENIAMO. MIGLIORIAMO.' e triangolo rosso 'DISATTENZIONE. RISCHI. COSTI. CAOS.'; logo '81+' + '81plus.net'. TRAMA (usa questi eventi come vignette; se sono meno di 10 aggiungi vignette di contesto, dialogo e reazione per arrivare a 10-12): 1) ACQUAIX causa il pericolo 'Rintracciabilita' (Rintracciabilita ed Etichettatura); poi SICURIX+SICURIX applicano il METODO81+; 2) SCHIACCIX causa il pericolo 'Emergenze/Soccorso' (Addetto Primo Soccorso); poi HYGIENIX+SICURIX applicano il METODO81+; 3) SCIVOLIX causa il pericolo 'DPI' (Uso e Formazione DPI); poi CIFRIX+SICURIX applicano il METODO81+; 4) IMPROVVISIX causa il pericolo 'Documento' (Informativa e Consensi); poi BLINKIX+SICURIX applicano il METODO81+; 5) CAOSIX causa il pericolo 'Nomine' (Nomina Incaricati/Responsabili); poi ROBOTIX81+SICURIX applicano il METODO81+; 6) CAOSIX causa il pericolo 'Formazione' (Formazione GDPR); poi PREPOSTIX+SICURIX applicano il METODO81+; 7) SPORCKIX causa il pericolo 'Temperature' (Controllo Temperature e Celle); poi CONSENSIX+SICURIX applicano il METODO81+; 8) RISKIX causa il pericolo 'Formazione specifica' (Formazione Specifica (rischio medio)); poi CONSENSIX+SICURIX applicano il METODO81+; 9) FRETTIX causa il pericolo 'Stress' (Stress Lavoro-Correlato); poi FORMIX+SICURIX applicano il METODO81+; 10) FUMIX causa il pericolo 'Emergenze/Incendio' (Addetto Antincendio); poi PRIVACIX+SICURIX applicano il METODO81+; 11) ACQUAIX causa il pericolo 'Corso' (Corso Alimentarista); poi CIFRIX+SICURIX applicano il METODO81+; 12) SCIVOLIX causa il pericolo 'MMC' (Movimentazione Manuale Carichi); poi TRACCIX+SICURIX applicano il METODO81+. PALETTE BRAND ESCLUSIVA: nero #05050A, bianco panna, arancione #FF6A1A/#E8501A; ROSSO solo per 'PERICOLO', VERDE per la checklist 'Metodo 81+'. Logo '81+' ben visibile in OGNI vignetta. REGOLA STORIA: SICURIX NON agisce mai da solo - in OGNI vignetta di soluzione si fa AIUTARE dai suoi colleghi EROI (lavoro di squadra, ognuno col suo ruolo). TESTO: didascalie e fumetti MOLTO BREVI (1-4 parole), GRANDI, centrati, in ITALIANO con ORTOGRAFIA PERFETTA, senza parole inventate, lettere doppie errate o testo tagliato. CATTIVI (coerenti col canone): ACQUAIX, SCHIACCIX, SCIVOLIX, IMPROVVISIX, CAOSIX, SPORCKIX, RISKIX, FRETTIX, FUMIX. EROI: SICURIX, HYGIENIX, CIFRIX, BLINKIX, ROBOTIX81, PREPOSTIX, CONSENSIX, FORMIX, PRIVACIX, TRACCIX. NEGATIVE: nessun marchio LEGO reale, nessun personaggio protetto (Asterix ecc.), niente gore/horror, niente claim assoluti ('rischio zero','garantito','zero multe').","In Commercio non e' 'se' arriva il controllo, e' 'quando'. Sei pronto?","Quello che l'ispettore controlla per primo in Commercio (e quasi nessuno lo sa)

In commercio gli adempimenti obbligatori non aspettano: Rintracciabilita, Emergenze/Soccorso, DPI, Documento, Nomine, Formazione, Temperature, Formazione specifica, Stress, Emergenze/Incendio, Corso, MMC. In questa pagina TALES OF SICURIX il PERICOLO prende forma... e il METODO81+ lo rimette in ordine, passo dopo passo. Immagina la scena: prima il caos, poi la checklist che sistema tutto. La regola c'e' gia': tu falla lavorare per te.
👉 Iscriviti al corso: Manuale di rintracciabilità -> https://81plus.net/?corso=manuale-di-rintracciabilit
▶️ YouTube: youtube.com/@sicurissimo
Contenuto informativo. Prima vedi. Poi sistemi. 81plus.net",Manuale di rintracciabilità,https://81plus.net/?corso=manuale-di-rintracciabilit,#TalesOfSicurix #SICURIX #Metodo81 #81plus #Sicurissimo #HACCP #Sicurezza #Privacy #SicurezzaSulLavoro,SICURIX_TALES_463120_15_6_8_19_21_22_16_2_11_7_13_10.webp,https://drive.google.com/drive/folders/1hICKXdl9JTZBL1pemG19oE_661z-EH_k,IMG_ERR
29.31.00,Manifattura,C,Sicurezza+HACCP,12,Addetto Antincendio | Sorveglianza Sanitaria / Medico Competente | Uso e Formazione DPI | Rappresentante Lavoratori Sicurezza (RLS) | Manuale HACCP di Autocontrollo | Attrezzature e Macchine | Gestione Allergeni | Formazione Specifica (rischio alto) | Addetto Primo Soccorso | Formazione Preposto | Stress Lavoro-Correlato | Formazione Generale Lavoratori,DM 2/9/2021 | D.Lgs81/08 art.41 | D.Lgs81/08 art.77 | D.Lgs81/08 art.47 | Reg.CE 852/2004 | D.Lgs81/08 Tit.III | Reg.UE 1169/2011 | Accordo Stato-Regioni | DM 388/2003 | D.Lgs81/08 art.37 | D.Lgs81/08 art.28,"CHEFIX>SCIVOLIX, PRIVACIX>SOTTOVALUTIX, CIFRIX>POLVERIX, ROBOTIX81>BIOXIX, SCUDIX>ACQUAIX, ROBOTIX81>BIOXIX, BLINKIX>MESCOLIX, TRACCIX>FRETTIX, HYGIENIX>IMPROVVISIX, DOCUMIX>SCHIACCIX, PRIVACIX>SCHIACCIX, DOCUMIX>CHIMIKIX","Crea una PAGINA A FUMETTI a STORIA COMPLETA, verticale A4 (1024x1536), QUALITA' EDITORIALE DA STAMPA, stile ufficiale 'SICURIX TALES' IDENTICO alle immagini di riferimento allegate (stessi personaggi a mattoncini 3D, stessa impaginazione, stessi colori, stesse rese): minifigure espressive, ambientazioni ricche e dettagliate del settore, luci morbide, profondita', bordi vignetta netti. IMPAGINAZIONE OBBLIGATORIA: da 10 a 12 VIGNETTE numerate che raccontano UNA STORIA con arco narrativo completo (1 situazione normale -> 2-4 arrivano i pericoli coi cattivi -> 5-6 tensione/conseguenza -> 7-9 arriva SICURIX con gli eroi e applica il METODO81+ passo per passo -> 10-11 risoluzione ordinata -> 12 finale). HEADER in alto: SICURIX (mantello, medaglione arancione '81+', bussola) che presenta in un fumetto; grande titolo 'SICURIX TALES'; sottotitolo 'MANIFATTURA: Pericolo vs Soluzione con Metodo 81+'; legenda 3 voci (verde Sicurezza, rosso Rischio, blu 81+ Soluzione); fila di EROI coi nomi: CHEFIX, PRIVACIX, CIFRIX, ROBOTIX81, SCUDIX, BLINKIX. FOOTER in basso: grande 'Prima vedi. Poi sistemi.'; banner scudo verde 'PROTEGGIAMO. PREVENIAMO. MIGLIORIAMO.' e triangolo rosso 'DISATTENZIONE. RISCHI. COSTI. CAOS.'; logo '81+' + '81plus.net'. TRAMA (usa questi eventi come vignette; se sono meno di 10 aggiungi vignette di contesto, dialogo e reazione per arrivare a 10-12): 1) SCIVOLIX causa il pericolo 'Emergenze/Incendio' (Addetto Antincendio); poi CHEFIX+SICURIX applicano il METODO81+; 2) SOTTOVALUTIX causa il pericolo 'Sorveglianza sanitaria' (Sorveglianza Sanitaria / Medico Competente); poi PRIVACIX+SICURIX applicano il METODO81+; 3) POLVERIX causa il pericolo 'DPI' (Uso e Formazione DPI); poi CIFRIX+SICURIX applicano il METODO81+; 4) BIOXIX causa il pericolo 'Ruolo/RLS' (Rappresentante Lavoratori Sicurezza (RLS)); poi ROBOTIX81+SICURIX applicano il METODO81+; 5) ACQUAIX causa il pericolo 'Documento' (Manuale HACCP di Autocontrollo); poi SCUDIX+SICURIX applicano il METODO81+; 6) BIOXIX causa il pericolo 'Attrezzature' (Attrezzature e Macchine); poi ROBOTIX81+SICURIX applicano il METODO81+; 7) MESCOLIX causa il pericolo 'Allergeni' (Gestione Allergeni); poi BLINKIX+SICURIX applicano il METODO81+; 8) FRETTIX causa il pericolo 'Formazione specifica' (Formazione Specifica (rischio alto)); poi TRACCIX+SICURIX applicano il METODO81+; 9) IMPROVVISIX causa il pericolo 'Emergenze/Soccorso' (Addetto Primo Soccorso); poi HYGIENIX+SICURIX applicano il METODO81+; 10) SCHIACCIX causa il pericolo 'Ruolo/Preposto' (Formazione Preposto); poi DOCUMIX+SICURIX applicano il METODO81+; 11) SCHIACCIX causa il pericolo 'Stress' (Stress Lavoro-Correlato); poi PRIVACIX+SICURIX applicano il METODO81+; 12) CHIMIKIX causa il pericolo 'Formazione base' (Formazione Generale Lavoratori); poi DOCUMIX+SICURIX applicano il METODO81+. PALETTE BRAND ESCLUSIVA: nero #05050A, bianco panna, arancione #FF6A1A/#E8501A; ROSSO solo per 'PERICOLO', VERDE per la checklist 'Metodo 81+'. Logo '81+' ben visibile in OGNI vignetta. REGOLA STORIA: SICURIX NON agisce mai da solo - in OGNI vignetta di soluzione si fa AIUTARE dai suoi colleghi EROI (lavoro di squadra, ognuno col suo ruolo). TESTO: didascalie e fumetti MOLTO BREVI (1-4 parole), GRANDI, centrati, in ITALIANO con ORTOGRAFIA PERFETTA, senza parole inventate, lettere doppie errate o testo tagliato. CATTIVI (coerenti col canone): SCIVOLIX, SOTTOVALUTIX, POLVERIX, BIOXIX, ACQUAIX, MESCOLIX, FRETTIX, IMPROVVISIX, SCHIACCIX, CHIMIKIX. EROI: CHEFIX, PRIVACIX, CIFRIX, ROBOTIX81, SCUDIX, BLINKIX, TRACCIX, HYGIENIX, DOCUMIX. NEGATIVE: nessun marchio LEGO reale, nessun personaggio protetto (Asterix ecc.), niente gore/horror, niente claim assoluti ('rischio zero','garantito','zero multe').",In Manifattura c'e' un obbligo che in tanti scoprono solo con la sanzione,"In Manifattura c'e' un obbligo che in tanti scoprono solo con la sanzione

In manifattura gli adempimenti obbligatori non aspettano: Emergenze/Incendio, Sorveglianza sanitaria, DPI, Ruolo/RLS, Documento, Attrezzature, Allergeni, Formazione specifica, Emergenze/Soccorso, Ruolo/Preposto, Stress, Formazione base. In questa pagina TALES OF SICURIX il PERICOLO prende forma... e il METODO81+ lo rimette in ordine, passo dopo passo. Immagina la scena: prima il caos, poi la checklist che sistema tutto. La regola c'e' gia': tu falla lavorare per te.
👉 Iscriviti al corso: Corso antincendio livello 1 -> https://81plus.net/?corso=corso-antincendio-livello-1
▶️ YouTube: youtube.com/@sicurissimo
Contenuto informativo. Prima vedi. Poi sistemi. 81plus.net",Corso antincendio livello 1,https://81plus.net/?corso=corso-antincendio-livello-1,#TalesOfSicurix #SICURIX #Metodo81 #81plus #Sicurissimo #Sicurezza #HACCP #SicurezzaSulLavoro,SICURIX_TALES_293100_7_9_8_4_15_13_21_2_6_3_11_1.webp,https://drive.google.com/drive/folders/1hICKXdl9JTZBL1pemG19oE_661z-EH_k,IMG_ERR
10.71.10,Manifattura,C,Sicurezza+Ambientale+HACCP+Privacy,11,Documento Valutazione Rischi (DVR) | Movimentazione Manuale Carichi | Formazione Ambientale | Attrezzature e Macchine | Uso e Formazione DPI | Controllo Temperature e Celle | Informativa e Consensi | Formazione Preposto | Manuale HACCP di Autocontrollo | Nomina Incaricati/Responsabili | Gestione Rifiuti e Registro,D.Lgs81/08 art.28 | D.Lgs81/08 Tit.VI | D.Lgs152/06 | D.Lgs81/08 Tit.III | D.Lgs81/08 art.77 | Reg.CE 852/2004 | GDPR art.13 | D.Lgs81/08 art.37 | GDPR art.28-29,"CIFRIX>CAOSIX, LUXPECTORIX>RISKIX, CHECKIX>OBLIVIX, CONSENSIX>VOLTIX, CONSENSIX>FUMIX, BLINKIX>CROSSIX, ROBOTIX81>HACKIX, FORMIX>RISKIX, CHECKIX>DOSAGIX, BLINKIX>PERMISSIONIX, ROBOTIX81>CAOSIX","Crea una PAGINA A FUMETTI a STORIA COMPLETA, verticale A4 (1024x1536), QUALITA' EDITORIALE DA STAMPA, stile ufficiale 'SICURIX TALES' IDENTICO alle immagini di riferimento allegate (stessi personaggi a mattoncini 3D, stessa impaginazione, stessi colori, stesse rese): minifigure espressive, ambientazioni ricche e dettagliate del settore, luci morbide, profondita', bordi vignetta netti. IMPAGINAZIONE OBBLIGATORIA: da 10 a 12 VIGNETTE numerate che raccontano UNA STORIA con arco narrativo completo (1 situazione normale -> 2-4 arrivano i pericoli coi cattivi -> 5-6 tensione/conseguenza -> 7-9 arriva SICURIX con gli eroi e applica il METODO81+ passo per passo -> 10-11 risoluzione ordinata -> 12 finale). HEADER in alto: SICURIX (mantello, medaglione arancione '81+', bussola) che presenta in un fumetto; grande titolo 'SICURIX TALES'; sottotitolo 'MANIFATTURA: Pericolo vs Soluzione con Metodo 81+'; legenda 3 voci (verde Sicurezza, rosso Rischio, blu 81+ Soluzione); fila di EROI coi nomi: CIFRIX, LUXPECTORIX, CHECKIX, CONSENSIX, BLINKIX, ROBOTIX81. FOOTER in basso: grande 'Prima vedi. Poi sistemi.'; banner scudo verde 'PROTEGGIAMO. PREVENIAMO. MIGLIORIAMO.' e triangolo rosso 'DISATTENZIONE. RISCHI. COSTI. CAOS.'; logo '81+' + '81plus.net'. TRAMA (usa questi eventi come vignette; se sono meno di 10 aggiungi vignette di contesto, dialogo e reazione per arrivare a 10-12): 1) CAOSIX causa il pericolo 'Documento' (Documento Valutazione Rischi (DVR)); poi CIFRIX+SICURIX applicano il METODO81+; 2) RISKIX causa il pericolo 'MMC' (Movimentazione Manuale Carichi); poi LUXPECTORIX+SICURIX applicano il METODO81+; 3) OBLIVIX causa il pericolo 'Formazione' (Formazione Ambientale); poi CHECKIX+SICURIX applicano il METODO81+; 4) VOLTIX causa il pericolo 'Attrezzature' (Attrezzature e Macchine); poi CONSENSIX+SICURIX applicano il METODO81+; 5) FUMIX causa il pericolo 'DPI' (Uso e Formazione DPI); poi CONSENSIX+SICURIX applicano il METODO81+; 6) CROSSIX causa il pericolo 'Temperature' (Controllo Temperature e Celle); poi BLINKIX+SICURIX applicano il METODO81+; 7) HACKIX causa il pericolo 'Documento' (Informativa e Consensi); poi ROBOTIX81+SICURIX applicano il METODO81+; 8) RISKIX causa il pericolo 'Ruolo/Preposto' (Formazione Preposto); poi FORMIX+SICURIX applicano il METODO81+; 9) DOSAGIX causa il pericolo 'Documento' (Manuale HACCP di Autocontrollo); poi CHECKIX+SICURIX applicano il METODO81+; 10) PERMISSIONIX causa il pericolo 'Nomine' (Nomina Incaricati/Responsabili); poi BLINKIX+SICURIX applicano il METODO81+; 11) CAOSIX causa il pericolo 'Rifiuti' (Gestione Rifiuti e Registro); poi ROBOTIX81+SICURIX applicano il METODO81+. PALETTE BRAND ESCLUSIVA: nero #05050A, bianco panna, arancione #FF6A1A/#E8501A; ROSSO solo per 'PERICOLO', VERDE per la checklist 'Metodo 81+'. Logo '81+' ben visibile in OGNI vignetta. REGOLA STORIA: SICURIX NON agisce mai da solo - in OGNI vignetta di soluzione si fa AIUTARE dai suoi colleghi EROI (lavoro di squadra, ognuno col suo ruolo). TESTO: didascalie e fumetti MOLTO BREVI (1-4 parole), GRANDI, centrati, in ITALIANO con ORTOGRAFIA PERFETTA, senza parole inventate, lettere doppie errate o testo tagliato. CATTIVI (coerenti col canone): CAOSIX, RISKIX, OBLIVIX, VOLTIX, FUMIX, CROSSIX, HACKIX, DOSAGIX, PERMISSIONIX. EROI: CIFRIX, LUXPECTORIX, CHECKIX, CONSENSIX, BLINKIX, ROBOTIX81, FORMIX. NEGATIVE: nessun marchio LEGO reale, nessun personaggio protetto (Asterix ecc.), niente gore/horror, niente claim assoluti ('rischio zero','garantito','zero multe').",In Manifattura c'e' un obbligo che in tanti scoprono solo con la sanzione,"La differenza tra chi in Manifattura dorme sereno e chi trema al controllo

In manifattura gli adempimenti obbligatori non aspettano: Documento, MMC, Formazione, Attrezzature, DPI, Temperature, Ruolo/Preposto, Nomine, Rifiuti. In questa pagina TALES OF SICURIX il PERICOLO prende forma... e il METODO81+ lo rimette in ordine, passo dopo passo. Immagina la scena: prima il caos, poi la checklist che sistema tutto. La regola c'e' gia': tu falla lavorare per te.
👉 Iscriviti al corso: Corso lavoratore parte GENERALE 4 ore -> https://81plus.net/?corso=corso-lavoratore-parte-generale-4-ore
▶️ YouTube: youtube.com/@sicurissimo
Contenuto informativo. Prima vedi. Poi sistemi. 81plus.net",Corso lavoratore parte GENERALE 4 ore,https://81plus.net/?corso=corso-lavoratore-parte-generale-4-ore,#TalesOfSicurix #SICURIX #Metodo81 #81plus #Sicurissimo #Sicurezza #Ambientale #HACCP #Privacy #SicurezzaSulLavoro,SICURIX_TALES_107110_0_10_27_13_8_18_21_3_14_23_26.webp,https://drive.google.com/drive/folders/1hICKXdl9JTZBL1pemG19oE_661z-EH_k,IMG_ERR
42.91.00,Costruzioni,F,Sicurezza+Ambientale+Privacy,11,RSPP / Datore di Lavoro RSPP | Documento Valutazione Rischi (DVR) | Formazione Ambientale | Attrezzature e Macchine | Registro dei Trattamenti | Gestione Rifiuti e Registro | Rischio Rumore | Lavori in Quota e Ponteggi | Stress Lavoro-Correlato | Sorveglianza Sanitaria / Medico Competente | Informativa e Consensi,D.Lgs81/08 art.34 | D.Lgs81/08 art.28 | D.Lgs152/06 | D.Lgs81/08 Tit.III | GDPR art.30 | D.Lgs81/08 Tit.VIII | D.Lgs81/08 Tit.IV | D.Lgs81/08 art.41 | GDPR art.13,"ROBOTIX81>SCHIACCIX, SCUDIX>VOLTIX, CHECKIX>RISKIX, CHEFIX>RUMORIX, DOCUMIX>HACKIX, LUXPECTORIX>OBLIVIX, ROBOTIX81>SOTTOVALUTIX, DOCUMIX>VOLTIX, DOCUMIX>CHIMIKIX, PREPOSTIX>CADUTIX, ROBOTIX81>IMPROVVISIX","Crea una PAGINA A FUMETTI a STORIA COMPLETA, verticale A4 (1024x1536), QUALITA' EDITORIALE DA STAMPA, stile ufficiale 'SICURIX TALES' IDENTICO alle immagini di riferimento allegate (stessi personaggi a mattoncini 3D, stessa impaginazione, stessi colori, stesse rese): minifigure espressive, ambientazioni ricche e dettagliate del settore, luci morbide, profondita', bordi vignetta netti. IMPAGINAZIONE OBBLIGATORIA: da 10 a 12 VIGNETTE numerate che raccontano UNA STORIA con arco narrativo completo (1 situazione normale -> 2-4 arrivano i pericoli coi cattivi -> 5-6 tensione/conseguenza -> 7-9 arriva SICURIX con gli eroi e applica il METODO81+ passo per passo -> 10-11 risoluzione ordinata -> 12 finale). HEADER in alto: SICURIX (mantello, medaglione arancione '81+', bussola) che presenta in un fumetto; grande titolo 'SICURIX TALES'; sottotitolo 'COSTRUZIONI: Pericolo vs Soluzione con Metodo 81+'; legenda 3 voci (verde Sicurezza, rosso Rischio, blu 81+ Soluzione); fila di EROI coi nomi: ROBOTIX81, SCUDIX, CHECKIX, CHEFIX, DOCUMIX, LUXPECTORIX. FOOTER in basso: grande 'Prima vedi. Poi sistemi.'; banner scudo verde 'PROTEGGIAMO. PREVENIAMO. MIGLIORIAMO.' e triangolo rosso 'DISATTENZIONE. RISCHI. COSTI. CAOS.'; logo '81+' + '81plus.net'. TRAMA (usa questi eventi come vignette; se sono meno di 10 aggiungi vignette di contesto, dialogo e reazione per arrivare a 10-12): 1) SCHIACCIX causa il pericolo 'Ruolo/RSPP' (RSPP / Datore di Lavoro RSPP); poi ROBOTIX81+SICURIX applicano il METODO81+; 2) VOLTIX causa il pericolo 'Documento' (Documento Valutazione Rischi (DVR)); poi SCUDIX+SICURIX applicano il METODO81+; 3) RISKIX causa il pericolo 'Formazione' (Formazione Ambientale); poi CHECKIX+SICURIX applicano il METODO81+; 4) RUMORIX causa il pericolo 'Attrezzature' (Attrezzature e Macchine); poi CHEFIX+SICURIX applicano il METODO81+; 5) HACKIX causa il pericolo 'Registro' (Registro dei Trattamenti); poi DOCUMIX+SICURIX applicano il METODO81+; 6) OBLIVIX causa il pericolo 'Rifiuti' (Gestione Rifiuti e Registro); poi LUXPECTORIX+SICURIX applicano il METODO81+; 7) SOTTOVALUTIX causa il pericolo 'Rumore' (Rischio Rumore); poi ROBOTIX81+SICURIX applicano il METODO81+; 8) VOLTIX causa il pericolo 'Lavori in quota' (Lavori in Quota e Ponteggi); poi DOCUMIX+SICURIX applicano il METODO81+; 9) CHIMIKIX causa il pericolo 'Stress' (Stress Lavoro-Correlato); poi DOCUMIX+SICURIX applicano il METODO81+; 10) CADUTIX causa il pericolo 'Sorveglianza sanitaria' (Sorveglianza Sanitaria / Medico Competente); poi PREPOSTIX+SICURIX applicano il METODO81+; 11) IMPROVVISIX causa il pericolo 'Documento' (Informativa e Consensi); poi ROBOTIX81+SICURIX applicano il METODO81+. PALETTE BRAND ESCLUSIVA: nero #05050A, bianco panna, arancione #FF6A1A/#E8501A; ROSSO solo per 'PERICOLO', VERDE per la checklist 'Metodo 81+'. Logo '81+' ben visibile in OGNI vignetta. REGOLA STORIA: SICURIX NON agisce mai da solo - in OGNI vignetta di soluzione si fa AIUTARE dai suoi colleghi EROI (lavoro di squadra, ognuno col suo ruolo). TESTO: didascalie e fumetti MOLTO BREVI (1-4 parole), GRANDI, centrati, in ITALIANO con ORTOGRAFIA PERFETTA, senza parole inventate, lettere doppie errate o testo tagliato. CATTIVI (coerenti col canone): SCHIACCIX, VOLTIX, RISKIX, RUMORIX, HACKIX, OBLIVIX, SOTTOVALUTIX, CHIMIKIX, CADUTIX, IMPROVVISIX. EROI: ROBOTIX81, SCUDIX, CHECKIX, CHEFIX, DOCUMIX, LUXPECTORIX, PREPOSTIX. NEGATIVE: nessun marchio LEGO reale, nessun personaggio protetto (Asterix ecc.), niente gore/horror, niente claim assoluti ('rischio zero','garantito','zero multe').","In Costruzioni non e' 'se' arriva il controllo, e' 'quando'. Sei pronto?","Quello che l'ispettore controlla per primo in Costruzioni (e quasi nessuno lo sa)

In costruzioni gli adempimenti obbligatori non aspettano: Ruolo/RSPP, Documento, Formazione, Attrezzature, Registro, Rifiuti, Rumore, Lavori in quota, Stress, Sorveglianza sanitaria. In questa pagina TALES OF SICURIX il PERICOLO prende forma... e il METODO81+ lo rimette in ordine, passo dopo passo. Immagina la scena: prima il caos, poi la checklist che sistema tutto. Mettere ordine ora costa poco. Rimediare dopo costa caro.
👉 Iscriviti al corso: RSPP Datore di Lavoro modulo 1 e 2 -> https://81plus.net/?corso=rspp-datore-di-lavoro-modulo-1-e-2
▶️ YouTube: youtube.com/@sicurissimo
Contenuto informativo. Prima vedi. Poi sistemi. 81plus.net",RSPP Datore di Lavoro modulo 1 e 2,https://81plus.net/?corso=rspp-datore-di-lavoro-modulo-1-e-2,#TalesOfSicurix #SICURIX #Metodo81 #81plus #Sicurissimo #Sicurezza #Ambientale #Privacy #SicurezzaSulLavoro,SICURIX_TALES_429100_5_0_21_13_16_20_12_14_11_9_15.webp,https://drive.google.com/drive/folders/1hICKXdl9JTZBL1pemG19oE_661z-EH_k,IMG_ERR
27.40.01,Manifattura,C,Sicurezza+Ambientale+HACCP+Privacy,11,Addetto Primo Soccorso | Uso e Formazione DPI | Formazione Ambientale | Formazione Preposto | Gestione Allergeni | Rischio Rumore | Nomina Incaricati/Responsabili | Procedura Data Breach | Rintracciabilita ed Etichettatura | Stress Lavoro-Correlato | Registro dei Trattamenti,DM 388/2003 | D.Lgs81/08 art.77 | D.Lgs152/06 | D.Lgs81/08 art.37 | Reg.UE 1169/2011 | D.Lgs81/08 Tit.VIII | GDPR art.28-29 | GDPR art.33-34 | Reg.CE 178/2002 | D.Lgs81/08 art.28 | GDPR art.30,"BLINKIX>CADUTIX, CHECKIX>CAOSIX, CONSENSIX>FRETTIX, FORMIX>OBLIVIX, SCUDIX>MESCOLIX, CONSENSIX>SCIVOLIX, CHEFIX>RISKIX, CIFRIX>MULTIX, TRACCIX>MULTIX, SICURIX>SCHIACCIX, LUXPECTORIX>HACKIX","Crea una PAGINA A FUMETTI a STORIA COMPLETA, verticale A4 (1024x1536), QUALITA' EDITORIALE DA STAMPA, stile ufficiale 'SICURIX TALES' IDENTICO alle immagini di riferimento allegate (stessi personaggi a mattoncini 3D, stessa impaginazione, stessi colori, stesse rese): minifigure espressive, ambientazioni ricche e dettagliate del settore, luci morbide, profondita', bordi vignetta netti. IMPAGINAZIONE OBBLIGATORIA: da 10 a 12 VIGNETTE numerate che raccontano UNA STORIA con arco narrativo completo (1 situazione normale -> 2-4 arrivano i pericoli coi cattivi -> 5-6 tensione/conseguenza -> 7-9 arriva SICURIX con gli eroi e applica il METODO81+ passo per passo -> 10-11 risoluzione ordinata -> 12 finale). HEADER in alto: SICURIX (mantello, medaglione arancione '81+', bussola) che presenta in un fumetto; grande titolo 'SICURIX TALES'; sottotitolo 'MANIFATTURA: Pericolo vs Soluzione con Metodo 81+'; legenda 3 voci (verde Sicurezza, rosso Rischio, blu 81+ Soluzione); fila di EROI coi nomi: BLINKIX, CHECKIX, CONSENSIX, FORMIX, SCUDIX, CHEFIX. FOOTER in basso: grande 'Prima vedi. Poi sistemi.'; banner scudo verde 'PROTEGGIAMO. PREVENIAMO. MIGLIORIAMO.' e triangolo rosso 'DISATTENZIONE. RISCHI. COSTI. CAOS.'; logo '81+' + '81plus.net'. TRAMA (usa questi eventi come vignette; se sono meno di 10 aggiungi vignette di contesto, dialogo e reazione per arrivare a 10-12): 1) CADUTIX causa il pericolo 'Emergenze/Soccorso' (Addetto Primo Soccorso); poi BLINKIX+SICURIX applicano il METODO81+; 2) CAOSIX causa il pericolo 'DPI' (Uso e Formazione DPI); poi CHECKIX+SICURIX applicano il METODO81+; 3) FRETTIX causa il pericolo 'Formazione' (Formazione Ambientale); poi CONSENSIX+SICURIX applicano il METODO81+; 4) OBLIVIX causa il pericolo 'Ruolo/Preposto' (Formazione Preposto); poi FORMIX+SICURIX applicano il METODO81+; 5) MESCOLIX causa il pericolo 'Allergeni' (Gestione Allergeni); poi SCUDIX+SICURIX applicano il METODO81+; 6) SCIVOLIX causa il pericolo 'Rumore' (Rischio Rumore); poi CONSENSIX+SICURIX applicano il METODO81+; 7) RISKIX causa il pericolo 'Nomine' (Nomina Incaricati/Responsabili); poi CHEFIX+SICURIX applicano il METODO81+; 8) MULTIX causa il pericolo 'Data breach' (Procedura Data Breach); poi CIFRIX+SICURIX applicano il METODO81+; 9) MULTIX causa il pericolo 'Rintracciabilita' (Rintracciabilita ed Etichettatura); poi TRACCIX+SICURIX applicano il METODO81+; 10) SCHIACCIX causa il pericolo 'Stress' (Stress Lavoro-Correlato); poi SICURIX+SICURIX applicano il METODO81+; 11) HACKIX causa il pericolo 'Registro' (Registro dei Trattamenti); poi LUXPECTORIX+SICURIX applicano il METODO81+. PALETTE BRAND ESCLUSIVA: nero #05050A, bianco panna, arancione #FF6A1A/#E8501A; ROSSO solo per 'PERICOLO', VERDE per la checklist 'Metodo 81+'. Logo '81+' ben visibile in OGNI vignetta. REGOLA STORIA: SICURIX NON agisce mai da solo - in OGNI vignetta di soluzione si fa AIUTARE dai suoi colleghi EROI (lavoro di squadra, ognuno col suo ruolo). TESTO: didascalie e fumetti MOLTO BREVI (1-4 parole), GRANDI, centrati, in ITALIANO con ORTOGRAFIA PERFETTA, senza parole inventate, lettere doppie errate o testo tagliato. CATTIVI (coerenti col canone): CADUTIX, CAOSIX, FRETTIX, OBLIVIX, MESCOLIX, SCIVOLIX, RISKIX, MULTIX, SCHIACCIX, HACKIX. EROI: BLINKIX, CHECKIX, CONSENSIX, FORMIX, SCUDIX, CHEFIX, CIFRIX, TRACCIX, SICURIX, LUXPECTORIX. NEGATIVE: nessun marchio LEGO reale, nessun personaggio protetto (Asterix ecc.), niente gore/horror, niente claim assoluti ('rischio zero','garantito','zero multe').",In Manifattura c'e' un obbligo che in tanti scoprono solo con la sanzione,"Quello che l'ispettore controlla per primo in Manifattura (e quasi nessuno lo sa)

In manifattura gli adempimenti obbligatori non aspettano: Emergenze/Soccorso, DPI, Formazione, Ruolo/Preposto, Allergeni, Rumore, Nomine, Data breach, Rintracciabilita, Stress, Registro. In questa pagina TALES OF SICURIX il PERICOLO prende forma... e il METODO81+ lo rimette in ordine, passo dopo passo. Immagina la scena: prima il caos, poi la checklist che sistema tutto. Chi si mette in regola prima, dorme meglio dopo.
👉 Iscriviti al corso: Corso Primo Soccorso (A-B-C) -> https://81plus.net/?corso=corso-primo-soccorso-a-b-c
▶️ YouTube: youtube.com/@sicurissimo
Contenuto informativo. Prima vedi. Poi sistemi. 81plus.net",Corso Primo Soccorso (A-B-C),https://81plus.net/?corso=corso-primo-soccorso-a-b-c,#TalesOfSicurix #SICURIX #Metodo81 #81plus #Sicurissimo #Sicurezza #Ambientale #HACCP #Privacy #SicurezzaSulLavoro,SICURIX_TALES_274001_6_8_28_3_21_12_24_26_18_11_23.webp,https://drive.google.com/drive/folders/1hICKXdl9JTZBL1pemG19oE_661z-EH_k,IMG_ERR
26.52.00,Manifattura,C,Sicurezza+HACCP+Ambientale+Privacy,12,Documento Valutazione Rischi (DVR) | RSPP / Datore di Lavoro RSPP | Sorveglianza Sanitaria / Medico Competente | Corso Alimentarista | Formazione Preposto | Stress Lavoro-Correlato | Formazione Ambientale | Formazione GDPR | Gestione Allergeni | Lotta agli Infestanti (Pest Control) | Formazione Specifica (rischio alto) | Movimentazione Manuale Carichi,D.Lgs81/08 art.28 | D.Lgs81/08 art.34 | D.Lgs81/08 art.41 | Reg.CE 852/2004 | D.Lgs81/08 art.37 | D.Lgs152/06 | GDPR art.32 | Reg.UE 1169/2011 | Accordo Stato-Regioni | D.Lgs81/08 Tit.VI,"SCUDIX>SCIVOLIX, TRACCIX>FRETTIX, BLINKIX>TAGLIX, DOCUMIX>OBLIVIX, SCUDIX>NONDPIX, SICURIX>OBLIVIX, CHECKIX>OBLIVIX, LUXPECTORIX>PERMISSIONIX, SCUDIX>MULTIX, CHECKIX>RISKIX, PREPOSTIX>FUMIX, SCUDIX>SEGNALEX","Crea una PAGINA A FUMETTI a STORIA COMPLETA, verticale A4 (1024x1536), QUALITA' EDITORIALE DA STAMPA, stile ufficiale 'SICURIX TALES' IDENTICO alle immagini di riferimento allegate (stessi personaggi a mattoncini 3D, stessa impaginazione, stessi colori, stesse rese): minifigure espressive, ambientazioni ricche e dettagliate del settore, luci morbide, profondita', bordi vignetta netti. IMPAGINAZIONE OBBLIGATORIA: da 10 a 12 VIGNETTE numerate che raccontano UNA STORIA con arco narrativo completo (1 situazione normale -> 2-4 arrivano i pericoli coi cattivi -> 5-6 tensione/conseguenza -> 7-9 arriva SICURIX con gli eroi e applica il METODO81+ passo per passo -> 10-11 risoluzione ordinata -> 12 finale). HEADER in alto: SICURIX (mantello, medaglione arancione '81+', bussola) che presenta in un fumetto; grande titolo 'SICURIX TALES'; sottotitolo 'MANIFATTURA: Pericolo vs Soluzione con Metodo 81+'; legenda 3 voci (verde Sicurezza, rosso Rischio, blu 81+ Soluzione); fila di EROI coi nomi: SCUDIX, TRACCIX, BLINKIX, DOCUMIX, SICURIX, CHECKIX. FOOTER in basso: grande 'Prima vedi. Poi sistemi.'; banner scudo verde 'PROTEGGIAMO. PREVENIAMO. MIGLIORIAMO.' e triangolo rosso 'DISATTENZIONE. RISCHI. COSTI. CAOS.'; logo '81+' + '81plus.net'. TRAMA (usa questi eventi come vignette; se sono meno di 10 aggiungi vignette di contesto, dialogo e reazione per arrivare a 10-12): 1) SCIVOLIX causa il pericolo 'Documento' (Documento Valutazione Rischi (DVR)); poi SCUDIX+SICURIX applicano il METODO81+; 2) FRETTIX causa il pericolo 'Ruolo/RSPP' (RSPP / Datore di Lavoro RSPP); poi TRACCIX+SICURIX applicano il METODO81+; 3) TAGLIX causa il pericolo 'Sorveglianza sanitaria' (Sorveglianza Sanitaria / Medico Competente); poi BLINKIX+SICURIX applicano il METODO81+; 4) OBLIVIX causa il pericolo 'Corso' (Corso Alimentarista); poi DOCUMIX+SICURIX applicano il METODO81+; 5) NONDPIX causa il pericolo 'Ruolo/Preposto' (Formazione Preposto); poi SCUDIX+SICURIX applicano il METODO81+; 6) OBLIVIX causa il pericolo 'Stress' (Stress Lavoro-Correlato); poi SICURIX+SICURIX applicano il METODO81+; 7) OBLIVIX causa il pericolo 'Formazione' (Formazione Ambientale); poi CHECKIX+SICURIX applicano il METODO81+; 8) PERMISSIONIX causa il pericolo 'Formazione' (Formazione GDPR); poi LUXPECTORIX+SICURIX applicano il METODO81+; 9) MULTIX causa il pericolo 'Allergeni' (Gestione Allergeni); poi SCUDIX+SICURIX applicano il METODO81+; 10) RISKIX causa il pericolo 'Infestanti' (Lotta agli Infestanti (Pest Control)); poi CHECKIX+SICURIX applicano il METODO81+; 11) FUMIX causa il pericolo 'Formazione specifica' (Formazione Specifica (rischio alto)); poi PREPOSTIX+SICURIX applicano il METODO81+; 12) SEGNALEX causa il pericolo 'MMC' (Movimentazione Manuale Carichi); poi SCUDIX+SICURIX applicano il METODO81+. PALETTE BRAND ESCLUSIVA: nero #05050A, bianco panna, arancione #FF6A1A/#E8501A; ROSSO solo per 'PERICOLO', VERDE per la checklist 'Metodo 81+'. Logo '81+' ben visibile in OGNI vignetta. REGOLA STORIA: SICURIX NON agisce mai da solo - in OGNI vignetta di soluzione si fa AIUTARE dai suoi colleghi EROI (lavoro di squadra, ognuno col suo ruolo). TESTO: didascalie e fumetti MOLTO BREVI (1-4 parole), GRANDI, centrati, in ITALIANO con ORTOGRAFIA PERFETTA, senza parole inventate, lettere doppie errate o testo tagliato. CATTIVI (coerenti col canone): SCIVOLIX, FRETTIX, TAGLIX, OBLIVIX, NONDPIX, PERMISSIONIX, MULTIX, RISKIX, FUMIX, SEGNALEX. EROI: SCUDIX, TRACCIX, BLINKIX, DOCUMIX, SICURIX, CHECKIX, LUXPECTORIX, PREPOSTIX. NEGATIVE: nessun marchio LEGO reale, nessun personaggio protetto (Asterix ecc.), niente gore/horror, niente claim assoluti ('rischio zero','garantito','zero multe').","In Manifattura non e' 'se' arriva il controllo, e' 'quando'. Sei pronto?","In Manifattura non e' 'se' arriva il controllo, e' 'quando'. Sei pronto?

In manifattura gli adempimenti obbligatori non aspettano: Documento, Ruolo/RSPP, Sorveglianza sanitaria, Corso, Ruolo/Preposto, Stress, Formazione, Allergeni, Infestanti, Formazione specifica, MMC. In questa pagina TALES OF SICURIX il PERICOLO prende forma... e il METODO81+ lo rimette in ordine, passo dopo passo. Immagina la scena: prima il caos, poi la checklist che sistema tutto. Non e' burocrazia: e' la tua tranquillita.
👉 Iscriviti al corso: Corso lavoratore parte GENERALE 4 ore -> https://81plus.net/?corso=corso-lavoratore-parte-generale-4-ore
▶️ YouTube: youtube.com/@sicurissimo
Contenuto informativo. Prima vedi. Poi sistemi. 81plus.net",Corso lavoratore parte GENERALE 4 ore,https://81plus.net/?corso=corso-lavoratore-parte-generale-4-ore,#TalesOfSicurix #SICURIX #Metodo81 #81plus #Sicurissimo #Sicurezza #HACCP #Ambientale #Privacy #SicurezzaSulLavoro,SICURIX_TALES_265200_0_5_9_15_3_11_27_24_20_19_2_10.webp,https://drive.google.com/drive/folders/1hICKXdl9JTZBL1pemG19oE_661z-EH_k,IMG_ERR
66.22.00,Immobiliare,L,Sicurezza+Privacy,12,Addetto Antincendio | Documento Valutazione Rischi (DVR) | Nomina Incaricati/Responsabili | Formazione Generale Lavoratori | Formazione GDPR | Procedura Data Breach | Registro dei Trattamenti | Formazione Specifica (rischio basso) | Uso e Formazione DPI | Addetto Primo Soccorso | Rappresentante Lavoratori Sicurezza (RLS) | RSPP / Datore di Lavoro RSPP,DM 2/9/2021 | D.Lgs81/08 art.28 | GDPR art.28-29 | Accordo Stato-Regioni | GDPR art.32 | GDPR art.33-34 | GDPR art.30 | D.Lgs81/08 art.77 | DM 388/2003 | D.Lgs81/08 art.47 | D.Lgs81/08 art.34,"PRIVACIX>TAGLIX, SCUDIX>ØTIX, TRACCIX>SPYIX, ROBOTIX81>RISKIX, LUXPECTORIX>IMPROVVISIX, CHEFIX>HACKIX, DOCUMIX>FRETTIX, FORMIX>TAGLIX, HYGIENIX>FUMIX, DOCUMIX>VIBRIX, ROBOTIX81>SOTTOVALUTIX, FORMIX>SEGNALEX","Crea una PAGINA A FUMETTI a STORIA COMPLETA, verticale A4 (1024x1536), QUALITA' EDITORIALE DA STAMPA, stile ufficiale 'SICURIX TALES' IDENTICO alle immagini di riferimento allegate (stessi personaggi a mattoncini 3D, stessa impaginazione, stessi colori, stesse rese): minifigure espressive, ambientazioni ricche e dettagliate del settore, luci morbide, profondita', bordi vignetta netti. IMPAGINAZIONE OBBLIGATORIA: da 10 a 12 VIGNETTE numerate che raccontano UNA STORIA con arco narrativo completo (1 situazione normale -> 2-4 arrivano i pericoli coi cattivi -> 5-6 tensione/conseguenza -> 7-9 arriva SICURIX con gli eroi e applica il METODO81+ passo per passo -> 10-11 risoluzione ordinata -> 12 finale). HEADER in alto: SICURIX (mantello, medaglione arancione '81+', bussola) che presenta in un fumetto; grande titolo 'SICURIX TALES'; sottotitolo 'IMMOBILIARE: Pericolo vs Soluzione con Metodo 81+'; legenda 3 voci (verde Sicurezza, rosso Rischio, blu 81+ Soluzione); fila di EROI coi nomi: PRIVACIX, SCUDIX, TRACCIX, ROBOTIX81, LUXPECTORIX, CHEFIX. FOOTER in basso: grande 'Prima vedi. Poi sistemi.'; banner scudo verde 'PROTEGGIAMO. PREVENIAMO. MIGLIORIAMO.' e triangolo rosso 'DISATTENZIONE. RISCHI. COSTI. CAOS.'; logo '81+' + '81plus.net'. TRAMA (usa questi eventi come vignette; se sono meno di 10 aggiungi vignette di contesto, dialogo e reazione per arrivare a 10-12): 1) TAGLIX causa il pericolo 'Emergenze/Incendio' (Addetto Antincendio); poi PRIVACIX+SICURIX applicano il METODO81+; 2) ØTIX causa il pericolo 'Documento' (Documento Valutazione Rischi (DVR)); poi SCUDIX+SICURIX applicano il METODO81+; 3) SPYIX causa il pericolo 'Nomine' (Nomina Incaricati/Responsabili); poi TRACCIX+SICURIX applicano il METODO81+; 4) RISKIX causa il pericolo 'Formazione base' (Formazione Generale Lavoratori); poi ROBOTIX81+SICURIX applicano il METODO81+; 5) IMPROVVISIX causa il pericolo 'Formazione' (Formazione GDPR); poi LUXPECTORIX+SICURIX applicano il METODO81+; 6) HACKIX causa il pericolo 'Data breach' (Procedura Data Breach); poi CHEFIX+SICURIX applicano il METODO81+; 7) FRETTIX causa il pericolo 'Registro' (Registro dei Trattamenti); poi DOCUMIX+SICURIX applicano il METODO81+; 8) TAGLIX causa il pericolo 'Formazione specifica' (Formazione Specifica (rischio basso)); poi FORMIX+SICURIX applicano il METODO81+; 9) FUMIX causa il pericolo 'DPI' (Uso e Formazione DPI); poi HYGIENIX+SICURIX applicano il METODO81+; 10) VIBRIX causa il pericolo 'Emergenze/Soccorso' (Addetto Primo Soccorso); poi DOCUMIX+SICURIX applicano il METODO81+; 11) SOTTOVALUTIX causa il pericolo 'Ruolo/RLS' (Rappresentante Lavoratori Sicurezza (RLS)); poi ROBOTIX81+SICURIX applicano il METODO81+; 12) SEGNALEX causa il pericolo 'Ruolo/RSPP' (RSPP / Datore di Lavoro RSPP); poi FORMIX+SICURIX applicano il METODO81+. PALETTE BRAND ESCLUSIVA: nero #05050A, bianco panna, arancione #FF6A1A/#E8501A; ROSSO solo per 'PERICOLO', VERDE per la checklist 'Metodo 81+'. Logo '81+' ben visibile in OGNI vignetta. REGOLA STORIA: SICURIX NON agisce mai da solo - in OGNI vignetta di soluzione si fa AIUTARE dai suoi colleghi EROI (lavoro di squadra, ognuno col suo ruolo). TESTO: didascalie e fumetti MOLTO BREVI (1-4 parole), GRANDI, centrati, in ITALIANO con ORTOGRAFIA PERFETTA, senza parole inventate, lettere doppie errate o testo tagliato. CATTIVI (coerenti col canone): TAGLIX, ØTIX, SPYIX, RISKIX, IMPROVVISIX, HACKIX, FRETTIX, FUMIX, VIBRIX, SOTTOVALUTIX, SEGNALEX. EROI: PRIVACIX, SCUDIX, TRACCIX, ROBOTIX81, LUXPECTORIX, CHEFIX, DOCUMIX, FORMIX, HYGIENIX. NEGATIVE: nessun marchio LEGO reale, nessun personaggio protetto (Asterix ecc.), niente gore/horror, niente claim assoluti ('rischio zero','garantito','zero multe').",Quello che l'ispettore controlla per primo in Immobiliare (e quasi nessuno lo sa),"Immobiliare: 3 minuti oggi o un problema enorme domani. Scegli tu.

In immobiliare gli adempimenti obbligatori non aspettano: Emergenze/Incendio, Documento, Nomine, Formazione base, Formazione, Data breach, Registro, Formazione specifica, DPI, Emergenze/Soccorso, Ruolo/RLS, Ruolo/RSPP. In questa pagina TALES OF SICURIX il PERICOLO prende forma... e il METODO81+ lo rimette in ordine, passo dopo passo. Immagina la scena: prima il caos, poi la checklist che sistema tutto. Non e' burocrazia: e' la tua tranquillita.
👉 Iscriviti al corso: Corso antincendio livello 1 -> https://81plus.net/?corso=corso-antincendio-livello-1
▶️ YouTube: youtube.com/@sicurissimo
Contenuto informativo. Prima vedi. Poi sistemi. 81plus.net",Corso antincendio livello 1,https://81plus.net/?corso=corso-antincendio-livello-1,#TalesOfSicurix #SICURIX #Metodo81 #81plus #Sicurissimo #Sicurezza #Privacy #SicurezzaSulLavoro,SICURIX_TALES_662200_7_0_11_1_12_13_10_2_8_6_4_5.webp,https://drive.google.com/drive/folders/1hICKXdl9JTZBL1pemG19oE_661z-EH_k,IMG_ERR
62.20.20,Finanza/Assicurazioni,K,Sicurezza+Privacy,11,Addetto Antincendio | Formazione Specifica (rischio basso) | Documento Valutazione Rischi (DVR) | Uso e Formazione DPI | Nomina Incaricati/Responsabili | Formazione Preposto | Videoterminali (VDT) | Formazione GDPR | Formazione Generale Lavoratori | Rappresentante Lavoratori Sicurezza (RLS) | Addetto Primo Soccorso,DM 2/9/2021 | Accordo Stato-Regioni | D.Lgs81/08 art.28 | D.Lgs81/08 art.77 | GDPR art.28-29 | D.Lgs81/08 art.37 | D.Lgs81/08 Tit.VII | GDPR art.32 | D.Lgs81/08 art.47 | DM 388/2003,"HYGIENIX>SCIVOLIX, LUXPECTORIX>VOLTIX, HYGIENIX>ØTIX, PRIVACIX>IMPROVVISIX, SCUDIX>SPYIX, LUXPECTORIX>VOLTIX, PREPOSTIX>CADUTIX, CONSENSIX>CANCELIX, TRACCIX>CHIMIKIX, CHECKIX>CHIMIKIX, CIFRIX>SCIVOLIX","Crea una PAGINA A FUMETTI a STORIA COMPLETA, verticale A4 (1024x1536), QUALITA' EDITORIALE DA STAMPA, stile ufficiale 'SICURIX TALES' IDENTICO alle immagini di riferimento allegate (stessi personaggi a mattoncini 3D, stessa impaginazione, stessi colori, stesse rese): minifigure espressive, ambientazioni ricche e dettagliate del settore, luci morbide, profondita', bordi vignetta netti. IMPAGINAZIONE OBBLIGATORIA: da 10 a 12 VIGNETTE numerate che raccontano UNA STORIA con arco narrativo completo (1 situazione normale -> 2-4 arrivano i pericoli coi cattivi -> 5-6 tensione/conseguenza -> 7-9 arriva SICURIX con gli eroi e applica il METODO81+ passo per passo -> 10-11 risoluzione ordinata -> 12 finale). HEADER in alto: SICURIX (mantello, medaglione arancione '81+', bussola) che presenta in un fumetto; grande titolo 'SICURIX TALES'; sottotitolo 'FINANZA/ASSICURAZIONI: Pericolo vs Soluzione con Metodo 81+'; legenda 3 voci (verde Sicurezza, rosso Rischio, blu 81+ Soluzione); fila di EROI coi nomi: HYGIENIX, LUXPECTORIX, PRIVACIX, SCUDIX, PREPOSTIX, CONSENSIX. FOOTER in basso: grande 'Prima vedi. Poi sistemi.'; banner scudo verde 'PROTEGGIAMO. PREVENIAMO. MIGLIORIAMO.' e triangolo rosso 'DISATTENZIONE. RISCHI. COSTI. CAOS.'; logo '81+' + '81plus.net'. TRAMA (usa questi eventi come vignette; se sono meno di 10 aggiungi vignette di contesto, dialogo e reazione per arrivare a 10-12): 1) SCIVOLIX causa il pericolo 'Emergenze/Incendio' (Addetto Antincendio); poi HYGIENIX+SICURIX applicano il METODO81+; 2) VOLTIX causa il pericolo 'Formazione specifica' (Formazione Specifica (rischio basso)); poi LUXPECTORIX+SICURIX applicano il METODO81+; 3) ØTIX causa il pericolo 'Documento' (Documento Valutazione Rischi (DVR)); poi HYGIENIX+SICURIX applicano il METODO81+; 4) IMPROVVISIX causa il pericolo 'DPI' (Uso e Formazione DPI); poi PRIVACIX+SICURIX applicano il METODO81+; 5) SPYIX causa il pericolo 'Nomine' (Nomina Incaricati/Responsabili); poi SCUDIX+SICURIX applicano il METODO81+; 6) VOLTIX causa il pericolo 'Ruolo/Preposto' (Formazione Preposto); poi LUXPECTORIX+SICURIX applicano il METODO81+; 7) CADUTIX causa il pericolo 'Videoterminali' (Videoterminali (VDT)); poi PREPOSTIX+SICURIX applicano il METODO81+; 8) CANCELIX causa il pericolo 'Formazione' (Formazione GDPR); poi CONSENSIX+SICURIX applicano il METODO81+; 9) CHIMIKIX causa il pericolo 'Formazione base' (Formazione Generale Lavoratori); poi TRACCIX+SICURIX applicano il METODO81+; 10) CHIMIKIX causa il pericolo 'Ruolo/RLS' (Rappresentante Lavoratori Sicurezza (RLS)); poi CHECKIX+SICURIX applicano il METODO81+; 11) SCIVOLIX causa il pericolo 'Emergenze/Soccorso' (Addetto Primo Soccorso); poi CIFRIX+SICURIX applicano il METODO81+. PALETTE BRAND ESCLUSIVA: nero #05050A, bianco panna, arancione #FF6A1A/#E8501A; ROSSO solo per 'PERICOLO', VERDE per la checklist 'Metodo 81+'. Logo '81+' ben visibile in OGNI vignetta. REGOLA STORIA: SICURIX NON agisce mai da solo - in OGNI vignetta di soluzione si fa AIUTARE dai suoi colleghi EROI (lavoro di squadra, ognuno col suo ruolo). TESTO: didascalie e fumetti MOLTO BREVI (1-4 parole), GRANDI, centrati, in ITALIANO con ORTOGRAFIA PERFETTA, senza parole inventate, lettere doppie errate o testo tagliato. CATTIVI (coerenti col canone): SCIVOLIX, VOLTIX, ØTIX, IMPROVVISIX, SPYIX, CADUTIX, CANCELIX, CHIMIKIX. EROI: HYGIENIX, LUXPECTORIX, PRIVACIX, SCUDIX, PREPOSTIX, CONSENSIX, TRACCIX, CHECKIX, CIFRIX. NEGATIVE: nessun marchio LEGO reale, nessun personaggio protetto (Asterix ecc.), niente gore/horror, niente claim assoluti ('rischio zero','garantito','zero multe').",Finanza/Assicurazioni: 3 minuti oggi o un problema enorme domani. Scegli tu.,"Quello che l'ispettore controlla per primo in Finanza/Assicurazioni (e quasi nessuno lo sa)

In finanza/assicurazioni gli adempimenti obbligatori non aspettano: Emergenze/Incendio, Formazione specifica, Documento, DPI, Nomine, Ruolo/Preposto, Videoterminali, Formazione, Formazione base, Ruolo/RLS, Emergenze/Soccorso. In questa pagina TALES OF SICURIX il PERICOLO prende forma... e il METODO81+ lo rimette in ordine, passo dopo passo. Immagina la scena: prima il caos, poi la checklist che sistema tutto. La regola c'e' gia': tu falla lavorare per te.
👉 Iscriviti al corso: Corso antincendio livello 1 -> https://81plus.net/?corso=corso-antincendio-livello-1
▶️ YouTube: youtube.com/@sicurissimo
Contenuto informativo. Prima vedi. Poi sistemi. 81plus.net",Corso antincendio livello 1,https://81plus.net/?corso=corso-antincendio-livello-1,#TalesOfSicurix #SICURIX #Metodo81 #81plus #Sicurissimo #Sicurezza #Privacy #SicurezzaSulLavoro,SICURIX_TALES_622020_7_2_0_8_12_3_9_13_1_4_6.webp,https://drive.google.com/drive/folders/1hICKXdl9JTZBL1pemG19oE_661z-EH_k,IMG_ERR
23.61.01,Manifattura,C,HACCP+Sicurezza+Ambientale+Privacy,10,Manuale HACCP di Autocontrollo | Documento Valutazione Rischi (DVR) | Formazione Ambientale | Controllo Temperature e Celle | Formazione Preposto | Gestione Rifiuti e Registro | Registro dei Trattamenti | Sorveglianza Sanitaria / Medico Competente | Formazione Specifica (rischio alto) | Piano di Sanificazione,Reg.CE 852/2004 | D.Lgs81/08 art.28 | D.Lgs152/06 | D.Lgs81/08 art.37 | GDPR art.30 | D.Lgs81/08 art.41 | Accordo Stato-Regioni,"CONSENSIX>FRETTIX, CIFRIX>MULTIX, FORMIX>MULTIX, CHEFIX>SCADUTIX, PRIVACIX>CAOSIX, SICURIX>FRETTIX, CHEFIX>LEAKIX, BLINKIX>VIBRIX, CHECKIX>VOLTIX, CHECKIX>MULTIX","Crea una PAGINA A FUMETTI a STORIA COMPLETA, verticale A4 (1024x1536), QUALITA' EDITORIALE DA STAMPA, stile ufficiale 'SICURIX TALES' IDENTICO alle immagini di riferimento allegate (stessi personaggi a mattoncini 3D, stessa impaginazione, stessi colori, stesse rese): minifigure espressive, ambientazioni ricche e dettagliate del settore, luci morbide, profondita', bordi vignetta netti. IMPAGINAZIONE OBBLIGATORIA: da 10 a 12 VIGNETTE numerate che raccontano UNA STORIA con arco narrativo completo (1 situazione normale -> 2-4 arrivano i pericoli coi cattivi -> 5-6 tensione/conseguenza -> 7-9 arriva SICURIX con gli eroi e applica il METODO81+ passo per passo -> 10-11 risoluzione ordinata -> 12 finale). HEADER in alto: SICURIX (mantello, medaglione arancione '81+', bussola) che presenta in un fumetto; grande titolo 'SICURIX TALES'; sottotitolo 'MANIFATTURA: Pericolo vs Soluzione con Metodo 81+'; legenda 3 voci (verde Sicurezza, rosso Rischio, blu 81+ Soluzione); fila di EROI coi nomi: CONSENSIX, CIFRIX, FORMIX, CHEFIX, PRIVACIX, SICURIX. FOOTER in basso: grande 'Prima vedi. Poi sistemi.'; banner scudo verde 'PROTEGGIAMO. PREVENIAMO. MIGLIORIAMO.' e triangolo rosso 'DISATTENZIONE. RISCHI. COSTI. CAOS.'; logo '81+' + '81plus.net'. TRAMA (usa questi eventi come vignette; se sono meno di 10 aggiungi vignette di contesto, dialogo e reazione per arrivare a 10-12): 1) FRETTIX causa il pericolo 'Documento' (Manuale HACCP di Autocontrollo); poi CONSENSIX+SICURIX applicano il METODO81+; 2) MULTIX causa il pericolo 'Documento' (Documento Valutazione Rischi (DVR)); poi CIFRIX+SICURIX applicano il METODO81+; 3) MULTIX causa il pericolo 'Formazione' (Formazione Ambientale); poi FORMIX+SICURIX applicano il METODO81+; 4) SCADUTIX causa il pericolo 'Temperature' (Controllo Temperature e Celle); poi CHEFIX+SICURIX applicano il METODO81+; 5) CAOSIX causa il pericolo 'Ruolo/Preposto' (Formazione Preposto); poi PRIVACIX+SICURIX applicano il METODO81+; 6) FRETTIX causa il pericolo 'Rifiuti' (Gestione Rifiuti e Registro); poi SICURIX+SICURIX applicano il METODO81+; 7) LEAKIX causa il pericolo 'Registro' (Registro dei Trattamenti); poi CHEFIX+SICURIX applicano il METODO81+; 8) VIBRIX causa il pericolo 'Sorveglianza sanitaria' (Sorveglianza Sanitaria / Medico Competente); poi BLINKIX+SICURIX applicano il METODO81+; 9) VOLTIX causa il pericolo 'Formazione specifica' (Formazione Specifica (rischio alto)); poi CHECKIX+SICURIX applicano il METODO81+; 10) MULTIX causa il pericolo 'Sanificazione' (Piano di Sanificazione); poi CHECKIX+SICURIX applicano il METODO81+. PALETTE BRAND ESCLUSIVA: nero #05050A, bianco panna, arancione #FF6A1A/#E8501A; ROSSO solo per 'PERICOLO', VERDE per la checklist 'Metodo 81+'. Logo '81+' ben visibile in OGNI vignetta. REGOLA STORIA: SICURIX NON agisce mai da solo - in OGNI vignetta di soluzione si fa AIUTARE dai suoi colleghi EROI (lavoro di squadra, ognuno col suo ruolo). TESTO: didascalie e fumetti MOLTO BREVI (1-4 parole), GRANDI, centrati, in ITALIANO con ORTOGRAFIA PERFETTA, senza parole inventate, lettere doppie errate o testo tagliato. CATTIVI (coerenti col canone): FRETTIX, MULTIX, SCADUTIX, CAOSIX, LEAKIX, VIBRIX, VOLTIX. EROI: CONSENSIX, CIFRIX, FORMIX, CHEFIX, PRIVACIX, SICURIX, BLINKIX, CHECKIX. NEGATIVE: nessun marchio LEGO reale, nessun personaggio protetto (Asterix ecc.), niente gore/horror, niente claim assoluti ('rischio zero','garantito','zero multe').",Manifattura: 3 minuti oggi o un problema enorme domani. Scegli tu.,"In Manifattura non e' 'se' arriva il controllo, e' 'quando'. Sei pronto?

In manifattura gli adempimenti obbligatori non aspettano: Documento, Formazione, Temperature, Ruolo/Preposto, Rifiuti, Registro, Sorveglianza sanitaria, Formazione specifica, Sanificazione. In questa pagina TALES OF SICURIX il PERICOLO prende forma... e il METODO81+ lo rimette in ordine, passo dopo passo. Immagina la scena: prima il caos, poi la checklist che sistema tutto. Chi si mette in regola prima, dorme meglio dopo.
👉 Iscriviti al corso: Manuale autocontrollo alimentare -> https://81plus.net/?corso=manuale-autocontrollo-alimentare
▶️ YouTube: youtube.com/@sicurissimo
Contenuto informativo. Prima vedi. Poi sistemi. 81plus.net",Manuale autocontrollo alimentare,https://81plus.net/?corso=manuale-autocontrollo-alimentare,#TalesOfSicurix #SICURIX #Metodo81 #81plus #Sicurissimo #HACCP #Sicurezza #Ambientale #Privacy #SicurezzaSulLavoro,SICURIX_TALES_236101_14_0_27_18_3_26_22_9_2_16.webp,https://drive.google.com/drive/folders/1hICKXdl9JTZBL1pemG19oE_661z-EH_k,IMG_ERR
93.19.93,Altri servizi,S,Sicurezza+Privacy+HACCP,11,Rappresentante Lavoratori Sicurezza (RLS) | Informativa e Consensi | Registro dei Trattamenti | Manuale HACCP di Autocontrollo | Formazione GDPR | Uso e Formazione DPI | Lotta agli Infestanti (Pest Control) | Formazione Specifica (rischio medio) | Addetto Antincendio | Formazione Generale Lavoratori | Corso Alimentarista,D.Lgs81/08 art.47 | GDPR art.13 | GDPR art.30 | Reg.CE 852/2004 | GDPR art.32 | D.Lgs81/08 art.77 | Accordo Stato-Regioni | DM 2/9/2021,"CONSENSIX>SEGNALEX, BLINKIX>RISKIX, CONSENSIX>RISKIX, PRIVACIX>SPORCKIX, SICURIX>HACKIX, SICURIX>VOLTIX, LUXPECTORIX>MULTIX, CIFRIX>SEGNALEX, CONSENSIX>NONDPIX, LUXPECTORIX>CHIMIKIX, SCUDIX>CAOSIX","Crea una PAGINA A FUMETTI a STORIA COMPLETA, verticale A4 (1024x1536), QUALITA' EDITORIALE DA STAMPA, stile ufficiale 'SICURIX TALES' IDENTICO alle immagini di riferimento allegate (stessi personaggi a mattoncini 3D, stessa impaginazione, stessi colori, stesse rese): minifigure espressive, ambientazioni ricche e dettagliate del settore, luci morbide, profondita', bordi vignetta netti. IMPAGINAZIONE OBBLIGATORIA: da 10 a 12 VIGNETTE numerate che raccontano UNA STORIA con arco narrativo completo (1 situazione normale -> 2-4 arrivano i pericoli coi cattivi -> 5-6 tensione/conseguenza -> 7-9 arriva SICURIX con gli eroi e applica il METODO81+ passo per passo -> 10-11 risoluzione ordinata -> 12 finale). HEADER in alto: SICURIX (mantello, medaglione arancione '81+', bussola) che presenta in un fumetto; grande titolo 'SICURIX TALES'; sottotitolo 'ALTRI SERVIZI: Pericolo vs Soluzione con Metodo 81+'; legenda 3 voci (verde Sicurezza, rosso Rischio, blu 81+ Soluzione); fila di EROI coi nomi: CONSENSIX, BLINKIX, PRIVACIX, SICURIX, LUXPECTORIX, CIFRIX. FOOTER in basso: grande 'Prima vedi. Poi sistemi.'; banner scudo verde 'PROTEGGIAMO. PREVENIAMO. MIGLIORIAMO.' e triangolo rosso 'DISATTENZIONE. RISCHI. COSTI. CAOS.'; logo '81+' + '81plus.net'. TRAMA (usa questi eventi come vignette; se sono meno di 10 aggiungi vignette di contesto, dialogo e reazione per arrivare a 10-12): 1) SEGNALEX causa il pericolo 'Ruolo/RLS' (Rappresentante Lavoratori Sicurezza (RLS)); poi CONSENSIX+SICURIX applicano il METODO81+; 2) RISKIX causa il pericolo 'Documento' (Informativa e Consensi); poi BLINKIX+SICURIX applicano il METODO81+; 3) RISKIX causa il pericolo 'Registro' (Registro dei Trattamenti); poi CONSENSIX+SICURIX applicano il METODO81+; 4) SPORCKIX causa il pericolo 'Documento' (Manuale HACCP di Autocontrollo); poi PRIVACIX+SICURIX applicano il METODO81+; 5) HACKIX causa il pericolo 'Formazione' (Formazione GDPR); poi SICURIX+SICURIX applicano il METODO81+; 6) VOLTIX causa il pericolo 'DPI' (Uso e Formazione DPI); poi SICURIX+SICURIX applicano il METODO81+; 7) MULTIX causa il pericolo 'Infestanti' (Lotta agli Infestanti (Pest Control)); poi LUXPECTORIX+SICURIX applicano il METODO81+; 8) SEGNALEX causa il pericolo 'Formazione specifica' (Formazione Specifica (rischio medio)); poi CIFRIX+SICURIX applicano il METODO81+; 9) NONDPIX causa il pericolo 'Emergenze/Incendio' (Addetto Antincendio); poi CONSENSIX+SICURIX applicano il METODO81+; 10) CHIMIKIX causa il pericolo 'Formazione base' (Formazione Generale Lavoratori); poi LUXPECTORIX+SICURIX applicano il METODO81+; 11) CAOSIX causa il pericolo 'Corso' (Corso Alimentarista); poi SCUDIX+SICURIX applicano il METODO81+. PALETTE BRAND ESCLUSIVA: nero #05050A, bianco panna, arancione #FF6A1A/#E8501A; ROSSO solo per 'PERICOLO', VERDE per la checklist 'Metodo 81+'. Logo '81+' ben visibile in OGNI vignetta. REGOLA STORIA: SICURIX NON agisce mai da solo - in OGNI vignetta di soluzione si fa AIUTARE dai suoi colleghi EROI (lavoro di squadra, ognuno col suo ruolo). TESTO: didascalie e fumetti MOLTO BREVI (1-4 parole), GRANDI, centrati, in ITALIANO con ORTOGRAFIA PERFETTA, senza parole inventate, lettere doppie errate o testo tagliato. CATTIVI (coerenti col canone): SEGNALEX, RISKIX, SPORCKIX, HACKIX, VOLTIX, MULTIX, NONDPIX, CHIMIKIX, CAOSIX. EROI: CONSENSIX, BLINKIX, PRIVACIX, SICURIX, LUXPECTORIX, CIFRIX, SCUDIX. NEGATIVE: nessun marchio LEGO reale, nessun personaggio protetto (Asterix ecc.), niente gore/horror, niente claim assoluti ('rischio zero','garantito','zero multe').","In Altri servizi non e' 'se' arriva il controllo, e' 'quando'. Sei pronto?","Altri servizi: 3 minuti oggi o un problema enorme domani. Scegli tu.

In altri servizi gli adempimenti obbligatori non aspettano: Ruolo/RLS, Documento, Registro, Formazione, DPI, Infestanti, Formazione specifica, Emergenze/Incendio, Formazione base, Corso. In questa pagina TALES OF SICURIX il PERICOLO prende forma... e il METODO81+ lo rimette in ordine, passo dopo passo. Immagina la scena: prima il caos, poi la checklist che sistema tutto. Non e' burocrazia: e' la tua tranquillita.
👉 Iscriviti al corso: Corso RLS -> https://81plus.net/?corso=corso-rls
▶️ YouTube: youtube.com/@sicurissimo
Contenuto informativo. Prima vedi. Poi sistemi. 81plus.net",Corso RLS,https://81plus.net/?corso=corso-rls,#TalesOfSicurix #SICURIX #Metodo81 #81plus #Sicurissimo #Sicurezza #Privacy #HACCP #SicurezzaSulLavoro,SICURIX_TALES_931993_4_19_20_12_22_8_17_2_7_1_13.webp,https://drive.google.com/drive/folders/1hICKXdl9JTZBL1pemG19oE_661z-EH_k,IMG_ERR
01.29.00,Agricoltura,A,Sicurezza+Privacy+Ambientale,10,Attrezzature e Macchine | Informativa e Consensi | RSPP / Datore di Lavoro RSPP | Formazione Ambientale | Formazione Specifica (rischio alto) | Stress Lavoro-Correlato | Formazione Generale Lavoratori | Rappresentante Lavoratori Sicurezza (RLS) | Addetto Primo Soccorso | Uso e Formazione DPI,D.Lgs81/08 Tit.III | GDPR art.13 | D.Lgs81/08 art.34 | D.Lgs152/06 | Accordo Stato-Regioni | D.Lgs81/08 art.28 | D.Lgs81/08 art.47 | DM 388/2003 | D.Lgs81/08 art.77,"DOCUMIX>SCHIACCIX, CHECKIX>CANCELIX, DOCUMIX>CHIMIKIX, HYGIENIX>RISKIX, PREPOSTIX>IMPROVVISIX, SCUDIX>NONDPIX, PREPOSTIX>SCIVOLIX, TRACCIX>SCHIACCIX, PRIVACIX>CAOSIX, HYGIENIX>OBLIVIX","Crea una PAGINA A FUMETTI a STORIA COMPLETA, verticale A4 (1024x1536), QUALITA' EDITORIALE DA STAMPA, stile ufficiale 'SICURIX TALES' IDENTICO alle immagini di riferimento allegate (stessi personaggi a mattoncini 3D, stessa impaginazione, stessi colori, stesse rese): minifigure espressive, ambientazioni ricche e dettagliate del settore, luci morbide, profondita', bordi vignetta netti. IMPAGINAZIONE OBBLIGATORIA: da 10 a 12 VIGNETTE numerate che raccontano UNA STORIA con arco narrativo completo (1 situazione normale -> 2-4 arrivano i pericoli coi cattivi -> 5-6 tensione/conseguenza -> 7-9 arriva SICURIX con gli eroi e applica il METODO81+ passo per passo -> 10-11 risoluzione ordinata -> 12 finale). HEADER in alto: SICURIX (mantello, medaglione arancione '81+', bussola) che presenta in un fumetto; grande titolo 'SICURIX TALES'; sottotitolo 'AGRICOLTURA: Pericolo vs Soluzione con Metodo 81+'; legenda 3 voci (verde Sicurezza, rosso Rischio, blu 81+ Soluzione); fila di EROI coi nomi: DOCUMIX, CHECKIX, HYGIENIX, PREPOSTIX, SCUDIX, TRACCIX. FOOTER in basso: grande 'Prima vedi. Poi sistemi.'; banner scudo verde 'PROTEGGIAMO. PREVENIAMO. MIGLIORIAMO.' e triangolo rosso 'DISATTENZIONE. RISCHI. COSTI. CAOS.'; logo '81+' + '81plus.net'. TRAMA (usa questi eventi come vignette; se sono meno di 10 aggiungi vignette di contesto, dialogo e reazione per arrivare a 10-12): 1) SCHIACCIX causa il pericolo 'Attrezzature' (Attrezzature e Macchine); poi DOCUMIX+SICURIX applicano il METODO81+; 2) CANCELIX causa il pericolo 'Documento' (Informativa e Consensi); poi CHECKIX+SICURIX applicano il METODO81+; 3) CHIMIKIX causa il pericolo 'Ruolo/RSPP' (RSPP / Datore di Lavoro RSPP); poi DOCUMIX+SICURIX applicano il METODO81+; 4) RISKIX causa il pericolo 'Formazione' (Formazione Ambientale); poi HYGIENIX+SICURIX applicano il METODO81+; 5) IMPROVVISIX causa il pericolo 'Formazione specifica' (Formazione Specifica (rischio alto)); poi PREPOSTIX+SICURIX applicano il METODO81+; 6) NONDPIX causa il pericolo 'Stress' (Stress Lavoro-Correlato); poi SCUDIX+SICURIX applicano il METODO81+; 7) SCIVOLIX causa il pericolo 'Formazione base' (Formazione Generale Lavoratori); poi PREPOSTIX+SICURIX applicano il METODO81+; 8) SCHIACCIX causa il pericolo 'Ruolo/RLS' (Rappresentante Lavoratori Sicurezza (RLS)); poi TRACCIX+SICURIX applicano il METODO81+; 9) CAOSIX causa il pericolo 'Emergenze/Soccorso' (Addetto Primo Soccorso); poi PRIVACIX+SICURIX applicano il METODO81+; 10) OBLIVIX causa il pericolo 'DPI' (Uso e Formazione DPI); poi HYGIENIX+SICURIX applicano il METODO81+. PALETTE BRAND ESCLUSIVA: nero #05050A, bianco panna, arancione #FF6A1A/#E8501A; ROSSO solo per 'PERICOLO', VERDE per la checklist 'Metodo 81+'. Logo '81+' ben visibile in OGNI vignetta. REGOLA STORIA: SICURIX NON agisce mai da solo - in OGNI vignetta di soluzione si fa AIUTARE dai suoi colleghi EROI (lavoro di squadra, ognuno col suo ruolo). TESTO: didascalie e fumetti MOLTO BREVI (1-4 parole), GRANDI, centrati, in ITALIANO con ORTOGRAFIA PERFETTA, senza parole inventate, lettere doppie errate o testo tagliato. CATTIVI (coerenti col canone): SCHIACCIX, CANCELIX, CHIMIKIX, RISKIX, IMPROVVISIX, NONDPIX, SCIVOLIX, CAOSIX, OBLIVIX. EROI: DOCUMIX, CHECKIX, HYGIENIX, PREPOSTIX, SCUDIX, TRACCIX, PRIVACIX. NEGATIVE: nessun marchio LEGO reale, nessun personaggio protetto (Asterix ecc.), niente gore/horror, niente claim assoluti ('rischio zero','garantito','zero multe').",Agricoltura: 3 minuti oggi o un problema enorme domani. Scegli tu.,"La differenza tra chi in Agricoltura dorme sereno e chi trema al controllo

In agricoltura gli adempimenti obbligatori non aspettano: Attrezzature, Documento, Ruolo/RSPP, Formazione, Formazione specifica, Stress, Formazione base, Ruolo/RLS, Emergenze/Soccorso, DPI. In questa pagina TALES OF SICURIX il PERICOLO prende forma... e il METODO81+ lo rimette in ordine, passo dopo passo. Immagina la scena: prima il caos, poi la checklist che sistema tutto. Mettere ordine ora costa poco. Rimediare dopo costa caro.
👉 Iscriviti al corso: Corso Lavori in Quota e DPI Anticaduta -> https://81plus.net/?corso=corso-lavori-in-quota-e-dpi-anticaduta
▶️ YouTube: youtube.com/@sicurissimo
Contenuto informativo. Prima vedi. Poi sistemi. 81plus.net",Corso Lavori in Quota e DPI Anticaduta,https://81plus.net/?corso=corso-lavori-in-quota-e-dpi-anticaduta,#TalesOfSicurix #SICURIX #Metodo81 #81plus #Sicurissimo #Sicurezza #Privacy #Ambientale #SicurezzaSulLavoro,SICURIX_TALES_012900_13_22_5_28_2_11_1_4_6_8.webp,https://drive.google.com/drive/folders/1hICKXdl9JTZBL1pemG19oE_661z-EH_k,IMG_ERR
70.20.01,Servizi alle imprese,N,Privacy+Sicurezza,11,Informativa e Consensi | Uso e Formazione DPI | Formazione Preposto | Formazione Specifica (rischio basso) | Documento Valutazione Rischi (DVR) | Registro dei Trattamenti | Procedura Data Breach | Addetto Antincendio | Nomina Incaricati/Responsabili | Formazione Generale Lavoratori | RSPP / Datore di Lavoro RSPP,GDPR art.13 | D.Lgs81/08 art.77 | D.Lgs81/08 art.37 | Accordo Stato-Regioni | D.Lgs81/08 art.28 | GDPR art.30 | GDPR art.33-34 | DM 2/9/2021 | GDPR art.28-29 | D.Lgs81/08 art.34,"ROBOTIX81>OBLIVIX, SICURIX>OBLIVIX, LUXPECTORIX>POLVERIX, PRIVACIX>ØTIX, CHEFIX>VOLTIX, TRACCIX>RISKIX, CHECKIX>IMPROVVISIX, ROBOTIX81>VIBRIX, BLINKIX>IMPROVVISIX, DOCUMIX>SEGNALEX, PRIVACIX>MULTIX","Crea una PAGINA A FUMETTI a STORIA COMPLETA, verticale A4 (1024x1536), QUALITA' EDITORIALE DA STAMPA, stile ufficiale 'SICURIX TALES' IDENTICO alle immagini di riferimento allegate (stessi personaggi a mattoncini 3D, stessa impaginazione, stessi colori, stesse rese): minifigure espressive, ambientazioni ricche e dettagliate del settore, luci morbide, profondita', bordi vignetta netti. IMPAGINAZIONE OBBLIGATORIA: da 10 a 12 VIGNETTE numerate che raccontano UNA STORIA con arco narrativo completo (1 situazione normale -> 2-4 arrivano i pericoli coi cattivi -> 5-6 tensione/conseguenza -> 7-9 arriva SICURIX con gli eroi e applica il METODO81+ passo per passo -> 10-11 risoluzione ordinata -> 12 finale). HEADER in alto: SICURIX (mantello, medaglione arancione '81+', bussola) che presenta in un fumetto; grande titolo 'SICURIX TALES'; sottotitolo 'SERVIZI ALLE IMPRESE: Pericolo vs Soluzione con Metodo 81+'; legenda 3 voci (verde Sicurezza, rosso Rischio, blu 81+ Soluzione); fila di EROI coi nomi: ROBOTIX81, SICURIX, LUXPECTORIX, PRIVACIX, CHEFIX, TRACCIX. FOOTER in basso: grande 'Prima vedi. Poi sistemi.'; banner scudo verde 'PROTEGGIAMO. PREVENIAMO. MIGLIORIAMO.' e triangolo rosso 'DISATTENZIONE. RISCHI. COSTI. CAOS.'; logo '81+' + '81plus.net'. TRAMA (usa questi eventi come vignette; se sono meno di 10 aggiungi vignette di contesto, dialogo e reazione per arrivare a 10-12): 1) OBLIVIX causa il pericolo 'Documento' (Informativa e Consensi); poi ROBOTIX81+SICURIX applicano il METODO81+; 2) OBLIVIX causa il pericolo 'DPI' (Uso e Formazione DPI); poi SICURIX+SICURIX applicano il METODO81+; 3) POLVERIX causa il pericolo 'Ruolo/Preposto' (Formazione Preposto); poi LUXPECTORIX+SICURIX applicano il METODO81+; 4) ØTIX causa il pericolo 'Formazione specifica' (Formazione Specifica (rischio basso)); poi PRIVACIX+SICURIX applicano il METODO81+; 5) VOLTIX causa il pericolo 'Documento' (Documento Valutazione Rischi (DVR)); poi CHEFIX+SICURIX applicano il METODO81+; 6) RISKIX causa il pericolo 'Registro' (Registro dei Trattamenti); poi TRACCIX+SICURIX applicano il METODO81+; 7) IMPROVVISIX causa il pericolo 'Data breach' (Procedura Data Breach); poi CHECKIX+SICURIX applicano il METODO81+; 8) VIBRIX causa il pericolo 'Emergenze/Incendio' (Addetto Antincendio); poi ROBOTIX81+SICURIX applicano il METODO81+; 9) IMPROVVISIX causa il pericolo 'Nomine' (Nomina Incaricati/Responsabili); poi BLINKIX+SICURIX applicano il METODO81+; 10) SEGNALEX causa il pericolo 'Formazione base' (Formazione Generale Lavoratori); poi DOCUMIX+SICURIX applicano il METODO81+; 11) MULTIX causa il pericolo 'Ruolo/RSPP' (RSPP / Datore di Lavoro RSPP); poi PRIVACIX+SICURIX applicano il METODO81+. PALETTE BRAND ESCLUSIVA: nero #05050A, bianco panna, arancione #FF6A1A/#E8501A; ROSSO solo per 'PERICOLO', VERDE per la checklist 'Metodo 81+'. Logo '81+' ben visibile in OGNI vignetta. REGOLA STORIA: SICURIX NON agisce mai da solo - in OGNI vignetta di soluzione si fa AIUTARE dai suoi colleghi EROI (lavoro di squadra, ognuno col suo ruolo). TESTO: didascalie e fumetti MOLTO BREVI (1-4 parole), GRANDI, centrati, in ITALIANO con ORTOGRAFIA PERFETTA, senza parole inventate, lettere doppie errate o testo tagliato. CATTIVI (coerenti col canone): OBLIVIX, POLVERIX, ØTIX, VOLTIX, RISKIX, IMPROVVISIX, VIBRIX, SEGNALEX, MULTIX. EROI: ROBOTIX81, SICURIX, LUXPECTORIX, PRIVACIX, CHEFIX, TRACCIX, CHECKIX, BLINKIX, DOCUMIX. NEGATIVE: nessun marchio LEGO reale, nessun personaggio protetto (Asterix ecc.), niente gore/horror, niente claim assoluti ('rischio zero','garantito','zero multe').",In Servizi alle imprese c'e' un obbligo che in tanti scoprono solo con la sanzione,"Servizi alle imprese: 3 minuti oggi o un problema enorme domani. Scegli tu.

In servizi alle imprese gli adempimenti obbligatori non aspettano: Documento, DPI, Ruolo/Preposto, Formazione specifica, Registro, Data breach, Emergenze/Incendio, Nomine, Formazione base, Ruolo/RSPP. In questa pagina TALES OF SICURIX il PERICOLO prende forma... e il METODO81+ lo rimette in ordine, passo dopo passo. Immagina la scena: prima il caos, poi la checklist che sistema tutto. Chi si mette in regola prima, dorme meglio dopo.
👉 Iscriviti al corso: Corso privacy destinato ai lavoratori -> https://81plus.net/?corso=corso-privacy-destinato-ai-lavoratori
▶️ YouTube: youtube.com/@sicurissimo
Contenuto informativo. Prima vedi. Poi sistemi. 81plus.net",Corso privacy destinato ai lavoratori,https://81plus.net/?corso=corso-privacy-destinato-ai-lavoratori,#TalesOfSicurix #SICURIX #Metodo81 #81plus #Sicurissimo #Privacy #Sicurezza #SicurezzaSulLavoro,SICURIX_TALES_702001_10_8_3_2_0_11_14_7_12_1_5.webp,https://drive.google.com/drive/folders/1hICKXdl9JTZBL1pemG19oE_661z-EH_k,IMG_ERR
32.30.01,Manifattura,C,Sicurezza+HACCP+Privacy+Ambientale,12,Uso e Formazione DPI | Addetto Primo Soccorso | Controllo Temperature e Celle | Formazione Generale Lavoratori | Piano di Sanificazione | Corso Alimentarista | Informativa e Consensi | Gestione Rifiuti e Registro | Attrezzature e Macchine | Formazione Ambientale | Registro dei Trattamenti | Addetto Antincendio,D.Lgs81/08 art.77 | DM 388/2003 | Reg.CE 852/2004 | Accordo Stato-Regioni | GDPR art.13 | D.Lgs152/06 | D.Lgs81/08 Tit.III | GDPR art.30 | DM 2/9/2021,"LUXPECTORIX>SCIVOLIX, CONSENSIX>MULTIX, PRIVACIX>FRETTIX, CHEFIX>MULTIX, PRIVACIX>MESCOLIX, TRACCIX>CAOSIX, TRACCIX>IMPROVVISIX, CHECKIX>MULTIX, PRIVACIX>VOLTIX, CHEFIX>CAOSIX, SCUDIX>HACKIX, FORMIX>SOTTOVALUTIX","Crea una PAGINA A FUMETTI a STORIA COMPLETA, verticale A4 (1024x1536), QUALITA' EDITORIALE DA STAMPA, stile ufficiale 'SICURIX TALES' IDENTICO alle immagini di riferimento allegate (stessi personaggi a mattoncini 3D, stessa impaginazione, stessi colori, stesse rese): minifigure espressive, ambientazioni ricche e dettagliate del settore, luci morbide, profondita', bordi vignetta netti. IMPAGINAZIONE OBBLIGATORIA: da 10 a 12 VIGNETTE numerate che raccontano UNA STORIA con arco narrativo completo (1 situazione normale -> 2-4 arrivano i pericoli coi cattivi -> 5-6 tensione/conseguenza -> 7-9 arriva SICURIX con gli eroi e applica il METODO81+ passo per passo -> 10-11 risoluzione ordinata -> 12 finale). HEADER in alto: SICURIX (mantello, medaglione arancione '81+', bussola) che presenta in un fumetto; grande titolo 'SICURIX TALES'; sottotitolo 'MANIFATTURA: Pericolo vs Soluzione con Metodo 81+'; legenda 3 voci (verde Sicurezza, rosso Rischio, blu 81+ Soluzione); fila di EROI coi nomi: LUXPECTORIX, CONSENSIX, PRIVACIX, CHEFIX, TRACCIX, CHECKIX. FOOTER in basso: grande 'Prima vedi. Poi sistemi.'; banner scudo verde 'PROTEGGIAMO. PREVENIAMO. MIGLIORIAMO.' e triangolo rosso 'DISATTENZIONE. RISCHI. COSTI. CAOS.'; logo '81+' + '81plus.net'. TRAMA (usa questi eventi come vignette; se sono meno di 10 aggiungi vignette di contesto, dialogo e reazione per arrivare a 10-12): 1) SCIVOLIX causa il pericolo 'DPI' (Uso e Formazione DPI); poi LUXPECTORIX+SICURIX applicano il METODO81+; 2) MULTIX causa il pericolo 'Emergenze/Soccorso' (Addetto Primo Soccorso); poi CONSENSIX+SICURIX applicano il METODO81+; 3) FRETTIX causa il pericolo 'Temperature' (Controllo Temperature e Celle); poi PRIVACIX+SICURIX applicano il METODO81+; 4) MULTIX causa il pericolo 'Formazione base' (Formazione Generale Lavoratori); poi CHEFIX+SICURIX applicano il METODO81+; 5) MESCOLIX causa il pericolo 'Sanificazione' (Piano di Sanificazione); poi PRIVACIX+SICURIX applicano il METODO81+; 6) CAOSIX causa il pericolo 'Corso' (Corso Alimentarista); poi TRACCIX+SICURIX applicano il METODO81+; 7) IMPROVVISIX causa il pericolo 'Documento' (Informativa e Consensi); poi TRACCIX+SICURIX applicano il METODO81+; 8) MULTIX causa il pericolo 'Rifiuti' (Gestione Rifiuti e Registro); poi CHECKIX+SICURIX applicano il METODO81+; 9) VOLTIX causa il pericolo 'Attrezzature' (Attrezzature e Macchine); poi PRIVACIX+SICURIX applicano il METODO81+; 10) CAOSIX causa il pericolo 'Formazione' (Formazione Ambientale); poi CHEFIX+SICURIX applicano il METODO81+; 11) HACKIX causa il pericolo 'Registro' (Registro dei Trattamenti); poi SCUDIX+SICURIX applicano il METODO81+; 12) SOTTOVALUTIX causa il pericolo 'Emergenze/Incendio' (Addetto Antincendio); poi FORMIX+SICURIX applicano il METODO81+. PALETTE BRAND ESCLUSIVA: nero #05050A, bianco panna, arancione #FF6A1A/#E8501A; ROSSO solo per 'PERICOLO', VERDE per la checklist 'Metodo 81+'. Logo '81+' ben visibile in OGNI vignetta. REGOLA STORIA: SICURIX NON agisce mai da solo - in OGNI vignetta di soluzione si fa AIUTARE dai suoi colleghi EROI (lavoro di squadra, ognuno col suo ruolo). TESTO: didascalie e fumetti MOLTO BREVI (1-4 parole), GRANDI, centrati, in ITALIANO con ORTOGRAFIA PERFETTA, senza parole inventate, lettere doppie errate o testo tagliato. CATTIVI (coerenti col canone): SCIVOLIX, MULTIX, FRETTIX, MESCOLIX, CAOSIX, IMPROVVISIX, VOLTIX, HACKIX, SOTTOVALUTIX. EROI: LUXPECTORIX, CONSENSIX, PRIVACIX, CHEFIX, TRACCIX, CHECKIX, SCUDIX, FORMIX. NEGATIVE: nessun marchio LEGO reale, nessun personaggio protetto (Asterix ecc.), niente gore/horror, niente claim assoluti ('rischio zero','garantito','zero multe').",La differenza tra chi in Manifattura dorme sereno e chi trema al controllo,"Manifattura: 3 minuti oggi o un problema enorme domani. Scegli tu.

In manifattura gli adempimenti obbligatori non aspettano: DPI, Emergenze/Soccorso, Temperature, Formazione base, Sanificazione, Corso, Documento, Rifiuti, Attrezzature, Formazione, Registro, Emergenze/Incendio. In questa pagina TALES OF SICURIX il PERICOLO prende forma... e il METODO81+ lo rimette in ordine, passo dopo passo. Immagina la scena: prima il caos, poi la checklist che sistema tutto. Mettere ordine ora costa poco. Rimediare dopo costa caro.
👉 Iscriviti al corso: Corso Lavori in Quota e DPI Anticaduta -> https://81plus.net/?corso=corso-lavori-in-quota-e-dpi-anticaduta
▶️ YouTube: youtube.com/@sicurissimo
Contenuto informativo. Prima vedi. Poi sistemi. 81plus.net",Corso Lavori in Quota e DPI Anticaduta,https://81plus.net/?corso=corso-lavori-in-quota-e-dpi-anticaduta,#TalesOfSicurix #SICURIX #Metodo81 #81plus #Sicurissimo #Sicurezza #HACCP #Privacy #Ambientale #SicurezzaSulLavoro,SICURIX_TALES_323001_8_6_18_1_16_15_21_26_13_27_22_7.webp,https://drive.google.com/drive/folders/1hICKXdl9JTZBL1pemG19oE_661z-EH_k,IMG_ERR
46.11.02,Commercio,G,Sicurezza+HACCP+Privacy,11,Addetto Primo Soccorso | Manuale HACCP di Autocontrollo | Stress Lavoro-Correlato | Formazione GDPR | Rintracciabilita ed Etichettatura | Sorveglianza Sanitaria / Medico Competente | RSPP / Datore di Lavoro RSPP | Lotta agli Infestanti (Pest Control) | Formazione Preposto | Uso e Formazione DPI | Registro dei Trattamenti,DM 388/2003 | Reg.CE 852/2004 | D.Lgs81/08 art.28 | GDPR art.32 | Reg.CE 178/2002 | D.Lgs81/08 art.41 | D.Lgs81/08 art.34 | D.Lgs81/08 art.37 | D.Lgs81/08 art.77 | GDPR art.30,"FORMIX>VIBRIX, SCUDIX>CROSSIX, CIFRIX>FUMIX, SCUDIX>PERMISSIONIX, PRIVACIX>FRETTIX, CIFRIX>TAGLIX, PRIVACIX>TAGLIX, PREPOSTIX>TEMPORIX, BLINKIX>FUMIX, CHEFIX>VOLTIX, PRIVACIX>RISKIX","Crea una PAGINA A FUMETTI a STORIA COMPLETA, verticale A4 (1024x1536), QUALITA' EDITORIALE DA STAMPA, stile ufficiale 'SICURIX TALES' IDENTICO alle immagini di riferimento allegate (stessi personaggi a mattoncini 3D, stessa impaginazione, stessi colori, stesse rese): minifigure espressive, ambientazioni ricche e dettagliate del settore, luci morbide, profondita', bordi vignetta netti. IMPAGINAZIONE OBBLIGATORIA: da 10 a 12 VIGNETTE numerate che raccontano UNA STORIA con arco narrativo completo (1 situazione normale -> 2-4 arrivano i pericoli coi cattivi -> 5-6 tensione/conseguenza -> 7-9 arriva SICURIX con gli eroi e applica il METODO81+ passo per passo -> 10-11 risoluzione ordinata -> 12 finale). HEADER in alto: SICURIX (mantello, medaglione arancione '81+', bussola) che presenta in un fumetto; grande titolo 'SICURIX TALES'; sottotitolo 'COMMERCIO: Pericolo vs Soluzione con Metodo 81+'; legenda 3 voci (verde Sicurezza, rosso Rischio, blu 81+ Soluzione); fila di EROI coi nomi: FORMIX, SCUDIX, CIFRIX, PRIVACIX, PREPOSTIX, BLINKIX. FOOTER in basso: grande 'Prima vedi. Poi sistemi.'; banner scudo verde 'PROTEGGIAMO. PREVENIAMO. MIGLIORIAMO.' e triangolo rosso 'DISATTENZIONE. RISCHI. COSTI. CAOS.'; logo '81+' + '81plus.net'. TRAMA (usa questi eventi come vignette; se sono meno di 10 aggiungi vignette di contesto, dialogo e reazione per arrivare a 10-12): 1) VIBRIX causa il pericolo 'Emergenze/Soccorso' (Addetto Primo Soccorso); poi FORMIX+SICURIX applicano il METODO81+; 2) CROSSIX causa il pericolo 'Documento' (Manuale HACCP di Autocontrollo); poi SCUDIX+SICURIX applicano il METODO81+; 3) FUMIX causa il pericolo 'Stress' (Stress Lavoro-Correlato); poi CIFRIX+SICURIX applicano il METODO81+; 4) PERMISSIONIX causa il pericolo 'Formazione' (Formazione GDPR); poi SCUDIX+SICURIX applicano il METODO81+; 5) FRETTIX causa il pericolo 'Rintracciabilita' (Rintracciabilita ed Etichettatura); poi PRIVACIX+SICURIX applicano il METODO81+; 6) TAGLIX causa il pericolo 'Sorveglianza sanitaria' (Sorveglianza Sanitaria / Medico Competente); poi CIFRIX+SICURIX applicano il METODO81+; 7) TAGLIX causa il pericolo 'Ruolo/RSPP' (RSPP / Datore di Lavoro RSPP); poi PRIVACIX+SICURIX applicano il METODO81+; 8) TEMPORIX causa il pericolo 'Infestanti' (Lotta agli Infestanti (Pest Control)); poi PREPOSTIX+SICURIX applicano il METODO81+; 9) FUMIX causa il pericolo 'Ruolo/Preposto' (Formazione Preposto); poi BLINKIX+SICURIX applicano il METODO81+; 10) VOLTIX causa il pericolo 'DPI' (Uso e Formazione DPI); poi CHEFIX+SICURIX applicano il METODO81+; 11) RISKIX causa il pericolo 'Registro' (Registro dei Trattamenti); poi PRIVACIX+SICURIX applicano il METODO81+. PALETTE BRAND ESCLUSIVA: nero #05050A, bianco panna, arancione #FF6A1A/#E8501A; ROSSO solo per 'PERICOLO', VERDE per la checklist 'Metodo 81+'. Logo '81+' ben visibile in OGNI vignetta. REGOLA STORIA: SICURIX NON agisce mai da solo - in OGNI vignetta di soluzione si fa AIUTARE dai suoi colleghi EROI (lavoro di squadra, ognuno col suo ruolo). TESTO: didascalie e fumetti MOLTO BREVI (1-4 parole), GRANDI, centrati, in ITALIANO con ORTOGRAFIA PERFETTA, senza parole inventate, lettere doppie errate o testo tagliato. CATTIVI (coerenti col canone): VIBRIX, CROSSIX, FUMIX, PERMISSIONIX, FRETTIX, TAGLIX, TEMPORIX, VOLTIX, RISKIX. EROI: FORMIX, SCUDIX, CIFRIX, PRIVACIX, PREPOSTIX, BLINKIX, CHEFIX. NEGATIVE: nessun marchio LEGO reale, nessun personaggio protetto (Asterix ecc.), niente gore/horror, niente claim assoluti ('rischio zero','garantito','zero multe').",Quello che l'ispettore controlla per primo in Commercio (e quasi nessuno lo sa),"In Commercio non e' 'se' arriva il controllo, e' 'quando'. Sei pronto?

In commercio gli adempimenti obbligatori non aspettano: Emergenze/Soccorso, Documento, Stress, Formazione, Rintracciabilita, Sorveglianza sanitaria, Ruolo/RSPP, Infestanti, Ruolo/Preposto, DPI, Registro. In questa pagina TALES OF SICURIX il PERICOLO prende forma... e il METODO81+ lo rimette in ordine, passo dopo passo. Immagina la scena: prima il caos, poi la checklist che sistema tutto. Chi si mette in regola prima, dorme meglio dopo.
👉 Iscriviti al corso: Corso Primo Soccorso (A-B-C) -> https://81plus.net/?corso=corso-primo-soccorso-a-b-c
▶️ YouTube: youtube.com/@sicurissimo
Contenuto informativo. Prima vedi. Poi sistemi. 81plus.net",Corso Primo Soccorso (A-B-C),https://81plus.net/?corso=corso-primo-soccorso-a-b-c,#TalesOfSicurix #SICURIX #Metodo81 #81plus #Sicurissimo #Sicurezza #HACCP #Privacy #SicurezzaSulLavoro,SICURIX_TALES_461102_6_12_11_22_15_9_5_17_3_8_20.webp,https://drive.google.com/drive/folders/1hICKXdl9JTZBL1pemG19oE_661z-EH_k,IMG_ERR
94.20.00,Famiglie datori,T,Sicurezza+Privacy,11,Documento Valutazione Rischi (DVR) | Formazione Preposto | Registro dei Trattamenti | Formazione GDPR | Procedura Data Breach | Addetto Antincendio | Nomina Incaricati/Responsabili | Informativa e Consensi | Formazione Specifica (rischio basso) | RSPP / Datore di Lavoro RSPP | Rappresentante Lavoratori Sicurezza (RLS),D.Lgs81/08 art.28 | D.Lgs81/08 art.37 | GDPR art.30 | GDPR art.32 | GDPR art.33-34 | DM 2/9/2021 | GDPR art.28-29 | GDPR art.13 | Accordo Stato-Regioni | D.Lgs81/08 art.34 | D.Lgs81/08 art.47,"SICURIX>NONDPIX, SICURIX>CHIMIKIX, LUXPECTORIX>CANCELIX, SCUDIX>PHISHIX, CONSENSIX>HACKIX, HYGIENIX>SCHIACCIX, LUXPECTORIX>IMPROVVISIX, PREPOSTIX>LEAKIX, HYGIENIX>NONDPIX, SICURIX>RUMORIX, PRIVACIX>CADUTIX","Crea una PAGINA A FUMETTI a STORIA COMPLETA, verticale A4 (1024x1536), QUALITA' EDITORIALE DA STAMPA, stile ufficiale 'SICURIX TALES' IDENTICO alle immagini di riferimento allegate (stessi personaggi a mattoncini 3D, stessa impaginazione, stessi colori, stesse rese): minifigure espressive, ambientazioni ricche e dettagliate del settore, luci morbide, profondita', bordi vignetta netti. IMPAGINAZIONE OBBLIGATORIA: da 10 a 12 VIGNETTE numerate che raccontano UNA STORIA con arco narrativo completo (1 situazione normale -> 2-4 arrivano i pericoli coi cattivi -> 5-6 tensione/conseguenza -> 7-9 arriva SICURIX con gli eroi e applica il METODO81+ passo per passo -> 10-11 risoluzione ordinata -> 12 finale). HEADER in alto: SICURIX (mantello, medaglione arancione '81+', bussola) che presenta in un fumetto; grande titolo 'SICURIX TALES'; sottotitolo 'FAMIGLIE DATORI: Pericolo vs Soluzione con Metodo 81+'; legenda 3 voci (verde Sicurezza, rosso Rischio, blu 81+ Soluzione); fila di EROI coi nomi: SICURIX, LUXPECTORIX, SCUDIX, CONSENSIX, HYGIENIX, PREPOSTIX. FOOTER in basso: grande 'Prima vedi. Poi sistemi.'; banner scudo verde 'PROTEGGIAMO. PREVENIAMO. MIGLIORIAMO.' e triangolo rosso 'DISATTENZIONE. RISCHI. COSTI. CAOS.'; logo '81+' + '81plus.net'. TRAMA (usa questi eventi come vignette; se sono meno di 10 aggiungi vignette di contesto, dialogo e reazione per arrivare a 10-12): 1) NONDPIX causa il pericolo 'Documento' (Documento Valutazione Rischi (DVR)); poi SICURIX+SICURIX applicano il METODO81+; 2) CHIMIKIX causa il pericolo 'Ruolo/Preposto' (Formazione Preposto); poi SICURIX+SICURIX applicano il METODO81+; 3) CANCELIX causa il pericolo 'Registro' (Registro dei Trattamenti); poi LUXPECTORIX+SICURIX applicano il METODO81+; 4) PHISHIX causa il pericolo 'Formazione' (Formazione GDPR); poi SCUDIX+SICURIX applicano il METODO81+; 5) HACKIX causa il pericolo 'Data breach' (Procedura Data Breach); poi CONSENSIX+SICURIX applicano il METODO81+; 6) SCHIACCIX causa il pericolo 'Emergenze/Incendio' (Addetto Antincendio); poi HYGIENIX+SICURIX applicano il METODO81+; 7) IMPROVVISIX causa il pericolo 'Nomine' (Nomina Incaricati/Responsabili); poi LUXPECTORIX+SICURIX applicano il METODO81+; 8) LEAKIX causa il pericolo 'Documento' (Informativa e Consensi); poi PREPOSTIX+SICURIX applicano il METODO81+; 9) NONDPIX causa il pericolo 'Formazione specifica' (Formazione Specifica (rischio basso)); poi HYGIENIX+SICURIX applicano il METODO81+; 10) RUMORIX causa il pericolo 'Ruolo/RSPP' (RSPP / Datore di Lavoro RSPP); poi SICURIX+SICURIX applicano il METODO81+; 11) CADUTIX causa il pericolo 'Ruolo/RLS' (Rappresentante Lavoratori Sicurezza (RLS)); poi PRIVACIX+SICURIX applicano il METODO81+. PALETTE BRAND ESCLUSIVA: nero #05050A, bianco panna, arancione #FF6A1A/#E8501A; ROSSO solo per 'PERICOLO', VERDE per la checklist 'Metodo 81+'. Logo '81+' ben visibile in OGNI vignetta. REGOLA STORIA: SICURIX NON agisce mai da solo - in OGNI vignetta di soluzione si fa AIUTARE dai suoi colleghi EROI (lavoro di squadra, ognuno col suo ruolo). TESTO: didascalie e fumetti MOLTO BREVI (1-4 parole), GRANDI, centrati, in ITALIANO con ORTOGRAFIA PERFETTA, senza parole inventate, lettere doppie errate o testo tagliato. CATTIVI (coerenti col canone): NONDPIX, CHIMIKIX, CANCELIX, PHISHIX, HACKIX, SCHIACCIX, IMPROVVISIX, LEAKIX, RUMORIX, CADUTIX. EROI: SICURIX, LUXPECTORIX, SCUDIX, CONSENSIX, HYGIENIX, PREPOSTIX, PRIVACIX. NEGATIVE: nessun marchio LEGO reale, nessun personaggio protetto (Asterix ecc.), niente gore/horror, niente claim assoluti ('rischio zero','garantito','zero multe').",Famiglie datori: 3 minuti oggi o un problema enorme domani. Scegli tu.,"Famiglie datori: 3 minuti oggi o un problema enorme domani. Scegli tu.

In famiglie datori gli adempimenti obbligatori non aspettano: Documento, Ruolo/Preposto, Registro, Formazione, Data breach, Emergenze/Incendio, Nomine, Formazione specifica, Ruolo/RSPP, Ruolo/RLS. In questa pagina TALES OF SICURIX il PERICOLO prende forma... e il METODO81+ lo rimette in ordine, passo dopo passo. Immagina la scena: prima il caos, poi la checklist che sistema tutto. Chi si mette in regola prima, dorme meglio dopo.
👉 Iscriviti al corso: Corso lavoratore parte GENERALE 4 ore -> https://81plus.net/?corso=corso-lavoratore-parte-generale-4-ore
▶️ YouTube: youtube.com/@sicurissimo
Contenuto informativo. Prima vedi. Poi sistemi. 81plus.net",Corso lavoratore parte GENERALE 4 ore,https://81plus.net/?corso=corso-lavoratore-parte-generale-4-ore,#TalesOfSicurix #SICURIX #Metodo81 #81plus #Sicurissimo #Sicurezza #Privacy #SicurezzaSulLavoro,SICURIX_TALES_942000_0_3_10_12_13_7_11_9_2_5_4.webp,https://drive.google.com/drive/folders/1hICKXdl9JTZBL1pemG19oE_661z-EH_k,IMG_ERR
13.99.10,Manifattura,C,Sicurezza+HACCP+Privacy,11,Addetto Primo Soccorso | Stress Lavoro-Correlato | Attrezzature e Macchine | Addetto Antincendio | Corso Alimentarista | Controllo Temperature e Celle | Formazione Specifica (rischio alto) | Informativa e Consensi | Rischio Rumore | Rintracciabilita ed Etichettatura | Procedura Data Breach,DM 388/2003 | D.Lgs81/08 art.28 | D.Lgs81/08 Tit.III | DM 2/9/2021 | Reg.CE 852/2004 | Accordo Stato-Regioni | GDPR art.13 | D.Lgs81/08 Tit.VIII | Reg.CE 178/2002 | GDPR art.33-34,"FORMIX>RUMORIX, LUXPECTORIX>MULTIX, LUXPECTORIX>VOLTIX, CHEFIX>CADUTIX, TRACCIX>MESCOLIX, BLINKIX>FRETTIX, CHECKIX>SCHIACCIX, PREPOSTIX>OBLIVIX, TRACCIX>MULTIX, TRACCIX>SPORCKIX, SICURIX>IMPROVVISIX","Crea una PAGINA A FUMETTI a STORIA COMPLETA, verticale A4 (1024x1536), QUALITA' EDITORIALE DA STAMPA, stile ufficiale 'SICURIX TALES' IDENTICO alle immagini di riferimento allegate (stessi personaggi a mattoncini 3D, stessa impaginazione, stessi colori, stesse rese): minifigure espressive, ambientazioni ricche e dettagliate del settore, luci morbide, profondita', bordi vignetta netti. IMPAGINAZIONE OBBLIGATORIA: da 10 a 12 VIGNETTE numerate che raccontano UNA STORIA con arco narrativo completo (1 situazione normale -> 2-4 arrivano i pericoli coi cattivi -> 5-6 tensione/conseguenza -> 7-9 arriva SICURIX con gli eroi e applica il METODO81+ passo per passo -> 10-11 risoluzione ordinata -> 12 finale). HEADER in alto: SICURIX (mantello, medaglione arancione '81+', bussola) che presenta in un fumetto; grande titolo 'SICURIX TALES'; sottotitolo 'MANIFATTURA: Pericolo vs Soluzione con Metodo 81+'; legenda 3 voci (verde Sicurezza, rosso Rischio, blu 81+ Soluzione); fila di EROI coi nomi: FORMIX, LUXPECTORIX, CHEFIX, TRACCIX, BLINKIX, CHECKIX. FOOTER in basso: grande 'Prima vedi. Poi sistemi.'; banner scudo verde 'PROTEGGIAMO. PREVENIAMO. MIGLIORIAMO.' e triangolo rosso 'DISATTENZIONE. RISCHI. COSTI. CAOS.'; logo '81+' + '81plus.net'. TRAMA (usa questi eventi come vignette; se sono meno di 10 aggiungi vignette di contesto, dialogo e reazione per arrivare a 10-12): 1) RUMORIX causa il pericolo 'Emergenze/Soccorso' (Addetto Primo Soccorso); poi FORMIX+SICURIX applicano il METODO81+; 2) MULTIX causa il pericolo 'Stress' (Stress Lavoro-Correlato); poi LUXPECTORIX+SICURIX applicano il METODO81+; 3) VOLTIX causa il pericolo 'Attrezzature' (Attrezzature e Macchine); poi LUXPECTORIX+SICURIX applicano il METODO81+; 4) CADUTIX causa il pericolo 'Emergenze/Incendio' (Addetto Antincendio); poi CHEFIX+SICURIX applicano il METODO81+; 5) MESCOLIX causa il pericolo 'Corso' (Corso Alimentarista); poi TRACCIX+SICURIX applicano il METODO81+; 6) FRETTIX causa il pericolo 'Temperature' (Controllo Temperature e Celle); poi BLINKIX+SICURIX applicano il METODO81+; 7) SCHIACCIX causa il pericolo 'Formazione specifica' (Formazione Specifica (rischio alto)); poi CHECKIX+SICURIX applicano il METODO81+; 8) OBLIVIX causa il pericolo 'Documento' (Informativa e Consensi); poi PREPOSTIX+SICURIX applicano il METODO81+; 9) MULTIX causa il pericolo 'Rumore' (Rischio Rumore); poi TRACCIX+SICURIX applicano il METODO81+; 10) SPORCKIX causa il pericolo 'Rintracciabilita' (Rintracciabilita ed Etichettatura); poi TRACCIX+SICURIX applicano il METODO81+; 11) IMPROVVISIX causa il pericolo 'Data breach' (Procedura Data Breach); poi SICURIX+SICURIX applicano il METODO81+. PALETTE BRAND ESCLUSIVA: nero #05050A, bianco panna, arancione #FF6A1A/#E8501A; ROSSO solo per 'PERICOLO', VERDE per la checklist 'Metodo 81+'. Logo '81+' ben visibile in OGNI vignetta. REGOLA STORIA: SICURIX NON agisce mai da solo - in OGNI vignetta di soluzione si fa AIUTARE dai suoi colleghi EROI (lavoro di squadra, ognuno col suo ruolo). TESTO: didascalie e fumetti MOLTO BREVI (1-4 parole), GRANDI, centrati, in ITALIANO con ORTOGRAFIA PERFETTA, senza parole inventate, lettere doppie errate o testo tagliato. CATTIVI (coerenti col canone): RUMORIX, MULTIX, VOLTIX, CADUTIX, MESCOLIX, FRETTIX, SCHIACCIX, OBLIVIX, SPORCKIX, IMPROVVISIX. EROI: FORMIX, LUXPECTORIX, CHEFIX, TRACCIX, BLINKIX, CHECKIX, PREPOSTIX, SICURIX. NEGATIVE: nessun marchio LEGO reale, nessun personaggio protetto (Asterix ecc.), niente gore/horror, niente claim assoluti ('rischio zero','garantito','zero multe').",In Manifattura c'e' un obbligo che in tanti scoprono solo con la sanzione,"La differenza tra chi in Manifattura dorme sereno e chi trema al controllo

In manifattura gli adempimenti obbligatori non aspettano: Emergenze/Soccorso, Stress, Attrezzature, Emergenze/Incendio, Corso, Temperature, Formazione specifica, Documento, Rumore, Rintracciabilita, Data breach. In questa pagina TALES OF SICURIX il PERICOLO prende forma... e il METODO81+ lo rimette in ordine, passo dopo passo. Immagina la scena: prima il caos, poi la checklist che sistema tutto. Mettere ordine ora costa poco. Rimediare dopo costa caro.
👉 Iscriviti al corso: Corso Primo Soccorso (A-B-C) -> https://81plus.net/?corso=corso-primo-soccorso-a-b-c
▶️ YouTube: youtube.com/@sicurissimo
Contenuto informativo. Prima vedi. Poi sistemi. 81plus.net",Corso Primo Soccorso (A-B-C),https://81plus.net/?corso=corso-primo-soccorso-a-b-c,#TalesOfSicurix #SICURIX #Metodo81 #81plus #Sicurissimo #Sicurezza #HACCP #Privacy #SicurezzaSulLavoro,SICURIX_TALES_139910_6_11_13_7_15_18_2_21_12_17_25.webp,https://drive.google.com/drive/folders/1hICKXdl9JTZBL1pemG19oE_661z-EH_k,IMG_ERR
30.12.00,Manifattura,C,Sicurezza+HACCP+Privacy,11,Uso e Formazione DPI | Formazione Specifica (rischio alto) | Manuale HACCP di Autocontrollo | Corso Alimentarista | Gestione Allergeni | Addetto Primo Soccorso | Sorveglianza Sanitaria / Medico Competente | Attrezzature e Macchine | Stress Lavoro-Correlato | Nomina Incaricati/Responsabili | Informativa e Consensi,D.Lgs81/08 art.77 | Accordo Stato-Regioni | Reg.CE 852/2004 | Reg.UE 1169/2011 | DM 388/2003 | D.Lgs81/08 art.41 | D.Lgs81/08 Tit.III | D.Lgs81/08 art.28 | GDPR art.28-29 | GDPR art.13,"CONSENSIX>FUMIX, CHECKIX>RUMORIX, DOCUMIX>OBLIVIX, DOCUMIX>TEMPORIX, SCUDIX>MULTIX, TRACCIX>NONDPIX, DOCUMIX>TAGLIX, BLINKIX>POLVERIX, PRIVACIX>OBLIVIX, FORMIX>PHISHIX, CHECKIX>CANCELIX","Crea una PAGINA A FUMETTI a STORIA COMPLETA, verticale A4 (1024x1536), QUALITA' EDITORIALE DA STAMPA, stile ufficiale 'SICURIX TALES' IDENTICO alle immagini di riferimento allegate (stessi personaggi a mattoncini 3D, stessa impaginazione, stessi colori, stesse rese): minifigure espressive, ambientazioni ricche e dettagliate del settore, luci morbide, profondita', bordi vignetta netti. IMPAGINAZIONE OBBLIGATORIA: da 10 a 12 VIGNETTE numerate che raccontano UNA STORIA con arco narrativo completo (1 situazione normale -> 2-4 arrivano i pericoli coi cattivi -> 5-6 tensione/conseguenza -> 7-9 arriva SICURIX con gli eroi e applica il METODO81+ passo per passo -> 10-11 risoluzione ordinata -> 12 finale). HEADER in alto: SICURIX (mantello, medaglione arancione '81+', bussola) che presenta in un fumetto; grande titolo 'SICURIX TALES'; sottotitolo 'MANIFATTURA: Pericolo vs Soluzione con Metodo 81+'; legenda 3 voci (verde Sicurezza, rosso Rischio, blu 81+ Soluzione); fila di EROI coi nomi: CONSENSIX, CHECKIX, DOCUMIX, SCUDIX, TRACCIX, BLINKIX. FOOTER in basso: grande 'Prima vedi. Poi sistemi.'; banner scudo verde 'PROTEGGIAMO. PREVENIAMO. MIGLIORIAMO.' e triangolo rosso 'DISATTENZIONE. RISCHI. COSTI. CAOS.'; logo '81+' + '81plus.net'. TRAMA (usa questi eventi come vignette; se sono meno di 10 aggiungi vignette di contesto, dialogo e reazione per arrivare a 10-12): 1) FUMIX causa il pericolo 'DPI' (Uso e Formazione DPI); poi CONSENSIX+SICURIX applicano il METODO81+; 2) RUMORIX causa il pericolo 'Formazione specifica' (Formazione Specifica (rischio alto)); poi CHECKIX+SICURIX applicano il METODO81+; 3) OBLIVIX causa il pericolo 'Documento' (Manuale HACCP di Autocontrollo); poi DOCUMIX+SICURIX applicano il METODO81+; 4) TEMPORIX causa il pericolo 'Corso' (Corso Alimentarista); poi DOCUMIX+SICURIX applicano il METODO81+; 5) MULTIX causa il pericolo 'Allergeni' (Gestione Allergeni); poi SCUDIX+SICURIX applicano il METODO81+; 6) NONDPIX causa il pericolo 'Emergenze/Soccorso' (Addetto Primo Soccorso); poi TRACCIX+SICURIX applicano il METODO81+; 7) TAGLIX causa il pericolo 'Sorveglianza sanitaria' (Sorveglianza Sanitaria / Medico Competente); poi DOCUMIX+SICURIX applicano il METODO81+; 8) POLVERIX causa il pericolo 'Attrezzature' (Attrezzature e Macchine); poi BLINKIX+SICURIX applicano il METODO81+; 9) OBLIVIX causa il pericolo 'Stress' (Stress Lavoro-Correlato); poi PRIVACIX+SICURIX applicano il METODO81+; 10) PHISHIX causa il pericolo 'Nomine' (Nomina Incaricati/Responsabili); poi FORMIX+SICURIX applicano il METODO81+; 11) CANCELIX causa il pericolo 'Documento' (Informativa e Consensi); poi CHECKIX+SICURIX applicano il METODO81+. PALETTE BRAND ESCLUSIVA: nero #05050A, bianco panna, arancione #FF6A1A/#E8501A; ROSSO solo per 'PERICOLO', VERDE per la checklist 'Metodo 81+'. Logo '81+' ben visibile in OGNI vignetta. REGOLA STORIA: SICURIX NON agisce mai da solo - in OGNI vignetta di soluzione si fa AIUTARE dai suoi colleghi EROI (lavoro di squadra, ognuno col suo ruolo). TESTO: didascalie e fumetti MOLTO BREVI (1-4 parole), GRANDI, centrati, in ITALIANO con ORTOGRAFIA PERFETTA, senza parole inventate, lettere doppie errate o testo tagliato. CATTIVI (coerenti col canone): FUMIX, RUMORIX, OBLIVIX, TEMPORIX, MULTIX, NONDPIX, TAGLIX, POLVERIX, PHISHIX, CANCELIX. EROI: CONSENSIX, CHECKIX, DOCUMIX, SCUDIX, TRACCIX, BLINKIX, PRIVACIX, FORMIX. NEGATIVE: nessun marchio LEGO reale, nessun personaggio protetto (Asterix ecc.), niente gore/horror, niente claim assoluti ('rischio zero','garantito','zero multe').",In Manifattura c'e' un obbligo che in tanti scoprono solo con la sanzione,"In Manifattura c'e' un obbligo che in tanti scoprono solo con la sanzione

In manifattura gli adempimenti obbligatori non aspettano: DPI, Formazione specifica, Documento, Corso, Allergeni, Emergenze/Soccorso, Sorveglianza sanitaria, Attrezzature, Stress, Nomine. In questa pagina TALES OF SICURIX il PERICOLO prende forma... e il METODO81+ lo rimette in ordine, passo dopo passo. Immagina la scena: prima il caos, poi la checklist che sistema tutto. Chi si mette in regola prima, dorme meglio dopo.
👉 Iscriviti al corso: Corso Lavori in Quota e DPI Anticaduta -> https://81plus.net/?corso=corso-lavori-in-quota-e-dpi-anticaduta
▶️ YouTube: youtube.com/@sicurissimo
Contenuto informativo. Prima vedi. Poi sistemi. 81plus.net",Corso Lavori in Quota e DPI Anticaduta,https://81plus.net/?corso=corso-lavori-in-quota-e-dpi-anticaduta,#TalesOfSicurix #SICURIX #Metodo81 #81plus #Sicurissimo #Sicurezza #HACCP #Privacy #SicurezzaSulLavoro,SICURIX_TALES_301200_8_2_15_16_21_6_9_13_11_24_22.webp,https://drive.google.com/drive/folders/1hICKXdl9JTZBL1pemG19oE_661z-EH_k,IMG_ERR
86.96.01,Arte/Sport,R,Sicurezza+HACCP+Privacy,12,Formazione Generale Lavoratori | Sorveglianza Sanitaria / Medico Competente | Manuale HACCP di Autocontrollo | Gestione Allergeni | Documento Valutazione Rischi (DVR) | Rappresentante Lavoratori Sicurezza (RLS) | RSPP / Datore di Lavoro RSPP | Registro dei Trattamenti | Controllo Temperature e Celle | Informativa e Consensi | Formazione GDPR | Movimentazione Manuale Carichi,Accordo Stato-Regioni | D.Lgs81/08 art.41 | Reg.CE 852/2004 | Reg.UE 1169/2011 | D.Lgs81/08 art.28 | D.Lgs81/08 art.47 | D.Lgs81/08 art.34 | GDPR art.30 | GDPR art.13 | GDPR art.32 | D.Lgs81/08 Tit.VI,"CIFRIX>OBLIVIX, LUXPECTORIX>SEGNALEX, TRACCIX>MULTIX, DOCUMIX>FRETTIX, PREPOSTIX>RISKIX, DOCUMIX>NONDPIX, TRACCIX>POLVERIX, BLINKIX>IMPROVVISIX, FORMIX>OBLIVIX, TRACCIX>IMPROVVISIX, HYGIENIX>HACKIX, ROBOTIX81>VOLTIX","Crea una PAGINA A FUMETTI a STORIA COMPLETA, verticale A4 (1024x1536), QUALITA' EDITORIALE DA STAMPA, stile ufficiale 'SICURIX TALES' IDENTICO alle immagini di riferimento allegate (stessi personaggi a mattoncini 3D, stessa impaginazione, stessi colori, stesse rese): minifigure espressive, ambientazioni ricche e dettagliate del settore, luci morbide, profondita', bordi vignetta netti. IMPAGINAZIONE OBBLIGATORIA: da 10 a 12 VIGNETTE numerate che raccontano UNA STORIA con arco narrativo completo (1 situazione normale -> 2-4 arrivano i pericoli coi cattivi -> 5-6 tensione/conseguenza -> 7-9 arriva SICURIX con gli eroi e applica il METODO81+ passo per passo -> 10-11 risoluzione ordinata -> 12 finale). HEADER in alto: SICURIX (mantello, medaglione arancione '81+', bussola) che presenta in un fumetto; grande titolo 'SICURIX TALES'; sottotitolo 'ARTE/SPORT: Pericolo vs Soluzione con Metodo 81+'; legenda 3 voci (verde Sicurezza, rosso Rischio, blu 81+ Soluzione); fila di EROI coi nomi: CIFRIX, LUXPECTORIX, TRACCIX, DOCUMIX, PREPOSTIX, BLINKIX. FOOTER in basso: grande 'Prima vedi. Poi sistemi.'; banner scudo verde 'PROTEGGIAMO. PREVENIAMO. MIGLIORIAMO.' e triangolo rosso 'DISATTENZIONE. RISCHI. COSTI. CAOS.'; logo '81+' + '81plus.net'. TRAMA (usa questi eventi come vignette; se sono meno di 10 aggiungi vignette di contesto, dialogo e reazione per arrivare a 10-12): 1) OBLIVIX causa il pericolo 'Formazione base' (Formazione Generale Lavoratori); poi CIFRIX+SICURIX applicano il METODO81+; 2) SEGNALEX causa il pericolo 'Sorveglianza sanitaria' (Sorveglianza Sanitaria / Medico Competente); poi LUXPECTORIX+SICURIX applicano il METODO81+; 3) MULTIX causa il pericolo 'Documento' (Manuale HACCP di Autocontrollo); poi TRACCIX+SICURIX applicano il METODO81+; 4) FRETTIX causa il pericolo 'Allergeni' (Gestione Allergeni); poi DOCUMIX+SICURIX applicano il METODO81+; 5) RISKIX causa il pericolo 'Documento' (Documento Valutazione Rischi (DVR)); poi PREPOSTIX+SICURIX applicano il METODO81+; 6) NONDPIX causa il pericolo 'Ruolo/RLS' (Rappresentante Lavoratori Sicurezza (RLS)); poi DOCUMIX+SICURIX applicano il METODO81+; 7) POLVERIX causa il pericolo 'Ruolo/RSPP' (RSPP / Datore di Lavoro RSPP); poi TRACCIX+SICURIX applicano il METODO81+; 8) IMPROVVISIX causa il pericolo 'Registro' (Registro dei Trattamenti); poi BLINKIX+SICURIX applicano il METODO81+; 9) OBLIVIX causa il pericolo 'Temperature' (Controllo Temperature e Celle); poi FORMIX+SICURIX applicano il METODO81+; 10) IMPROVVISIX causa il pericolo 'Documento' (Informativa e Consensi); poi TRACCIX+SICURIX applicano il METODO81+; 11) HACKIX causa il pericolo 'Formazione' (Formazione GDPR); poi HYGIENIX+SICURIX applicano il METODO81+; 12) VOLTIX causa il pericolo 'MMC' (Movimentazione Manuale Carichi); poi ROBOTIX81+SICURIX applicano il METODO81+. PALETTE BRAND ESCLUSIVA: nero #05050A, bianco panna, arancione #FF6A1A/#E8501A; ROSSO solo per 'PERICOLO', VERDE per la checklist 'Metodo 81+'. Logo '81+' ben visibile in OGNI vignetta. REGOLA STORIA: SICURIX NON agisce mai da solo - in OGNI vignetta di soluzione si fa AIUTARE dai suoi colleghi EROI (lavoro di squadra, ognuno col suo ruolo). TESTO: didascalie e fumetti MOLTO BREVI (1-4 parole), GRANDI, centrati, in ITALIANO con ORTOGRAFIA PERFETTA, senza parole inventate, lettere doppie errate o testo tagliato. CATTIVI (coerenti col canone): OBLIVIX, SEGNALEX, MULTIX, FRETTIX, RISKIX, NONDPIX, POLVERIX, IMPROVVISIX, HACKIX, VOLTIX. EROI: CIFRIX, LUXPECTORIX, TRACCIX, DOCUMIX, PREPOSTIX, BLINKIX, FORMIX, HYGIENIX, ROBOTIX81. NEGATIVE: nessun marchio LEGO reale, nessun personaggio protetto (Asterix ecc.), niente gore/horror, niente claim assoluti ('rischio zero','garantito','zero multe').","In Arte/Sport non e' 'se' arriva il controllo, e' 'quando'. Sei pronto?","In Arte/Sport non e' 'se' arriva il controllo, e' 'quando'. Sei pronto?

In arte/sport gli adempimenti obbligatori non aspettano: Formazione base, Sorveglianza sanitaria, Documento, Allergeni, Ruolo/RLS, Ruolo/RSPP, Registro, Temperature, Formazione, MMC. In questa pagina TALES OF SICURIX il PERICOLO prende forma... e il METODO81+ lo rimette in ordine, passo dopo passo. Immagina la scena: prima il caos, poi la checklist che sistema tutto. La regola c'e' gia': tu falla lavorare per te.
👉 Iscriviti al corso: Corso lavoratore parte GENERALE 4 ore -> https://81plus.net/?corso=corso-lavoratore-parte-generale-4-ore
▶️ YouTube: youtube.com/@sicurissimo
Contenuto informativo. Prima vedi. Poi sistemi. 81plus.net",Corso lavoratore parte GENERALE 4 ore,https://81plus.net/?corso=corso-lavoratore-parte-generale-4-ore,#TalesOfSicurix #SICURIX #Metodo81 #81plus #Sicurissimo #Sicurezza #HACCP #Privacy #SicurezzaSulLavoro,SICURIX_TALES_869601_1_9_12_18_0_4_5_20_16_19_22_10.webp,https://drive.google.com/drive/folders/1hICKXdl9JTZBL1pemG19oE_661z-EH_k,IMG_ERR
84.13.20,Istruzione,P,Sicurezza+Privacy,10,Uso e Formazione DPI | Addetto Primo Soccorso | Registro dei Trattamenti | Formazione Preposto | Formazione GDPR | Addetto Antincendio | Informativa e Consensi | Rappresentante Lavoratori Sicurezza (RLS) | Valutazione d'Impatto (DPIA) | RSPP / Datore di Lavoro RSPP,D.Lgs81/08 art.77 | DM 388/2003 | GDPR art.30 | D.Lgs81/08 art.37 | GDPR art.32 | DM 2/9/2021 | GDPR art.13 | D.Lgs81/08 art.47 | GDPR art.35 | D.Lgs81/08 art.34,"SICURIX>POLVERIX, SCUDIX>ØTIX, FORMIX>CANCELIX, CONSENSIX>FRETTIX, CONSENSIX>PERMISSIONIX, SICURIX>CADUTIX, ROBOTIX81>SPYIX, SCUDIX>RUMORIX, BLINKIX>PHISHIX, CIFRIX>POLVERIX","Crea una PAGINA A FUMETTI a STORIA COMPLETA, verticale A4 (1024x1536), QUALITA' EDITORIALE DA STAMPA, stile ufficiale 'SICURIX TALES' IDENTICO alle immagini di riferimento allegate (stessi personaggi a mattoncini 3D, stessa impaginazione, stessi colori, stesse rese): minifigure espressive, ambientazioni ricche e dettagliate del settore, luci morbide, profondita', bordi vignetta netti. IMPAGINAZIONE OBBLIGATORIA: da 10 a 12 VIGNETTE numerate che raccontano UNA STORIA con arco narrativo completo (1 situazione normale -> 2-4 arrivano i pericoli coi cattivi -> 5-6 tensione/conseguenza -> 7-9 arriva SICURIX con gli eroi e applica il METODO81+ passo per passo -> 10-11 risoluzione ordinata -> 12 finale). HEADER in alto: SICURIX (mantello, medaglione arancione '81+', bussola) che presenta in un fumetto; grande titolo 'SICURIX TALES'; sottotitolo 'ISTRUZIONE: Pericolo vs Soluzione con Metodo 81+'; legenda 3 voci (verde Sicurezza, rosso Rischio, blu 81+ Soluzione); fila di EROI coi nomi: SICURIX, SCUDIX, FORMIX, CONSENSIX, ROBOTIX81, BLINKIX. FOOTER in basso: grande 'Prima vedi. Poi sistemi.'; banner scudo verde 'PROTEGGIAMO. PREVENIAMO. MIGLIORIAMO.' e triangolo rosso 'DISATTENZIONE. RISCHI. COSTI. CAOS.'; logo '81+' + '81plus.net'. TRAMA (usa questi eventi come vignette; se sono meno di 10 aggiungi vignette di contesto, dialogo e reazione per arrivare a 10-12): 1) POLVERIX causa il pericolo 'DPI' (Uso e Formazione DPI); poi SICURIX+SICURIX applicano il METODO81+; 2) ØTIX causa il pericolo 'Emergenze/Soccorso' (Addetto Primo Soccorso); poi SCUDIX+SICURIX applicano il METODO81+; 3) CANCELIX causa il pericolo 'Registro' (Registro dei Trattamenti); poi FORMIX+SICURIX applicano il METODO81+; 4) FRETTIX causa il pericolo 'Ruolo/Preposto' (Formazione Preposto); poi CONSENSIX+SICURIX applicano il METODO81+; 5) PERMISSIONIX causa il pericolo 'Formazione' (Formazione GDPR); poi CONSENSIX+SICURIX applicano il METODO81+; 6) CADUTIX causa il pericolo 'Emergenze/Incendio' (Addetto Antincendio); poi SICURIX+SICURIX applicano il METODO81+; 7) SPYIX causa il pericolo 'Documento' (Informativa e Consensi); poi ROBOTIX81+SICURIX applicano il METODO81+; 8) RUMORIX causa il pericolo 'Ruolo/RLS' (Rappresentante Lavoratori Sicurezza (RLS)); poi SCUDIX+SICURIX applicano il METODO81+; 9) PHISHIX causa il pericolo 'DPIA' (Valutazione d'Impatto (DPIA)); poi BLINKIX+SICURIX applicano il METODO81+; 10) POLVERIX causa il pericolo 'Ruolo/RSPP' (RSPP / Datore di Lavoro RSPP); poi CIFRIX+SICURIX applicano il METODO81+. PALETTE BRAND ESCLUSIVA: nero #05050A, bianco panna, arancione #FF6A1A/#E8501A; ROSSO solo per 'PERICOLO', VERDE per la checklist 'Metodo 81+'. Logo '81+' ben visibile in OGNI vignetta. REGOLA STORIA: SICURIX NON agisce mai da solo - in OGNI vignetta di soluzione si fa AIUTARE dai suoi colleghi EROI (lavoro di squadra, ognuno col suo ruolo). TESTO: didascalie e fumetti MOLTO BREVI (1-4 parole), GRANDI, centrati, in ITALIANO con ORTOGRAFIA PERFETTA, senza parole inventate, lettere doppie errate o testo tagliato. CATTIVI (coerenti col canone): POLVERIX, ØTIX, CANCELIX, FRETTIX, PERMISSIONIX, CADUTIX, SPYIX, RUMORIX, PHISHIX. EROI: SICURIX, SCUDIX, FORMIX, CONSENSIX, ROBOTIX81, BLINKIX, CIFRIX. NEGATIVE: nessun marchio LEGO reale, nessun personaggio protetto (Asterix ecc.), niente gore/horror, niente claim assoluti ('rischio zero','garantito','zero multe').",Quello che l'ispettore controlla per primo in Istruzione (e quasi nessuno lo sa),"Istruzione: 3 minuti oggi o un problema enorme domani. Scegli tu.

In istruzione gli adempimenti obbligatori non aspettano: DPI, Emergenze/Soccorso, Registro, Ruolo/Preposto, Formazione, Emergenze/Incendio, Documento, Ruolo/RLS, DPIA, Ruolo/RSPP. In questa pagina TALES OF SICURIX il PERICOLO prende forma... e il METODO81+ lo rimette in ordine, passo dopo passo. Immagina la scena: prima il caos, poi la checklist che sistema tutto. Non e' burocrazia: e' la tua tranquillita.
👉 Iscriviti al corso: Corso Lavori in Quota e DPI Anticaduta -> https://81plus.net/?corso=corso-lavori-in-quota-e-dpi-anticaduta
▶️ YouTube: youtube.com/@sicurissimo
Contenuto informativo. Prima vedi. Poi sistemi. 81plus.net",Corso Lavori in Quota e DPI Anticaduta,https://81plus.net/?corso=corso-lavori-in-quota-e-dpi-anticaduta,#TalesOfSicurix #SICURIX #Metodo81 #81plus #Sicurissimo #Sicurezza #Privacy #SicurezzaSulLavoro,SICURIX_TALES_841320_8_6_13_3_15_7_12_4_18_5.webp,https://drive.google.com/drive/folders/1hICKXdl9JTZBL1pemG19oE_661z-EH_k,IMG_ERR
52.22.09,Trasporti/Magazzino,H,Sicurezza+Privacy,11,Documento Valutazione Rischi (DVR) | Nomina Incaricati/Responsabili | Stress Lavoro-Correlato | Procedura Data Breach | Addetto Antincendio | RSPP / Datore di Lavoro RSPP | Rischio Rumore | Movimentazione Manuale Carichi | Attrezzature e Macchine | Sorveglianza Sanitaria / Medico Competente | Formazione Specifica (rischio alto),D.Lgs81/08 art.28 | GDPR art.28-29 | GDPR art.33-34 | DM 2/9/2021 | D.Lgs81/08 art.34 | D.Lgs81/08 Tit.VIII | D.Lgs81/08 Tit.VI | D.Lgs81/08 Tit.III | D.Lgs81/08 art.41 | Accordo Stato-Regioni,"PRIVACIX>FRETTIX, HYGIENIX>HACKIX, TRACCIX>SCIVOLIX, CIFRIX>RISKIX, CHECKIX>SEGNALEX, FORMIX>TAGLIX, HYGIENIX>FRETTIX, PREPOSTIX>FRETTIX, TRACCIX>RISKIX, SCUDIX>TAGLIX, CONSENSIX>SOTTOVALUTIX","Crea una PAGINA A FUMETTI a STORIA COMPLETA, verticale A4 (1024x1536), QUALITA' EDITORIALE DA STAMPA, stile ufficiale 'SICURIX TALES' IDENTICO alle immagini di riferimento allegate (stessi personaggi a mattoncini 3D, stessa impaginazione, stessi colori, stesse rese): minifigure espressive, ambientazioni ricche e dettagliate del settore, luci morbide, profondita', bordi vignetta netti. IMPAGINAZIONE OBBLIGATORIA: da 10 a 12 VIGNETTE numerate che raccontano UNA STORIA con arco narrativo completo (1 situazione normale -> 2-4 arrivano i pericoli coi cattivi -> 5-6 tensione/conseguenza -> 7-9 arriva SICURIX con gli eroi e applica il METODO81+ passo per passo -> 10-11 risoluzione ordinata -> 12 finale). HEADER in alto: SICURIX (mantello, medaglione arancione '81+', bussola) che presenta in un fumetto; grande titolo 'SICURIX TALES'; sottotitolo 'TRASPORTI/MAGAZZINO: Pericolo vs Soluzione con Metodo 81+'; legenda 3 voci (verde Sicurezza, rosso Rischio, blu 81+ Soluzione); fila di EROI coi nomi: PRIVACIX, HYGIENIX, TRACCIX, CIFRIX, CHECKIX, FORMIX. FOOTER in basso: grande 'Prima vedi. Poi sistemi.'; banner scudo verde 'PROTEGGIAMO. PREVENIAMO. MIGLIORIAMO.' e triangolo rosso 'DISATTENZIONE. RISCHI. COSTI. CAOS.'; logo '81+' + '81plus.net'. TRAMA (usa questi eventi come vignette; se sono meno di 10 aggiungi vignette di contesto, dialogo e reazione per arrivare a 10-12): 1) FRETTIX causa il pericolo 'Documento' (Documento Valutazione Rischi (DVR)); poi PRIVACIX+SICURIX applicano il METODO81+; 2) HACKIX causa il pericolo 'Nomine' (Nomina Incaricati/Responsabili); poi HYGIENIX+SICURIX applicano il METODO81+; 3) SCIVOLIX causa il pericolo 'Stress' (Stress Lavoro-Correlato); poi TRACCIX+SICURIX applicano il METODO81+; 4) RISKIX causa il pericolo 'Data breach' (Procedura Data Breach); poi CIFRIX+SICURIX applicano il METODO81+; 5) SEGNALEX causa il pericolo 'Emergenze/Incendio' (Addetto Antincendio); poi CHECKIX+SICURIX applicano il METODO81+; 6) TAGLIX causa il pericolo 'Ruolo/RSPP' (RSPP / Datore di Lavoro RSPP); poi FORMIX+SICURIX applicano il METODO81+; 7) FRETTIX causa il pericolo 'Rumore' (Rischio Rumore); poi HYGIENIX+SICURIX applicano il METODO81+; 8) FRETTIX causa il pericolo 'MMC' (Movimentazione Manuale Carichi); poi PREPOSTIX+SICURIX applicano il METODO81+; 9) RISKIX causa il pericolo 'Attrezzature' (Attrezzature e Macchine); poi TRACCIX+SICURIX applicano il METODO81+; 10) TAGLIX causa il pericolo 'Sorveglianza sanitaria' (Sorveglianza Sanitaria / Medico Competente); poi SCUDIX+SICURIX applicano il METODO81+; 11) SOTTOVALUTIX causa il pericolo 'Formazione specifica' (Formazione Specifica (rischio alto)); poi CONSENSIX+SICURIX applicano il METODO81+. PALETTE BRAND ESCLUSIVA: nero #05050A, bianco panna, arancione #FF6A1A/#E8501A; ROSSO solo per 'PERICOLO', VERDE per la checklist 'Metodo 81+'. Logo '81+' ben visibile in OGNI vignetta. REGOLA STORIA: SICURIX NON agisce mai da solo - in OGNI vignetta di soluzione si fa AIUTARE dai suoi colleghi EROI (lavoro di squadra, ognuno col suo ruolo). TESTO: didascalie e fumetti MOLTO BREVI (1-4 parole), GRANDI, centrati, in ITALIANO con ORTOGRAFIA PERFETTA, senza parole inventate, lettere doppie errate o testo tagliato. CATTIVI (coerenti col canone): FRETTIX, HACKIX, SCIVOLIX, RISKIX, SEGNALEX, TAGLIX, SOTTOVALUTIX. EROI: PRIVACIX, HYGIENIX, TRACCIX, CIFRIX, CHECKIX, FORMIX, PREPOSTIX, SCUDIX, CONSENSIX. NEGATIVE: nessun marchio LEGO reale, nessun personaggio protetto (Asterix ecc.), niente gore/horror, niente claim assoluti ('rischio zero','garantito','zero multe').",La differenza tra chi in Trasporti/Magazzino dorme sereno e chi trema al controllo,"Trasporti/Magazzino: 3 minuti oggi o un problema enorme domani. Scegli tu.

In trasporti/magazzino gli adempimenti obbligatori non aspettano: Documento, Nomine, Stress, Data breach, Emergenze/Incendio, Ruolo/RSPP, Rumore, MMC, Attrezzature, Sorveglianza sanitaria, Formazione specifica. In questa pagina TALES OF SICURIX il PERICOLO prende forma... e il METODO81+ lo rimette in ordine, passo dopo passo. Immagina la scena: prima il caos, poi la checklist che sistema tutto. Non e' burocrazia: e' la tua tranquillita.
👉 Iscriviti al corso: Corso lavoratore parte GENERALE 4 ore -> https://81plus.net/?corso=corso-lavoratore-parte-generale-4-ore
▶️ YouTube: youtube.com/@sicurissimo
Contenuto informativo. Prima vedi. Poi sistemi. 81plus.net",Corso lavoratore parte GENERALE 4 ore,https://81plus.net/?corso=corso-lavoratore-parte-generale-4-ore,#TalesOfSicurix #SICURIX #Metodo81 #81plus #Sicurissimo #Sicurezza #Privacy #SicurezzaSulLavoro,SICURIX_TALES_522209_0_17_11_19_7_5_12_10_13_9_2.webp,https://drive.google.com/drive/folders/1hICKXdl9JTZBL1pemG19oE_661z-EH_k,IMG_ERR
25.22.00,Manifattura,C,Privacy+Ambientale+HACCP+Sicurezza,10,Nomina Incaricati/Responsabili | Formazione Ambientale | Gestione Rifiuti e Registro | Lotta agli Infestanti (Pest Control) | Rintracciabilita ed Etichettatura | Registro dei Trattamenti | Movimentazione Manuale Carichi | Formazione Generale Lavoratori | Addetto Primo Soccorso | Manuale HACCP di Autocontrollo,GDPR art.28-29 | D.Lgs152/06 | Reg.CE 852/2004 | Reg.CE 178/2002 | GDPR art.30 | D.Lgs81/08 Tit.VI | Accordo Stato-Regioni | DM 388/2003,"CIFRIX>HACKIX, ROBOTIX81>FRETTIX, PRIVACIX>OBLIVIX, SCUDIX>FRETTIX, SICURIX>MULTIX, CHECKIX>RISKIX, BLINKIX>SCHIACCIX, HYGIENIX>IMPROVVISIX, TRACCIX>FUMIX, DOCUMIX>DOSAGIX","Crea una PAGINA A FUMETTI a STORIA COMPLETA, verticale A4 (1024x1536), QUALITA' EDITORIALE DA STAMPA, stile ufficiale 'SICURIX TALES' IDENTICO alle immagini di riferimento allegate (stessi personaggi a mattoncini 3D, stessa impaginazione, stessi colori, stesse rese): minifigure espressive, ambientazioni ricche e dettagliate del settore, luci morbide, profondita', bordi vignetta netti. IMPAGINAZIONE OBBLIGATORIA: da 10 a 12 VIGNETTE numerate che raccontano UNA STORIA con arco narrativo completo (1 situazione normale -> 2-4 arrivano i pericoli coi cattivi -> 5-6 tensione/conseguenza -> 7-9 arriva SICURIX con gli eroi e applica il METODO81+ passo per passo -> 10-11 risoluzione ordinata -> 12 finale). HEADER in alto: SICURIX (mantello, medaglione arancione '81+', bussola) che presenta in un fumetto; grande titolo 'SICURIX TALES'; sottotitolo 'MANIFATTURA: Pericolo vs Soluzione con Metodo 81+'; legenda 3 voci (verde Sicurezza, rosso Rischio, blu 81+ Soluzione); fila di EROI coi nomi: CIFRIX, ROBOTIX81, PRIVACIX, SCUDIX, SICURIX, CHECKIX. FOOTER in basso: grande 'Prima vedi. Poi sistemi.'; banner scudo verde 'PROTEGGIAMO. PREVENIAMO. MIGLIORIAMO.' e triangolo rosso 'DISATTENZIONE. RISCHI. COSTI. CAOS.'; logo '81+' + '81plus.net'. TRAMA (usa questi eventi come vignette; se sono meno di 10 aggiungi vignette di contesto, dialogo e reazione per arrivare a 10-12): 1) HACKIX causa il pericolo 'Nomine' (Nomina Incaricati/Responsabili); poi CIFRIX+SICURIX applicano il METODO81+; 2) FRETTIX causa il pericolo 'Formazione' (Formazione Ambientale); poi ROBOTIX81+SICURIX applicano il METODO81+; 3) OBLIVIX causa il pericolo 'Rifiuti' (Gestione Rifiuti e Registro); poi PRIVACIX+SICURIX applicano il METODO81+; 4) FRETTIX causa il pericolo 'Infestanti' (Lotta agli Infestanti (Pest Control)); poi SCUDIX+SICURIX applicano il METODO81+; 5) MULTIX causa il pericolo 'Rintracciabilita' (Rintracciabilita ed Etichettatura); poi SICURIX+SICURIX applicano il METODO81+; 6) RISKIX causa il pericolo 'Registro' (Registro dei Trattamenti); poi CHECKIX+SICURIX applicano il METODO81+; 7) SCHIACCIX causa il pericolo 'MMC' (Movimentazione Manuale Carichi); poi BLINKIX+SICURIX applicano il METODO81+; 8) IMPROVVISIX causa il pericolo 'Formazione base' (Formazione Generale Lavoratori); poi HYGIENIX+SICURIX applicano il METODO81+; 9) FUMIX causa il pericolo 'Emergenze/Soccorso' (Addetto Primo Soccorso); poi TRACCIX+SICURIX applicano il METODO81+; 10) DOSAGIX causa il pericolo 'Documento' (Manuale HACCP di Autocontrollo); poi DOCUMIX+SICURIX applicano il METODO81+. PALETTE BRAND ESCLUSIVA: nero #05050A, bianco panna, arancione #FF6A1A/#E8501A; ROSSO solo per 'PERICOLO', VERDE per la checklist 'Metodo 81+'. Logo '81+' ben visibile in OGNI vignetta. REGOLA STORIA: SICURIX NON agisce mai da solo - in OGNI vignetta di soluzione si fa AIUTARE dai suoi colleghi EROI (lavoro di squadra, ognuno col suo ruolo). TESTO: didascalie e fumetti MOLTO BREVI (1-4 parole), GRANDI, centrati, in ITALIANO con ORTOGRAFIA PERFETTA, senza parole inventate, lettere doppie errate o testo tagliato. CATTIVI (coerenti col canone): HACKIX, FRETTIX, OBLIVIX, MULTIX, RISKIX, SCHIACCIX, IMPROVVISIX, FUMIX, DOSAGIX. EROI: CIFRIX, ROBOTIX81, PRIVACIX, SCUDIX, SICURIX, CHECKIX, BLINKIX, HYGIENIX, TRACCIX, DOCUMIX. NEGATIVE: nessun marchio LEGO reale, nessun personaggio protetto (Asterix ecc.), niente gore/horror, niente claim assoluti ('rischio zero','garantito','zero multe').",Manifattura: 3 minuti oggi o un problema enorme domani. Scegli tu.,"In Manifattura non e' 'se' arriva il controllo, e' 'quando'. Sei pronto?

In manifattura gli adempimenti obbligatori non aspettano: Nomine, Formazione, Rifiuti, Infestanti, Rintracciabilita, Registro, MMC, Formazione base, Emergenze/Soccorso, Documento. In questa pagina TALES OF SICURIX il PERICOLO prende forma... e il METODO81+ lo rimette in ordine, passo dopo passo. Immagina la scena: prima il caos, poi la checklist che sistema tutto. Non e' burocrazia: e' la tua tranquillita.
👉 Iscriviti al corso: Corso privacy destinato ai lavoratori -> https://81plus.net/?corso=corso-privacy-destinato-ai-lavoratori
▶️ YouTube: youtube.com/@sicurissimo
Contenuto informativo. Prima vedi. Poi sistemi. 81plus.net",Corso privacy destinato ai lavoratori,https://81plus.net/?corso=corso-privacy-destinato-ai-lavoratori,#TalesOfSicurix #SICURIX #Metodo81 #81plus #Sicurissimo #Privacy #Ambientale #HACCP #Sicurezza #SicurezzaSulLavoro,SICURIX_TALES_252200_24_28_27_20_18_23_10_1_6_15.webp,https://drive.google.com/drive/folders/1hICKXdl9JTZBL1pemG19oE_661z-EH_k,IMG_ERR
86.10.00,Arte/Sport,R,Sicurezza+HACCP+Privacy,12,Formazione Specifica (rischio medio) | Piano di Sanificazione | Formazione GDPR | Sorveglianza Sanitaria / Medico Competente | Procedura Data Breach | Rintracciabilita ed Etichettatura | Documento Valutazione Rischi (DVR) | Corso Alimentarista | Addetto Primo Soccorso | Informativa e Consensi | RSPP / Datore di Lavoro RSPP | Gestione Allergeni,Accordo Stato-Regioni | Reg.CE 852/2004 | GDPR art.32 | D.Lgs81/08 art.41 | GDPR art.33-34 | Reg.CE 178/2002 | D.Lgs81/08 art.28 | DM 388/2003 | GDPR art.13 | D.Lgs81/08 art.34 | Reg.UE 1169/2011,"HYGIENIX>RISKIX, LUXPECTORIX>OBLIVIX, SICURIX>OBLIVIX, PRIVACIX>CAOSIX, SICURIX>CAOSIX, CIFRIX>SPORCKIX, LUXPECTORIX>IMPROVVISIX, CONSENSIX>CROSSIX, HYGIENIX>SEGNALEX, ROBOTIX81>FRETTIX, PRIVACIX>RUMORIX, SICURIX>ACQUAIX","Crea una PAGINA A FUMETTI a STORIA COMPLETA, verticale A4 (1024x1536), QUALITA' EDITORIALE DA STAMPA, stile ufficiale 'SICURIX TALES' IDENTICO alle immagini di riferimento allegate (stessi personaggi a mattoncini 3D, stessa impaginazione, stessi colori, stesse rese): minifigure espressive, ambientazioni ricche e dettagliate del settore, luci morbide, profondita', bordi vignetta netti. IMPAGINAZIONE OBBLIGATORIA: da 10 a 12 VIGNETTE numerate che raccontano UNA STORIA con arco narrativo completo (1 situazione normale -> 2-4 arrivano i pericoli coi cattivi -> 5-6 tensione/conseguenza -> 7-9 arriva SICURIX con gli eroi e applica il METODO81+ passo per passo -> 10-11 risoluzione ordinata -> 12 finale). HEADER in alto: SICURIX (mantello, medaglione arancione '81+', bussola) che presenta in un fumetto; grande titolo 'SICURIX TALES'; sottotitolo 'ARTE/SPORT: Pericolo vs Soluzione con Metodo 81+'; legenda 3 voci (verde Sicurezza, rosso Rischio, blu 81+ Soluzione); fila di EROI coi nomi: HYGIENIX, LUXPECTORIX, SICURIX, PRIVACIX, CIFRIX, CONSENSIX. FOOTER in basso: grande 'Prima vedi. Poi sistemi.'; banner scudo verde 'PROTEGGIAMO. PREVENIAMO. MIGLIORIAMO.' e triangolo rosso 'DISATTENZIONE. RISCHI. COSTI. CAOS.'; logo '81+' + '81plus.net'. TRAMA (usa questi eventi come vignette; se sono meno di 10 aggiungi vignette di contesto, dialogo e reazione per arrivare a 10-12): 1) RISKIX causa il pericolo 'Formazione specifica' (Formazione Specifica (rischio medio)); poi HYGIENIX+SICURIX applicano il METODO81+; 2) OBLIVIX causa il pericolo 'Sanificazione' (Piano di Sanificazione); poi LUXPECTORIX+SICURIX applicano il METODO81+; 3) OBLIVIX causa il pericolo 'Formazione' (Formazione GDPR); poi SICURIX+SICURIX applicano il METODO81+; 4) CAOSIX causa il pericolo 'Sorveglianza sanitaria' (Sorveglianza Sanitaria / Medico Competente); poi PRIVACIX+SICURIX applicano il METODO81+; 5) CAOSIX causa il pericolo 'Data breach' (Procedura Data Breach); poi SICURIX+SICURIX applicano il METODO81+; 6) SPORCKIX causa il pericolo 'Rintracciabilita' (Rintracciabilita ed Etichettatura); poi CIFRIX+SICURIX applicano il METODO81+; 7) IMPROVVISIX causa il pericolo 'Documento' (Documento Valutazione Rischi (DVR)); poi LUXPECTORIX+SICURIX applicano il METODO81+; 8) CROSSIX causa il pericolo 'Corso' (Corso Alimentarista); poi CONSENSIX+SICURIX applicano il METODO81+; 9) SEGNALEX causa il pericolo 'Emergenze/Soccorso' (Addetto Primo Soccorso); poi HYGIENIX+SICURIX applicano il METODO81+; 10) FRETTIX causa il pericolo 'Documento' (Informativa e Consensi); poi ROBOTIX81+SICURIX applicano il METODO81+; 11) RUMORIX causa il pericolo 'Ruolo/RSPP' (RSPP / Datore di Lavoro RSPP); poi PRIVACIX+SICURIX applicano il METODO81+; 12) ACQUAIX causa il pericolo 'Allergeni' (Gestione Allergeni); poi SICURIX+SICURIX applicano il METODO81+. PALETTE BRAND ESCLUSIVA: nero #05050A, bianco panna, arancione #FF6A1A/#E8501A; ROSSO solo per 'PERICOLO', VERDE per la checklist 'Metodo 81+'. Logo '81+' ben visibile in OGNI vignetta. REGOLA STORIA: SICURIX NON agisce mai da solo - in OGNI vignetta di soluzione si fa AIUTARE dai suoi colleghi EROI (lavoro di squadra, ognuno col suo ruolo). TESTO: didascalie e fumetti MOLTO BREVI (1-4 parole), GRANDI, centrati, in ITALIANO con ORTOGRAFIA PERFETTA, senza parole inventate, lettere doppie errate o testo tagliato. CATTIVI (coerenti col canone): RISKIX, OBLIVIX, CAOSIX, SPORCKIX, IMPROVVISIX, CROSSIX, SEGNALEX, FRETTIX, RUMORIX, ACQUAIX. EROI: HYGIENIX, LUXPECTORIX, SICURIX, PRIVACIX, CIFRIX, CONSENSIX, ROBOTIX81. NEGATIVE: nessun marchio LEGO reale, nessun personaggio protetto (Asterix ecc.), niente gore/horror, niente claim assoluti ('rischio zero','garantito','zero multe').",Arte/Sport: 3 minuti oggi o un problema enorme domani. Scegli tu.,"Quello che l'ispettore controlla per primo in Arte/Sport (e quasi nessuno lo sa)

In arte/sport gli adempimenti obbligatori non aspettano: Formazione specifica, Sanificazione, Formazione, Sorveglianza sanitaria, Data breach, Rintracciabilita, Documento, Corso, Emergenze/Soccorso, Ruolo/RSPP, Allergeni. In questa pagina TALES OF SICURIX il PERICOLO prende forma... e il METODO81+ lo rimette in ordine, passo dopo passo. Immagina la scena: prima il caos, poi la checklist che sistema tutto. Non e' burocrazia: e' la tua tranquillita.
👉 Iscriviti al corso: Corso lavoratore parte GENERALE 4 ore -> https://81plus.net/?corso=corso-lavoratore-parte-generale-4-ore
▶️ YouTube: youtube.com/@sicurissimo
Contenuto informativo. Prima vedi. Poi sistemi. 81plus.net",Corso lavoratore parte GENERALE 4 ore,https://81plus.net/?corso=corso-lavoratore-parte-generale-4-ore,#TalesOfSicurix #SICURIX #Metodo81 #81plus #Sicurissimo #Sicurezza #HACCP #Privacy #SicurezzaSulLavoro,SICURIX_TALES_861000_2_14_22_9_23_15_0_13_6_19_5_18.webp,https://drive.google.com/drive/folders/1hICKXdl9JTZBL1pemG19oE_661z-EH_k,IMG_ERR
19.10.00,Manifattura,C,HACCP+Sicurezza+Privacy,10,Corso Alimentarista | Addetto Antincendio | Formazione Specifica (rischio alto) | Nomina Incaricati/Responsabili | Lotta agli Infestanti (Pest Control) | Addetto Primo Soccorso | Procedura Data Breach | Uso e Formazione DPI | Movimentazione Manuale Carichi | Gestione Allergeni,Reg.CE 852/2004 | DM 2/9/2021 | Accordo Stato-Regioni | GDPR art.28-29 | DM 388/2003 | GDPR art.33-34 | D.Lgs81/08 art.77 | D.Lgs81/08 Tit.VI | Reg.UE 1169/2011,"PREPOSTIX>IMPROVVISIX, PREPOSTIX>CHIMIKIX, HYGIENIX>SCIVOLIX, TRACCIX>PERMISSIONIX, CONSENSIX>CAOSIX, SCUDIX>CHIMIKIX, CHECKIX>LEAKIX, HYGIENIX>SEGNALEX, BLINKIX>SEGNALEX, PREPOSTIX>SPORCKIX","Crea una PAGINA A FUMETTI a STORIA COMPLETA, verticale A4 (1024x1536), QUALITA' EDITORIALE DA STAMPA, stile ufficiale 'SICURIX TALES' IDENTICO alle immagini di riferimento allegate (stessi personaggi a mattoncini 3D, stessa impaginazione, stessi colori, stesse rese): minifigure espressive, ambientazioni ricche e dettagliate del settore, luci morbide, profondita', bordi vignetta netti. IMPAGINAZIONE OBBLIGATORIA: da 10 a 12 VIGNETTE numerate che raccontano UNA STORIA con arco narrativo completo (1 situazione normale -> 2-4 arrivano i pericoli coi cattivi -> 5-6 tensione/conseguenza -> 7-9 arriva SICURIX con gli eroi e applica il METODO81+ passo per passo -> 10-11 risoluzione ordinata -> 12 finale). HEADER in alto: SICURIX (mantello, medaglione arancione '81+', bussola) che presenta in un fumetto; grande titolo 'SICURIX TALES'; sottotitolo 'MANIFATTURA: Pericolo vs Soluzione con Metodo 81+'; legenda 3 voci (verde Sicurezza, rosso Rischio, blu 81+ Soluzione); fila di EROI coi nomi: PREPOSTIX, HYGIENIX, TRACCIX, CONSENSIX, SCUDIX, CHECKIX. FOOTER in basso: grande 'Prima vedi. Poi sistemi.'; banner scudo verde 'PROTEGGIAMO. PREVENIAMO. MIGLIORIAMO.' e triangolo rosso 'DISATTENZIONE. RISCHI. COSTI. CAOS.'; logo '81+' + '81plus.net'. TRAMA (usa questi eventi come vignette; se sono meno di 10 aggiungi vignette di contesto, dialogo e reazione per arrivare a 10-12): 1) IMPROVVISIX causa il pericolo 'Corso' (Corso Alimentarista); poi PREPOSTIX+SICURIX applicano il METODO81+; 2) CHIMIKIX causa il pericolo 'Emergenze/Incendio' (Addetto Antincendio); poi PREPOSTIX+SICURIX applicano il METODO81+; 3) SCIVOLIX causa il pericolo 'Formazione specifica' (Formazione Specifica (rischio alto)); poi HYGIENIX+SICURIX applicano il METODO81+; 4) PERMISSIONIX causa il pericolo 'Nomine' (Nomina Incaricati/Responsabili); poi TRACCIX+SICURIX applicano il METODO81+; 5) CAOSIX causa il pericolo 'Infestanti' (Lotta agli Infestanti (Pest Control)); poi CONSENSIX+SICURIX applicano il METODO81+; 6) CHIMIKIX causa il pericolo 'Emergenze/Soccorso' (Addetto Primo Soccorso); poi SCUDIX+SICURIX applicano il METODO81+; 7) LEAKIX causa il pericolo 'Data breach' (Procedura Data Breach); poi CHECKIX+SICURIX applicano il METODO81+; 8) SEGNALEX causa il pericolo 'DPI' (Uso e Formazione DPI); poi HYGIENIX+SICURIX applicano il METODO81+; 9) SEGNALEX causa il pericolo 'MMC' (Movimentazione Manuale Carichi); poi BLINKIX+SICURIX applicano il METODO81+; 10) SPORCKIX causa il pericolo 'Allergeni' (Gestione Allergeni); poi PREPOSTIX+SICURIX applicano il METODO81+. PALETTE BRAND ESCLUSIVA: nero #05050A, bianco panna, arancione #FF6A1A/#E8501A; ROSSO solo per 'PERICOLO', VERDE per la checklist 'Metodo 81+'. Logo '81+' ben visibile in OGNI vignetta. REGOLA STORIA: SICURIX NON agisce mai da solo - in OGNI vignetta di soluzione si fa AIUTARE dai suoi colleghi EROI (lavoro di squadra, ognuno col suo ruolo). TESTO: didascalie e fumetti MOLTO BREVI (1-4 parole), GRANDI, centrati, in ITALIANO con ORTOGRAFIA PERFETTA, senza parole inventate, lettere doppie errate o testo tagliato. CATTIVI (coerenti col canone): IMPROVVISIX, CHIMIKIX, SCIVOLIX, PERMISSIONIX, CAOSIX, LEAKIX, SEGNALEX, SPORCKIX. EROI: PREPOSTIX, HYGIENIX, TRACCIX, CONSENSIX, SCUDIX, CHECKIX, BLINKIX. NEGATIVE: nessun marchio LEGO reale, nessun personaggio protetto (Asterix ecc.), niente gore/horror, niente claim assoluti ('rischio zero','garantito','zero multe').",In Manifattura c'e' un obbligo che in tanti scoprono solo con la sanzione,"Quello che l'ispettore controlla per primo in Manifattura (e quasi nessuno lo sa)

In manifattura gli adempimenti obbligatori non aspettano: Corso, Emergenze/Incendio, Formazione specifica, Nomine, Infestanti, Emergenze/Soccorso, Data breach, DPI, MMC, Allergeni. In questa pagina TALES OF SICURIX il PERICOLO prende forma... e il METODO81+ lo rimette in ordine, passo dopo passo. Immagina la scena: prima il caos, poi la checklist che sistema tutto. Mettere ordine ora costa poco. Rimediare dopo costa caro.
👉 Iscriviti al corso: Haccp - Corso responsabile industria alimentare -> https://81plus.net/?corso=haccp-corso-responsabile-industria-alimentare
▶️ YouTube: youtube.com/@sicurissimo
Contenuto informativo. Prima vedi. Poi sistemi. 81plus.net",Haccp - Corso responsabile industria alimentare,https://81plus.net/?corso=haccp-corso-responsabile-industria-alimentare,#TalesOfSicurix #SICURIX #Metodo81 #81plus #Sicurissimo #HACCP #Sicurezza #Privacy #SicurezzaSulLavoro,SICURIX_TALES_191000_15_7_2_23_19_6_25_8_10_20.webp,https://drive.google.com/drive/folders/1hICKXdl9JTZBL1pemG19oE_661z-EH_k,IMG_ERR
10.89.01,Manifattura,C,Sicurezza+Privacy+Ambientale+HACCP,10,Rappresentante Lavoratori Sicurezza (RLS) | Registro dei Trattamenti | Formazione Ambientale | RSPP / Datore di Lavoro RSPP | Piano di Sanificazione | Informativa e Consensi | Lotta agli Infestanti (Pest Control) | Documento Valutazione Rischi (DVR) | Procedura Data Breach | Movimentazione Manuale Carichi,D.Lgs81/08 art.47 | GDPR art.30 | D.Lgs152/06 | D.Lgs81/08 art.34 | Reg.CE 852/2004 | GDPR art.13 | D.Lgs81/08 art.28 | GDPR art.33-34 | D.Lgs81/08 Tit.VI,"BLINKIX>FRETTIX, FORMIX>IMPROVVISIX, CONSENSIX>CAOSIX, CIFRIX>MULTIX, CHECKIX>MESCOLIX, CHEFIX>MULTIX, CIFRIX>RISKIX, FORMIX>CHIMIKIX, CHEFIX>PERMISSIONIX, CIFRIX>POLVERIX","Crea una PAGINA A FUMETTI a STORIA COMPLETA, verticale A4 (1024x1536), QUALITA' EDITORIALE DA STAMPA, stile ufficiale 'SICURIX TALES' IDENTICO alle immagini di riferimento allegate (stessi personaggi a mattoncini 3D, stessa impaginazione, stessi colori, stesse rese): minifigure espressive, ambientazioni ricche e dettagliate del settore, luci morbide, profondita', bordi vignetta netti. IMPAGINAZIONE OBBLIGATORIA: da 10 a 12 VIGNETTE numerate che raccontano UNA STORIA con arco narrativo completo (1 situazione normale -> 2-4 arrivano i pericoli coi cattivi -> 5-6 tensione/conseguenza -> 7-9 arriva SICURIX con gli eroi e applica il METODO81+ passo per passo -> 10-11 risoluzione ordinata -> 12 finale). HEADER in alto: SICURIX (mantello, medaglione arancione '81+', bussola) che presenta in un fumetto; grande titolo 'SICURIX TALES'; sottotitolo 'MANIFATTURA: Pericolo vs Soluzione con Metodo 81+'; legenda 3 voci (verde Sicurezza, rosso Rischio, blu 81+ Soluzione); fila di EROI coi nomi: BLINKIX, FORMIX, CONSENSIX, CIFRIX, CHECKIX, CHEFIX. FOOTER in basso: grande 'Prima vedi. Poi sistemi.'; banner scudo verde 'PROTEGGIAMO. PREVENIAMO. MIGLIORIAMO.' e triangolo rosso 'DISATTENZIONE. RISCHI. COSTI. CAOS.'; logo '81+' + '81plus.net'. TRAMA (usa questi eventi come vignette; se sono meno di 10 aggiungi vignette di contesto, dialogo e reazione per arrivare a 10-12): 1) FRETTIX causa il pericolo 'Ruolo/RLS' (Rappresentante Lavoratori Sicurezza (RLS)); poi BLINKIX+SICURIX applicano il METODO81+; 2) IMPROVVISIX causa il pericolo 'Registro' (Registro dei Trattamenti); poi FORMIX+SICURIX applicano il METODO81+; 3) CAOSIX causa il pericolo 'Formazione' (Formazione Ambientale); poi CONSENSIX+SICURIX applicano il METODO81+; 4) MULTIX causa il pericolo 'Ruolo/RSPP' (RSPP / Datore di Lavoro RSPP); poi CIFRIX+SICURIX applicano il METODO81+; 5) MESCOLIX causa il pericolo 'Sanificazione' (Piano di Sanificazione); poi CHECKIX+SICURIX applicano il METODO81+; 6) MULTIX causa il pericolo 'Documento' (Informativa e Consensi); poi CHEFIX+SICURIX applicano il METODO81+; 7) RISKIX causa il pericolo 'Infestanti' (Lotta agli Infestanti (Pest Control)); poi CIFRIX+SICURIX applicano il METODO81+; 8) CHIMIKIX causa il pericolo 'Documento' (Documento Valutazione Rischi (DVR)); poi FORMIX+SICURIX applicano il METODO81+; 9) PERMISSIONIX causa il pericolo 'Data breach' (Procedura Data Breach); poi CHEFIX+SICURIX applicano il METODO81+; 10) POLVERIX causa il pericolo 'MMC' (Movimentazione Manuale Carichi); poi CIFRIX+SICURIX applicano il METODO81+. PALETTE BRAND ESCLUSIVA: nero #05050A, bianco panna, arancione #FF6A1A/#E8501A; ROSSO solo per 'PERICOLO', VERDE per la checklist 'Metodo 81+'. Logo '81+' ben visibile in OGNI vignetta. REGOLA STORIA: SICURIX NON agisce mai da solo - in OGNI vignetta di soluzione si fa AIUTARE dai suoi colleghi EROI (lavoro di squadra, ognuno col suo ruolo). TESTO: didascalie e fumetti MOLTO BREVI (1-4 parole), GRANDI, centrati, in ITALIANO con ORTOGRAFIA PERFETTA, senza parole inventate, lettere doppie errate o testo tagliato. CATTIVI (coerenti col canone): FRETTIX, IMPROVVISIX, CAOSIX, MULTIX, MESCOLIX, RISKIX, CHIMIKIX, PERMISSIONIX, POLVERIX. EROI: BLINKIX, FORMIX, CONSENSIX, CIFRIX, CHECKIX, CHEFIX. NEGATIVE: nessun marchio LEGO reale, nessun personaggio protetto (Asterix ecc.), niente gore/horror, niente claim assoluti ('rischio zero','garantito','zero multe').",La differenza tra chi in Manifattura dorme sereno e chi trema al controllo,"In Manifattura non e' 'se' arriva il controllo, e' 'quando'. Sei pronto?

In manifattura gli adempimenti obbligatori non aspettano: Ruolo/RLS, Registro, Formazione, Ruolo/RSPP, Sanificazione, Documento, Infestanti, Data breach, MMC. In questa pagina TALES OF SICURIX il PERICOLO prende forma... e il METODO81+ lo rimette in ordine, passo dopo passo. Immagina la scena: prima il caos, poi la checklist che sistema tutto. Chi si mette in regola prima, dorme meglio dopo.
👉 Iscriviti al corso: Corso RLS -> https://81plus.net/?corso=corso-rls
▶️ YouTube: youtube.com/@sicurissimo
Contenuto informativo. Prima vedi. Poi sistemi. 81plus.net",Corso RLS,https://81plus.net/?corso=corso-rls,#TalesOfSicurix #SICURIX #Metodo81 #81plus #Sicurissimo #Sicurezza #Privacy #Ambientale #HACCP #SicurezzaSulLavoro,SICURIX_TALES_108901_4_23_28_5_17_22_20_0_26_10.webp,https://drive.google.com/drive/folders/1hICKXdl9JTZBL1pemG19oE_661z-EH_k,IMG_ERR
85.59.30,Sanita/Sociale,Q,Privacy+Sicurezza,11,Nomina DPO / RPD | Valutazione d'Impatto (DPIA) | Nomina Incaricati/Responsabili | Formazione Specifica (rischio medio) | Stress Lavoro-Correlato | Formazione Generale Lavoratori | Procedura Data Breach | RSPP / Datore di Lavoro RSPP | Rappresentante Lavoratori Sicurezza (RLS) | Addetto Primo Soccorso | Movimentazione Manuale Carichi,GDPR art.37 | GDPR art.35 | GDPR art.28-29 | Accordo Stato-Regioni | D.Lgs81/08 art.28 | GDPR art.33-34 | D.Lgs81/08 art.34 | D.Lgs81/08 art.47 | DM 388/2003 | D.Lgs81/08 Tit.VI,"CONSENSIX>PERMISSIONIX, CHEFIX>HACKIX, CIFRIX>FRETTIX, PREPOSTIX>BIOXIX, CONSENSIX>POLVERIX, HYGIENIX>MULTIX, LUXPECTORIX>RISKIX, CIFRIX>OBLIVIX, CIFRIX>NONDPIX, PRIVACIX>SEGNALEX, PRIVACIX>RISKIX","Crea una PAGINA A FUMETTI a STORIA COMPLETA, verticale A4 (1024x1536), QUALITA' EDITORIALE DA STAMPA, stile ufficiale 'SICURIX TALES' IDENTICO alle immagini di riferimento allegate (stessi personaggi a mattoncini 3D, stessa impaginazione, stessi colori, stesse rese): minifigure espressive, ambientazioni ricche e dettagliate del settore, luci morbide, profondita', bordi vignetta netti. IMPAGINAZIONE OBBLIGATORIA: da 10 a 12 VIGNETTE numerate che raccontano UNA STORIA con arco narrativo completo (1 situazione normale -> 2-4 arrivano i pericoli coi cattivi -> 5-6 tensione/conseguenza -> 7-9 arriva SICURIX con gli eroi e applica il METODO81+ passo per passo -> 10-11 risoluzione ordinata -> 12 finale). HEADER in alto: SICURIX (mantello, medaglione arancione '81+', bussola) che presenta in un fumetto; grande titolo 'SICURIX TALES'; sottotitolo 'SANITA/SOCIALE: Pericolo vs Soluzione con Metodo 81+'; legenda 3 voci (verde Sicurezza, rosso Rischio, blu 81+ Soluzione); fila di EROI coi nomi: CONSENSIX, CHEFIX, CIFRIX, PREPOSTIX, HYGIENIX, LUXPECTORIX. FOOTER in basso: grande 'Prima vedi. Poi sistemi.'; banner scudo verde 'PROTEGGIAMO. PREVENIAMO. MIGLIORIAMO.' e triangolo rosso 'DISATTENZIONE. RISCHI. COSTI. CAOS.'; logo '81+' + '81plus.net'. TRAMA (usa questi eventi come vignette; se sono meno di 10 aggiungi vignette di contesto, dialogo e reazione per arrivare a 10-12): 1) PERMISSIONIX causa il pericolo 'DPO' (Nomina DPO / RPD); poi CONSENSIX+SICURIX applicano il METODO81+; 2) HACKIX causa il pericolo 'DPIA' (Valutazione d'Impatto (DPIA)); poi CHEFIX+SICURIX applicano il METODO81+; 3) FRETTIX causa il pericolo 'Nomine' (Nomina Incaricati/Responsabili); poi CIFRIX+SICURIX applicano il METODO81+; 4) BIOXIX causa il pericolo 'Formazione specifica' (Formazione Specifica (rischio medio)); poi PREPOSTIX+SICURIX applicano il METODO81+; 5) POLVERIX causa il pericolo 'Stress' (Stress Lavoro-Correlato); poi CONSENSIX+SICURIX applicano il METODO81+; 6) MULTIX causa il pericolo 'Formazione base' (Formazione Generale Lavoratori); poi HYGIENIX+SICURIX applicano il METODO81+; 7) RISKIX causa il pericolo 'Data breach' (Procedura Data Breach); poi LUXPECTORIX+SICURIX applicano il METODO81+; 8) OBLIVIX causa il pericolo 'Ruolo/RSPP' (RSPP / Datore di Lavoro RSPP); poi CIFRIX+SICURIX applicano il METODO81+; 9) NONDPIX causa il pericolo 'Ruolo/RLS' (Rappresentante Lavoratori Sicurezza (RLS)); poi CIFRIX+SICURIX applicano il METODO81+; 10) SEGNALEX causa il pericolo 'Emergenze/Soccorso' (Addetto Primo Soccorso); poi PRIVACIX+SICURIX applicano il METODO81+; 11) RISKIX causa il pericolo 'MMC' (Movimentazione Manuale Carichi); poi PRIVACIX+SICURIX applicano il METODO81+. PALETTE BRAND ESCLUSIVA: nero #05050A, bianco panna, arancione #FF6A1A/#E8501A; ROSSO solo per 'PERICOLO', VERDE per la checklist 'Metodo 81+'. Logo '81+' ben visibile in OGNI vignetta. REGOLA STORIA: SICURIX NON agisce mai da solo - in OGNI vignetta di soluzione si fa AIUTARE dai suoi colleghi EROI (lavoro di squadra, ognuno col suo ruolo). TESTO: didascalie e fumetti MOLTO BREVI (1-4 parole), GRANDI, centrati, in ITALIANO con ORTOGRAFIA PERFETTA, senza parole inventate, lettere doppie errate o testo tagliato. CATTIVI (coerenti col canone): PERMISSIONIX, HACKIX, FRETTIX, BIOXIX, POLVERIX, MULTIX, RISKIX, OBLIVIX, NONDPIX, SEGNALEX. EROI: CONSENSIX, CHEFIX, CIFRIX, PREPOSTIX, HYGIENIX, LUXPECTORIX, PRIVACIX. NEGATIVE: nessun marchio LEGO reale, nessun personaggio protetto (Asterix ecc.), niente gore/horror, niente claim assoluti ('rischio zero','garantito','zero multe').",Sanita/Sociale: 3 minuti oggi o un problema enorme domani. Scegli tu.,"Sanita/Sociale: 3 minuti oggi o un problema enorme domani. Scegli tu.

In sanita/sociale gli adempimenti obbligatori non aspettano: DPO, DPIA, Nomine, Formazione specifica, Stress, Formazione base, Data breach, Ruolo/RSPP, Ruolo/RLS, Emergenze/Soccorso, MMC. In questa pagina TALES OF SICURIX il PERICOLO prende forma... e il METODO81+ lo rimette in ordine, passo dopo passo. Immagina la scena: prima il caos, poi la checklist che sistema tutto. Non e' burocrazia: e' la tua tranquillita.
👉 Iscriviti al corso: Corso privacy destinato ai lavoratori -> https://81plus.net/?corso=corso-privacy-destinato-ai-lavoratori
▶️ YouTube: youtube.com/@sicurissimo
Contenuto informativo. Prima vedi. Poi sistemi. 81plus.net",Corso privacy destinato ai lavoratori,https://81plus.net/?corso=corso-privacy-destinato-ai-lavoratori,#TalesOfSicurix #SICURIX #Metodo81 #81plus #Sicurissimo #Privacy #Sicurezza #SicurezzaSulLavoro,SICURIX_TALES_855930_17_18_14_2_11_1_16_5_4_6_10.webp,https://drive.google.com/drive/folders/1hICKXdl9JTZBL1pemG19oE_661z-EH_k,IMG_ERR
01.26.00,Agricoltura,A,Sicurezza+Privacy+Ambientale+HACCP,10,Formazione Specifica (rischio alto) | Addetto Antincendio | Formazione GDPR | Nomina Incaricati/Responsabili | Formazione Ambientale | Uso e Formazione DPI | Documento Valutazione Rischi (DVR) | Formazione Preposto | Controllo Temperature e Celle | Rischio Rumore,Accordo Stato-Regioni | DM 2/9/2021 | GDPR art.32 | GDPR art.28-29 | D.Lgs152/06 | D.Lgs81/08 art.77 | D.Lgs81/08 art.28 | D.Lgs81/08 art.37 | Reg.CE 852/2004 | D.Lgs81/08 Tit.VIII,"FORMIX>CADUTIX, SICURIX>RUMORIX, BLINKIX>FRETTIX, DOCUMIX>SPYIX, PRIVACIX>IMPROVVISIX, CHEFIX>BIOXIX, FORMIX>POLVERIX, ROBOTIX81>ØTIX, BLINKIX>TEMPORIX, LUXPECTORIX>BIOXIX","Crea una PAGINA A FUMETTI a STORIA COMPLETA, verticale A4 (1024x1536), QUALITA' EDITORIALE DA STAMPA, stile ufficiale 'SICURIX TALES' IDENTICO alle immagini di riferimento allegate (stessi personaggi a mattoncini 3D, stessa impaginazione, stessi colori, stesse rese): minifigure espressive, ambientazioni ricche e dettagliate del settore, luci morbide, profondita', bordi vignetta netti. IMPAGINAZIONE OBBLIGATORIA: da 10 a 12 VIGNETTE numerate che raccontano UNA STORIA con arco narrativo completo (1 situazione normale -> 2-4 arrivano i pericoli coi cattivi -> 5-6 tensione/conseguenza -> 7-9 arriva SICURIX con gli eroi e applica il METODO81+ passo per passo -> 10-11 risoluzione ordinata -> 12 finale). HEADER in alto: SICURIX (mantello, medaglione arancione '81+', bussola) che presenta in un fumetto; grande titolo 'SICURIX TALES'; sottotitolo 'AGRICOLTURA: Pericolo vs Soluzione con Metodo 81+'; legenda 3 voci (verde Sicurezza, rosso Rischio, blu 81+ Soluzione); fila di EROI coi nomi: FORMIX, SICURIX, BLINKIX, DOCUMIX, PRIVACIX, CHEFIX. FOOTER in basso: grande 'Prima vedi. Poi sistemi.'; banner scudo verde 'PROTEGGIAMO. PREVENIAMO. MIGLIORIAMO.' e triangolo rosso 'DISATTENZIONE. RISCHI. COSTI. CAOS.'; logo '81+' + '81plus.net'. TRAMA (usa questi eventi come vignette; se sono meno di 10 aggiungi vignette di contesto, dialogo e reazione per arrivare a 10-12): 1) CADUTIX causa il pericolo 'Formazione specifica' (Formazione Specifica (rischio alto)); poi FORMIX+SICURIX applicano il METODO81+; 2) RUMORIX causa il pericolo 'Emergenze/Incendio' (Addetto Antincendio); poi SICURIX+SICURIX applicano il METODO81+; 3) FRETTIX causa il pericolo 'Formazione' (Formazione GDPR); poi BLINKIX+SICURIX applicano il METODO81+; 4) SPYIX causa il pericolo 'Nomine' (Nomina Incaricati/Responsabili); poi DOCUMIX+SICURIX applicano il METODO81+; 5) IMPROVVISIX causa il pericolo 'Formazione' (Formazione Ambientale); poi PRIVACIX+SICURIX applicano il METODO81+; 6) BIOXIX causa il pericolo 'DPI' (Uso e Formazione DPI); poi CHEFIX+SICURIX applicano il METODO81+; 7) POLVERIX causa il pericolo 'Documento' (Documento Valutazione Rischi (DVR)); poi FORMIX+SICURIX applicano il METODO81+; 8) ØTIX causa il pericolo 'Ruolo/Preposto' (Formazione Preposto); poi ROBOTIX81+SICURIX applicano il METODO81+; 9) TEMPORIX causa il pericolo 'Temperature' (Controllo Temperature e Celle); poi BLINKIX+SICURIX applicano il METODO81+; 10) BIOXIX causa il pericolo 'Rumore' (Rischio Rumore); poi LUXPECTORIX+SICURIX applicano il METODO81+. PALETTE BRAND ESCLUSIVA: nero #05050A, bianco panna, arancione #FF6A1A/#E8501A; ROSSO solo per 'PERICOLO', VERDE per la checklist 'Metodo 81+'. Logo '81+' ben visibile in OGNI vignetta. REGOLA STORIA: SICURIX NON agisce mai da solo - in OGNI vignetta di soluzione si fa AIUTARE dai suoi colleghi EROI (lavoro di squadra, ognuno col suo ruolo). TESTO: didascalie e fumetti MOLTO BREVI (1-4 parole), GRANDI, centrati, in ITALIANO con ORTOGRAFIA PERFETTA, senza parole inventate, lettere doppie errate o testo tagliato. CATTIVI (coerenti col canone): CADUTIX, RUMORIX, FRETTIX, SPYIX, IMPROVVISIX, BIOXIX, POLVERIX, ØTIX, TEMPORIX. EROI: FORMIX, SICURIX, BLINKIX, DOCUMIX, PRIVACIX, CHEFIX, ROBOTIX81, LUXPECTORIX. NEGATIVE: nessun marchio LEGO reale, nessun personaggio protetto (Asterix ecc.), niente gore/horror, niente claim assoluti ('rischio zero','garantito','zero multe').",Quello che l'ispettore controlla per primo in Agricoltura (e quasi nessuno lo sa),"In Agricoltura non e' 'se' arriva il controllo, e' 'quando'. Sei pronto?

In agricoltura gli adempimenti obbligatori non aspettano: Formazione specifica, Emergenze/Incendio, Formazione, Nomine, DPI, Documento, Ruolo/Preposto, Temperature, Rumore. In questa pagina TALES OF SICURIX il PERICOLO prende forma... e il METODO81+ lo rimette in ordine, passo dopo passo. Immagina la scena: prima il caos, poi la checklist che sistema tutto. Non e' burocrazia: e' la tua tranquillita.
👉 Iscriviti al corso: Corso lavoratore parte GENERALE 4 ore -> https://81plus.net/?corso=corso-lavoratore-parte-generale-4-ore
▶️ YouTube: youtube.com/@sicurissimo
Contenuto informativo. Prima vedi. Poi sistemi. 81plus.net",Corso lavoratore parte GENERALE 4 ore,https://81plus.net/?corso=corso-lavoratore-parte-generale-4-ore,#TalesOfSicurix #SICURIX #Metodo81 #81plus #Sicurissimo #Sicurezza #Privacy #Ambientale #HACCP #SicurezzaSulLavoro,SICURIX_TALES_012600_2_7_25_24_28_8_0_3_19_12.webp,https://drive.google.com/drive/folders/1hICKXdl9JTZBL1pemG19oE_661z-EH_k,IMG_ERR
43.34.02,Costruzioni,F,Sicurezza+Privacy+Ambientale,10,Addetto Primo Soccorso | Informativa e Consensi | Registro dei Trattamenti | RSPP / Datore di Lavoro RSPP | Nomina Incaricati/Responsabili | Sorveglianza Sanitaria / Medico Competente | Rischio Rumore | Stress Lavoro-Correlato | Formazione Ambientale | Movimentazione Manuale Carichi,DM 388/2003 | GDPR art.13 | GDPR art.30 | D.Lgs81/08 art.34 | GDPR art.28-29 | D.Lgs81/08 art.41 | D.Lgs81/08 Tit.VIII | D.Lgs81/08 art.28 | D.Lgs152/06 | D.Lgs81/08 Tit.VI,"DOCUMIX>SCIVOLIX, SICURIX>CANCELIX, TRACCIX>HACKIX, TRACCIX>CADUTIX, BLINKIX>CANCELIX, ROBOTIX81>CAOSIX, ROBOTIX81>MULTIX, FORMIX>SCIVOLIX, CHEFIX>OBLIVIX, FORMIX>SCHIACCIX","Crea una PAGINA A FUMETTI a STORIA COMPLETA, verticale A4 (1024x1536), QUALITA' EDITORIALE DA STAMPA, stile ufficiale 'SICURIX TALES' IDENTICO alle immagini di riferimento allegate (stessi personaggi a mattoncini 3D, stessa impaginazione, stessi colori, stesse rese): minifigure espressive, ambientazioni ricche e dettagliate del settore, luci morbide, profondita', bordi vignetta netti. IMPAGINAZIONE OBBLIGATORIA: da 10 a 12 VIGNETTE numerate che raccontano UNA STORIA con arco narrativo completo (1 situazione normale -> 2-4 arrivano i pericoli coi cattivi -> 5-6 tensione/conseguenza -> 7-9 arriva SICURIX con gli eroi e applica il METODO81+ passo per passo -> 10-11 risoluzione ordinata -> 12 finale). HEADER in alto: SICURIX (mantello, medaglione arancione '81+', bussola) che presenta in un fumetto; grande titolo 'SICURIX TALES'; sottotitolo 'COSTRUZIONI: Pericolo vs Soluzione con Metodo 81+'; legenda 3 voci (verde Sicurezza, rosso Rischio, blu 81+ Soluzione); fila di EROI coi nomi: DOCUMIX, SICURIX, TRACCIX, BLINKIX, ROBOTIX81, FORMIX. FOOTER in basso: grande 'Prima vedi. Poi sistemi.'; banner scudo verde 'PROTEGGIAMO. PREVENIAMO. MIGLIORIAMO.' e triangolo rosso 'DISATTENZIONE. RISCHI. COSTI. CAOS.'; logo '81+' + '81plus.net'. TRAMA (usa questi eventi come vignette; se sono meno di 10 aggiungi vignette di contesto, dialogo e reazione per arrivare a 10-12): 1) SCIVOLIX causa il pericolo 'Emergenze/Soccorso' (Addetto Primo Soccorso); poi DOCUMIX+SICURIX applicano il METODO81+; 2) CANCELIX causa il pericolo 'Documento' (Informativa e Consensi); poi SICURIX+SICURIX applicano il METODO81+; 3) HACKIX causa il pericolo 'Registro' (Registro dei Trattamenti); poi TRACCIX+SICURIX applicano il METODO81+; 4) CADUTIX causa il pericolo 'Ruolo/RSPP' (RSPP / Datore di Lavoro RSPP); poi TRACCIX+SICURIX applicano il METODO81+; 5) CANCELIX causa il pericolo 'Nomine' (Nomina Incaricati/Responsabili); poi BLINKIX+SICURIX applicano il METODO81+; 6) CAOSIX causa il pericolo 'Sorveglianza sanitaria' (Sorveglianza Sanitaria / Medico Competente); poi ROBOTIX81+SICURIX applicano il METODO81+; 7) MULTIX causa il pericolo 'Rumore' (Rischio Rumore); poi ROBOTIX81+SICURIX applicano il METODO81+; 8) SCIVOLIX causa il pericolo 'Stress' (Stress Lavoro-Correlato); poi FORMIX+SICURIX applicano il METODO81+; 9) OBLIVIX causa il pericolo 'Formazione' (Formazione Ambientale); poi CHEFIX+SICURIX applicano il METODO81+; 10) SCHIACCIX causa il pericolo 'MMC' (Movimentazione Manuale Carichi); poi FORMIX+SICURIX applicano il METODO81+. PALETTE BRAND ESCLUSIVA: nero #05050A, bianco panna, arancione #FF6A1A/#E8501A; ROSSO solo per 'PERICOLO', VERDE per la checklist 'Metodo 81+'. Logo '81+' ben visibile in OGNI vignetta. REGOLA STORIA: SICURIX NON agisce mai da solo - in OGNI vignetta di soluzione si fa AIUTARE dai suoi colleghi EROI (lavoro di squadra, ognuno col suo ruolo). TESTO: didascalie e fumetti MOLTO BREVI (1-4 parole), GRANDI, centrati, in ITALIANO con ORTOGRAFIA PERFETTA, senza parole inventate, lettere doppie errate o testo tagliato. CATTIVI (coerenti col canone): SCIVOLIX, CANCELIX, HACKIX, CADUTIX, CAOSIX, MULTIX, OBLIVIX, SCHIACCIX. EROI: DOCUMIX, SICURIX, TRACCIX, BLINKIX, ROBOTIX81, FORMIX, CHEFIX. NEGATIVE: nessun marchio LEGO reale, nessun personaggio protetto (Asterix ecc.), niente gore/horror, niente claim assoluti ('rischio zero','garantito','zero multe').",Costruzioni: 3 minuti oggi o un problema enorme domani. Scegli tu.,"In Costruzioni non e' 'se' arriva il controllo, e' 'quando'. Sei pronto?

In costruzioni gli adempimenti obbligatori non aspettano: Emergenze/Soccorso, Documento, Registro, Ruolo/RSPP, Nomine, Sorveglianza sanitaria, Rumore, Stress, Formazione, MMC. In questa pagina TALES OF SICURIX il PERICOLO prende forma... e il METODO81+ lo rimette in ordine, passo dopo passo. Immagina la scena: prima il caos, poi la checklist che sistema tutto. Mettere ordine ora costa poco. Rimediare dopo costa caro.
👉 Iscriviti al corso: Corso Primo Soccorso (A-B-C) -> https://81plus.net/?corso=corso-primo-soccorso-a-b-c
▶️ YouTube: youtube.com/@sicurissimo
Contenuto informativo. Prima vedi. Poi sistemi. 81plus.net",Corso Primo Soccorso (A-B-C),https://81plus.net/?corso=corso-primo-soccorso-a-b-c,#TalesOfSicurix #SICURIX #Metodo81 #81plus #Sicurissimo #Sicurezza #Privacy #Ambientale #SicurezzaSulLavoro,SICURIX_TALES_433402_6_14_15_5_16_9_12_11_20_10.webp,https://drive.google.com/drive/folders/1hICKXdl9JTZBL1pemG19oE_661z-EH_k,IMG_ERR
24.41.00,Manifattura,C,Sicurezza+Ambientale+Privacy,10,Addetto Primo Soccorso | Movimentazione Manuale Carichi | Uso e Formazione DPI | Formazione Ambientale | Documento Valutazione Rischi (DVR) | Informativa e Consensi | Gestione Rifiuti e Registro | Stress Lavoro-Correlato | Rappresentante Lavoratori Sicurezza (RLS) | Registro dei Trattamenti,DM 388/2003 | D.Lgs81/08 Tit.VI | D.Lgs81/08 art.77 | D.Lgs152/06 | D.Lgs81/08 art.28 | GDPR art.13 | D.Lgs81/08 art.47 | GDPR art.30,"SCUDIX>FRETTIX, SICURIX>MULTIX, CHEFIX>BIOXIX, LUXPECTORIX>MULTIX, CIFRIX>SEGNALEX, HYGIENIX>HACKIX, CIFRIX>OBLIVIX, SCUDIX>RUMORIX, SICURIX>CAOSIX, DOCUMIX>SPYIX","Crea una PAGINA A FUMETTI a STORIA COMPLETA, verticale A4 (1024x1536), QUALITA' EDITORIALE DA STAMPA, stile ufficiale 'SICURIX TALES' IDENTICO alle immagini di riferimento allegate (stessi personaggi a mattoncini 3D, stessa impaginazione, stessi colori, stesse rese): minifigure espressive, ambientazioni ricche e dettagliate del settore, luci morbide, profondita', bordi vignetta netti. IMPAGINAZIONE OBBLIGATORIA: da 10 a 12 VIGNETTE numerate che raccontano UNA STORIA con arco narrativo completo (1 situazione normale -> 2-4 arrivano i pericoli coi cattivi -> 5-6 tensione/conseguenza -> 7-9 arriva SICURIX con gli eroi e applica il METODO81+ passo per passo -> 10-11 risoluzione ordinata -> 12 finale). HEADER in alto: SICURIX (mantello, medaglione arancione '81+', bussola) che presenta in un fumetto; grande titolo 'SICURIX TALES'; sottotitolo 'MANIFATTURA: Pericolo vs Soluzione con Metodo 81+'; legenda 3 voci (verde Sicurezza, rosso Rischio, blu 81+ Soluzione); fila di EROI coi nomi: SCUDIX, SICURIX, CHEFIX, LUXPECTORIX, CIFRIX, HYGIENIX. FOOTER in basso: grande 'Prima vedi. Poi sistemi.'; banner scudo verde 'PROTEGGIAMO. PREVENIAMO. MIGLIORIAMO.' e triangolo rosso 'DISATTENZIONE. RISCHI. COSTI. CAOS.'; logo '81+' + '81plus.net'. TRAMA (usa questi eventi come vignette; se sono meno di 10 aggiungi vignette di contesto, dialogo e reazione per arrivare a 10-12): 1) FRETTIX causa il pericolo 'Emergenze/Soccorso' (Addetto Primo Soccorso); poi SCUDIX+SICURIX applicano il METODO81+; 2) MULTIX causa il pericolo 'MMC' (Movimentazione Manuale Carichi); poi SICURIX+SICURIX applicano il METODO81+; 3) BIOXIX causa il pericolo 'DPI' (Uso e Formazione DPI); poi CHEFIX+SICURIX applicano il METODO81+; 4) MULTIX causa il pericolo 'Formazione' (Formazione Ambientale); poi LUXPECTORIX+SICURIX applicano il METODO81+; 5) SEGNALEX causa il pericolo 'Documento' (Documento Valutazione Rischi (DVR)); poi CIFRIX+SICURIX applicano il METODO81+; 6) HACKIX causa il pericolo 'Documento' (Informativa e Consensi); poi HYGIENIX+SICURIX applicano il METODO81+; 7) OBLIVIX causa il pericolo 'Rifiuti' (Gestione Rifiuti e Registro); poi CIFRIX+SICURIX applicano il METODO81+; 8) RUMORIX causa il pericolo 'Stress' (Stress Lavoro-Correlato); poi SCUDIX+SICURIX applicano il METODO81+; 9) CAOSIX causa il pericolo 'Ruolo/RLS' (Rappresentante Lavoratori Sicurezza (RLS)); poi SICURIX+SICURIX applicano il METODO81+; 10) SPYIX causa il pericolo 'Registro' (Registro dei Trattamenti); poi DOCUMIX+SICURIX applicano il METODO81+. PALETTE BRAND ESCLUSIVA: nero #05050A, bianco panna, arancione #FF6A1A/#E8501A; ROSSO solo per 'PERICOLO', VERDE per la checklist 'Metodo 81+'. Logo '81+' ben visibile in OGNI vignetta. REGOLA STORIA: SICURIX NON agisce mai da solo - in OGNI vignetta di soluzione si fa AIUTARE dai suoi colleghi EROI (lavoro di squadra, ognuno col suo ruolo). TESTO: didascalie e fumetti MOLTO BREVI (1-4 parole), GRANDI, centrati, in ITALIANO con ORTOGRAFIA PERFETTA, senza parole inventate, lettere doppie errate o testo tagliato. CATTIVI (coerenti col canone): FRETTIX, MULTIX, BIOXIX, SEGNALEX, HACKIX, OBLIVIX, RUMORIX, CAOSIX, SPYIX. EROI: SCUDIX, SICURIX, CHEFIX, LUXPECTORIX, CIFRIX, HYGIENIX, DOCUMIX. NEGATIVE: nessun marchio LEGO reale, nessun personaggio protetto (Asterix ecc.), niente gore/horror, niente claim assoluti ('rischio zero','garantito','zero multe').","In Manifattura non e' 'se' arriva il controllo, e' 'quando'. Sei pronto?","In Manifattura c'e' un obbligo che in tanti scoprono solo con la sanzione

In manifattura gli adempimenti obbligatori non aspettano: Emergenze/Soccorso, MMC, DPI, Formazione, Documento, Rifiuti, Stress, Ruolo/RLS, Registro. In questa pagina TALES OF SICURIX il PERICOLO prende forma... e il METODO81+ lo rimette in ordine, passo dopo passo. Immagina la scena: prima il caos, poi la checklist che sistema tutto. Mettere ordine ora costa poco. Rimediare dopo costa caro.
👉 Iscriviti al corso: Corso Primo Soccorso (A-B-C) -> https://81plus.net/?corso=corso-primo-soccorso-a-b-c
▶️ YouTube: youtube.com/@sicurissimo
Contenuto informativo. Prima vedi. Poi sistemi. 81plus.net",Corso Primo Soccorso (A-B-C),https://81plus.net/?corso=corso-primo-soccorso-a-b-c,#TalesOfSicurix #SICURIX #Metodo81 #81plus #Sicurissimo #Sicurezza #Ambientale #Privacy #SicurezzaSulLavoro,SICURIX_TALES_244100_6_10_8_27_0_21_26_11_4_22.webp,https://drive.google.com/drive/folders/1hICKXdl9JTZBL1pemG19oE_661z-EH_k,IMG_ERR
23.65.02,Manifattura,C,Sicurezza+Ambientale+HACCP+Privacy,11,Formazione Generale Lavoratori | Sorveglianza Sanitaria / Medico Competente | Emissioni in Atmosfera / AUA | Rintracciabilita ed Etichettatura | Manuale HACCP di Autocontrollo | Gestione Allergeni | Controllo Temperature e Celle | RSPP / Datore di Lavoro RSPP | Formazione Specifica (rischio alto) | Registro dei Trattamenti | Piano di Sanificazione,Accordo Stato-Regioni | D.Lgs81/08 art.41 | D.Lgs152/06 | Reg.CE 178/2002 | Reg.CE 852/2004 | Reg.UE 1169/2011 | D.Lgs81/08 art.34 | GDPR art.30,"HYGIENIX>SCIVOLIX, DOCUMIX>SEGNALEX, LUXPECTORIX>IMPROVVISIX, BLINKIX>CROSSIX, SICURIX>FRETTIX, SCUDIX>IMPROVVISIX, LUXPECTORIX>CAOSIX, PREPOSTIX>NONDPIX, CHEFIX>CHIMIKIX, PREPOSTIX>SPYIX, CIFRIX>DOSAGIX","Crea una PAGINA A FUMETTI a STORIA COMPLETA, verticale A4 (1024x1536), QUALITA' EDITORIALE DA STAMPA, stile ufficiale 'SICURIX TALES' IDENTICO alle immagini di riferimento allegate (stessi personaggi a mattoncini 3D, stessa impaginazione, stessi colori, stesse rese): minifigure espressive, ambientazioni ricche e dettagliate del settore, luci morbide, profondita', bordi vignetta netti. IMPAGINAZIONE OBBLIGATORIA: da 10 a 12 VIGNETTE numerate che raccontano UNA STORIA con arco narrativo completo (1 situazione normale -> 2-4 arrivano i pericoli coi cattivi -> 5-6 tensione/conseguenza -> 7-9 arriva SICURIX con gli eroi e applica il METODO81+ passo per passo -> 10-11 risoluzione ordinata -> 12 finale). HEADER in alto: SICURIX (mantello, medaglione arancione '81+', bussola) che presenta in un fumetto; grande titolo 'SICURIX TALES'; sottotitolo 'MANIFATTURA: Pericolo vs Soluzione con Metodo 81+'; legenda 3 voci (verde Sicurezza, rosso Rischio, blu 81+ Soluzione); fila di EROI coi nomi: HYGIENIX, DOCUMIX, LUXPECTORIX, BLINKIX, SICURIX, SCUDIX. FOOTER in basso: grande 'Prima vedi. Poi sistemi.'; banner scudo verde 'PROTEGGIAMO. PREVENIAMO. MIGLIORIAMO.' e triangolo rosso 'DISATTENZIONE. RISCHI. COSTI. CAOS.'; logo '81+' + '81plus.net'. TRAMA (usa questi eventi come vignette; se sono meno di 10 aggiungi vignette di contesto, dialogo e reazione per arrivare a 10-12): 1) SCIVOLIX causa il pericolo 'Formazione base' (Formazione Generale Lavoratori); poi HYGIENIX+SICURIX applicano il METODO81+; 2) SEGNALEX causa il pericolo 'Sorveglianza sanitaria' (Sorveglianza Sanitaria / Medico Competente); poi DOCUMIX+SICURIX applicano il METODO81+; 3) IMPROVVISIX causa il pericolo 'Emissioni' (Emissioni in Atmosfera / AUA); poi LUXPECTORIX+SICURIX applicano il METODO81+; 4) CROSSIX causa il pericolo 'Rintracciabilita' (Rintracciabilita ed Etichettatura); poi BLINKIX+SICURIX applicano il METODO81+; 5) FRETTIX causa il pericolo 'Documento' (Manuale HACCP di Autocontrollo); poi SICURIX+SICURIX applicano il METODO81+; 6) IMPROVVISIX causa il pericolo 'Allergeni' (Gestione Allergeni); poi SCUDIX+SICURIX applicano il METODO81+; 7) CAOSIX causa il pericolo 'Temperature' (Controllo Temperature e Celle); poi LUXPECTORIX+SICURIX applicano il METODO81+; 8) NONDPIX causa il pericolo 'Ruolo/RSPP' (RSPP / Datore di Lavoro RSPP); poi PREPOSTIX+SICURIX applicano il METODO81+; 9) CHIMIKIX causa il pericolo 'Formazione specifica' (Formazione Specifica (rischio alto)); poi CHEFIX+SICURIX applicano il METODO81+; 10) SPYIX causa il pericolo 'Registro' (Registro dei Trattamenti); poi PREPOSTIX+SICURIX applicano il METODO81+; 11) DOSAGIX causa il pericolo 'Sanificazione' (Piano di Sanificazione); poi CIFRIX+SICURIX applicano il METODO81+. PALETTE BRAND ESCLUSIVA: nero #05050A, bianco panna, arancione #FF6A1A/#E8501A; ROSSO solo per 'PERICOLO', VERDE per la checklist 'Metodo 81+'. Logo '81+' ben visibile in OGNI vignetta. REGOLA STORIA: SICURIX NON agisce mai da solo - in OGNI vignetta di soluzione si fa AIUTARE dai suoi colleghi EROI (lavoro di squadra, ognuno col suo ruolo). TESTO: didascalie e fumetti MOLTO BREVI (1-4 parole), GRANDI, centrati, in ITALIANO con ORTOGRAFIA PERFETTA, senza parole inventate, lettere doppie errate o testo tagliato. CATTIVI (coerenti col canone): SCIVOLIX, SEGNALEX, IMPROVVISIX, CROSSIX, FRETTIX, CAOSIX, NONDPIX, CHIMIKIX, SPYIX, DOSAGIX. EROI: HYGIENIX, DOCUMIX, LUXPECTORIX, BLINKIX, SICURIX, SCUDIX, PREPOSTIX, CHEFIX, CIFRIX. NEGATIVE: nessun marchio LEGO reale, nessun personaggio protetto (Asterix ecc.), niente gore/horror, niente claim assoluti ('rischio zero','garantito','zero multe').",In Manifattura c'e' un obbligo che in tanti scoprono solo con la sanzione,"In Manifattura non e' 'se' arriva il controllo, e' 'quando'. Sei pronto?

In manifattura gli adempimenti obbligatori non aspettano: Formazione base, Sorveglianza sanitaria, Emissioni, Rintracciabilita, Documento, Allergeni, Temperature, Ruolo/RSPP, Formazione specifica, Registro, Sanificazione. In questa pagina TALES OF SICURIX il PERICOLO prende forma... e il METODO81+ lo rimette in ordine, passo dopo passo. Immagina la scena: prima il caos, poi la checklist che sistema tutto. Mettere ordine ora costa poco. Rimediare dopo costa caro.
👉 Iscriviti al corso: Corso lavoratore parte GENERALE 4 ore -> https://81plus.net/?corso=corso-lavoratore-parte-generale-4-ore
▶️ YouTube: youtube.com/@sicurissimo
Contenuto informativo. Prima vedi. Poi sistemi. 81plus.net",Corso lavoratore parte GENERALE 4 ore,https://81plus.net/?corso=corso-lavoratore-parte-generale-4-ore,#TalesOfSicurix #SICURIX #Metodo81 #81plus #Sicurissimo #Sicurezza #Ambientale #HACCP #Privacy #SicurezzaSulLavoro,SICURIX_TALES_236502_1_9_28_17_14_20_18_5_2_22_16.webp,https://drive.google.com/drive/folders/1hICKXdl9JTZBL1pemG19oE_661z-EH_k,IMG_ERR
72.20.09,Servizi alle imprese,N,Privacy+Sicurezza,12,Registro dei Trattamenti | Documento Valutazione Rischi (DVR) | Informativa e Consensi | Procedura Data Breach | Formazione Generale Lavoratori | Formazione Preposto | Addetto Antincendio | RSPP / Datore di Lavoro RSPP | Nomina Incaricati/Responsabili | Formazione Specifica (rischio basso) | Formazione GDPR | Rappresentante Lavoratori Sicurezza (RLS),GDPR art.30 | D.Lgs81/08 art.28 | GDPR art.13 | GDPR art.33-34 | Accordo Stato-Regioni | D.Lgs81/08 art.37 | DM 2/9/2021 | D.Lgs81/08 art.34 | GDPR art.28-29 | GDPR art.32 | D.Lgs81/08 art.47,"CHEFIX>HACKIX, FORMIX>NONDPIX, ROBOTIX81>RISKIX, CONSENSIX>PERMISSIONIX, CHEFIX>SCIVOLIX, ROBOTIX81>TAGLIX, ROBOTIX81>VOLTIX, BLINKIX>NONDPIX, PREPOSTIX>LEAKIX, CONSENSIX>POLVERIX, SCUDIX>PHISHIX, BLINKIX>VOLTIX","Crea una PAGINA A FUMETTI a STORIA COMPLETA, verticale A4 (1024x1536), QUALITA' EDITORIALE DA STAMPA, stile ufficiale 'SICURIX TALES' IDENTICO alle immagini di riferimento allegate (stessi personaggi a mattoncini 3D, stessa impaginazione, stessi colori, stesse rese): minifigure espressive, ambientazioni ricche e dettagliate del settore, luci morbide, profondita', bordi vignetta netti. IMPAGINAZIONE OBBLIGATORIA: da 10 a 12 VIGNETTE numerate che raccontano UNA STORIA con arco narrativo completo (1 situazione normale -> 2-4 arrivano i pericoli coi cattivi -> 5-6 tensione/conseguenza -> 7-9 arriva SICURIX con gli eroi e applica il METODO81+ passo per passo -> 10-11 risoluzione ordinata -> 12 finale). HEADER in alto: SICURIX (mantello, medaglione arancione '81+', bussola) che presenta in un fumetto; grande titolo 'SICURIX TALES'; sottotitolo 'SERVIZI ALLE IMPRESE: Pericolo vs Soluzione con Metodo 81+'; legenda 3 voci (verde Sicurezza, rosso Rischio, blu 81+ Soluzione); fila di EROI coi nomi: CHEFIX, FORMIX, ROBOTIX81, CONSENSIX, BLINKIX, PREPOSTIX. FOOTER in basso: grande 'Prima vedi. Poi sistemi.'; banner scudo verde 'PROTEGGIAMO. PREVENIAMO. MIGLIORIAMO.' e triangolo rosso 'DISATTENZIONE. RISCHI. COSTI. CAOS.'; logo '81+' + '81plus.net'. TRAMA (usa questi eventi come vignette; se sono meno di 10 aggiungi vignette di contesto, dialogo e reazione per arrivare a 10-12): 1) HACKIX causa il pericolo 'Registro' (Registro dei Trattamenti); poi CHEFIX+SICURIX applicano il METODO81+; 2) NONDPIX causa il pericolo 'Documento' (Documento Valutazione Rischi (DVR)); poi FORMIX+SICURIX applicano il METODO81+; 3) RISKIX causa il pericolo 'Documento' (Informativa e Consensi); poi ROBOTIX81+SICURIX applicano il METODO81+; 4) PERMISSIONIX causa il pericolo 'Data breach' (Procedura Data Breach); poi CONSENSIX+SICURIX applicano il METODO81+; 5) SCIVOLIX causa il pericolo 'Formazione base' (Formazione Generale Lavoratori); poi CHEFIX+SICURIX applicano il METODO81+; 6) TAGLIX causa il pericolo 'Ruolo/Preposto' (Formazione Preposto); poi ROBOTIX81+SICURIX applicano il METODO81+; 7) VOLTIX causa il pericolo 'Emergenze/Incendio' (Addetto Antincendio); poi ROBOTIX81+SICURIX applicano il METODO81+; 8) NONDPIX causa il pericolo 'Ruolo/RSPP' (RSPP / Datore di Lavoro RSPP); poi BLINKIX+SICURIX applicano il METODO81+; 9) LEAKIX causa il pericolo 'Nomine' (Nomina Incaricati/Responsabili); poi PREPOSTIX+SICURIX applicano il METODO81+; 10) POLVERIX causa il pericolo 'Formazione specifica' (Formazione Specifica (rischio basso)); poi CONSENSIX+SICURIX applicano il METODO81+; 11) PHISHIX causa il pericolo 'Formazione' (Formazione GDPR); poi SCUDIX+SICURIX applicano il METODO81+; 12) VOLTIX causa il pericolo 'Ruolo/RLS' (Rappresentante Lavoratori Sicurezza (RLS)); poi BLINKIX+SICURIX applicano il METODO81+. PALETTE BRAND ESCLUSIVA: nero #05050A, bianco panna, arancione #FF6A1A/#E8501A; ROSSO solo per 'PERICOLO', VERDE per la checklist 'Metodo 81+'. Logo '81+' ben visibile in OGNI vignetta. REGOLA STORIA: SICURIX NON agisce mai da solo - in OGNI vignetta di soluzione si fa AIUTARE dai suoi colleghi EROI (lavoro di squadra, ognuno col suo ruolo). TESTO: didascalie e fumetti MOLTO BREVI (1-4 parole), GRANDI, centrati, in ITALIANO con ORTOGRAFIA PERFETTA, senza parole inventate, lettere doppie errate o testo tagliato. CATTIVI (coerenti col canone): HACKIX, NONDPIX, RISKIX, PERMISSIONIX, SCIVOLIX, TAGLIX, VOLTIX, LEAKIX, POLVERIX, PHISHIX. EROI: CHEFIX, FORMIX, ROBOTIX81, CONSENSIX, BLINKIX, PREPOSTIX, SCUDIX. NEGATIVE: nessun marchio LEGO reale, nessun personaggio protetto (Asterix ecc.), niente gore/horror, niente claim assoluti ('rischio zero','garantito','zero multe').",Quello che l'ispettore controlla per primo in Servizi alle imprese (e quasi nessuno lo sa),"In Servizi alle imprese c'e' un obbligo che in tanti scoprono solo con la sanzione

In servizi alle imprese gli adempimenti obbligatori non aspettano: Registro, Documento, Data breach, Formazione base, Ruolo/Preposto, Emergenze/Incendio, Ruolo/RSPP, Nomine, Formazione specifica, Formazione, Ruolo/RLS. In questa pagina TALES OF SICURIX il PERICOLO prende forma... e il METODO81+ lo rimette in ordine, passo dopo passo. Immagina la scena: prima il caos, poi la checklist che sistema tutto. Mettere ordine ora costa poco. Rimediare dopo costa caro.
👉 Iscriviti al corso: Corso privacy destinato ai lavoratori -> https://81plus.net/?corso=corso-privacy-destinato-ai-lavoratori
▶️ YouTube: youtube.com/@sicurissimo
Contenuto informativo. Prima vedi. Poi sistemi. 81plus.net",Corso privacy destinato ai lavoratori,https://81plus.net/?corso=corso-privacy-destinato-ai-lavoratori,#TalesOfSicurix #SICURIX #Metodo81 #81plus #Sicurissimo #Privacy #Sicurezza #SicurezzaSulLavoro,SICURIX_TALES_722009_10_0_9_13_1_3_7_5_11_2_12_4.webp,https://drive.google.com/drive/folders/1hICKXdl9JTZBL1pemG19oE_661z-EH_k,IMG_ERR
28.99.92,Manifattura,C,Privacy+Sicurezza+HACCP+Ambientale,12,Informativa e Consensi | Rischio Rumore | Gestione Allergeni | Formazione Generale Lavoratori | Corso Alimentarista | Addetto Primo Soccorso | Formazione Ambientale | Documento Valutazione Rischi (DVR) | Attrezzature e Macchine | Uso e Formazione DPI | Manuale HACCP di Autocontrollo | Addetto Antincendio,GDPR art.13 | D.Lgs81/08 Tit.VIII | Reg.UE 1169/2011 | Accordo Stato-Regioni | Reg.CE 852/2004 | DM 388/2003 | D.Lgs152/06 | D.Lgs81/08 art.28 | D.Lgs81/08 Tit.III | D.Lgs81/08 art.77 | DM 2/9/2021,"TRACCIX>SPYIX, TRACCIX>RISKIX, LUXPECTORIX>TEMPORIX, TRACCIX>ØTIX, CHECKIX>RISKIX, CIFRIX>RISKIX, FORMIX>CAOSIX, CONSENSIX>IMPROVVISIX, PRIVACIX>VOLTIX, PRIVACIX>MULTIX, PREPOSTIX>RISKIX, CHEFIX>SEGNALEX","Crea una PAGINA A FUMETTI a STORIA COMPLETA, verticale A4 (1024x1536), QUALITA' EDITORIALE DA STAMPA, stile ufficiale 'SICURIX TALES' IDENTICO alle immagini di riferimento allegate (stessi personaggi a mattoncini 3D, stessa impaginazione, stessi colori, stesse rese): minifigure espressive, ambientazioni ricche e dettagliate del settore, luci morbide, profondita', bordi vignetta netti. IMPAGINAZIONE OBBLIGATORIA: da 10 a 12 VIGNETTE numerate che raccontano UNA STORIA con arco narrativo completo (1 situazione normale -> 2-4 arrivano i pericoli coi cattivi -> 5-6 tensione/conseguenza -> 7-9 arriva SICURIX con gli eroi e applica il METODO81+ passo per passo -> 10-11 risoluzione ordinata -> 12 finale). HEADER in alto: SICURIX (mantello, medaglione arancione '81+', bussola) che presenta in un fumetto; grande titolo 'SICURIX TALES'; sottotitolo 'MANIFATTURA: Pericolo vs Soluzione con Metodo 81+'; legenda 3 voci (verde Sicurezza, rosso Rischio, blu 81+ Soluzione); fila di EROI coi nomi: TRACCIX, LUXPECTORIX, CHECKIX, CIFRIX, FORMIX, CONSENSIX. FOOTER in basso: grande 'Prima vedi. Poi sistemi.'; banner scudo verde 'PROTEGGIAMO. PREVENIAMO. MIGLIORIAMO.' e triangolo rosso 'DISATTENZIONE. RISCHI. COSTI. CAOS.'; logo '81+' + '81plus.net'. TRAMA (usa questi eventi come vignette; se sono meno di 10 aggiungi vignette di contesto, dialogo e reazione per arrivare a 10-12): 1) SPYIX causa il pericolo 'Documento' (Informativa e Consensi); poi TRACCIX+SICURIX applicano il METODO81+; 2) RISKIX causa il pericolo 'Rumore' (Rischio Rumore); poi TRACCIX+SICURIX applicano il METODO81+; 3) TEMPORIX causa il pericolo 'Allergeni' (Gestione Allergeni); poi LUXPECTORIX+SICURIX applicano il METODO81+; 4) ØTIX causa il pericolo 'Formazione base' (Formazione Generale Lavoratori); poi TRACCIX+SICURIX applicano il METODO81+; 5) RISKIX causa il pericolo 'Corso' (Corso Alimentarista); poi CHECKIX+SICURIX applicano il METODO81+; 6) RISKIX causa il pericolo 'Emergenze/Soccorso' (Addetto Primo Soccorso); poi CIFRIX+SICURIX applicano il METODO81+; 7) CAOSIX causa il pericolo 'Formazione' (Formazione Ambientale); poi FORMIX+SICURIX applicano il METODO81+; 8) IMPROVVISIX causa il pericolo 'Documento' (Documento Valutazione Rischi (DVR)); poi CONSENSIX+SICURIX applicano il METODO81+; 9) VOLTIX causa il pericolo 'Attrezzature' (Attrezzature e Macchine); poi PRIVACIX+SICURIX applicano il METODO81+; 10) MULTIX causa il pericolo 'DPI' (Uso e Formazione DPI); poi PRIVACIX+SICURIX applicano il METODO81+; 11) RISKIX causa il pericolo 'Documento' (Manuale HACCP di Autocontrollo); poi PREPOSTIX+SICURIX applicano il METODO81+; 12) SEGNALEX causa il pericolo 'Emergenze/Incendio' (Addetto Antincendio); poi CHEFIX+SICURIX applicano il METODO81+. PALETTE BRAND ESCLUSIVA: nero #05050A, bianco panna, arancione #FF6A1A/#E8501A; ROSSO solo per 'PERICOLO', VERDE per la checklist 'Metodo 81+'. Logo '81+' ben visibile in OGNI vignetta. REGOLA STORIA: SICURIX NON agisce mai da solo - in OGNI vignetta di soluzione si fa AIUTARE dai suoi colleghi EROI (lavoro di squadra, ognuno col suo ruolo). TESTO: didascalie e fumetti MOLTO BREVI (1-4 parole), GRANDI, centrati, in ITALIANO con ORTOGRAFIA PERFETTA, senza parole inventate, lettere doppie errate o testo tagliato. CATTIVI (coerenti col canone): SPYIX, RISKIX, TEMPORIX, ØTIX, CAOSIX, IMPROVVISIX, VOLTIX, MULTIX, SEGNALEX. EROI: TRACCIX, LUXPECTORIX, CHECKIX, CIFRIX, FORMIX, CONSENSIX, PRIVACIX, PREPOSTIX, CHEFIX. NEGATIVE: nessun marchio LEGO reale, nessun personaggio protetto (Asterix ecc.), niente gore/horror, niente claim assoluti ('rischio zero','garantito','zero multe').",La differenza tra chi in Manifattura dorme sereno e chi trema al controllo,"In Manifattura c'e' un obbligo che in tanti scoprono solo con la sanzione

In manifattura gli adempimenti obbligatori non aspettano: Documento, Rumore, Allergeni, Formazione base, Corso, Emergenze/Soccorso, Formazione, Attrezzature, DPI, Emergenze/Incendio. In questa pagina TALES OF SICURIX il PERICOLO prende forma... e il METODO81+ lo rimette in ordine, passo dopo passo. Immagina la scena: prima il caos, poi la checklist che sistema tutto. Non e' burocrazia: e' la tua tranquillita.
👉 Iscriviti al corso: Corso privacy destinato ai lavoratori -> https://81plus.net/?corso=corso-privacy-destinato-ai-lavoratori
▶️ YouTube: youtube.com/@sicurissimo
Contenuto informativo. Prima vedi. Poi sistemi. 81plus.net",Corso privacy destinato ai lavoratori,https://81plus.net/?corso=corso-privacy-destinato-ai-lavoratori,#TalesOfSicurix #SICURIX #Metodo81 #81plus #Sicurissimo #Privacy #Sicurezza #HACCP #Ambientale #SicurezzaSulLavoro,SICURIX_TALES_289992_21_12_20_1_15_6_27_0_13_8_14_7.webp,https://drive.google.com/drive/folders/1hICKXdl9JTZBL1pemG19oE_661z-EH_k,IMG_ERR
86.99.03,Arte/Sport,R,Privacy+HACCP+Sicurezza,10,Registro dei Trattamenti | Piano di Sanificazione | Nomina Incaricati/Responsabili | Documento Valutazione Rischi (DVR) | Addetto Antincendio | Formazione GDPR | Manuale HACCP di Autocontrollo | Uso e Formazione DPI | Procedura Data Breach | Controllo Temperature e Celle,GDPR art.30 | Reg.CE 852/2004 | GDPR art.28-29 | D.Lgs81/08 art.28 | DM 2/9/2021 | GDPR art.32 | D.Lgs81/08 art.77 | GDPR art.33-34,"SICURIX>PERMISSIONIX, CONSENSIX>SCADUTIX, HYGIENIX>SPYIX, LUXPECTORIX>SCIVOLIX, PRIVACIX>BIOXIX, CIFRIX>MULTIX, PREPOSTIX>CAOSIX, BLINKIX>TAGLIX, FORMIX>IMPROVVISIX, FORMIX>MESCOLIX","Crea una PAGINA A FUMETTI a STORIA COMPLETA, verticale A4 (1024x1536), QUALITA' EDITORIALE DA STAMPA, stile ufficiale 'SICURIX TALES' IDENTICO alle immagini di riferimento allegate (stessi personaggi a mattoncini 3D, stessa impaginazione, stessi colori, stesse rese): minifigure espressive, ambientazioni ricche e dettagliate del settore, luci morbide, profondita', bordi vignetta netti. IMPAGINAZIONE OBBLIGATORIA: da 10 a 12 VIGNETTE numerate che raccontano UNA STORIA con arco narrativo completo (1 situazione normale -> 2-4 arrivano i pericoli coi cattivi -> 5-6 tensione/conseguenza -> 7-9 arriva SICURIX con gli eroi e applica il METODO81+ passo per passo -> 10-11 risoluzione ordinata -> 12 finale). HEADER in alto: SICURIX (mantello, medaglione arancione '81+', bussola) che presenta in un fumetto; grande titolo 'SICURIX TALES'; sottotitolo 'ARTE/SPORT: Pericolo vs Soluzione con Metodo 81+'; legenda 3 voci (verde Sicurezza, rosso Rischio, blu 81+ Soluzione); fila di EROI coi nomi: SICURIX, CONSENSIX, HYGIENIX, LUXPECTORIX, PRIVACIX, CIFRIX. FOOTER in basso: grande 'Prima vedi. Poi sistemi.'; banner scudo verde 'PROTEGGIAMO. PREVENIAMO. MIGLIORIAMO.' e triangolo rosso 'DISATTENZIONE. RISCHI. COSTI. CAOS.'; logo '81+' + '81plus.net'. TRAMA (usa questi eventi come vignette; se sono meno di 10 aggiungi vignette di contesto, dialogo e reazione per arrivare a 10-12): 1) PERMISSIONIX causa il pericolo 'Registro' (Registro dei Trattamenti); poi SICURIX+SICURIX applicano il METODO81+; 2) SCADUTIX causa il pericolo 'Sanificazione' (Piano di Sanificazione); poi CONSENSIX+SICURIX applicano il METODO81+; 3) SPYIX causa il pericolo 'Nomine' (Nomina Incaricati/Responsabili); poi HYGIENIX+SICURIX applicano il METODO81+; 4) SCIVOLIX causa il pericolo 'Documento' (Documento Valutazione Rischi (DVR)); poi LUXPECTORIX+SICURIX applicano il METODO81+; 5) BIOXIX causa il pericolo 'Emergenze/Incendio' (Addetto Antincendio); poi PRIVACIX+SICURIX applicano il METODO81+; 6) MULTIX causa il pericolo 'Formazione' (Formazione GDPR); poi CIFRIX+SICURIX applicano il METODO81+; 7) CAOSIX causa il pericolo 'Documento' (Manuale HACCP di Autocontrollo); poi PREPOSTIX+SICURIX applicano il METODO81+; 8) TAGLIX causa il pericolo 'DPI' (Uso e Formazione DPI); poi BLINKIX+SICURIX applicano il METODO81+; 9) IMPROVVISIX causa il pericolo 'Data breach' (Procedura Data Breach); poi FORMIX+SICURIX applicano il METODO81+; 10) MESCOLIX causa il pericolo 'Temperature' (Controllo Temperature e Celle); poi FORMIX+SICURIX applicano il METODO81+. PALETTE BRAND ESCLUSIVA: nero #05050A, bianco panna, arancione #FF6A1A/#E8501A; ROSSO solo per 'PERICOLO', VERDE per la checklist 'Metodo 81+'. Logo '81+' ben visibile in OGNI vignetta. REGOLA STORIA: SICURIX NON agisce mai da solo - in OGNI vignetta di soluzione si fa AIUTARE dai suoi colleghi EROI (lavoro di squadra, ognuno col suo ruolo). TESTO: didascalie e fumetti MOLTO BREVI (1-4 parole), GRANDI, centrati, in ITALIANO con ORTOGRAFIA PERFETTA, senza parole inventate, lettere doppie errate o testo tagliato. CATTIVI (coerenti col canone): PERMISSIONIX, SCADUTIX, SPYIX, SCIVOLIX, BIOXIX, MULTIX, CAOSIX, TAGLIX, IMPROVVISIX, MESCOLIX. EROI: SICURIX, CONSENSIX, HYGIENIX, LUXPECTORIX, PRIVACIX, CIFRIX, PREPOSTIX, BLINKIX, FORMIX. NEGATIVE: nessun marchio LEGO reale, nessun personaggio protetto (Asterix ecc.), niente gore/horror, niente claim assoluti ('rischio zero','garantito','zero multe').",Arte/Sport: 3 minuti oggi o un problema enorme domani. Scegli tu.,"In Arte/Sport c'e' un obbligo che in tanti scoprono solo con la sanzione

In arte/sport gli adempimenti obbligatori non aspettano: Registro, Sanificazione, Nomine, Documento, Emergenze/Incendio, Formazione, DPI, Data breach, Temperature. In questa pagina TALES OF SICURIX il PERICOLO prende forma... e il METODO81+ lo rimette in ordine, passo dopo passo. Immagina la scena: prima il caos, poi la checklist che sistema tutto. La regola c'e' gia': tu falla lavorare per te.
👉 Iscriviti al corso: Corso privacy destinato ai lavoratori -> https://81plus.net/?corso=corso-privacy-destinato-ai-lavoratori
▶️ YouTube: youtube.com/@sicurissimo
Contenuto informativo. Prima vedi. Poi sistemi. 81plus.net",Corso privacy destinato ai lavoratori,https://81plus.net/?corso=corso-privacy-destinato-ai-lavoratori,#TalesOfSicurix #SICURIX #Metodo81 #81plus #Sicurissimo #Privacy #HACCP #Sicurezza #SicurezzaSulLavoro,SICURIX_TALES_869903_20_14_21_0_7_22_12_8_23_16.webp,https://drive.google.com/drive/folders/1hICKXdl9JTZBL1pemG19oE_661z-EH_k,IMG_ERR
50.40.00,Trasporti/Magazzino,H,Sicurezza+Privacy+Ambientale,12,Uso e Formazione DPI | Procedura Data Breach | Rischio Rumore | Carrellista / Muletto | Movimentazione Manuale Carichi | Registro dei Trattamenti | Documento Valutazione Rischi (DVR) | Formazione Specifica (rischio alto) | Formazione Generale Lavoratori | Gestione Rifiuti e Registro | Nomina Incaricati/Responsabili | Attrezzature e Macchine,D.Lgs81/08 art.77 | GDPR art.33-34 | D.Lgs81/08 Tit.VIII | Accordo Stato-Regioni | D.Lgs81/08 Tit.VI | GDPR art.30 | D.Lgs81/08 art.28 | D.Lgs152/06 | GDPR art.28-29 | D.Lgs81/08 Tit.III,"DOCUMIX>SEGNALEX, SICURIX>FRETTIX, SCUDIX>VOLTIX, PRIVACIX>BIOXIX, SICURIX>IMPROVVISIX, CIFRIX>CAOSIX, FORMIX>CAOSIX, CHEFIX>RUMORIX, HYGIENIX>VOLTIX, PRIVACIX>IMPROVVISIX, SCUDIX>SPYIX, CIFRIX>VOLTIX","Crea una PAGINA A FUMETTI a STORIA COMPLETA, verticale A4 (1024x1536), QUALITA' EDITORIALE DA STAMPA, stile ufficiale 'SICURIX TALES' IDENTICO alle immagini di riferimento allegate (stessi personaggi a mattoncini 3D, stessa impaginazione, stessi colori, stesse rese): minifigure espressive, ambientazioni ricche e dettagliate del settore, luci morbide, profondita', bordi vignetta netti. IMPAGINAZIONE OBBLIGATORIA: da 10 a 12 VIGNETTE numerate che raccontano UNA STORIA con arco narrativo completo (1 situazione normale -> 2-4 arrivano i pericoli coi cattivi -> 5-6 tensione/conseguenza -> 7-9 arriva SICURIX con gli eroi e applica il METODO81+ passo per passo -> 10-11 risoluzione ordinata -> 12 finale). HEADER in alto: SICURIX (mantello, medaglione arancione '81+', bussola) che presenta in un fumetto; grande titolo 'SICURIX TALES'; sottotitolo 'TRASPORTI/MAGAZZINO: Pericolo vs Soluzione con Metodo 81+'; legenda 3 voci (verde Sicurezza, rosso Rischio, blu 81+ Soluzione); fila di EROI coi nomi: DOCUMIX, SICURIX, SCUDIX, PRIVACIX, CIFRIX, FORMIX. FOOTER in basso: grande 'Prima vedi. Poi sistemi.'; banner scudo verde 'PROTEGGIAMO. PREVENIAMO. MIGLIORIAMO.' e triangolo rosso 'DISATTENZIONE. RISCHI. COSTI. CAOS.'; logo '81+' + '81plus.net'. TRAMA (usa questi eventi come vignette; se sono meno di 10 aggiungi vignette di contesto, dialogo e reazione per arrivare a 10-12): 1) SEGNALEX causa il pericolo 'DPI' (Uso e Formazione DPI); poi DOCUMIX+SICURIX applicano il METODO81+; 2) FRETTIX causa il pericolo 'Data breach' (Procedura Data Breach); poi SICURIX+SICURIX applicano il METODO81+; 3) VOLTIX causa il pericolo 'Rumore' (Rischio Rumore); poi SCUDIX+SICURIX applicano il METODO81+; 4) BIOXIX causa il pericolo 'Carrelli' (Carrellista / Muletto); poi PRIVACIX+SICURIX applicano il METODO81+; 5) IMPROVVISIX causa il pericolo 'MMC' (Movimentazione Manuale Carichi); poi SICURIX+SICURIX applicano il METODO81+; 6) CAOSIX causa il pericolo 'Registro' (Registro dei Trattamenti); poi CIFRIX+SICURIX applicano il METODO81+; 7) CAOSIX causa il pericolo 'Documento' (Documento Valutazione Rischi (DVR)); poi FORMIX+SICURIX applicano il METODO81+; 8) RUMORIX causa il pericolo 'Formazione specifica' (Formazione Specifica (rischio alto)); poi CHEFIX+SICURIX applicano il METODO81+; 9) VOLTIX causa il pericolo 'Formazione base' (Formazione Generale Lavoratori); poi HYGIENIX+SICURIX applicano il METODO81+; 10) IMPROVVISIX causa il pericolo 'Rifiuti' (Gestione Rifiuti e Registro); poi PRIVACIX+SICURIX applicano il METODO81+; 11) SPYIX causa il pericolo 'Nomine' (Nomina Incaricati/Responsabili); poi SCUDIX+SICURIX applicano il METODO81+; 12) VOLTIX causa il pericolo 'Attrezzature' (Attrezzature e Macchine); poi CIFRIX+SICURIX applicano il METODO81+. PALETTE BRAND ESCLUSIVA: nero #05050A, bianco panna, arancione #FF6A1A/#E8501A; ROSSO solo per 'PERICOLO', VERDE per la checklist 'Metodo 81+'. Logo '81+' ben visibile in OGNI vignetta. REGOLA STORIA: SICURIX NON agisce mai da solo - in OGNI vignetta di soluzione si fa AIUTARE dai suoi colleghi EROI (lavoro di squadra, ognuno col suo ruolo). TESTO: didascalie e fumetti MOLTO BREVI (1-4 parole), GRANDI, centrati, in ITALIANO con ORTOGRAFIA PERFETTA, senza parole inventate, lettere doppie errate o testo tagliato. CATTIVI (coerenti col canone): SEGNALEX, FRETTIX, VOLTIX, BIOXIX, IMPROVVISIX, CAOSIX, RUMORIX, SPYIX. EROI: DOCUMIX, SICURIX, SCUDIX, PRIVACIX, CIFRIX, FORMIX, CHEFIX, HYGIENIX. NEGATIVE: nessun marchio LEGO reale, nessun personaggio protetto (Asterix ecc.), niente gore/horror, niente claim assoluti ('rischio zero','garantito','zero multe').","In Trasporti/Magazzino non e' 'se' arriva il controllo, e' 'quando'. Sei pronto?","In Trasporti/Magazzino non e' 'se' arriva il controllo, e' 'quando'. Sei pronto?

In trasporti/magazzino gli adempimenti obbligatori non aspettano: DPI, Data breach, Rumore, Carrelli, MMC, Registro, Documento, Formazione specifica, Formazione base, Rifiuti, Nomine, Attrezzature. In questa pagina TALES OF SICURIX il PERICOLO prende forma... e il METODO81+ lo rimette in ordine, passo dopo passo. Immagina la scena: prima il caos, poi la checklist che sistema tutto. Chi si mette in regola prima, dorme meglio dopo.
👉 Iscriviti al corso: Corso Lavori in Quota e DPI Anticaduta -> https://81plus.net/?corso=corso-lavori-in-quota-e-dpi-anticaduta
▶️ YouTube: youtube.com/@sicurissimo
Contenuto informativo. Prima vedi. Poi sistemi. 81plus.net",Corso Lavori in Quota e DPI Anticaduta,https://81plus.net/?corso=corso-lavori-in-quota-e-dpi-anticaduta,#TalesOfSicurix #SICURIX #Metodo81 #81plus #Sicurissimo #Sicurezza #Privacy #Ambientale #SicurezzaSulLavoro,SICURIX_TALES_504000_8_19_12_14_10_16_0_2_1_20_17_13.webp,https://drive.google.com/drive/folders/1hICKXdl9JTZBL1pemG19oE_661z-EH_k,IMG_ERR
47.30.00,Commercio,G,Sicurezza+HACCP+Privacy,10,Addetto Antincendio | Corso Alimentarista | Videosorveglianza a norma | Piano di Sanificazione | Movimentazione Manuale Carichi | Formazione Preposto | RSPP / Datore di Lavoro RSPP | Informativa e Consensi | Manuale HACCP di Autocontrollo | Documento Valutazione Rischi (DVR),DM 2/9/2021 | Reg.CE 852/2004 | Provv.Garante | D.Lgs81/08 Tit.VI | D.Lgs81/08 art.37 | D.Lgs81/08 art.34 | GDPR art.13 | D.Lgs81/08 art.28,"LUXPECTORIX>MULTIX, CHECKIX>IMPROVVISIX, BLINKIX>HACKIX, CIFRIX>SCADUTIX, BLINKIX>OBLIVIX, HYGIENIX>POLVERIX, CIFRIX>POLVERIX, FORMIX>CANCELIX, SCUDIX>OBLIVIX, HYGIENIX>SCHIACCIX","Crea una PAGINA A FUMETTI a STORIA COMPLETA, verticale A4 (1024x1536), QUALITA' EDITORIALE DA STAMPA, stile ufficiale 'SICURIX TALES' IDENTICO alle immagini di riferimento allegate (stessi personaggi a mattoncini 3D, stessa impaginazione, stessi colori, stesse rese): minifigure espressive, ambientazioni ricche e dettagliate del settore, luci morbide, profondita', bordi vignetta netti. IMPAGINAZIONE OBBLIGATORIA: da 10 a 12 VIGNETTE numerate che raccontano UNA STORIA con arco narrativo completo (1 situazione normale -> 2-4 arrivano i pericoli coi cattivi -> 5-6 tensione/conseguenza -> 7-9 arriva SICURIX con gli eroi e applica il METODO81+ passo per passo -> 10-11 risoluzione ordinata -> 12 finale). HEADER in alto: SICURIX (mantello, medaglione arancione '81+', bussola) che presenta in un fumetto; grande titolo 'SICURIX TALES'; sottotitolo 'COMMERCIO: Pericolo vs Soluzione con Metodo 81+'; legenda 3 voci (verde Sicurezza, rosso Rischio, blu 81+ Soluzione); fila di EROI coi nomi: LUXPECTORIX, CHECKIX, BLINKIX, CIFRIX, HYGIENIX, FORMIX. FOOTER in basso: grande 'Prima vedi. Poi sistemi.'; banner scudo verde 'PROTEGGIAMO. PREVENIAMO. MIGLIORIAMO.' e triangolo rosso 'DISATTENZIONE. RISCHI. COSTI. CAOS.'; logo '81+' + '81plus.net'. TRAMA (usa questi eventi come vignette; se sono meno di 10 aggiungi vignette di contesto, dialogo e reazione per arrivare a 10-12): 1) MULTIX causa il pericolo 'Emergenze/Incendio' (Addetto Antincendio); poi LUXPECTORIX+SICURIX applicano il METODO81+; 2) IMPROVVISIX causa il pericolo 'Corso' (Corso Alimentarista); poi CHECKIX+SICURIX applicano il METODO81+; 3) HACKIX causa il pericolo 'Videosorveglianza' (Videosorveglianza a norma); poi BLINKIX+SICURIX applicano il METODO81+; 4) SCADUTIX causa il pericolo 'Sanificazione' (Piano di Sanificazione); poi CIFRIX+SICURIX applicano il METODO81+; 5) OBLIVIX causa il pericolo 'MMC' (Movimentazione Manuale Carichi); poi BLINKIX+SICURIX applicano il METODO81+; 6) POLVERIX causa il pericolo 'Ruolo/Preposto' (Formazione Preposto); poi HYGIENIX+SICURIX applicano il METODO81+; 7) POLVERIX causa il pericolo 'Ruolo/RSPP' (RSPP / Datore di Lavoro RSPP); poi CIFRIX+SICURIX applicano il METODO81+; 8) CANCELIX causa il pericolo 'Documento' (Informativa e Consensi); poi FORMIX+SICURIX applicano il METODO81+; 9) OBLIVIX causa il pericolo 'Documento' (Manuale HACCP di Autocontrollo); poi SCUDIX+SICURIX applicano il METODO81+; 10) SCHIACCIX causa il pericolo 'Documento' (Documento Valutazione Rischi (DVR)); poi HYGIENIX+SICURIX applicano il METODO81+. PALETTE BRAND ESCLUSIVA: nero #05050A, bianco panna, arancione #FF6A1A/#E8501A; ROSSO solo per 'PERICOLO', VERDE per la checklist 'Metodo 81+'. Logo '81+' ben visibile in OGNI vignetta. REGOLA STORIA: SICURIX NON agisce mai da solo - in OGNI vignetta di soluzione si fa AIUTARE dai suoi colleghi EROI (lavoro di squadra, ognuno col suo ruolo). TESTO: didascalie e fumetti MOLTO BREVI (1-4 parole), GRANDI, centrati, in ITALIANO con ORTOGRAFIA PERFETTA, senza parole inventate, lettere doppie errate o testo tagliato. CATTIVI (coerenti col canone): MULTIX, IMPROVVISIX, HACKIX, SCADUTIX, OBLIVIX, POLVERIX, CANCELIX, SCHIACCIX. EROI: LUXPECTORIX, CHECKIX, BLINKIX, CIFRIX, HYGIENIX, FORMIX, SCUDIX. NEGATIVE: nessun marchio LEGO reale, nessun personaggio protetto (Asterix ecc.), niente gore/horror, niente claim assoluti ('rischio zero','garantito','zero multe').",Commercio: 3 minuti oggi o un problema enorme domani. Scegli tu.,"Commercio: 3 minuti oggi o un problema enorme domani. Scegli tu.

In commercio gli adempimenti obbligatori non aspettano: Emergenze/Incendio, Corso, Videosorveglianza, Sanificazione, MMC, Ruolo/Preposto, Ruolo/RSPP, Documento. In questa pagina TALES OF SICURIX il PERICOLO prende forma... e il METODO81+ lo rimette in ordine, passo dopo passo. Immagina la scena: prima il caos, poi la checklist che sistema tutto. Non e' burocrazia: e' la tua tranquillita.
👉 Iscriviti al corso: Corso antincendio livello 1 -> https://81plus.net/?corso=corso-antincendio-livello-1
▶️ YouTube: youtube.com/@sicurissimo
Contenuto informativo. Prima vedi. Poi sistemi. 81plus.net",Corso antincendio livello 1,https://81plus.net/?corso=corso-antincendio-livello-1,#TalesOfSicurix #SICURIX #Metodo81 #81plus #Sicurissimo #Sicurezza #HACCP #Privacy #SicurezzaSulLavoro,SICURIX_TALES_473000_7_13_24_14_10_3_5_19_12_0.webp,https://drive.google.com/drive/folders/1hICKXdl9JTZBL1pemG19oE_661z-EH_k,IMG_ERR
01.61.91,Agricoltura,A,Privacy+Sicurezza+HACCP,10,Formazione GDPR | Procedura Data Breach | Rappresentante Lavoratori Sicurezza (RLS) | Sorveglianza Sanitaria / Medico Competente | Attrezzature e Macchine | Piano di Sanificazione | Corso Alimentarista | Gestione Allergeni | Lotta agli Infestanti (Pest Control) | Manuale HACCP di Autocontrollo,GDPR art.32 | GDPR art.33-34 | D.Lgs81/08 art.47 | D.Lgs81/08 art.41 | D.Lgs81/08 Tit.III | Reg.CE 852/2004 | Reg.UE 1169/2011,"TRACCIX>CANCELIX, CHEFIX>OBLIVIX, CIFRIX>NONDPIX, CHECKIX>FUMIX, TRACCIX>SOTTOVALUTIX, ROBOTIX81>RISKIX, HYGIENIX>CAOSIX, PREPOSTIX>MESCOLIX, LUXPECTORIX>MESCOLIX, ROBOTIX81>FRETTIX","Crea una PAGINA A FUMETTI a STORIA COMPLETA, verticale A4 (1024x1536), QUALITA' EDITORIALE DA STAMPA, stile ufficiale 'SICURIX TALES' IDENTICO alle immagini di riferimento allegate (stessi personaggi a mattoncini 3D, stessa impaginazione, stessi colori, stesse rese): minifigure espressive, ambientazioni ricche e dettagliate del settore, luci morbide, profondita', bordi vignetta netti. IMPAGINAZIONE OBBLIGATORIA: da 10 a 12 VIGNETTE numerate che raccontano UNA STORIA con arco narrativo completo (1 situazione normale -> 2-4 arrivano i pericoli coi cattivi -> 5-6 tensione/conseguenza -> 7-9 arriva SICURIX con gli eroi e applica il METODO81+ passo per passo -> 10-11 risoluzione ordinata -> 12 finale). HEADER in alto: SICURIX (mantello, medaglione arancione '81+', bussola) che presenta in un fumetto; grande titolo 'SICURIX TALES'; sottotitolo 'AGRICOLTURA: Pericolo vs Soluzione con Metodo 81+'; legenda 3 voci (verde Sicurezza, rosso Rischio, blu 81+ Soluzione); fila di EROI coi nomi: TRACCIX, CHEFIX, CIFRIX, CHECKIX, ROBOTIX81, HYGIENIX. FOOTER in basso: grande 'Prima vedi. Poi sistemi.'; banner scudo verde 'PROTEGGIAMO. PREVENIAMO. MIGLIORIAMO.' e triangolo rosso 'DISATTENZIONE. RISCHI. COSTI. CAOS.'; logo '81+' + '81plus.net'. TRAMA (usa questi eventi come vignette; se sono meno di 10 aggiungi vignette di contesto, dialogo e reazione per arrivare a 10-12): 1) CANCELIX causa il pericolo 'Formazione' (Formazione GDPR); poi TRACCIX+SICURIX applicano il METODO81+; 2) OBLIVIX causa il pericolo 'Data breach' (Procedura Data Breach); poi CHEFIX+SICURIX applicano il METODO81+; 3) NONDPIX causa il pericolo 'Ruolo/RLS' (Rappresentante Lavoratori Sicurezza (RLS)); poi CIFRIX+SICURIX applicano il METODO81+; 4) FUMIX causa il pericolo 'Sorveglianza sanitaria' (Sorveglianza Sanitaria / Medico Competente); poi CHECKIX+SICURIX applicano il METODO81+; 5) SOTTOVALUTIX causa il pericolo 'Attrezzature' (Attrezzature e Macchine); poi TRACCIX+SICURIX applicano il METODO81+; 6) RISKIX causa il pericolo 'Sanificazione' (Piano di Sanificazione); poi ROBOTIX81+SICURIX applicano il METODO81+; 7) CAOSIX causa il pericolo 'Corso' (Corso Alimentarista); poi HYGIENIX+SICURIX applicano il METODO81+; 8) MESCOLIX causa il pericolo 'Allergeni' (Gestione Allergeni); poi PREPOSTIX+SICURIX applicano il METODO81+; 9) MESCOLIX causa il pericolo 'Infestanti' (Lotta agli Infestanti (Pest Control)); poi LUXPECTORIX+SICURIX applicano il METODO81+; 10) FRETTIX causa il pericolo 'Documento' (Manuale HACCP di Autocontrollo); poi ROBOTIX81+SICURIX applicano il METODO81+. PALETTE BRAND ESCLUSIVA: nero #05050A, bianco panna, arancione #FF6A1A/#E8501A; ROSSO solo per 'PERICOLO', VERDE per la checklist 'Metodo 81+'. Logo '81+' ben visibile in OGNI vignetta. REGOLA STORIA: SICURIX NON agisce mai da solo - in OGNI vignetta di soluzione si fa AIUTARE dai suoi colleghi EROI (lavoro di squadra, ognuno col suo ruolo). TESTO: didascalie e fumetti MOLTO BREVI (1-4 parole), GRANDI, centrati, in ITALIANO con ORTOGRAFIA PERFETTA, senza parole inventate, lettere doppie errate o testo tagliato. CATTIVI (coerenti col canone): CANCELIX, OBLIVIX, NONDPIX, FUMIX, SOTTOVALUTIX, RISKIX, CAOSIX, MESCOLIX, FRETTIX. EROI: TRACCIX, CHEFIX, CIFRIX, CHECKIX, ROBOTIX81, HYGIENIX, PREPOSTIX, LUXPECTORIX. NEGATIVE: nessun marchio LEGO reale, nessun personaggio protetto (Asterix ecc.), niente gore/horror, niente claim assoluti ('rischio zero','garantito','zero multe').","In Agricoltura non e' 'se' arriva il controllo, e' 'quando'. Sei pronto?","In Agricoltura non e' 'se' arriva il controllo, e' 'quando'. Sei pronto?

In agricoltura gli adempimenti obbligatori non aspettano: Formazione, Data breach, Ruolo/RLS, Sorveglianza sanitaria, Attrezzature, Sanificazione, Corso, Allergeni, Infestanti, Documento. In questa pagina TALES OF SICURIX il PERICOLO prende forma... e il METODO81+ lo rimette in ordine, passo dopo passo. Immagina la scena: prima il caos, poi la checklist che sistema tutto. Mettere ordine ora costa poco. Rimediare dopo costa caro.
👉 Iscriviti al corso: GDPR 2016/679: privacy e trattamento dei dati personali -> https://81plus.net/?corso=gdpr-2016-679-privacy-e-trattamento-dei-dati-personali
▶️ YouTube: youtube.com/@sicurissimo
Contenuto informativo. Prima vedi. Poi sistemi. 81plus.net",GDPR 2016/679: privacy e trattamento dei dati personali,https://81plus.net/?corso=gdpr-2016-679-privacy-e-trattamento-dei-dati-personali,#TalesOfSicurix #SICURIX #Metodo81 #81plus #Sicurissimo #Privacy #Sicurezza #HACCP #SicurezzaSulLavoro,SICURIX_TALES_016191_25_26_4_9_13_17_16_21_20_15.webp,https://drive.google.com/drive/folders/1hICKXdl9JTZBL1pemG19oE_661z-EH_k,IMG_ERR
95.29.30,Famiglie datori,T,Sicurezza+Privacy,11,Formazione Generale Lavoratori | Informativa e Consensi | Rappresentante Lavoratori Sicurezza (RLS) | Formazione GDPR | Formazione Specifica (rischio basso) | Registro dei Trattamenti | Addetto Primo Soccorso | RSPP / Datore di Lavoro RSPP | Nomina Incaricati/Responsabili | Procedura Data Breach | Addetto Antincendio,Accordo Stato-Regioni | GDPR art.13 | D.Lgs81/08 art.47 | GDPR art.32 | GDPR art.30 | DM 388/2003 | D.Lgs81/08 art.34 | GDPR art.28-29 | GDPR art.33-34 | DM 2/9/2021,"ROBOTIX81>IMPROVVISIX, HYGIENIX>CAOSIX, LUXPECTORIX>OBLIVIX, PREPOSTIX>LEAKIX, DOCUMIX>RISKIX, CIFRIX>CAOSIX, DOCUMIX>MULTIX, DOCUMIX>BIOXIX, SICURIX>SPYIX, ROBOTIX81>CAOSIX, FORMIX>CADUTIX","Crea una PAGINA A FUMETTI a STORIA COMPLETA, verticale A4 (1024x1536), QUALITA' EDITORIALE DA STAMPA, stile ufficiale 'SICURIX TALES' IDENTICO alle immagini di riferimento allegate (stessi personaggi a mattoncini 3D, stessa impaginazione, stessi colori, stesse rese): minifigure espressive, ambientazioni ricche e dettagliate del settore, luci morbide, profondita', bordi vignetta netti. IMPAGINAZIONE OBBLIGATORIA: da 10 a 12 VIGNETTE numerate che raccontano UNA STORIA con arco narrativo completo (1 situazione normale -> 2-4 arrivano i pericoli coi cattivi -> 5-6 tensione/conseguenza -> 7-9 arriva SICURIX con gli eroi e applica il METODO81+ passo per passo -> 10-11 risoluzione ordinata -> 12 finale). HEADER in alto: SICURIX (mantello, medaglione arancione '81+', bussola) che presenta in un fumetto; grande titolo 'SICURIX TALES'; sottotitolo 'FAMIGLIE DATORI: Pericolo vs Soluzione con Metodo 81+'; legenda 3 voci (verde Sicurezza, rosso Rischio, blu 81+ Soluzione); fila di EROI coi nomi: ROBOTIX81, HYGIENIX, LUXPECTORIX, PREPOSTIX, DOCUMIX, CIFRIX. FOOTER in basso: grande 'Prima vedi. Poi sistemi.'; banner scudo verde 'PROTEGGIAMO. PREVENIAMO. MIGLIORIAMO.' e triangolo rosso 'DISATTENZIONE. RISCHI. COSTI. CAOS.'; logo '81+' + '81plus.net'. TRAMA (usa questi eventi come vignette; se sono meno di 10 aggiungi vignette di contesto, dialogo e reazione per arrivare a 10-12): 1) IMPROVVISIX causa il pericolo 'Formazione base' (Formazione Generale Lavoratori); poi ROBOTIX81+SICURIX applicano il METODO81+; 2) CAOSIX causa il pericolo 'Documento' (Informativa e Consensi); poi HYGIENIX+SICURIX applicano il METODO81+; 3) OBLIVIX causa il pericolo 'Ruolo/RLS' (Rappresentante Lavoratori Sicurezza (RLS)); poi LUXPECTORIX+SICURIX applicano il METODO81+; 4) LEAKIX causa il pericolo 'Formazione' (Formazione GDPR); poi PREPOSTIX+SICURIX applicano il METODO81+; 5) RISKIX causa il pericolo 'Formazione specifica' (Formazione Specifica (rischio basso)); poi DOCUMIX+SICURIX applicano il METODO81+; 6) CAOSIX causa il pericolo 'Registro' (Registro dei Trattamenti); poi CIFRIX+SICURIX applicano il METODO81+; 7) MULTIX causa il pericolo 'Emergenze/Soccorso' (Addetto Primo Soccorso); poi DOCUMIX+SICURIX applicano il METODO81+; 8) BIOXIX causa il pericolo 'Ruolo/RSPP' (RSPP / Datore di Lavoro RSPP); poi DOCUMIX+SICURIX applicano il METODO81+; 9) SPYIX causa il pericolo 'Nomine' (Nomina Incaricati/Responsabili); poi SICURIX+SICURIX applicano il METODO81+; 10) CAOSIX causa il pericolo 'Data breach' (Procedura Data Breach); poi ROBOTIX81+SICURIX applicano il METODO81+; 11) CADUTIX causa il pericolo 'Emergenze/Incendio' (Addetto Antincendio); poi FORMIX+SICURIX applicano il METODO81+. PALETTE BRAND ESCLUSIVA: nero #05050A, bianco panna, arancione #FF6A1A/#E8501A; ROSSO solo per 'PERICOLO', VERDE per la checklist 'Metodo 81+'. Logo '81+' ben visibile in OGNI vignetta. REGOLA STORIA: SICURIX NON agisce mai da solo - in OGNI vignetta di soluzione si fa AIUTARE dai suoi colleghi EROI (lavoro di squadra, ognuno col suo ruolo). TESTO: didascalie e fumetti MOLTO BREVI (1-4 parole), GRANDI, centrati, in ITALIANO con ORTOGRAFIA PERFETTA, senza parole inventate, lettere doppie errate o testo tagliato. CATTIVI (coerenti col canone): IMPROVVISIX, CAOSIX, OBLIVIX, LEAKIX, RISKIX, MULTIX, BIOXIX, SPYIX, CADUTIX. EROI: ROBOTIX81, HYGIENIX, LUXPECTORIX, PREPOSTIX, DOCUMIX, CIFRIX, SICURIX, FORMIX. NEGATIVE: nessun marchio LEGO reale, nessun personaggio protetto (Asterix ecc.), niente gore/horror, niente claim assoluti ('rischio zero','garantito','zero multe').",Quello che l'ispettore controlla per primo in Famiglie datori (e quasi nessuno lo sa),"In Famiglie datori c'e' un obbligo che in tanti scoprono solo con la sanzione

In famiglie datori gli adempimenti obbligatori non aspettano: Formazione base, Documento, Ruolo/RLS, Formazione, Formazione specifica, Registro, Emergenze/Soccorso, Ruolo/RSPP, Nomine, Data breach, Emergenze/Incendio. In questa pagina TALES OF SICURIX il PERICOLO prende forma... e il METODO81+ lo rimette in ordine, passo dopo passo. Immagina la scena: prima il caos, poi la checklist che sistema tutto. La regola c'e' gia': tu falla lavorare per te.
👉 Iscriviti al corso: Corso lavoratore parte GENERALE 4 ore -> https://81plus.net/?corso=corso-lavoratore-parte-generale-4-ore
▶️ YouTube: youtube.com/@sicurissimo
Contenuto informativo. Prima vedi. Poi sistemi. 81plus.net",Corso lavoratore parte GENERALE 4 ore,https://81plus.net/?corso=corso-lavoratore-parte-generale-4-ore,#TalesOfSicurix #SICURIX #Metodo81 #81plus #Sicurissimo #Sicurezza #Privacy #SicurezzaSulLavoro,SICURIX_TALES_952930_1_9_4_12_2_10_6_5_11_13_7.webp,https://drive.google.com/drive/folders/1hICKXdl9JTZBL1pemG19oE_661z-EH_k,IMG_ERR
86.22.03,Arte/Sport,R,HACCP+Sicurezza+Privacy,10,Rintracciabilita ed Etichettatura | Lotta agli Infestanti (Pest Control) | RSPP / Datore di Lavoro RSPP | Gestione Allergeni | Corso Alimentarista | Rappresentante Lavoratori Sicurezza (RLS) | Registro dei Trattamenti | Controllo Temperature e Celle | Manuale HACCP di Autocontrollo | Movimentazione Manuale Carichi,Reg.CE 178/2002 | Reg.CE 852/2004 | D.Lgs81/08 art.34 | Reg.UE 1169/2011 | D.Lgs81/08 art.47 | GDPR art.30 | D.Lgs81/08 Tit.VI,"SICURIX>SPORCKIX, ROBOTIX81>CAOSIX, HYGIENIX>CADUTIX, CONSENSIX>TEMPORIX, CONSENSIX>RISKIX, CHECKIX>VIBRIX, BLINKIX>RISKIX, PREPOSTIX>OBLIVIX, LUXPECTORIX>MULTIX, CIFRIX>NONDPIX","Crea una PAGINA A FUMETTI a STORIA COMPLETA, verticale A4 (1024x1536), QUALITA' EDITORIALE DA STAMPA, stile ufficiale 'SICURIX TALES' IDENTICO alle immagini di riferimento allegate (stessi personaggi a mattoncini 3D, stessa impaginazione, stessi colori, stesse rese): minifigure espressive, ambientazioni ricche e dettagliate del settore, luci morbide, profondita', bordi vignetta netti. IMPAGINAZIONE OBBLIGATORIA: da 10 a 12 VIGNETTE numerate che raccontano UNA STORIA con arco narrativo completo (1 situazione normale -> 2-4 arrivano i pericoli coi cattivi -> 5-6 tensione/conseguenza -> 7-9 arriva SICURIX con gli eroi e applica il METODO81+ passo per passo -> 10-11 risoluzione ordinata -> 12 finale). HEADER in alto: SICURIX (mantello, medaglione arancione '81+', bussola) che presenta in un fumetto; grande titolo 'SICURIX TALES'; sottotitolo 'ARTE/SPORT: Pericolo vs Soluzione con Metodo 81+'; legenda 3 voci (verde Sicurezza, rosso Rischio, blu 81+ Soluzione); fila di EROI coi nomi: SICURIX, ROBOTIX81, HYGIENIX, CONSENSIX, CHECKIX, BLINKIX. FOOTER in basso: grande 'Prima vedi. Poi sistemi.'; banner scudo verde 'PROTEGGIAMO. PREVENIAMO. MIGLIORIAMO.' e triangolo rosso 'DISATTENZIONE. RISCHI. COSTI. CAOS.'; logo '81+' + '81plus.net'. TRAMA (usa questi eventi come vignette; se sono meno di 10 aggiungi vignette di contesto, dialogo e reazione per arrivare a 10-12): 1) SPORCKIX causa il pericolo 'Rintracciabilita' (Rintracciabilita ed Etichettatura); poi SICURIX+SICURIX applicano il METODO81+; 2) CAOSIX causa il pericolo 'Infestanti' (Lotta agli Infestanti (Pest Control)); poi ROBOTIX81+SICURIX applicano il METODO81+; 3) CADUTIX causa il pericolo 'Ruolo/RSPP' (RSPP / Datore di Lavoro RSPP); poi HYGIENIX+SICURIX applicano il METODO81+; 4) TEMPORIX causa il pericolo 'Allergeni' (Gestione Allergeni); poi CONSENSIX+SICURIX applicano il METODO81+; 5) RISKIX causa il pericolo 'Corso' (Corso Alimentarista); poi CONSENSIX+SICURIX applicano il METODO81+; 6) VIBRIX causa il pericolo 'Ruolo/RLS' (Rappresentante Lavoratori Sicurezza (RLS)); poi CHECKIX+SICURIX applicano il METODO81+; 7) RISKIX causa il pericolo 'Registro' (Registro dei Trattamenti); poi BLINKIX+SICURIX applicano il METODO81+; 8) OBLIVIX causa il pericolo 'Temperature' (Controllo Temperature e Celle); poi PREPOSTIX+SICURIX applicano il METODO81+; 9) MULTIX causa il pericolo 'Documento' (Manuale HACCP di Autocontrollo); poi LUXPECTORIX+SICURIX applicano il METODO81+; 10) NONDPIX causa il pericolo 'MMC' (Movimentazione Manuale Carichi); poi CIFRIX+SICURIX applicano il METODO81+. PALETTE BRAND ESCLUSIVA: nero #05050A, bianco panna, arancione #FF6A1A/#E8501A; ROSSO solo per 'PERICOLO', VERDE per la checklist 'Metodo 81+'. Logo '81+' ben visibile in OGNI vignetta. REGOLA STORIA: SICURIX NON agisce mai da solo - in OGNI vignetta di soluzione si fa AIUTARE dai suoi colleghi EROI (lavoro di squadra, ognuno col suo ruolo). TESTO: didascalie e fumetti MOLTO BREVI (1-4 parole), GRANDI, centrati, in ITALIANO con ORTOGRAFIA PERFETTA, senza parole inventate, lettere doppie errate o testo tagliato. CATTIVI (coerenti col canone): SPORCKIX, CAOSIX, CADUTIX, TEMPORIX, RISKIX, VIBRIX, OBLIVIX, MULTIX, NONDPIX. EROI: SICURIX, ROBOTIX81, HYGIENIX, CONSENSIX, CHECKIX, BLINKIX, PREPOSTIX, LUXPECTORIX, CIFRIX. NEGATIVE: nessun marchio LEGO reale, nessun personaggio protetto (Asterix ecc.), niente gore/horror, niente claim assoluti ('rischio zero','garantito','zero multe').",La differenza tra chi in Arte/Sport dorme sereno e chi trema al controllo,"Quello che l'ispettore controlla per primo in Arte/Sport (e quasi nessuno lo sa)

In arte/sport gli adempimenti obbligatori non aspettano: Rintracciabilita, Infestanti, Ruolo/RSPP, Allergeni, Corso, Ruolo/RLS, Registro, Temperature, Documento, MMC. In questa pagina TALES OF SICURIX il PERICOLO prende forma... e il METODO81+ lo rimette in ordine, passo dopo passo. Immagina la scena: prima il caos, poi la checklist che sistema tutto. Non e' burocrazia: e' la tua tranquillita.
👉 Iscriviti al corso: Manuale di rintracciabilità -> https://81plus.net/?corso=manuale-di-rintracciabilit
▶️ YouTube: youtube.com/@sicurissimo
Contenuto informativo. Prima vedi. Poi sistemi. 81plus.net",Manuale di rintracciabilità,https://81plus.net/?corso=manuale-di-rintracciabilit,#TalesOfSicurix #SICURIX #Metodo81 #81plus #Sicurissimo #HACCP #Sicurezza #Privacy #SicurezzaSulLavoro,SICURIX_TALES_862203_15_17_5_18_13_4_20_16_12_10.webp,https://drive.google.com/drive/folders/1hICKXdl9JTZBL1pemG19oE_661z-EH_k,IMG_ERR
70.10.00,Servizi alle imprese,N,Sicurezza+Privacy,10,Formazione Preposto | Registro dei Trattamenti | Formazione GDPR | Addetto Antincendio | Nomina Incaricati/Responsabili | Documento Valutazione Rischi (DVR) | Formazione Specifica (rischio basso) | Informativa e Consensi | Rappresentante Lavoratori Sicurezza (RLS) | Procedura Data Breach,D.Lgs81/08 art.37 | GDPR art.30 | GDPR art.32 | DM 2/9/2021 | GDPR art.28-29 | D.Lgs81/08 art.28 | Accordo Stato-Regioni | GDPR art.13 | D.Lgs81/08 art.47 | GDPR art.33-34,"SCUDIX>ØTIX, PREPOSTIX>LEAKIX, HYGIENIX>OBLIVIX, CHECKIX>CADUTIX, PREPOSTIX>IMPROVVISIX, BLINKIX>VIBRIX, SCUDIX>ØTIX, TRACCIX>FRETTIX, DOCUMIX>CADUTIX, SICURIX>RISKIX","Crea una PAGINA A FUMETTI a STORIA COMPLETA, verticale A4 (1024x1536), QUALITA' EDITORIALE DA STAMPA, stile ufficiale 'SICURIX TALES' IDENTICO alle immagini di riferimento allegate (stessi personaggi a mattoncini 3D, stessa impaginazione, stessi colori, stesse rese): minifigure espressive, ambientazioni ricche e dettagliate del settore, luci morbide, profondita', bordi vignetta netti. IMPAGINAZIONE OBBLIGATORIA: da 10 a 12 VIGNETTE numerate che raccontano UNA STORIA con arco narrativo completo (1 situazione normale -> 2-4 arrivano i pericoli coi cattivi -> 5-6 tensione/conseguenza -> 7-9 arriva SICURIX con gli eroi e applica il METODO81+ passo per passo -> 10-11 risoluzione ordinata -> 12 finale). HEADER in alto: SICURIX (mantello, medaglione arancione '81+', bussola) che presenta in un fumetto; grande titolo 'SICURIX TALES'; sottotitolo 'SERVIZI ALLE IMPRESE: Pericolo vs Soluzione con Metodo 81+'; legenda 3 voci (verde Sicurezza, rosso Rischio, blu 81+ Soluzione); fila di EROI coi nomi: SCUDIX, PREPOSTIX, HYGIENIX, CHECKIX, BLINKIX, TRACCIX. FOOTER in basso: grande 'Prima vedi. Poi sistemi.'; banner scudo verde 'PROTEGGIAMO. PREVENIAMO. MIGLIORIAMO.' e triangolo rosso 'DISATTENZIONE. RISCHI. COSTI. CAOS.'; logo '81+' + '81plus.net'. TRAMA (usa questi eventi come vignette; se sono meno di 10 aggiungi vignette di contesto, dialogo e reazione per arrivare a 10-12): 1) ØTIX causa il pericolo 'Ruolo/Preposto' (Formazione Preposto); poi SCUDIX+SICURIX applicano il METODO81+; 2) LEAKIX causa il pericolo 'Registro' (Registro dei Trattamenti); poi PREPOSTIX+SICURIX applicano il METODO81+; 3) OBLIVIX causa il pericolo 'Formazione' (Formazione GDPR); poi HYGIENIX+SICURIX applicano il METODO81+; 4) CADUTIX causa il pericolo 'Emergenze/Incendio' (Addetto Antincendio); poi CHECKIX+SICURIX applicano il METODO81+; 5) IMPROVVISIX causa il pericolo 'Nomine' (Nomina Incaricati/Responsabili); poi PREPOSTIX+SICURIX applicano il METODO81+; 6) VIBRIX causa il pericolo 'Documento' (Documento Valutazione Rischi (DVR)); poi BLINKIX+SICURIX applicano il METODO81+; 7) ØTIX causa il pericolo 'Formazione specifica' (Formazione Specifica (rischio basso)); poi SCUDIX+SICURIX applicano il METODO81+; 8) FRETTIX causa il pericolo 'Documento' (Informativa e Consensi); poi TRACCIX+SICURIX applicano il METODO81+; 9) CADUTIX causa il pericolo 'Ruolo/RLS' (Rappresentante Lavoratori Sicurezza (RLS)); poi DOCUMIX+SICURIX applicano il METODO81+; 10) RISKIX causa il pericolo 'Data breach' (Procedura Data Breach); poi SICURIX+SICURIX applicano il METODO81+. PALETTE BRAND ESCLUSIVA: nero #05050A, bianco panna, arancione #FF6A1A/#E8501A; ROSSO solo per 'PERICOLO', VERDE per la checklist 'Metodo 81+'. Logo '81+' ben visibile in OGNI vignetta. REGOLA STORIA: SICURIX NON agisce mai da solo - in OGNI vignetta di soluzione si fa AIUTARE dai suoi colleghi EROI (lavoro di squadra, ognuno col suo ruolo). TESTO: didascalie e fumetti MOLTO BREVI (1-4 parole), GRANDI, centrati, in ITALIANO con ORTOGRAFIA PERFETTA, senza parole inventate, lettere doppie errate o testo tagliato. CATTIVI (coerenti col canone): ØTIX, LEAKIX, OBLIVIX, CADUTIX, IMPROVVISIX, VIBRIX, FRETTIX, RISKIX. EROI: SCUDIX, PREPOSTIX, HYGIENIX, CHECKIX, BLINKIX, TRACCIX, DOCUMIX, SICURIX. NEGATIVE: nessun marchio LEGO reale, nessun personaggio protetto (Asterix ecc.), niente gore/horror, niente claim assoluti ('rischio zero','garantito','zero multe').",Quello che l'ispettore controlla per primo in Servizi alle imprese (e quasi nessuno lo sa),"In Servizi alle imprese c'e' un obbligo che in tanti scoprono solo con la sanzione

In servizi alle imprese gli adempimenti obbligatori non aspettano: Ruolo/Preposto, Registro, Formazione, Emergenze/Incendio, Nomine, Documento, Formazione specifica, Ruolo/RLS, Data breach. In questa pagina TALES OF SICURIX il PERICOLO prende forma... e il METODO81+ lo rimette in ordine, passo dopo passo. Immagina la scena: prima il caos, poi la checklist che sistema tutto. La regola c'e' gia': tu falla lavorare per te.
👉 Iscriviti al corso: Corso per Preposto -> https://81plus.net/?corso=corso-per-preposto
▶️ YouTube: youtube.com/@sicurissimo
Contenuto informativo. Prima vedi. Poi sistemi. 81plus.net",Corso per Preposto,https://81plus.net/?corso=corso-per-preposto,#TalesOfSicurix #SICURIX #Metodo81 #81plus #Sicurissimo #Sicurezza #Privacy #SicurezzaSulLavoro,SICURIX_TALES_701000_3_10_12_7_11_0_2_9_4_13.webp,https://drive.google.com/drive/folders/1hICKXdl9JTZBL1pemG19oE_661z-EH_k,IMG_ERR
29.20.00,Manifattura,C,HACCP+Sicurezza+Privacy,11,Controllo Temperature e Celle | Piano di Sanificazione | Rischio Rumore | Procedura Data Breach | Nomina Incaricati/Responsabili | Formazione Specifica (rischio alto) | Sorveglianza Sanitaria / Medico Competente | Formazione Preposto | Attrezzature e Macchine | Uso e Formazione DPI | Movimentazione Manuale Carichi,Reg.CE 852/2004 | D.Lgs81/08 Tit.VIII | GDPR art.33-34 | GDPR art.28-29 | Accordo Stato-Regioni | D.Lgs81/08 art.41 | D.Lgs81/08 art.37 | D.Lgs81/08 Tit.III | D.Lgs81/08 art.77 | D.Lgs81/08 Tit.VI,"SICURIX>SPORCKIX, SCUDIX>ACQUAIX, PREPOSTIX>CADUTIX, CHECKIX>MULTIX, CONSENSIX>SPYIX, CIFRIX>MULTIX, SCUDIX>CAOSIX, BLINKIX>VIBRIX, CIFRIX>BIOXIX, SCUDIX>TAGLIX, TRACCIX>RUMORIX","Crea una PAGINA A FUMETTI a STORIA COMPLETA, verticale A4 (1024x1536), QUALITA' EDITORIALE DA STAMPA, stile ufficiale 'SICURIX TALES' IDENTICO alle immagini di riferimento allegate (stessi personaggi a mattoncini 3D, stessa impaginazione, stessi colori, stesse rese): minifigure espressive, ambientazioni ricche e dettagliate del settore, luci morbide, profondita', bordi vignetta netti. IMPAGINAZIONE OBBLIGATORIA: da 10 a 12 VIGNETTE numerate che raccontano UNA STORIA con arco narrativo completo (1 situazione normale -> 2-4 arrivano i pericoli coi cattivi -> 5-6 tensione/conseguenza -> 7-9 arriva SICURIX con gli eroi e applica il METODO81+ passo per passo -> 10-11 risoluzione ordinata -> 12 finale). HEADER in alto: SICURIX (mantello, medaglione arancione '81+', bussola) che presenta in un fumetto; grande titolo 'SICURIX TALES'; sottotitolo 'MANIFATTURA: Pericolo vs Soluzione con Metodo 81+'; legenda 3 voci (verde Sicurezza, rosso Rischio, blu 81+ Soluzione); fila di EROI coi nomi: SICURIX, SCUDIX, PREPOSTIX, CHECKIX, CONSENSIX, CIFRIX. FOOTER in basso: grande 'Prima vedi. Poi sistemi.'; banner scudo verde 'PROTEGGIAMO. PREVENIAMO. MIGLIORIAMO.' e triangolo rosso 'DISATTENZIONE. RISCHI. COSTI. CAOS.'; logo '81+' + '81plus.net'. TRAMA (usa questi eventi come vignette; se sono meno di 10 aggiungi vignette di contesto, dialogo e reazione per arrivare a 10-12): 1) SPORCKIX causa il pericolo 'Temperature' (Controllo Temperature e Celle); poi SICURIX+SICURIX applicano il METODO81+; 2) ACQUAIX causa il pericolo 'Sanificazione' (Piano di Sanificazione); poi SCUDIX+SICURIX applicano il METODO81+; 3) CADUTIX causa il pericolo 'Rumore' (Rischio Rumore); poi PREPOSTIX+SICURIX applicano il METODO81+; 4) MULTIX causa il pericolo 'Data breach' (Procedura Data Breach); poi CHECKIX+SICURIX applicano il METODO81+; 5) SPYIX causa il pericolo 'Nomine' (Nomina Incaricati/Responsabili); poi CONSENSIX+SICURIX applicano il METODO81+; 6) MULTIX causa il pericolo 'Formazione specifica' (Formazione Specifica (rischio alto)); poi CIFRIX+SICURIX applicano il METODO81+; 7) CAOSIX causa il pericolo 'Sorveglianza sanitaria' (Sorveglianza Sanitaria / Medico Competente); poi SCUDIX+SICURIX applicano il METODO81+; 8) VIBRIX causa il pericolo 'Ruolo/Preposto' (Formazione Preposto); poi BLINKIX+SICURIX applicano il METODO81+; 9) BIOXIX causa il pericolo 'Attrezzature' (Attrezzature e Macchine); poi CIFRIX+SICURIX applicano il METODO81+; 10) TAGLIX causa il pericolo 'DPI' (Uso e Formazione DPI); poi SCUDIX+SICURIX applicano il METODO81+; 11) RUMORIX causa il pericolo 'MMC' (Movimentazione Manuale Carichi); poi TRACCIX+SICURIX applicano il METODO81+. PALETTE BRAND ESCLUSIVA: nero #05050A, bianco panna, arancione #FF6A1A/#E8501A; ROSSO solo per 'PERICOLO', VERDE per la checklist 'Metodo 81+'. Logo '81+' ben visibile in OGNI vignetta. REGOLA STORIA: SICURIX NON agisce mai da solo - in OGNI vignetta di soluzione si fa AIUTARE dai suoi colleghi EROI (lavoro di squadra, ognuno col suo ruolo). TESTO: didascalie e fumetti MOLTO BREVI (1-4 parole), GRANDI, centrati, in ITALIANO con ORTOGRAFIA PERFETTA, senza parole inventate, lettere doppie errate o testo tagliato. CATTIVI (coerenti col canone): SPORCKIX, ACQUAIX, CADUTIX, MULTIX, SPYIX, CAOSIX, VIBRIX, BIOXIX, TAGLIX, RUMORIX. EROI: SICURIX, SCUDIX, PREPOSTIX, CHECKIX, CONSENSIX, CIFRIX, BLINKIX, TRACCIX. NEGATIVE: nessun marchio LEGO reale, nessun personaggio protetto (Asterix ecc.), niente gore/horror, niente claim assoluti ('rischio zero','garantito','zero multe').",In Manifattura c'e' un obbligo che in tanti scoprono solo con la sanzione,"La differenza tra chi in Manifattura dorme sereno e chi trema al controllo

In manifattura gli adempimenti obbligatori non aspettano: Temperature, Sanificazione, Rumore, Data breach, Nomine, Formazione specifica, Sorveglianza sanitaria, Ruolo/Preposto, Attrezzature, DPI, MMC. In questa pagina TALES OF SICURIX il PERICOLO prende forma... e il METODO81+ lo rimette in ordine, passo dopo passo. Immagina la scena: prima il caos, poi la checklist che sistema tutto. Chi si mette in regola prima, dorme meglio dopo.
👉 Iscriviti al corso: Le esecuzioni civili, le procedure concorsuali e i servizi di cancelleria -> https://81plus.net/?corso=le-esecuzioni-civili-le-procedure-concorsuali-e-i-servizi-di
▶️ YouTube: youtube.com/@sicurissimo
Contenuto informativo. Prima vedi. Poi sistemi. 81plus.net","Le esecuzioni civili, le procedure concorsuali e i servizi di cancelleria",https://81plus.net/?corso=le-esecuzioni-civili-le-procedure-concorsuali-e-i-servizi-di,#TalesOfSicurix #SICURIX #Metodo81 #81plus #Sicurissimo #HACCP #Sicurezza #Privacy #SicurezzaSulLavoro,SICURIX_TALES_292000_18_16_12_25_23_2_9_3_13_8_10.webp,https://drive.google.com/drive/folders/1hICKXdl9JTZBL1pemG19oE_661z-EH_k,IMG_ERR
88.99.01,Arte/Sport,R,HACCP+Sicurezza+Privacy,10,Manuale HACCP di Autocontrollo | Formazione Generale Lavoratori | Nomina Incaricati/Responsabili | Movimentazione Manuale Carichi | Lotta agli Infestanti (Pest Control) | Gestione Allergeni | Addetto Antincendio | Rintracciabilita ed Etichettatura | Procedura Data Breach | Formazione GDPR,Reg.CE 852/2004 | Accordo Stato-Regioni | GDPR art.28-29 | D.Lgs81/08 Tit.VI | Reg.UE 1169/2011 | DM 2/9/2021 | Reg.CE 178/2002 | GDPR art.33-34 | GDPR art.32,"LUXPECTORIX>FRETTIX, CIFRIX>CADUTIX, HYGIENIX>IMPROVVISIX, CHEFIX>ØTIX, BLINKIX>SPORCKIX, DOCUMIX>SCADUTIX, TRACCIX>POLVERIX, PRIVACIX>CAOSIX, DOCUMIX>HACKIX, SCUDIX>MULTIX","Crea una PAGINA A FUMETTI a STORIA COMPLETA, verticale A4 (1024x1536), QUALITA' EDITORIALE DA STAMPA, stile ufficiale 'SICURIX TALES' IDENTICO alle immagini di riferimento allegate (stessi personaggi a mattoncini 3D, stessa impaginazione, stessi colori, stesse rese): minifigure espressive, ambientazioni ricche e dettagliate del settore, luci morbide, profondita', bordi vignetta netti. IMPAGINAZIONE OBBLIGATORIA: da 10 a 12 VIGNETTE numerate che raccontano UNA STORIA con arco narrativo completo (1 situazione normale -> 2-4 arrivano i pericoli coi cattivi -> 5-6 tensione/conseguenza -> 7-9 arriva SICURIX con gli eroi e applica il METODO81+ passo per passo -> 10-11 risoluzione ordinata -> 12 finale). HEADER in alto: SICURIX (mantello, medaglione arancione '81+', bussola) che presenta in un fumetto; grande titolo 'SICURIX TALES'; sottotitolo 'ARTE/SPORT: Pericolo vs Soluzione con Metodo 81+'; legenda 3 voci (verde Sicurezza, rosso Rischio, blu 81+ Soluzione); fila di EROI coi nomi: LUXPECTORIX, CIFRIX, HYGIENIX, CHEFIX, BLINKIX, DOCUMIX. FOOTER in basso: grande 'Prima vedi. Poi sistemi.'; banner scudo verde 'PROTEGGIAMO. PREVENIAMO. MIGLIORIAMO.' e triangolo rosso 'DISATTENZIONE. RISCHI. COSTI. CAOS.'; logo '81+' + '81plus.net'. TRAMA (usa questi eventi come vignette; se sono meno di 10 aggiungi vignette di contesto, dialogo e reazione per arrivare a 10-12): 1) FRETTIX causa il pericolo 'Documento' (Manuale HACCP di Autocontrollo); poi LUXPECTORIX+SICURIX applicano il METODO81+; 2) CADUTIX causa il pericolo 'Formazione base' (Formazione Generale Lavoratori); poi CIFRIX+SICURIX applicano il METODO81+; 3) IMPROVVISIX causa il pericolo 'Nomine' (Nomina Incaricati/Responsabili); poi HYGIENIX+SICURIX applicano il METODO81+; 4) ØTIX causa il pericolo 'MMC' (Movimentazione Manuale Carichi); poi CHEFIX+SICURIX applicano il METODO81+; 5) SPORCKIX causa il pericolo 'Infestanti' (Lotta agli Infestanti (Pest Control)); poi BLINKIX+SICURIX applicano il METODO81+; 6) SCADUTIX causa il pericolo 'Allergeni' (Gestione Allergeni); poi DOCUMIX+SICURIX applicano il METODO81+; 7) POLVERIX causa il pericolo 'Emergenze/Incendio' (Addetto Antincendio); poi TRACCIX+SICURIX applicano il METODO81+; 8) CAOSIX causa il pericolo 'Rintracciabilita' (Rintracciabilita ed Etichettatura); poi PRIVACIX+SICURIX applicano il METODO81+; 9) HACKIX causa il pericolo 'Data breach' (Procedura Data Breach); poi DOCUMIX+SICURIX applicano il METODO81+; 10) MULTIX causa il pericolo 'Formazione' (Formazione GDPR); poi SCUDIX+SICURIX applicano il METODO81+. PALETTE BRAND ESCLUSIVA: nero #05050A, bianco panna, arancione #FF6A1A/#E8501A; ROSSO solo per 'PERICOLO', VERDE per la checklist 'Metodo 81+'. Logo '81+' ben visibile in OGNI vignetta. REGOLA STORIA: SICURIX NON agisce mai da solo - in OGNI vignetta di soluzione si fa AIUTARE dai suoi colleghi EROI (lavoro di squadra, ognuno col suo ruolo). TESTO: didascalie e fumetti MOLTO BREVI (1-4 parole), GRANDI, centrati, in ITALIANO con ORTOGRAFIA PERFETTA, senza parole inventate, lettere doppie errate o testo tagliato. CATTIVI (coerenti col canone): FRETTIX, CADUTIX, IMPROVVISIX, ØTIX, SPORCKIX, SCADUTIX, POLVERIX, CAOSIX, HACKIX, MULTIX. EROI: LUXPECTORIX, CIFRIX, HYGIENIX, CHEFIX, BLINKIX, DOCUMIX, TRACCIX, PRIVACIX, SCUDIX. NEGATIVE: nessun marchio LEGO reale, nessun personaggio protetto (Asterix ecc.), niente gore/horror, niente claim assoluti ('rischio zero','garantito','zero multe').",In Arte/Sport c'e' un obbligo che in tanti scoprono solo con la sanzione,"La differenza tra chi in Arte/Sport dorme sereno e chi trema al controllo

In arte/sport gli adempimenti obbligatori non aspettano: Documento, Formazione base, Nomine, MMC, Infestanti, Allergeni, Emergenze/Incendio, Rintracciabilita, Data breach, Formazione. In questa pagina TALES OF SICURIX il PERICOLO prende forma... e il METODO81+ lo rimette in ordine, passo dopo passo. Immagina la scena: prima il caos, poi la checklist che sistema tutto. Non e' burocrazia: e' la tua tranquillita.
👉 Iscriviti al corso: Manuale autocontrollo alimentare -> https://81plus.net/?corso=manuale-autocontrollo-alimentare
▶️ YouTube: youtube.com/@sicurissimo
Contenuto informativo. Prima vedi. Poi sistemi. 81plus.net",Manuale autocontrollo alimentare,https://81plus.net/?corso=manuale-autocontrollo-alimentare,#TalesOfSicurix #SICURIX #Metodo81 #81plus #Sicurissimo #HACCP #Sicurezza #Privacy #SicurezzaSulLavoro,SICURIX_TALES_889901_12_1_21_10_17_18_7_15_23_22.webp,https://drive.google.com/drive/folders/1hICKXdl9JTZBL1pemG19oE_661z-EH_k,IMG_ERR
47.72.20,Commercio,G,Sicurezza+HACCP+Privacy,11,Documento Valutazione Rischi (DVR) | Addetto Primo Soccorso | Corso Alimentarista | Piano di Sanificazione | Procedura Data Breach | Videosorveglianza a norma | Movimentazione Manuale Carichi | Formazione GDPR | Rappresentante Lavoratori Sicurezza (RLS) | Informativa e Consensi | Formazione Specifica (rischio medio),D.Lgs81/08 art.28 | DM 388/2003 | Reg.CE 852/2004 | GDPR art.33-34 | Provv.Garante | D.Lgs81/08 Tit.VI | GDPR art.32 | D.Lgs81/08 art.47 | GDPR art.13 | Accordo Stato-Regioni,"CHECKIX>VIBRIX, HYGIENIX>SCIVOLIX, SCUDIX>DOSAGIX, CONSENSIX>SCADUTIX, TRACCIX>PHISHIX, FORMIX>OBLIVIX, BLINKIX>TAGLIX, TRACCIX>LEAKIX, SCUDIX>CAOSIX, ROBOTIX81>PHISHIX, DOCUMIX>RUMORIX","Crea una PAGINA A FUMETTI a STORIA COMPLETA, verticale A4 (1024x1536), QUALITA' EDITORIALE DA STAMPA, stile ufficiale 'SICURIX TALES' IDENTICO alle immagini di riferimento allegate (stessi personaggi a mattoncini 3D, stessa impaginazione, stessi colori, stesse rese): minifigure espressive, ambientazioni ricche e dettagliate del settore, luci morbide, profondita', bordi vignetta netti. IMPAGINAZIONE OBBLIGATORIA: da 10 a 12 VIGNETTE numerate che raccontano UNA STORIA con arco narrativo completo (1 situazione normale -> 2-4 arrivano i pericoli coi cattivi -> 5-6 tensione/conseguenza -> 7-9 arriva SICURIX con gli eroi e applica il METODO81+ passo per passo -> 10-11 risoluzione ordinata -> 12 finale). HEADER in alto: SICURIX (mantello, medaglione arancione '81+', bussola) che presenta in un fumetto; grande titolo 'SICURIX TALES'; sottotitolo 'COMMERCIO: Pericolo vs Soluzione con Metodo 81+'; legenda 3 voci (verde Sicurezza, rosso Rischio, blu 81+ Soluzione); fila di EROI coi nomi: CHECKIX, HYGIENIX, SCUDIX, CONSENSIX, TRACCIX, FORMIX. FOOTER in basso: grande 'Prima vedi. Poi sistemi.'; banner scudo verde 'PROTEGGIAMO. PREVENIAMO. MIGLIORIAMO.' e triangolo rosso 'DISATTENZIONE. RISCHI. COSTI. CAOS.'; logo '81+' + '81plus.net'. TRAMA (usa questi eventi come vignette; se sono meno di 10 aggiungi vignette di contesto, dialogo e reazione per arrivare a 10-12): 1) VIBRIX causa il pericolo 'Documento' (Documento Valutazione Rischi (DVR)); poi CHECKIX+SICURIX applicano il METODO81+; 2) SCIVOLIX causa il pericolo 'Emergenze/Soccorso' (Addetto Primo Soccorso); poi HYGIENIX+SICURIX applicano il METODO81+; 3) DOSAGIX causa il pericolo 'Corso' (Corso Alimentarista); poi SCUDIX+SICURIX applicano il METODO81+; 4) SCADUTIX causa il pericolo 'Sanificazione' (Piano di Sanificazione); poi CONSENSIX+SICURIX applicano il METODO81+; 5) PHISHIX causa il pericolo 'Data breach' (Procedura Data Breach); poi TRACCIX+SICURIX applicano il METODO81+; 6) OBLIVIX causa il pericolo 'Videosorveglianza' (Videosorveglianza a norma); poi FORMIX+SICURIX applicano il METODO81+; 7) TAGLIX causa il pericolo 'MMC' (Movimentazione Manuale Carichi); poi BLINKIX+SICURIX applicano il METODO81+; 8) LEAKIX causa il pericolo 'Formazione' (Formazione GDPR); poi TRACCIX+SICURIX applicano il METODO81+; 9) CAOSIX causa il pericolo 'Ruolo/RLS' (Rappresentante Lavoratori Sicurezza (RLS)); poi SCUDIX+SICURIX applicano il METODO81+; 10) PHISHIX causa il pericolo 'Documento' (Informativa e Consensi); poi ROBOTIX81+SICURIX applicano il METODO81+; 11) RUMORIX causa il pericolo 'Formazione specifica' (Formazione Specifica (rischio medio)); poi DOCUMIX+SICURIX applicano il METODO81+. PALETTE BRAND ESCLUSIVA: nero #05050A, bianco panna, arancione #FF6A1A/#E8501A; ROSSO solo per 'PERICOLO', VERDE per la checklist 'Metodo 81+'. Logo '81+' ben visibile in OGNI vignetta. REGOLA STORIA: SICURIX NON agisce mai da solo - in OGNI vignetta di soluzione si fa AIUTARE dai suoi colleghi EROI (lavoro di squadra, ognuno col suo ruolo). TESTO: didascalie e fumetti MOLTO BREVI (1-4 parole), GRANDI, centrati, in ITALIANO con ORTOGRAFIA PERFETTA, senza parole inventate, lettere doppie errate o testo tagliato. CATTIVI (coerenti col canone): VIBRIX, SCIVOLIX, DOSAGIX, SCADUTIX, PHISHIX, OBLIVIX, TAGLIX, LEAKIX, CAOSIX, RUMORIX. EROI: CHECKIX, HYGIENIX, SCUDIX, CONSENSIX, TRACCIX, FORMIX, BLINKIX, ROBOTIX81, DOCUMIX. NEGATIVE: nessun marchio LEGO reale, nessun personaggio protetto (Asterix ecc.), niente gore/horror, niente claim assoluti ('rischio zero','garantito','zero multe').",La differenza tra chi in Commercio dorme sereno e chi trema al controllo,"La differenza tra chi in Commercio dorme sereno e chi trema al controllo

In commercio gli adempimenti obbligatori non aspettano: Documento, Emergenze/Soccorso, Corso, Sanificazione, Data breach, Videosorveglianza, MMC, Formazione, Ruolo/RLS, Formazione specifica. In questa pagina TALES OF SICURIX il PERICOLO prende forma... e il METODO81+ lo rimette in ordine, passo dopo passo. Immagina la scena: prima il caos, poi la checklist che sistema tutto. Chi si mette in regola prima, dorme meglio dopo.
👉 Iscriviti al corso: Corso lavoratore parte GENERALE 4 ore -> https://81plus.net/?corso=corso-lavoratore-parte-generale-4-ore
▶️ YouTube: youtube.com/@sicurissimo
Contenuto informativo. Prima vedi. Poi sistemi. 81plus.net",Corso lavoratore parte GENERALE 4 ore,https://81plus.net/?corso=corso-lavoratore-parte-generale-4-ore,#TalesOfSicurix #SICURIX #Metodo81 #81plus #Sicurissimo #Sicurezza #HACCP #Privacy #SicurezzaSulLavoro,SICURIX_TALES_477220_0_6_13_14_23_24_10_22_4_19_2.webp,https://drive.google.com/drive/folders/1hICKXdl9JTZBL1pemG19oE_661z-EH_k,IMG_ERR
96.30.01,Famiglie datori,T,Sicurezza+Privacy,11,Documento Valutazione Rischi (DVR) | RSPP / Datore di Lavoro RSPP | Registro dei Trattamenti | Formazione Generale Lavoratori | Formazione Specifica (rischio basso) | Addetto Primo Soccorso | Informativa e Consensi | Nomina Incaricati/Responsabili | Uso e Formazione DPI | Procedura Data Breach | Formazione GDPR,D.Lgs81/08 art.28 | D.Lgs81/08 art.34 | GDPR art.30 | Accordo Stato-Regioni | DM 388/2003 | GDPR art.13 | GDPR art.28-29 | D.Lgs81/08 art.77 | GDPR art.33-34 | GDPR art.32,"SCUDIX>NONDPIX, SCUDIX>FRETTIX, HYGIENIX>CANCELIX, SICURIX>NONDPIX, CONSENSIX>SEGNALEX, LUXPECTORIX>CAOSIX, HYGIENIX>RISKIX, HYGIENIX>LEAKIX, CIFRIX>NONDPIX, BLINKIX>PERMISSIONIX, CONSENSIX>FRETTIX","Crea una PAGINA A FUMETTI a STORIA COMPLETA, verticale A4 (1024x1536), QUALITA' EDITORIALE DA STAMPA, stile ufficiale 'SICURIX TALES' IDENTICO alle immagini di riferimento allegate (stessi personaggi a mattoncini 3D, stessa impaginazione, stessi colori, stesse rese): minifigure espressive, ambientazioni ricche e dettagliate del settore, luci morbide, profondita', bordi vignetta netti. IMPAGINAZIONE OBBLIGATORIA: da 10 a 12 VIGNETTE numerate che raccontano UNA STORIA con arco narrativo completo (1 situazione normale -> 2-4 arrivano i pericoli coi cattivi -> 5-6 tensione/conseguenza -> 7-9 arriva SICURIX con gli eroi e applica il METODO81+ passo per passo -> 10-11 risoluzione ordinata -> 12 finale). HEADER in alto: SICURIX (mantello, medaglione arancione '81+', bussola) che presenta in un fumetto; grande titolo 'SICURIX TALES'; sottotitolo 'FAMIGLIE DATORI: Pericolo vs Soluzione con Metodo 81+'; legenda 3 voci (verde Sicurezza, rosso Rischio, blu 81+ Soluzione); fila di EROI coi nomi: SCUDIX, HYGIENIX, SICURIX, CONSENSIX, LUXPECTORIX, CIFRIX. FOOTER in basso: grande 'Prima vedi. Poi sistemi.'; banner scudo verde 'PROTEGGIAMO. PREVENIAMO. MIGLIORIAMO.' e triangolo rosso 'DISATTENZIONE. RISCHI. COSTI. CAOS.'; logo '81+' + '81plus.net'. TRAMA (usa questi eventi come vignette; se sono meno di 10 aggiungi vignette di contesto, dialogo e reazione per arrivare a 10-12): 1) NONDPIX causa il pericolo 'Documento' (Documento Valutazione Rischi (DVR)); poi SCUDIX+SICURIX applicano il METODO81+; 2) FRETTIX causa il pericolo 'Ruolo/RSPP' (RSPP / Datore di Lavoro RSPP); poi SCUDIX+SICURIX applicano il METODO81+; 3) CANCELIX causa il pericolo 'Registro' (Registro dei Trattamenti); poi HYGIENIX+SICURIX applicano il METODO81+; 4) NONDPIX causa il pericolo 'Formazione base' (Formazione Generale Lavoratori); poi SICURIX+SICURIX applicano il METODO81+; 5) SEGNALEX causa il pericolo 'Formazione specifica' (Formazione Specifica (rischio basso)); poi CONSENSIX+SICURIX applicano il METODO81+; 6) CAOSIX causa il pericolo 'Emergenze/Soccorso' (Addetto Primo Soccorso); poi LUXPECTORIX+SICURIX applicano il METODO81+; 7) RISKIX causa il pericolo 'Documento' (Informativa e Consensi); poi HYGIENIX+SICURIX applicano il METODO81+; 8) LEAKIX causa il pericolo 'Nomine' (Nomina Incaricati/Responsabili); poi HYGIENIX+SICURIX applicano il METODO81+; 9) NONDPIX causa il pericolo 'DPI' (Uso e Formazione DPI); poi CIFRIX+SICURIX applicano il METODO81+; 10) PERMISSIONIX causa il pericolo 'Data breach' (Procedura Data Breach); poi BLINKIX+SICURIX applicano il METODO81+; 11) FRETTIX causa il pericolo 'Formazione' (Formazione GDPR); poi CONSENSIX+SICURIX applicano il METODO81+. PALETTE BRAND ESCLUSIVA: nero #05050A, bianco panna, arancione #FF6A1A/#E8501A; ROSSO solo per 'PERICOLO', VERDE per la checklist 'Metodo 81+'. Logo '81+' ben visibile in OGNI vignetta. REGOLA STORIA: SICURIX NON agisce mai da solo - in OGNI vignetta di soluzione si fa AIUTARE dai suoi colleghi EROI (lavoro di squadra, ognuno col suo ruolo). TESTO: didascalie e fumetti MOLTO BREVI (1-4 parole), GRANDI, centrati, in ITALIANO con ORTOGRAFIA PERFETTA, senza parole inventate, lettere doppie errate o testo tagliato. CATTIVI (coerenti col canone): NONDPIX, FRETTIX, CANCELIX, SEGNALEX, CAOSIX, RISKIX, LEAKIX, PERMISSIONIX. EROI: SCUDIX, HYGIENIX, SICURIX, CONSENSIX, LUXPECTORIX, CIFRIX, BLINKIX. NEGATIVE: nessun marchio LEGO reale, nessun personaggio protetto (Asterix ecc.), niente gore/horror, niente claim assoluti ('rischio zero','garantito','zero multe').","In Famiglie datori non e' 'se' arriva il controllo, e' 'quando'. Sei pronto?","Quello che l'ispettore controlla per primo in Famiglie datori (e quasi nessuno lo sa)

In famiglie datori gli adempimenti obbligatori non aspettano: Documento, Ruolo/RSPP, Registro, Formazione base, Formazione specifica, Emergenze/Soccorso, Nomine, DPI, Data breach, Formazione. In questa pagina TALES OF SICURIX il PERICOLO prende forma... e il METODO81+ lo rimette in ordine, passo dopo passo. Immagina la scena: prima il caos, poi la checklist che sistema tutto. La regola c'e' gia': tu falla lavorare per te.
👉 Iscriviti al corso: Corso lavoratore parte GENERALE 4 ore -> https://81plus.net/?corso=corso-lavoratore-parte-generale-4-ore
▶️ YouTube: youtube.com/@sicurissimo
Contenuto informativo. Prima vedi. Poi sistemi. 81plus.net",Corso lavoratore parte GENERALE 4 ore,https://81plus.net/?corso=corso-lavoratore-parte-generale-4-ore,#TalesOfSicurix #SICURIX #Metodo81 #81plus #Sicurissimo #Sicurezza #Privacy #SicurezzaSulLavoro,SICURIX_TALES_963001_0_5_10_1_2_6_9_11_8_13_12.webp,https://drive.google.com/drive/folders/1hICKXdl9JTZBL1pemG19oE_661z-EH_k,IMG_ERR
23.91.00,Manifattura,C,Sicurezza+HACCP+Ambientale+Privacy,11,Rischio Rumore | Rappresentante Lavoratori Sicurezza (RLS) | Formazione Generale Lavoratori | Corso Alimentarista | Gestione Rifiuti e Registro | Documento Valutazione Rischi (DVR) | Controllo Temperature e Celle | Formazione Ambientale | Procedura Data Breach | Uso e Formazione DPI | Piano di Sanificazione,D.Lgs81/08 Tit.VIII | D.Lgs81/08 art.47 | Accordo Stato-Regioni | Reg.CE 852/2004 | D.Lgs152/06 | D.Lgs81/08 art.28 | GDPR art.33-34 | D.Lgs81/08 art.77,"SICURIX>SCIVOLIX, CONSENSIX>ØTIX, CIFRIX>RUMORIX, CONSENSIX>MESCOLIX, SICURIX>FRETTIX, LUXPECTORIX>CADUTIX, TRACCIX>ACQUAIX, BLINKIX>OBLIVIX, HYGIENIX>SPYIX, DOCUMIX>SEGNALEX, CONSENSIX>MULTIX","Crea una PAGINA A FUMETTI a STORIA COMPLETA, verticale A4 (1024x1536), QUALITA' EDITORIALE DA STAMPA, stile ufficiale 'SICURIX TALES' IDENTICO alle immagini di riferimento allegate (stessi personaggi a mattoncini 3D, stessa impaginazione, stessi colori, stesse rese): minifigure espressive, ambientazioni ricche e dettagliate del settore, luci morbide, profondita', bordi vignetta netti. IMPAGINAZIONE OBBLIGATORIA: da 10 a 12 VIGNETTE numerate che raccontano UNA STORIA con arco narrativo completo (1 situazione normale -> 2-4 arrivano i pericoli coi cattivi -> 5-6 tensione/conseguenza -> 7-9 arriva SICURIX con gli eroi e applica il METODO81+ passo per passo -> 10-11 risoluzione ordinata -> 12 finale). HEADER in alto: SICURIX (mantello, medaglione arancione '81+', bussola) che presenta in un fumetto; grande titolo 'SICURIX TALES'; sottotitolo 'MANIFATTURA: Pericolo vs Soluzione con Metodo 81+'; legenda 3 voci (verde Sicurezza, rosso Rischio, blu 81+ Soluzione); fila di EROI coi nomi: SICURIX, CONSENSIX, CIFRIX, LUXPECTORIX, TRACCIX, BLINKIX. FOOTER in basso: grande 'Prima vedi. Poi sistemi.'; banner scudo verde 'PROTEGGIAMO. PREVENIAMO. MIGLIORIAMO.' e triangolo rosso 'DISATTENZIONE. RISCHI. COSTI. CAOS.'; logo '81+' + '81plus.net'. TRAMA (usa questi eventi come vignette; se sono meno di 10 aggiungi vignette di contesto, dialogo e reazione per arrivare a 10-12): 1) SCIVOLIX causa il pericolo 'Rumore' (Rischio Rumore); poi SICURIX+SICURIX applicano il METODO81+; 2) ØTIX causa il pericolo 'Ruolo/RLS' (Rappresentante Lavoratori Sicurezza (RLS)); poi CONSENSIX+SICURIX applicano il METODO81+; 3) RUMORIX causa il pericolo 'Formazione base' (Formazione Generale Lavoratori); poi CIFRIX+SICURIX applicano il METODO81+; 4) MESCOLIX causa il pericolo 'Corso' (Corso Alimentarista); poi CONSENSIX+SICURIX applicano il METODO81+; 5) FRETTIX causa il pericolo 'Rifiuti' (Gestione Rifiuti e Registro); poi SICURIX+SICURIX applicano il METODO81+; 6) CADUTIX causa il pericolo 'Documento' (Documento Valutazione Rischi (DVR)); poi LUXPECTORIX+SICURIX applicano il METODO81+; 7) ACQUAIX causa il pericolo 'Temperature' (Controllo Temperature e Celle); poi TRACCIX+SICURIX applicano il METODO81+; 8) OBLIVIX causa il pericolo 'Formazione' (Formazione Ambientale); poi BLINKIX+SICURIX applicano il METODO81+; 9) SPYIX causa il pericolo 'Data breach' (Procedura Data Breach); poi HYGIENIX+SICURIX applicano il METODO81+; 10) SEGNALEX causa il pericolo 'DPI' (Uso e Formazione DPI); poi DOCUMIX+SICURIX applicano il METODO81+; 11) MULTIX causa il pericolo 'Sanificazione' (Piano di Sanificazione); poi CONSENSIX+SICURIX applicano il METODO81+. PALETTE BRAND ESCLUSIVA: nero #05050A, bianco panna, arancione #FF6A1A/#E8501A; ROSSO solo per 'PERICOLO', VERDE per la checklist 'Metodo 81+'. Logo '81+' ben visibile in OGNI vignetta. REGOLA STORIA: SICURIX NON agisce mai da solo - in OGNI vignetta di soluzione si fa AIUTARE dai suoi colleghi EROI (lavoro di squadra, ognuno col suo ruolo). TESTO: didascalie e fumetti MOLTO BREVI (1-4 parole), GRANDI, centrati, in ITALIANO con ORTOGRAFIA PERFETTA, senza parole inventate, lettere doppie errate o testo tagliato. CATTIVI (coerenti col canone): SCIVOLIX, ØTIX, RUMORIX, MESCOLIX, FRETTIX, CADUTIX, ACQUAIX, OBLIVIX, SPYIX, SEGNALEX, MULTIX. EROI: SICURIX, CONSENSIX, CIFRIX, LUXPECTORIX, TRACCIX, BLINKIX, HYGIENIX, DOCUMIX. NEGATIVE: nessun marchio LEGO reale, nessun personaggio protetto (Asterix ecc.), niente gore/horror, niente claim assoluti ('rischio zero','garantito','zero multe').",Manifattura: 3 minuti oggi o un problema enorme domani. Scegli tu.,"In Manifattura c'e' un obbligo che in tanti scoprono solo con la sanzione

In manifattura gli adempimenti obbligatori non aspettano: Rumore, Ruolo/RLS, Formazione base, Corso, Rifiuti, Documento, Temperature, Formazione, Data breach, DPI, Sanificazione. In questa pagina TALES OF SICURIX il PERICOLO prende forma... e il METODO81+ lo rimette in ordine, passo dopo passo. Immagina la scena: prima il caos, poi la checklist che sistema tutto. Non e' burocrazia: e' la tua tranquillita.
👉 Iscriviti al corso: Corso RSPP Datore di Lavoro : rischio rumore -> https://81plus.net/?corso=corso-rspp-datore-di-lavoro-rischio-rumore
▶️ YouTube: youtube.com/@sicurissimo
Contenuto informativo. Prima vedi. Poi sistemi. 81plus.net",Corso RSPP Datore di Lavoro : rischio rumore,https://81plus.net/?corso=corso-rspp-datore-di-lavoro-rischio-rumore,#TalesOfSicurix #SICURIX #Metodo81 #81plus #Sicurissimo #Sicurezza #HACCP #Ambientale #Privacy #SicurezzaSulLavoro,SICURIX_TALES_239100_12_4_1_15_26_0_18_27_25_8_16.webp,https://drive.google.com/drive/folders/1hICKXdl9JTZBL1pemG19oE_661z-EH_k,IMG_ERR
47.52.32,Commercio,G,Privacy+Sicurezza+HACCP,10,Procedura Data Breach | Formazione Generale Lavoratori | Registro dei Trattamenti | Rintracciabilita ed Etichettatura | Videosorveglianza a norma | Controllo Temperature e Celle | Corso Alimentarista | Nomina Incaricati/Responsabili | Gestione Allergeni | Movimentazione Manuale Carichi,GDPR art.33-34 | Accordo Stato-Regioni | GDPR art.30 | Reg.CE 178/2002 | Provv.Garante | Reg.CE 852/2004 | GDPR art.28-29 | Reg.UE 1169/2011 | D.Lgs81/08 Tit.VI,"CHECKIX>RISKIX, LUXPECTORIX>FUMIX, DOCUMIX>LEAKIX, CIFRIX>OBLIVIX, FORMIX>HACKIX, SICURIX>IMPROVVISIX, HYGIENIX>SCADUTIX, SCUDIX>PHISHIX, FORMIX>MULTIX, TRACCIX>ØTIX","Crea una PAGINA A FUMETTI a STORIA COMPLETA, verticale A4 (1024x1536), QUALITA' EDITORIALE DA STAMPA, stile ufficiale 'SICURIX TALES' IDENTICO alle immagini di riferimento allegate (stessi personaggi a mattoncini 3D, stessa impaginazione, stessi colori, stesse rese): minifigure espressive, ambientazioni ricche e dettagliate del settore, luci morbide, profondita', bordi vignetta netti. IMPAGINAZIONE OBBLIGATORIA: da 10 a 12 VIGNETTE numerate che raccontano UNA STORIA con arco narrativo completo (1 situazione normale -> 2-4 arrivano i pericoli coi cattivi -> 5-6 tensione/conseguenza -> 7-9 arriva SICURIX con gli eroi e applica il METODO81+ passo per passo -> 10-11 risoluzione ordinata -> 12 finale). HEADER in alto: SICURIX (mantello, medaglione arancione '81+', bussola) che presenta in un fumetto; grande titolo 'SICURIX TALES'; sottotitolo 'COMMERCIO: Pericolo vs Soluzione con Metodo 81+'; legenda 3 voci (verde Sicurezza, rosso Rischio, blu 81+ Soluzione); fila di EROI coi nomi: CHECKIX, LUXPECTORIX, DOCUMIX, CIFRIX, FORMIX, SICURIX. FOOTER in basso: grande 'Prima vedi. Poi sistemi.'; banner scudo verde 'PROTEGGIAMO. PREVENIAMO. MIGLIORIAMO.' e triangolo rosso 'DISATTENZIONE. RISCHI. COSTI. CAOS.'; logo '81+' + '81plus.net'. TRAMA (usa questi eventi come vignette; se sono meno di 10 aggiungi vignette di contesto, dialogo e reazione per arrivare a 10-12): 1) RISKIX causa il pericolo 'Data breach' (Procedura Data Breach); poi CHECKIX+SICURIX applicano il METODO81+; 2) FUMIX causa il pericolo 'Formazione base' (Formazione Generale Lavoratori); poi LUXPECTORIX+SICURIX applicano il METODO81+; 3) LEAKIX causa il pericolo 'Registro' (Registro dei Trattamenti); poi DOCUMIX+SICURIX applicano il METODO81+; 4) OBLIVIX causa il pericolo 'Rintracciabilita' (Rintracciabilita ed Etichettatura); poi CIFRIX+SICURIX applicano il METODO81+; 5) HACKIX causa il pericolo 'Videosorveglianza' (Videosorveglianza a norma); poi FORMIX+SICURIX applicano il METODO81+; 6) IMPROVVISIX causa il pericolo 'Temperature' (Controllo Temperature e Celle); poi SICURIX+SICURIX applicano il METODO81+; 7) SCADUTIX causa il pericolo 'Corso' (Corso Alimentarista); poi HYGIENIX+SICURIX applicano il METODO81+; 8) PHISHIX causa il pericolo 'Nomine' (Nomina Incaricati/Responsabili); poi SCUDIX+SICURIX applicano il METODO81+; 9) MULTIX causa il pericolo 'Allergeni' (Gestione Allergeni); poi FORMIX+SICURIX applicano il METODO81+; 10) ØTIX causa il pericolo 'MMC' (Movimentazione Manuale Carichi); poi TRACCIX+SICURIX applicano il METODO81+. PALETTE BRAND ESCLUSIVA: nero #05050A, bianco panna, arancione #FF6A1A/#E8501A; ROSSO solo per 'PERICOLO', VERDE per la checklist 'Metodo 81+'. Logo '81+' ben visibile in OGNI vignetta. REGOLA STORIA: SICURIX NON agisce mai da solo - in OGNI vignetta di soluzione si fa AIUTARE dai suoi colleghi EROI (lavoro di squadra, ognuno col suo ruolo). TESTO: didascalie e fumetti MOLTO BREVI (1-4 parole), GRANDI, centrati, in ITALIANO con ORTOGRAFIA PERFETTA, senza parole inventate, lettere doppie errate o testo tagliato. CATTIVI (coerenti col canone): RISKIX, FUMIX, LEAKIX, OBLIVIX, HACKIX, IMPROVVISIX, SCADUTIX, PHISHIX, MULTIX, ØTIX. EROI: CHECKIX, LUXPECTORIX, DOCUMIX, CIFRIX, FORMIX, SICURIX, HYGIENIX, SCUDIX, TRACCIX. NEGATIVE: nessun marchio LEGO reale, nessun personaggio protetto (Asterix ecc.), niente gore/horror, niente claim assoluti ('rischio zero','garantito','zero multe').","In Commercio non e' 'se' arriva il controllo, e' 'quando'. Sei pronto?","La differenza tra chi in Commercio dorme sereno e chi trema al controllo

In commercio gli adempimenti obbligatori non aspettano: Data breach, Formazione base, Registro, Rintracciabilita, Videosorveglianza, Temperature, Corso, Nomine, Allergeni, MMC. In questa pagina TALES OF SICURIX il PERICOLO prende forma... e il METODO81+ lo rimette in ordine, passo dopo passo. Immagina la scena: prima il caos, poi la checklist che sistema tutto. Chi si mette in regola prima, dorme meglio dopo.
👉 Iscriviti al corso: Corso privacy destinato ai lavoratori -> https://81plus.net/?corso=corso-privacy-destinato-ai-lavoratori
▶️ YouTube: youtube.com/@sicurissimo
Contenuto informativo. Prima vedi. Poi sistemi. 81plus.net",Corso privacy destinato ai lavoratori,https://81plus.net/?corso=corso-privacy-destinato-ai-lavoratori,#TalesOfSicurix #SICURIX #Metodo81 #81plus #Sicurissimo #Privacy #Sicurezza #HACCP #SicurezzaSulLavoro,SICURIX_TALES_475232_23_1_20_15_24_16_13_21_18_10.webp,https://drive.google.com/drive/folders/1hICKXdl9JTZBL1pemG19oE_661z-EH_k,IMG_ERR
01.61.99,Agricoltura,A,Sicurezza+HACCP+Privacy+Ambientale,12,Sorveglianza Sanitaria / Medico Competente | Manuale HACCP di Autocontrollo | Registro dei Trattamenti | Movimentazione Manuale Carichi | RSPP / Datore di Lavoro RSPP | Piano di Sanificazione | Formazione Ambientale | Uso e Formazione DPI | Attrezzature e Macchine | Documento Valutazione Rischi (DVR) | Formazione GDPR | Rischio Rumore,D.Lgs81/08 art.41 | Reg.CE 852/2004 | GDPR art.30 | D.Lgs81/08 Tit.VI | D.Lgs81/08 art.34 | D.Lgs152/06 | D.Lgs81/08 art.77 | D.Lgs81/08 Tit.III | D.Lgs81/08 art.28 | GDPR art.32 | D.Lgs81/08 Tit.VIII,"ROBOTIX81>VOLTIX, CONSENSIX>OBLIVIX, BLINKIX>FRETTIX, PRIVACIX>VIBRIX, FORMIX>SCIVOLIX, SCUDIX>RISKIX, DOCUMIX>CAOSIX, SCUDIX>VIBRIX, LUXPECTORIX>SCIVOLIX, BLINKIX>BIOXIX, CONSENSIX>SPYIX, HYGIENIX>VOLTIX","Crea una PAGINA A FUMETTI a STORIA COMPLETA, verticale A4 (1024x1536), QUALITA' EDITORIALE DA STAMPA, stile ufficiale 'SICURIX TALES' IDENTICO alle immagini di riferimento allegate (stessi personaggi a mattoncini 3D, stessa impaginazione, stessi colori, stesse rese): minifigure espressive, ambientazioni ricche e dettagliate del settore, luci morbide, profondita', bordi vignetta netti. IMPAGINAZIONE OBBLIGATORIA: da 10 a 12 VIGNETTE numerate che raccontano UNA STORIA con arco narrativo completo (1 situazione normale -> 2-4 arrivano i pericoli coi cattivi -> 5-6 tensione/conseguenza -> 7-9 arriva SICURIX con gli eroi e applica il METODO81+ passo per passo -> 10-11 risoluzione ordinata -> 12 finale). HEADER in alto: SICURIX (mantello, medaglione arancione '81+', bussola) che presenta in un fumetto; grande titolo 'SICURIX TALES'; sottotitolo 'AGRICOLTURA: Pericolo vs Soluzione con Metodo 81+'; legenda 3 voci (verde Sicurezza, rosso Rischio, blu 81+ Soluzione); fila di EROI coi nomi: ROBOTIX81, CONSENSIX, BLINKIX, PRIVACIX, FORMIX, SCUDIX. FOOTER in basso: grande 'Prima vedi. Poi sistemi.'; banner scudo verde 'PROTEGGIAMO. PREVENIAMO. MIGLIORIAMO.' e triangolo rosso 'DISATTENZIONE. RISCHI. COSTI. CAOS.'; logo '81+' + '81plus.net'. TRAMA (usa questi eventi come vignette; se sono meno di 10 aggiungi vignette di contesto, dialogo e reazione per arrivare a 10-12): 1) VOLTIX causa il pericolo 'Sorveglianza sanitaria' (Sorveglianza Sanitaria / Medico Competente); poi ROBOTIX81+SICURIX applicano il METODO81+; 2) OBLIVIX causa il pericolo 'Documento' (Manuale HACCP di Autocontrollo); poi CONSENSIX+SICURIX applicano il METODO81+; 3) FRETTIX causa il pericolo 'Registro' (Registro dei Trattamenti); poi BLINKIX+SICURIX applicano il METODO81+; 4) VIBRIX causa il pericolo 'MMC' (Movimentazione Manuale Carichi); poi PRIVACIX+SICURIX applicano il METODO81+; 5) SCIVOLIX causa il pericolo 'Ruolo/RSPP' (RSPP / Datore di Lavoro RSPP); poi FORMIX+SICURIX applicano il METODO81+; 6) RISKIX causa il pericolo 'Sanificazione' (Piano di Sanificazione); poi SCUDIX+SICURIX applicano il METODO81+; 7) CAOSIX causa il pericolo 'Formazione' (Formazione Ambientale); poi DOCUMIX+SICURIX applicano il METODO81+; 8) VIBRIX causa il pericolo 'DPI' (Uso e Formazione DPI); poi SCUDIX+SICURIX applicano il METODO81+; 9) SCIVOLIX causa il pericolo 'Attrezzature' (Attrezzature e Macchine); poi LUXPECTORIX+SICURIX applicano il METODO81+; 10) BIOXIX causa il pericolo 'Documento' (Documento Valutazione Rischi (DVR)); poi BLINKIX+SICURIX applicano il METODO81+; 11) SPYIX causa il pericolo 'Formazione' (Formazione GDPR); poi CONSENSIX+SICURIX applicano il METODO81+; 12) VOLTIX causa il pericolo 'Rumore' (Rischio Rumore); poi HYGIENIX+SICURIX applicano il METODO81+. PALETTE BRAND ESCLUSIVA: nero #05050A, bianco panna, arancione #FF6A1A/#E8501A; ROSSO solo per 'PERICOLO', VERDE per la checklist 'Metodo 81+'. Logo '81+' ben visibile in OGNI vignetta. REGOLA STORIA: SICURIX NON agisce mai da solo - in OGNI vignetta di soluzione si fa AIUTARE dai suoi colleghi EROI (lavoro di squadra, ognuno col suo ruolo). TESTO: didascalie e fumetti MOLTO BREVI (1-4 parole), GRANDI, centrati, in ITALIANO con ORTOGRAFIA PERFETTA, senza parole inventate, lettere doppie errate o testo tagliato. CATTIVI (coerenti col canone): VOLTIX, OBLIVIX, FRETTIX, VIBRIX, SCIVOLIX, RISKIX, CAOSIX, BIOXIX, SPYIX. EROI: ROBOTIX81, CONSENSIX, BLINKIX, PRIVACIX, FORMIX, SCUDIX, DOCUMIX, LUXPECTORIX, HYGIENIX. NEGATIVE: nessun marchio LEGO reale, nessun personaggio protetto (Asterix ecc.), niente gore/horror, niente claim assoluti ('rischio zero','garantito','zero multe').",La differenza tra chi in Agricoltura dorme sereno e chi trema al controllo,"La differenza tra chi in Agricoltura dorme sereno e chi trema al controllo

In agricoltura gli adempimenti obbligatori non aspettano: Sorveglianza sanitaria, Documento, Registro, MMC, Ruolo/RSPP, Sanificazione, Formazione, DPI, Attrezzature, Rumore. In questa pagina TALES OF SICURIX il PERICOLO prende forma... e il METODO81+ lo rimette in ordine, passo dopo passo. Immagina la scena: prima il caos, poi la checklist che sistema tutto. Non e' burocrazia: e' la tua tranquillita.
👉 Iscriviti al corso: Corso lavoratore parte GENERALE 4 ore -> https://81plus.net/?corso=corso-lavoratore-parte-generale-4-ore
▶️ YouTube: youtube.com/@sicurissimo
Contenuto informativo. Prima vedi. Poi sistemi. 81plus.net",Corso lavoratore parte GENERALE 4 ore,https://81plus.net/?corso=corso-lavoratore-parte-generale-4-ore,#TalesOfSicurix #SICURIX #Metodo81 #81plus #Sicurissimo #Sicurezza #HACCP #Privacy #Ambientale #SicurezzaSulLavoro,SICURIX_TALES_016199_9_14_22_10_5_16_27_8_13_0_24_12.webp,https://drive.google.com/drive/folders/1hICKXdl9JTZBL1pemG19oE_661z-EH_k,IMG_ERR
95.29.22,Famiglie datori,T,Sicurezza+Privacy,12,Uso e Formazione DPI | Addetto Antincendio | Formazione Specifica (rischio basso) | Documento Valutazione Rischi (DVR) | Formazione Generale Lavoratori | RSPP / Datore di Lavoro RSPP | Formazione Preposto | Addetto Primo Soccorso | Formazione GDPR | Nomina Incaricati/Responsabili | Registro dei Trattamenti | Procedura Data Breach,D.Lgs81/08 art.77 | DM 2/9/2021 | Accordo Stato-Regioni | D.Lgs81/08 art.28 | D.Lgs81/08 art.34 | D.Lgs81/08 art.37 | DM 388/2003 | GDPR art.32 | GDPR art.28-29 | GDPR art.30 | GDPR art.33-34,"LUXPECTORIX>VOLTIX, CONSENSIX>FUMIX, LUXPECTORIX>CHIMIKIX, PRIVACIX>POLVERIX, SICURIX>FRETTIX, ROBOTIX81>FUMIX, CHECKIX>RISKIX, SCUDIX>SOTTOVALUTIX, SICURIX>IMPROVVISIX, SCUDIX>CAOSIX, PRIVACIX>HACKIX, CONSENSIX>MULTIX","Crea una PAGINA A FUMETTI a STORIA COMPLETA, verticale A4 (1024x1536), QUALITA' EDITORIALE DA STAMPA, stile ufficiale 'SICURIX TALES' IDENTICO alle immagini di riferimento allegate (stessi personaggi a mattoncini 3D, stessa impaginazione, stessi colori, stesse rese): minifigure espressive, ambientazioni ricche e dettagliate del settore, luci morbide, profondita', bordi vignetta netti. IMPAGINAZIONE OBBLIGATORIA: da 10 a 12 VIGNETTE numerate che raccontano UNA STORIA con arco narrativo completo (1 situazione normale -> 2-4 arrivano i pericoli coi cattivi -> 5-6 tensione/conseguenza -> 7-9 arriva SICURIX con gli eroi e applica il METODO81+ passo per passo -> 10-11 risoluzione ordinata -> 12 finale). HEADER in alto: SICURIX (mantello, medaglione arancione '81+', bussola) che presenta in un fumetto; grande titolo 'SICURIX TALES'; sottotitolo 'FAMIGLIE DATORI: Pericolo vs Soluzione con Metodo 81+'; legenda 3 voci (verde Sicurezza, rosso Rischio, blu 81+ Soluzione); fila di EROI coi nomi: LUXPECTORIX, CONSENSIX, PRIVACIX, SICURIX, ROBOTIX81, CHECKIX. FOOTER in basso: grande 'Prima vedi. Poi sistemi.'; banner scudo verde 'PROTEGGIAMO. PREVENIAMO. MIGLIORIAMO.' e triangolo rosso 'DISATTENZIONE. RISCHI. COSTI. CAOS.'; logo '81+' + '81plus.net'. TRAMA (usa questi eventi come vignette; se sono meno di 10 aggiungi vignette di contesto, dialogo e reazione per arrivare a 10-12): 1) VOLTIX causa il pericolo 'DPI' (Uso e Formazione DPI); poi LUXPECTORIX+SICURIX applicano il METODO81+; 2) FUMIX causa il pericolo 'Emergenze/Incendio' (Addetto Antincendio); poi CONSENSIX+SICURIX applicano il METODO81+; 3) CHIMIKIX causa il pericolo 'Formazione specifica' (Formazione Specifica (rischio basso)); poi LUXPECTORIX+SICURIX applicano il METODO81+; 4) POLVERIX causa il pericolo 'Documento' (Documento Valutazione Rischi (DVR)); poi PRIVACIX+SICURIX applicano il METODO81+; 5) FRETTIX causa il pericolo 'Formazione base' (Formazione Generale Lavoratori); poi SICURIX+SICURIX applicano il METODO81+; 6) FUMIX causa il pericolo 'Ruolo/RSPP' (RSPP / Datore di Lavoro RSPP); poi ROBOTIX81+SICURIX applicano il METODO81+; 7) RISKIX causa il pericolo 'Ruolo/Preposto' (Formazione Preposto); poi CHECKIX+SICURIX applicano il METODO81+; 8) SOTTOVALUTIX causa il pericolo 'Emergenze/Soccorso' (Addetto Primo Soccorso); poi SCUDIX+SICURIX applicano il METODO81+; 9) IMPROVVISIX causa il pericolo 'Formazione' (Formazione GDPR); poi SICURIX+SICURIX applicano il METODO81+; 10) CAOSIX causa il pericolo 'Nomine' (Nomina Incaricati/Responsabili); poi SCUDIX+SICURIX applicano il METODO81+; 11) HACKIX causa il pericolo 'Registro' (Registro dei Trattamenti); poi PRIVACIX+SICURIX applicano il METODO81+; 12) MULTIX causa il pericolo 'Data breach' (Procedura Data Breach); poi CONSENSIX+SICURIX applicano il METODO81+. PALETTE BRAND ESCLUSIVA: nero #05050A, bianco panna, arancione #FF6A1A/#E8501A; ROSSO solo per 'PERICOLO', VERDE per la checklist 'Metodo 81+'. Logo '81+' ben visibile in OGNI vignetta. REGOLA STORIA: SICURIX NON agisce mai da solo - in OGNI vignetta di soluzione si fa AIUTARE dai suoi colleghi EROI (lavoro di squadra, ognuno col suo ruolo). TESTO: didascalie e fumetti MOLTO BREVI (1-4 parole), GRANDI, centrati, in ITALIANO con ORTOGRAFIA PERFETTA, senza parole inventate, lettere doppie errate o testo tagliato. CATTIVI (coerenti col canone): VOLTIX, FUMIX, CHIMIKIX, POLVERIX, FRETTIX, RISKIX, SOTTOVALUTIX, IMPROVVISIX, CAOSIX, HACKIX, MULTIX. EROI: LUXPECTORIX, CONSENSIX, PRIVACIX, SICURIX, ROBOTIX81, CHECKIX, SCUDIX. NEGATIVE: nessun marchio LEGO reale, nessun personaggio protetto (Asterix ecc.), niente gore/horror, niente claim assoluti ('rischio zero','garantito','zero multe').",La differenza tra chi in Famiglie datori dorme sereno e chi trema al controllo,"Quello che l'ispettore controlla per primo in Famiglie datori (e quasi nessuno lo sa)

In famiglie datori gli adempimenti obbligatori non aspettano: DPI, Emergenze/Incendio, Formazione specifica, Documento, Formazione base, Ruolo/RSPP, Ruolo/Preposto, Emergenze/Soccorso, Formazione, Nomine, Registro, Data breach. In questa pagina TALES OF SICURIX il PERICOLO prende forma... e il METODO81+ lo rimette in ordine, passo dopo passo. Immagina la scena: prima il caos, poi la checklist che sistema tutto. La regola c'e' gia': tu falla lavorare per te.
👉 Iscriviti al corso: Corso Lavori in Quota e DPI Anticaduta -> https://81plus.net/?corso=corso-lavori-in-quota-e-dpi-anticaduta
▶️ YouTube: youtube.com/@sicurissimo
Contenuto informativo. Prima vedi. Poi sistemi. 81plus.net",Corso Lavori in Quota e DPI Anticaduta,https://81plus.net/?corso=corso-lavori-in-quota-e-dpi-anticaduta,#TalesOfSicurix #SICURIX #Metodo81 #81plus #Sicurissimo #Sicurezza #Privacy #SicurezzaSulLavoro,SICURIX_TALES_952922_8_7_2_0_1_5_3_6_12_11_10_13.webp,https://drive.google.com/drive/folders/1hICKXdl9JTZBL1pemG19oE_661z-EH_k,IMG_ERR
