codice_ateco,settore,sezione,area_mix,n_vignette,adempimenti,fonti,cast_personaggi,image_prompt,titolo_clickbait,corpo_post,cta_prodotto,cta_url,hashtag,nome_file_webp,drive_folder,stato
17.23.09,Manifattura,C,Sicurezza+HACCP+Privacy,10,Addetto Antincendio | Documento Valutazione Rischi (DVR) | Lotta agli Infestanti (Pest Control) | Informativa e Consensi | Registro dei Trattamenti | Nomina Incaricati/Responsabili | Rischio Rumore | Rintracciabilita ed Etichettatura | Gestione Allergeni | Procedura Data Breach,DM 2/9/2021 | D.Lgs81/08 art.28 | Reg.CE 852/2004 | GDPR art.13 | GDPR art.30 | GDPR art.28-29 | D.Lgs81/08 Tit.VIII | Reg.CE 178/2002 | Reg.UE 1169/2011 | GDPR art.33-34,"FORMIX>NONDPIX, PRIVACIX>VOLTIX, DOCUMIX>IMPROVVISIX, TRACCIX>PERMISSIONIX, PREPOSTIX>PHISHIX, CHECKIX>LEAKIX, BLINKIX>RISKIX, TRACCIX>MESCOLIX, LUXPECTORIX>CAOSIX, TRACCIX>CANCELIX","Crea una PAGINA A FUMETTI a STORIA COMPLETA, verticale A4 (1024x1536), QUALITA' EDITORIALE DA STAMPA, stile ufficiale 'SICURIX TALES' IDENTICO alle immagini di riferimento allegate (stessi personaggi a mattoncini 3D, stessa impaginazione, stessi colori, stesse rese): minifigure espressive, ambientazioni ricche e dettagliate del settore, luci morbide, profondita', bordi vignetta netti. IMPAGINAZIONE OBBLIGATORIA: da 10 a 12 VIGNETTE numerate che raccontano UNA STORIA con arco narrativo completo (1 situazione normale -> 2-4 arrivano i pericoli coi cattivi -> 5-6 tensione/conseguenza -> 7-9 arriva SICURIX con gli eroi e applica il METODO81+ passo per passo -> 10-11 risoluzione ordinata -> 12 finale). HEADER in alto: SICURIX (mantello, medaglione arancione '81+', bussola) che presenta in un fumetto; grande titolo 'SICURIX TALES'; sottotitolo 'MANIFATTURA: Pericolo vs Soluzione con Metodo 81+'; legenda 3 voci (verde Sicurezza, rosso Rischio, blu 81+ Soluzione); fila di EROI coi nomi: FORMIX, PRIVACIX, DOCUMIX, TRACCIX, PREPOSTIX, CHECKIX. FOOTER in basso: grande 'Prima vedi. Poi sistemi.'; banner scudo verde 'PROTEGGIAMO. PREVENIAMO. MIGLIORIAMO.' e triangolo rosso 'DISATTENZIONE. RISCHI. COSTI. CAOS.'; logo '81+' + '81plus.net'. TRAMA (usa questi eventi come vignette; se sono meno di 10 aggiungi vignette di contesto, dialogo e reazione per arrivare a 10-12): 1) NONDPIX causa il pericolo 'Emergenze/Incendio' (Addetto Antincendio); poi FORMIX+SICURIX applicano il METODO81+; 2) VOLTIX causa il pericolo 'Documento' (Documento Valutazione Rischi (DVR)); poi PRIVACIX+SICURIX applicano il METODO81+; 3) IMPROVVISIX causa il pericolo 'Infestanti' (Lotta agli Infestanti (Pest Control)); poi DOCUMIX+SICURIX applicano il METODO81+; 4) PERMISSIONIX causa il pericolo 'Documento' (Informativa e Consensi); poi TRACCIX+SICURIX applicano il METODO81+; 5) PHISHIX causa il pericolo 'Registro' (Registro dei Trattamenti); poi PREPOSTIX+SICURIX applicano il METODO81+; 6) LEAKIX causa il pericolo 'Nomine' (Nomina Incaricati/Responsabili); poi CHECKIX+SICURIX applicano il METODO81+; 7) RISKIX causa il pericolo 'Rumore' (Rischio Rumore); poi BLINKIX+SICURIX applicano il METODO81+; 8) MESCOLIX causa il pericolo 'Rintracciabilita' (Rintracciabilita ed Etichettatura); poi TRACCIX+SICURIX applicano il METODO81+; 9) CAOSIX causa il pericolo 'Allergeni' (Gestione Allergeni); poi LUXPECTORIX+SICURIX applicano il METODO81+; 10) CANCELIX causa il pericolo 'Data breach' (Procedura Data Breach); poi TRACCIX+SICURIX applicano il METODO81+. PALETTE BRAND ESCLUSIVA: nero #05050A, bianco panna, arancione #FF6A1A/#E8501A; ROSSO solo per 'PERICOLO', VERDE per la checklist 'Metodo 81+'. Logo '81+' ben visibile in OGNI vignetta. REGOLA STORIA: SICURIX NON agisce mai da solo - in OGNI vignetta di soluzione si fa AIUTARE dai suoi colleghi EROI (lavoro di squadra, ognuno col suo ruolo). TESTO: didascalie e fumetti MOLTO BREVI (1-4 parole), GRANDI, centrati, in ITALIANO con ORTOGRAFIA PERFETTA, senza parole inventate, lettere doppie errate o testo tagliato. CATTIVI (coerenti col canone): NONDPIX, VOLTIX, IMPROVVISIX, PERMISSIONIX, PHISHIX, LEAKIX, RISKIX, MESCOLIX, CAOSIX, CANCELIX. EROI: FORMIX, PRIVACIX, DOCUMIX, TRACCIX, PREPOSTIX, CHECKIX, BLINKIX, LUXPECTORIX. NEGATIVE: nessun marchio LEGO reale, nessun personaggio protetto (Asterix ecc.), niente gore/horror, niente claim assoluti ('rischio zero','garantito','zero multe').",Manifattura: 3 minuti oggi o un problema enorme domani. Scegli tu.,"In Manifattura non e' 'se' arriva il controllo, e' 'quando'. Sei pronto?

In manifattura gli adempimenti obbligatori non aspettano: Emergenze/Incendio, Documento, Infestanti, Registro, Nomine, Rumore, Rintracciabilita, Allergeni, Data breach. In questa pagina TALES OF SICURIX il PERICOLO prende forma... e il METODO81+ lo rimette in ordine, passo dopo passo. Immagina la scena: prima il caos, poi la checklist che sistema tutto. Mettere ordine ora costa poco. Rimediare dopo costa caro.
👉 Iscriviti al corso: Corso antincendio livello 1 -> https://81plus.net/?corso=corso-antincendio-livello-1
▶️ YouTube: youtube.com/@sicurissimo
Contenuto informativo. Prima vedi. Poi sistemi. 81plus.net",Corso antincendio livello 1,https://81plus.net/?corso=corso-antincendio-livello-1,#TalesOfSicurix #SICURIX #Metodo81 #81plus #Sicurissimo #Sicurezza #HACCP #Privacy #SicurezzaSulLavoro,SICURIX_TALES_172309_7_0_19_21_22_23_12_17_20_25.webp,https://drive.google.com/drive/folders/1hICKXdl9JTZBL1pemG19oE_661z-EH_k,IMG_ERR
31.00.12,Manifattura,C,Ambientale+Privacy+Sicurezza,10,Formazione Ambientale | Formazione GDPR | Documento Valutazione Rischi (DVR) | Uso e Formazione DPI | Rappresentante Lavoratori Sicurezza (RLS) | Stress Lavoro-Correlato | Informativa e Consensi | Sorveglianza Sanitaria / Medico Competente | Registro dei Trattamenti | Formazione Specifica (rischio alto),D.Lgs152/06 | GDPR art.32 | D.Lgs81/08 art.28 | D.Lgs81/08 art.77 | D.Lgs81/08 art.47 | GDPR art.13 | D.Lgs81/08 art.41 | GDPR art.30 | Accordo Stato-Regioni,"CHECKIX>CAOSIX, SCUDIX>LEAKIX, CIFRIX>MULTIX, CHEFIX>FUMIX, LUXPECTORIX>BIOXIX, LUXPECTORIX>CAOSIX, CIFRIX>CANCELIX, CHECKIX>FUMIX, TRACCIX>OBLIVIX, ROBOTIX81>ØTIX","Crea una PAGINA A FUMETTI a STORIA COMPLETA, verticale A4 (1024x1536), QUALITA' EDITORIALE DA STAMPA, stile ufficiale 'SICURIX TALES' IDENTICO alle immagini di riferimento allegate (stessi personaggi a mattoncini 3D, stessa impaginazione, stessi colori, stesse rese): minifigure espressive, ambientazioni ricche e dettagliate del settore, luci morbide, profondita', bordi vignetta netti. IMPAGINAZIONE OBBLIGATORIA: da 10 a 12 VIGNETTE numerate che raccontano UNA STORIA con arco narrativo completo (1 situazione normale -> 2-4 arrivano i pericoli coi cattivi -> 5-6 tensione/conseguenza -> 7-9 arriva SICURIX con gli eroi e applica il METODO81+ passo per passo -> 10-11 risoluzione ordinata -> 12 finale). HEADER in alto: SICURIX (mantello, medaglione arancione '81+', bussola) che presenta in un fumetto; grande titolo 'SICURIX TALES'; sottotitolo 'MANIFATTURA: Pericolo vs Soluzione con Metodo 81+'; legenda 3 voci (verde Sicurezza, rosso Rischio, blu 81+ Soluzione); fila di EROI coi nomi: CHECKIX, SCUDIX, CIFRIX, CHEFIX, LUXPECTORIX, TRACCIX. FOOTER in basso: grande 'Prima vedi. Poi sistemi.'; banner scudo verde 'PROTEGGIAMO. PREVENIAMO. MIGLIORIAMO.' e triangolo rosso 'DISATTENZIONE. RISCHI. COSTI. CAOS.'; logo '81+' + '81plus.net'. TRAMA (usa questi eventi come vignette; se sono meno di 10 aggiungi vignette di contesto, dialogo e reazione per arrivare a 10-12): 1) CAOSIX causa il pericolo 'Formazione' (Formazione Ambientale); poi CHECKIX+SICURIX applicano il METODO81+; 2) LEAKIX causa il pericolo 'Formazione' (Formazione GDPR); poi SCUDIX+SICURIX applicano il METODO81+; 3) MULTIX causa il pericolo 'Documento' (Documento Valutazione Rischi (DVR)); poi CIFRIX+SICURIX applicano il METODO81+; 4) FUMIX causa il pericolo 'DPI' (Uso e Formazione DPI); poi CHEFIX+SICURIX applicano il METODO81+; 5) BIOXIX causa il pericolo 'Ruolo/RLS' (Rappresentante Lavoratori Sicurezza (RLS)); poi LUXPECTORIX+SICURIX applicano il METODO81+; 6) CAOSIX causa il pericolo 'Stress' (Stress Lavoro-Correlato); poi LUXPECTORIX+SICURIX applicano il METODO81+; 7) CANCELIX causa il pericolo 'Documento' (Informativa e Consensi); poi CIFRIX+SICURIX applicano il METODO81+; 8) FUMIX causa il pericolo 'Sorveglianza sanitaria' (Sorveglianza Sanitaria / Medico Competente); poi CHECKIX+SICURIX applicano il METODO81+; 9) OBLIVIX causa il pericolo 'Registro' (Registro dei Trattamenti); poi TRACCIX+SICURIX applicano il METODO81+; 10) ØTIX causa il pericolo 'Formazione specifica' (Formazione Specifica (rischio alto)); poi ROBOTIX81+SICURIX applicano il METODO81+. PALETTE BRAND ESCLUSIVA: nero #05050A, bianco panna, arancione #FF6A1A/#E8501A; ROSSO solo per 'PERICOLO', VERDE per la checklist 'Metodo 81+'. Logo '81+' ben visibile in OGNI vignetta. REGOLA STORIA: SICURIX NON agisce mai da solo - in OGNI vignetta di soluzione si fa AIUTARE dai suoi colleghi EROI (lavoro di squadra, ognuno col suo ruolo). TESTO: didascalie e fumetti MOLTO BREVI (1-4 parole), GRANDI, centrati, in ITALIANO con ORTOGRAFIA PERFETTA, senza parole inventate, lettere doppie errate o testo tagliato. CATTIVI (coerenti col canone): CAOSIX, LEAKIX, MULTIX, FUMIX, BIOXIX, CANCELIX, OBLIVIX, ØTIX. EROI: CHECKIX, SCUDIX, CIFRIX, CHEFIX, LUXPECTORIX, TRACCIX, ROBOTIX81. NEGATIVE: nessun marchio LEGO reale, nessun personaggio protetto (Asterix ecc.), niente gore/horror, niente claim assoluti ('rischio zero','garantito','zero multe').","In Manifattura non e' 'se' arriva il controllo, e' 'quando'. Sei pronto?","La differenza tra chi in Manifattura dorme sereno e chi trema al controllo

In manifattura gli adempimenti obbligatori non aspettano: Formazione, Documento, DPI, Ruolo/RLS, Stress, Sorveglianza sanitaria, Registro, Formazione specifica. In questa pagina TALES OF SICURIX il PERICOLO prende forma... e il METODO81+ lo rimette in ordine, passo dopo passo. Immagina la scena: prima il caos, poi la checklist che sistema tutto. La regola c'e' gia': tu falla lavorare per te.
👉 Iscriviti al corso: Preposto incaricato alla gestione ambientale nei cantieri - 16 ore -> https://81plus.net/?corso=preposto-incaricato-alla-gestione-ambientale-nei-cantieri-16
▶️ YouTube: youtube.com/@sicurissimo
Contenuto informativo. Prima vedi. Poi sistemi. 81plus.net",Preposto incaricato alla gestione ambientale nei cantieri - 16 ore,https://81plus.net/?corso=preposto-incaricato-alla-gestione-ambientale-nei-cantieri-16,#TalesOfSicurix #SICURIX #Metodo81 #81plus #Sicurissimo #Ambientale #Privacy #Sicurezza #SicurezzaSulLavoro,SICURIX_TALES_310012_28_24_0_8_4_11_21_9_22_2.webp,https://drive.google.com/drive/folders/1hICKXdl9JTZBL1pemG19oE_661z-EH_k,IMG_ERR
23.31.00,Manifattura,C,HACCP+Sicurezza+Privacy,12,Corso Alimentarista | Sorveglianza Sanitaria / Medico Competente | Formazione Generale Lavoratori | Rintracciabilita ed Etichettatura | Stress Lavoro-Correlato | Formazione Specifica (rischio alto) | Formazione GDPR | Movimentazione Manuale Carichi | Lotta agli Infestanti (Pest Control) | Attrezzature e Macchine | Uso e Formazione DPI | Piano di Sanificazione,Reg.CE 852/2004 | D.Lgs81/08 art.41 | Accordo Stato-Regioni | Reg.CE 178/2002 | D.Lgs81/08 art.28 | GDPR art.32 | D.Lgs81/08 Tit.VI | D.Lgs81/08 Tit.III | D.Lgs81/08 art.77,"HYGIENIX>FRETTIX, CHECKIX>RUMORIX, FORMIX>ØTIX, CHEFIX>CAOSIX, CHEFIX>BIOXIX, CONSENSIX>VIBRIX, CONSENSIX>PERMISSIONIX, CIFRIX>IMPROVVISIX, CONSENSIX>CAOSIX, LUXPECTORIX>SCHIACCIX, FORMIX>FUMIX, SICURIX>SPORCKIX","Crea una PAGINA A FUMETTI a STORIA COMPLETA, verticale A4 (1024x1536), QUALITA' EDITORIALE DA STAMPA, stile ufficiale 'SICURIX TALES' IDENTICO alle immagini di riferimento allegate (stessi personaggi a mattoncini 3D, stessa impaginazione, stessi colori, stesse rese): minifigure espressive, ambientazioni ricche e dettagliate del settore, luci morbide, profondita', bordi vignetta netti. IMPAGINAZIONE OBBLIGATORIA: da 10 a 12 VIGNETTE numerate che raccontano UNA STORIA con arco narrativo completo (1 situazione normale -> 2-4 arrivano i pericoli coi cattivi -> 5-6 tensione/conseguenza -> 7-9 arriva SICURIX con gli eroi e applica il METODO81+ passo per passo -> 10-11 risoluzione ordinata -> 12 finale). HEADER in alto: SICURIX (mantello, medaglione arancione '81+', bussola) che presenta in un fumetto; grande titolo 'SICURIX TALES'; sottotitolo 'MANIFATTURA: Pericolo vs Soluzione con Metodo 81+'; legenda 3 voci (verde Sicurezza, rosso Rischio, blu 81+ Soluzione); fila di EROI coi nomi: HYGIENIX, CHECKIX, FORMIX, CHEFIX, CONSENSIX, CIFRIX. FOOTER in basso: grande 'Prima vedi. Poi sistemi.'; banner scudo verde 'PROTEGGIAMO. PREVENIAMO. MIGLIORIAMO.' e triangolo rosso 'DISATTENZIONE. RISCHI. COSTI. CAOS.'; logo '81+' + '81plus.net'. TRAMA (usa questi eventi come vignette; se sono meno di 10 aggiungi vignette di contesto, dialogo e reazione per arrivare a 10-12): 1) FRETTIX causa il pericolo 'Corso' (Corso Alimentarista); poi HYGIENIX+SICURIX applicano il METODO81+; 2) RUMORIX causa il pericolo 'Sorveglianza sanitaria' (Sorveglianza Sanitaria / Medico Competente); poi CHECKIX+SICURIX applicano il METODO81+; 3) ØTIX causa il pericolo 'Formazione base' (Formazione Generale Lavoratori); poi FORMIX+SICURIX applicano il METODO81+; 4) CAOSIX causa il pericolo 'Rintracciabilita' (Rintracciabilita ed Etichettatura); poi CHEFIX+SICURIX applicano il METODO81+; 5) BIOXIX causa il pericolo 'Stress' (Stress Lavoro-Correlato); poi CHEFIX+SICURIX applicano il METODO81+; 6) VIBRIX causa il pericolo 'Formazione specifica' (Formazione Specifica (rischio alto)); poi CONSENSIX+SICURIX applicano il METODO81+; 7) PERMISSIONIX causa il pericolo 'Formazione' (Formazione GDPR); poi CONSENSIX+SICURIX applicano il METODO81+; 8) IMPROVVISIX causa il pericolo 'MMC' (Movimentazione Manuale Carichi); poi CIFRIX+SICURIX applicano il METODO81+; 9) CAOSIX causa il pericolo 'Infestanti' (Lotta agli Infestanti (Pest Control)); poi CONSENSIX+SICURIX applicano il METODO81+; 10) SCHIACCIX causa il pericolo 'Attrezzature' (Attrezzature e Macchine); poi LUXPECTORIX+SICURIX applicano il METODO81+; 11) FUMIX causa il pericolo 'DPI' (Uso e Formazione DPI); poi FORMIX+SICURIX applicano il METODO81+; 12) SPORCKIX causa il pericolo 'Sanificazione' (Piano di Sanificazione); poi SICURIX+SICURIX applicano il METODO81+. PALETTE BRAND ESCLUSIVA: nero #05050A, bianco panna, arancione #FF6A1A/#E8501A; ROSSO solo per 'PERICOLO', VERDE per la checklist 'Metodo 81+'. Logo '81+' ben visibile in OGNI vignetta. REGOLA STORIA: SICURIX NON agisce mai da solo - in OGNI vignetta di soluzione si fa AIUTARE dai suoi colleghi EROI (lavoro di squadra, ognuno col suo ruolo). TESTO: didascalie e fumetti MOLTO BREVI (1-4 parole), GRANDI, centrati, in ITALIANO con ORTOGRAFIA PERFETTA, senza parole inventate, lettere doppie errate o testo tagliato. CATTIVI (coerenti col canone): FRETTIX, RUMORIX, ØTIX, CAOSIX, BIOXIX, VIBRIX, PERMISSIONIX, IMPROVVISIX, SCHIACCIX, FUMIX, SPORCKIX. EROI: HYGIENIX, CHECKIX, FORMIX, CHEFIX, CONSENSIX, CIFRIX, LUXPECTORIX, SICURIX. NEGATIVE: nessun marchio LEGO reale, nessun personaggio protetto (Asterix ecc.), niente gore/horror, niente claim assoluti ('rischio zero','garantito','zero multe').","In Manifattura non e' 'se' arriva il controllo, e' 'quando'. Sei pronto?","La differenza tra chi in Manifattura dorme sereno e chi trema al controllo

In manifattura gli adempimenti obbligatori non aspettano: Corso, Sorveglianza sanitaria, Formazione base, Rintracciabilita, Stress, Formazione specifica, Formazione, MMC, Infestanti, Attrezzature, DPI, Sanificazione. In questa pagina TALES OF SICURIX il PERICOLO prende forma... e il METODO81+ lo rimette in ordine, passo dopo passo. Immagina la scena: prima il caos, poi la checklist che sistema tutto. Mettere ordine ora costa poco. Rimediare dopo costa caro.
👉 Iscriviti al corso: Haccp - Corso responsabile industria alimentare -> https://81plus.net/?corso=haccp-corso-responsabile-industria-alimentare
▶️ YouTube: youtube.com/@sicurissimo
Contenuto informativo. Prima vedi. Poi sistemi. 81plus.net",Haccp - Corso responsabile industria alimentare,https://81plus.net/?corso=haccp-corso-responsabile-industria-alimentare,#TalesOfSicurix #SICURIX #Metodo81 #81plus #Sicurissimo #HACCP #Sicurezza #Privacy #SicurezzaSulLavoro,SICURIX_TALES_233100_15_9_1_17_11_2_24_10_19_13_8_16.webp,https://drive.google.com/drive/folders/1hICKXdl9JTZBL1pemG19oE_661z-EH_k,IMG_ERR
23.91.00,Manifattura,C,Sicurezza+Ambientale+HACCP+Privacy,11,Rappresentante Lavoratori Sicurezza (RLS) | Formazione Ambientale | Formazione Generale Lavoratori | Piano di Sanificazione | Informativa e Consensi | Addetto Antincendio | Nomina Incaricati/Responsabili | Corso Alimentarista | Registro dei Trattamenti | Stress Lavoro-Correlato | RSPP / Datore di Lavoro RSPP,D.Lgs81/08 art.47 | D.Lgs152/06 | Accordo Stato-Regioni | Reg.CE 852/2004 | GDPR art.13 | DM 2/9/2021 | GDPR art.28-29 | GDPR art.30 | D.Lgs81/08 art.28 | D.Lgs81/08 art.34,"SICURIX>VIBRIX, DOCUMIX>MULTIX, PREPOSTIX>ØTIX, CHEFIX>TEMPORIX, ROBOTIX81>LEAKIX, PRIVACIX>IMPROVVISIX, HYGIENIX>LEAKIX, CONSENSIX>MULTIX, TRACCIX>PHISHIX, SCUDIX>RISKIX, ROBOTIX81>ØTIX","Crea una PAGINA A FUMETTI a STORIA COMPLETA, verticale A4 (1024x1536), QUALITA' EDITORIALE DA STAMPA, stile ufficiale 'SICURIX TALES' IDENTICO alle immagini di riferimento allegate (stessi personaggi a mattoncini 3D, stessa impaginazione, stessi colori, stesse rese): minifigure espressive, ambientazioni ricche e dettagliate del settore, luci morbide, profondita', bordi vignetta netti. IMPAGINAZIONE OBBLIGATORIA: da 10 a 12 VIGNETTE numerate che raccontano UNA STORIA con arco narrativo completo (1 situazione normale -> 2-4 arrivano i pericoli coi cattivi -> 5-6 tensione/conseguenza -> 7-9 arriva SICURIX con gli eroi e applica il METODO81+ passo per passo -> 10-11 risoluzione ordinata -> 12 finale). HEADER in alto: SICURIX (mantello, medaglione arancione '81+', bussola) che presenta in un fumetto; grande titolo 'SICURIX TALES'; sottotitolo 'MANIFATTURA: Pericolo vs Soluzione con Metodo 81+'; legenda 3 voci (verde Sicurezza, rosso Rischio, blu 81+ Soluzione); fila di EROI coi nomi: SICURIX, DOCUMIX, PREPOSTIX, CHEFIX, ROBOTIX81, PRIVACIX. FOOTER in basso: grande 'Prima vedi. Poi sistemi.'; banner scudo verde 'PROTEGGIAMO. PREVENIAMO. MIGLIORIAMO.' e triangolo rosso 'DISATTENZIONE. RISCHI. COSTI. CAOS.'; logo '81+' + '81plus.net'. TRAMA (usa questi eventi come vignette; se sono meno di 10 aggiungi vignette di contesto, dialogo e reazione per arrivare a 10-12): 1) VIBRIX causa il pericolo 'Ruolo/RLS' (Rappresentante Lavoratori Sicurezza (RLS)); poi SICURIX+SICURIX applicano il METODO81+; 2) MULTIX causa il pericolo 'Formazione' (Formazione Ambientale); poi DOCUMIX+SICURIX applicano il METODO81+; 3) ØTIX causa il pericolo 'Formazione base' (Formazione Generale Lavoratori); poi PREPOSTIX+SICURIX applicano il METODO81+; 4) TEMPORIX causa il pericolo 'Sanificazione' (Piano di Sanificazione); poi CHEFIX+SICURIX applicano il METODO81+; 5) LEAKIX causa il pericolo 'Documento' (Informativa e Consensi); poi ROBOTIX81+SICURIX applicano il METODO81+; 6) IMPROVVISIX causa il pericolo 'Emergenze/Incendio' (Addetto Antincendio); poi PRIVACIX+SICURIX applicano il METODO81+; 7) LEAKIX causa il pericolo 'Nomine' (Nomina Incaricati/Responsabili); poi HYGIENIX+SICURIX applicano il METODO81+; 8) MULTIX causa il pericolo 'Corso' (Corso Alimentarista); poi CONSENSIX+SICURIX applicano il METODO81+; 9) PHISHIX causa il pericolo 'Registro' (Registro dei Trattamenti); poi TRACCIX+SICURIX applicano il METODO81+; 10) RISKIX causa il pericolo 'Stress' (Stress Lavoro-Correlato); poi SCUDIX+SICURIX applicano il METODO81+; 11) ØTIX causa il pericolo 'Ruolo/RSPP' (RSPP / Datore di Lavoro RSPP); poi ROBOTIX81+SICURIX applicano il METODO81+. PALETTE BRAND ESCLUSIVA: nero #05050A, bianco panna, arancione #FF6A1A/#E8501A; ROSSO solo per 'PERICOLO', VERDE per la checklist 'Metodo 81+'. Logo '81+' ben visibile in OGNI vignetta. REGOLA STORIA: SICURIX NON agisce mai da solo - in OGNI vignetta di soluzione si fa AIUTARE dai suoi colleghi EROI (lavoro di squadra, ognuno col suo ruolo). TESTO: didascalie e fumetti MOLTO BREVI (1-4 parole), GRANDI, centrati, in ITALIANO con ORTOGRAFIA PERFETTA, senza parole inventate, lettere doppie errate o testo tagliato. CATTIVI (coerenti col canone): VIBRIX, MULTIX, ØTIX, TEMPORIX, LEAKIX, IMPROVVISIX, PHISHIX, RISKIX. EROI: SICURIX, DOCUMIX, PREPOSTIX, CHEFIX, ROBOTIX81, PRIVACIX, HYGIENIX, CONSENSIX, TRACCIX, SCUDIX. NEGATIVE: nessun marchio LEGO reale, nessun personaggio protetto (Asterix ecc.), niente gore/horror, niente claim assoluti ('rischio zero','garantito','zero multe').","In Manifattura non e' 'se' arriva il controllo, e' 'quando'. Sei pronto?","In Manifattura non e' 'se' arriva il controllo, e' 'quando'. Sei pronto?

In manifattura gli adempimenti obbligatori non aspettano: Ruolo/RLS, Formazione, Formazione base, Sanificazione, Documento, Emergenze/Incendio, Nomine, Corso, Registro, Stress, Ruolo/RSPP. In questa pagina TALES OF SICURIX il PERICOLO prende forma... e il METODO81+ lo rimette in ordine, passo dopo passo. Immagina la scena: prima il caos, poi la checklist che sistema tutto. Mettere ordine ora costa poco. Rimediare dopo costa caro.
👉 Iscriviti al corso: Corso RLS -> https://81plus.net/?corso=corso-rls
▶️ YouTube: youtube.com/@sicurissimo
Contenuto informativo. Prima vedi. Poi sistemi. 81plus.net",Corso RLS,https://81plus.net/?corso=corso-rls,#TalesOfSicurix #SICURIX #Metodo81 #81plus #Sicurissimo #Sicurezza #Ambientale #HACCP #Privacy #SicurezzaSulLavoro,SICURIX_TALES_239100_4_27_1_16_21_7_23_15_22_11_5.webp,https://drive.google.com/drive/folders/1hICKXdl9JTZBL1pemG19oE_661z-EH_k,IMG_ERR
55.20.52,Alloggio/Ristorazione,I,Sicurezza+HACCP+Privacy,12,Uso e Formazione DPI | Formazione Generale Lavoratori | Piano di Sanificazione | Documento Valutazione Rischi (DVR) | Lotta agli Infestanti (Pest Control) | Controllo Temperature e Celle | Registro dei Trattamenti | Manuale HACCP di Autocontrollo | Informativa e Consensi | Movimentazione Manuale Carichi | Formazione Specifica (rischio medio) | Procedura Data Breach,D.Lgs81/08 art.77 | Accordo Stato-Regioni | Reg.CE 852/2004 | D.Lgs81/08 art.28 | GDPR art.30 | GDPR art.13 | D.Lgs81/08 Tit.VI | GDPR art.33-34,"FORMIX>CHIMIKIX, SICURIX>VOLTIX, BLINKIX>SPORCKIX, PREPOSTIX>CADUTIX, CHECKIX>CAOSIX, CONSENSIX>MULTIX, PRIVACIX>PHISHIX, FORMIX>MULTIX, TRACCIX>SPYIX, SICURIX>CHIMIKIX, CONSENSIX>ØTIX, ROBOTIX81>PERMISSIONIX","Crea una PAGINA A FUMETTI a STORIA COMPLETA, verticale A4 (1024x1536), QUALITA' EDITORIALE DA STAMPA, stile ufficiale 'SICURIX TALES' IDENTICO alle immagini di riferimento allegate (stessi personaggi a mattoncini 3D, stessa impaginazione, stessi colori, stesse rese): minifigure espressive, ambientazioni ricche e dettagliate del settore, luci morbide, profondita', bordi vignetta netti. IMPAGINAZIONE OBBLIGATORIA: da 10 a 12 VIGNETTE numerate che raccontano UNA STORIA con arco narrativo completo (1 situazione normale -> 2-4 arrivano i pericoli coi cattivi -> 5-6 tensione/conseguenza -> 7-9 arriva SICURIX con gli eroi e applica il METODO81+ passo per passo -> 10-11 risoluzione ordinata -> 12 finale). HEADER in alto: SICURIX (mantello, medaglione arancione '81+', bussola) che presenta in un fumetto; grande titolo 'SICURIX TALES'; sottotitolo 'ALLOGGIO/RISTORAZIONE: Pericolo vs Soluzione con Metodo 81+'; legenda 3 voci (verde Sicurezza, rosso Rischio, blu 81+ Soluzione); fila di EROI coi nomi: FORMIX, SICURIX, BLINKIX, PREPOSTIX, CHECKIX, CONSENSIX. FOOTER in basso: grande 'Prima vedi. Poi sistemi.'; banner scudo verde 'PROTEGGIAMO. PREVENIAMO. MIGLIORIAMO.' e triangolo rosso 'DISATTENZIONE. RISCHI. COSTI. CAOS.'; logo '81+' + '81plus.net'. TRAMA (usa questi eventi come vignette; se sono meno di 10 aggiungi vignette di contesto, dialogo e reazione per arrivare a 10-12): 1) CHIMIKIX causa il pericolo 'DPI' (Uso e Formazione DPI); poi FORMIX+SICURIX applicano il METODO81+; 2) VOLTIX causa il pericolo 'Formazione base' (Formazione Generale Lavoratori); poi SICURIX+SICURIX applicano il METODO81+; 3) SPORCKIX causa il pericolo 'Sanificazione' (Piano di Sanificazione); poi BLINKIX+SICURIX applicano il METODO81+; 4) CADUTIX causa il pericolo 'Documento' (Documento Valutazione Rischi (DVR)); poi PREPOSTIX+SICURIX applicano il METODO81+; 5) CAOSIX causa il pericolo 'Infestanti' (Lotta agli Infestanti (Pest Control)); poi CHECKIX+SICURIX applicano il METODO81+; 6) MULTIX causa il pericolo 'Temperature' (Controllo Temperature e Celle); poi CONSENSIX+SICURIX applicano il METODO81+; 7) PHISHIX causa il pericolo 'Registro' (Registro dei Trattamenti); poi PRIVACIX+SICURIX applicano il METODO81+; 8) MULTIX causa il pericolo 'Documento' (Manuale HACCP di Autocontrollo); poi FORMIX+SICURIX applicano il METODO81+; 9) SPYIX causa il pericolo 'Documento' (Informativa e Consensi); poi TRACCIX+SICURIX applicano il METODO81+; 10) CHIMIKIX causa il pericolo 'MMC' (Movimentazione Manuale Carichi); poi SICURIX+SICURIX applicano il METODO81+; 11) ØTIX causa il pericolo 'Formazione specifica' (Formazione Specifica (rischio medio)); poi CONSENSIX+SICURIX applicano il METODO81+; 12) PERMISSIONIX causa il pericolo 'Data breach' (Procedura Data Breach); poi ROBOTIX81+SICURIX applicano il METODO81+. PALETTE BRAND ESCLUSIVA: nero #05050A, bianco panna, arancione #FF6A1A/#E8501A; ROSSO solo per 'PERICOLO', VERDE per la checklist 'Metodo 81+'. Logo '81+' ben visibile in OGNI vignetta. REGOLA STORIA: SICURIX NON agisce mai da solo - in OGNI vignetta di soluzione si fa AIUTARE dai suoi colleghi EROI (lavoro di squadra, ognuno col suo ruolo). TESTO: didascalie e fumetti MOLTO BREVI (1-4 parole), GRANDI, centrati, in ITALIANO con ORTOGRAFIA PERFETTA, senza parole inventate, lettere doppie errate o testo tagliato. CATTIVI (coerenti col canone): CHIMIKIX, VOLTIX, SPORCKIX, CADUTIX, CAOSIX, MULTIX, PHISHIX, SPYIX, ØTIX, PERMISSIONIX. EROI: FORMIX, SICURIX, BLINKIX, PREPOSTIX, CHECKIX, CONSENSIX, PRIVACIX, TRACCIX, ROBOTIX81. NEGATIVE: nessun marchio LEGO reale, nessun personaggio protetto (Asterix ecc.), niente gore/horror, niente claim assoluti ('rischio zero','garantito','zero multe').",Alloggio/Ristorazione: 3 minuti oggi o un problema enorme domani. Scegli tu.,"In Alloggio/Ristorazione non e' 'se' arriva il controllo, e' 'quando'. Sei pronto?

In alloggio/ristorazione gli adempimenti obbligatori non aspettano: DPI, Formazione base, Sanificazione, Documento, Infestanti, Temperature, Registro, MMC, Formazione specifica, Data breach. In questa pagina TALES OF SICURIX il PERICOLO prende forma... e il METODO81+ lo rimette in ordine, passo dopo passo. Immagina la scena: prima il caos, poi la checklist che sistema tutto. Chi si mette in regola prima, dorme meglio dopo.
👉 Iscriviti al corso: Corso Lavori in Quota e DPI Anticaduta -> https://81plus.net/?corso=corso-lavori-in-quota-e-dpi-anticaduta
▶️ YouTube: youtube.com/@sicurissimo
Contenuto informativo. Prima vedi. Poi sistemi. 81plus.net",Corso Lavori in Quota e DPI Anticaduta,https://81plus.net/?corso=corso-lavori-in-quota-e-dpi-anticaduta,#TalesOfSicurix #SICURIX #Metodo81 #81plus #Sicurissimo #Sicurezza #HACCP #Privacy #SicurezzaSulLavoro,SICURIX_TALES_552052_8_1_14_0_17_16_20_12_19_10_2_23.webp,https://drive.google.com/drive/folders/1hICKXdl9JTZBL1pemG19oE_661z-EH_k,IMG_ERR
43.50.00,Costruzioni,F,Privacy+Sicurezza+Ambientale,12,Formazione GDPR | Informativa e Consensi | Attrezzature e Macchine | Documento Valutazione Rischi (DVR) | Nomina Incaricati/Responsabili | Formazione Preposto | Sorveglianza Sanitaria / Medico Competente | Lavori in Quota e Ponteggi | Procedura Data Breach | Rischio Rumore | Formazione Generale Lavoratori | Gestione Rifiuti e Registro,GDPR art.32 | GDPR art.13 | D.Lgs81/08 Tit.III | D.Lgs81/08 art.28 | GDPR art.28-29 | D.Lgs81/08 art.37 | D.Lgs81/08 art.41 | D.Lgs81/08 Tit.IV | GDPR art.33-34 | D.Lgs81/08 Tit.VIII | Accordo Stato-Regioni | D.Lgs152/06,"CHECKIX>SPYIX, LUXPECTORIX>LEAKIX, LUXPECTORIX>VIBRIX, FORMIX>SCIVOLIX, CIFRIX>OBLIVIX, HYGIENIX>CADUTIX, SCUDIX>FRETTIX, DOCUMIX>VIBRIX, PRIVACIX>FRETTIX, DOCUMIX>NONDPIX, CONSENSIX>CHIMIKIX, CONSENSIX>OBLIVIX","Crea una PAGINA A FUMETTI a STORIA COMPLETA, verticale A4 (1024x1536), QUALITA' EDITORIALE DA STAMPA, stile ufficiale 'SICURIX TALES' IDENTICO alle immagini di riferimento allegate (stessi personaggi a mattoncini 3D, stessa impaginazione, stessi colori, stesse rese): minifigure espressive, ambientazioni ricche e dettagliate del settore, luci morbide, profondita', bordi vignetta netti. IMPAGINAZIONE OBBLIGATORIA: da 10 a 12 VIGNETTE numerate che raccontano UNA STORIA con arco narrativo completo (1 situazione normale -> 2-4 arrivano i pericoli coi cattivi -> 5-6 tensione/conseguenza -> 7-9 arriva SICURIX con gli eroi e applica il METODO81+ passo per passo -> 10-11 risoluzione ordinata -> 12 finale). HEADER in alto: SICURIX (mantello, medaglione arancione '81+', bussola) che presenta in un fumetto; grande titolo 'SICURIX TALES'; sottotitolo 'COSTRUZIONI: Pericolo vs Soluzione con Metodo 81+'; legenda 3 voci (verde Sicurezza, rosso Rischio, blu 81+ Soluzione); fila di EROI coi nomi: CHECKIX, LUXPECTORIX, FORMIX, CIFRIX, HYGIENIX, SCUDIX. FOOTER in basso: grande 'Prima vedi. Poi sistemi.'; banner scudo verde 'PROTEGGIAMO. PREVENIAMO. MIGLIORIAMO.' e triangolo rosso 'DISATTENZIONE. RISCHI. COSTI. CAOS.'; logo '81+' + '81plus.net'. TRAMA (usa questi eventi come vignette; se sono meno di 10 aggiungi vignette di contesto, dialogo e reazione per arrivare a 10-12): 1) SPYIX causa il pericolo 'Formazione' (Formazione GDPR); poi CHECKIX+SICURIX applicano il METODO81+; 2) LEAKIX causa il pericolo 'Documento' (Informativa e Consensi); poi LUXPECTORIX+SICURIX applicano il METODO81+; 3) VIBRIX causa il pericolo 'Attrezzature' (Attrezzature e Macchine); poi LUXPECTORIX+SICURIX applicano il METODO81+; 4) SCIVOLIX causa il pericolo 'Documento' (Documento Valutazione Rischi (DVR)); poi FORMIX+SICURIX applicano il METODO81+; 5) OBLIVIX causa il pericolo 'Nomine' (Nomina Incaricati/Responsabili); poi CIFRIX+SICURIX applicano il METODO81+; 6) CADUTIX causa il pericolo 'Ruolo/Preposto' (Formazione Preposto); poi HYGIENIX+SICURIX applicano il METODO81+; 7) FRETTIX causa il pericolo 'Sorveglianza sanitaria' (Sorveglianza Sanitaria / Medico Competente); poi SCUDIX+SICURIX applicano il METODO81+; 8) VIBRIX causa il pericolo 'Lavori in quota' (Lavori in Quota e Ponteggi); poi DOCUMIX+SICURIX applicano il METODO81+; 9) FRETTIX causa il pericolo 'Data breach' (Procedura Data Breach); poi PRIVACIX+SICURIX applicano il METODO81+; 10) NONDPIX causa il pericolo 'Rumore' (Rischio Rumore); poi DOCUMIX+SICURIX applicano il METODO81+; 11) CHIMIKIX causa il pericolo 'Formazione base' (Formazione Generale Lavoratori); poi CONSENSIX+SICURIX applicano il METODO81+; 12) OBLIVIX causa il pericolo 'Rifiuti' (Gestione Rifiuti e Registro); poi CONSENSIX+SICURIX applicano il METODO81+. PALETTE BRAND ESCLUSIVA: nero #05050A, bianco panna, arancione #FF6A1A/#E8501A; ROSSO solo per 'PERICOLO', VERDE per la checklist 'Metodo 81+'. Logo '81+' ben visibile in OGNI vignetta. REGOLA STORIA: SICURIX NON agisce mai da solo - in OGNI vignetta di soluzione si fa AIUTARE dai suoi colleghi EROI (lavoro di squadra, ognuno col suo ruolo). TESTO: didascalie e fumetti MOLTO BREVI (1-4 parole), GRANDI, centrati, in ITALIANO con ORTOGRAFIA PERFETTA, senza parole inventate, lettere doppie errate o testo tagliato. CATTIVI (coerenti col canone): SPYIX, LEAKIX, VIBRIX, SCIVOLIX, OBLIVIX, CADUTIX, FRETTIX, NONDPIX, CHIMIKIX. EROI: CHECKIX, LUXPECTORIX, FORMIX, CIFRIX, HYGIENIX, SCUDIX, DOCUMIX, PRIVACIX, CONSENSIX. NEGATIVE: nessun marchio LEGO reale, nessun personaggio protetto (Asterix ecc.), niente gore/horror, niente claim assoluti ('rischio zero','garantito','zero multe').",La differenza tra chi in Costruzioni dorme sereno e chi trema al controllo,"La differenza tra chi in Costruzioni dorme sereno e chi trema al controllo

In costruzioni gli adempimenti obbligatori non aspettano: Formazione, Documento, Attrezzature, Nomine, Ruolo/Preposto, Sorveglianza sanitaria, Lavori in quota, Data breach, Rumore, Formazione base, Rifiuti. In questa pagina TALES OF SICURIX il PERICOLO prende forma... e il METODO81+ lo rimette in ordine, passo dopo passo. Immagina la scena: prima il caos, poi la checklist che sistema tutto. La regola c'e' gia': tu falla lavorare per te.
👉 Iscriviti al corso: GDPR 2016/679: privacy e trattamento dei dati personali -> https://81plus.net/?corso=gdpr-2016-679-privacy-e-trattamento-dei-dati-personali
▶️ YouTube: youtube.com/@sicurissimo
Contenuto informativo. Prima vedi. Poi sistemi. 81plus.net",GDPR 2016/679: privacy e trattamento dei dati personali,https://81plus.net/?corso=gdpr-2016-679-privacy-e-trattamento-dei-dati-personali,#TalesOfSicurix #SICURIX #Metodo81 #81plus #Sicurissimo #Privacy #Sicurezza #Ambientale #SicurezzaSulLavoro,SICURIX_TALES_435000_18_15_13_0_17_3_9_14_19_12_1_20.webp,https://drive.google.com/drive/folders/1hICKXdl9JTZBL1pemG19oE_661z-EH_k,IMG_ERR
55.20.52,Alloggio/Ristorazione,I,Sicurezza+Privacy,10,Stress Lavoro-Correlato | Movimentazione Manuale Carichi | Informativa e Consensi | Videosorveglianza a norma | RSPP / Datore di Lavoro RSPP | Sorveglianza Sanitaria / Medico Competente | Formazione Specifica (rischio medio) | Nomina Incaricati/Responsabili | Formazione Generale Lavoratori | Uso e Formazione DPI,D.Lgs81/08 art.28 | D.Lgs81/08 Tit.VI | GDPR art.13 | Provv.Garante | D.Lgs81/08 art.34 | D.Lgs81/08 art.41 | Accordo Stato-Regioni | GDPR art.28-29 | D.Lgs81/08 art.77,"ROBOTIX81>SOTTOVALUTIX, FORMIX>ØTIX, PRIVACIX>MULTIX, CHEFIX>CAOSIX, PREPOSTIX>POLVERIX, CONSENSIX>VOLTIX, CHECKIX>SOTTOVALUTIX, BLINKIX>OBLIVIX, PREPOSTIX>POLVERIX, ROBOTIX81>RUMORIX","Crea una PAGINA A FUMETTI a STORIA COMPLETA, verticale A4 (1024x1536), QUALITA' EDITORIALE DA STAMPA, stile ufficiale 'SICURIX TALES' IDENTICO alle immagini di riferimento allegate (stessi personaggi a mattoncini 3D, stessa impaginazione, stessi colori, stesse rese): minifigure espressive, ambientazioni ricche e dettagliate del settore, luci morbide, profondita', bordi vignetta netti. IMPAGINAZIONE OBBLIGATORIA: da 10 a 12 VIGNETTE numerate che raccontano UNA STORIA con arco narrativo completo (1 situazione normale -> 2-4 arrivano i pericoli coi cattivi -> 5-6 tensione/conseguenza -> 7-9 arriva SICURIX con gli eroi e applica il METODO81+ passo per passo -> 10-11 risoluzione ordinata -> 12 finale). HEADER in alto: SICURIX (mantello, medaglione arancione '81+', bussola) che presenta in un fumetto; grande titolo 'SICURIX TALES'; sottotitolo 'ALLOGGIO/RISTORAZIONE: Pericolo vs Soluzione con Metodo 81+'; legenda 3 voci (verde Sicurezza, rosso Rischio, blu 81+ Soluzione); fila di EROI coi nomi: ROBOTIX81, FORMIX, PRIVACIX, CHEFIX, PREPOSTIX, CONSENSIX. FOOTER in basso: grande 'Prima vedi. Poi sistemi.'; banner scudo verde 'PROTEGGIAMO. PREVENIAMO. MIGLIORIAMO.' e triangolo rosso 'DISATTENZIONE. RISCHI. COSTI. CAOS.'; logo '81+' + '81plus.net'. TRAMA (usa questi eventi come vignette; se sono meno di 10 aggiungi vignette di contesto, dialogo e reazione per arrivare a 10-12): 1) SOTTOVALUTIX causa il pericolo 'Stress' (Stress Lavoro-Correlato); poi ROBOTIX81+SICURIX applicano il METODO81+; 2) ØTIX causa il pericolo 'MMC' (Movimentazione Manuale Carichi); poi FORMIX+SICURIX applicano il METODO81+; 3) MULTIX causa il pericolo 'Documento' (Informativa e Consensi); poi PRIVACIX+SICURIX applicano il METODO81+; 4) CAOSIX causa il pericolo 'Videosorveglianza' (Videosorveglianza a norma); poi CHEFIX+SICURIX applicano il METODO81+; 5) POLVERIX causa il pericolo 'Ruolo/RSPP' (RSPP / Datore di Lavoro RSPP); poi PREPOSTIX+SICURIX applicano il METODO81+; 6) VOLTIX causa il pericolo 'Sorveglianza sanitaria' (Sorveglianza Sanitaria / Medico Competente); poi CONSENSIX+SICURIX applicano il METODO81+; 7) SOTTOVALUTIX causa il pericolo 'Formazione specifica' (Formazione Specifica (rischio medio)); poi CHECKIX+SICURIX applicano il METODO81+; 8) OBLIVIX causa il pericolo 'Nomine' (Nomina Incaricati/Responsabili); poi BLINKIX+SICURIX applicano il METODO81+; 9) POLVERIX causa il pericolo 'Formazione base' (Formazione Generale Lavoratori); poi PREPOSTIX+SICURIX applicano il METODO81+; 10) RUMORIX causa il pericolo 'DPI' (Uso e Formazione DPI); poi ROBOTIX81+SICURIX applicano il METODO81+. PALETTE BRAND ESCLUSIVA: nero #05050A, bianco panna, arancione #FF6A1A/#E8501A; ROSSO solo per 'PERICOLO', VERDE per la checklist 'Metodo 81+'. Logo '81+' ben visibile in OGNI vignetta. REGOLA STORIA: SICURIX NON agisce mai da solo - in OGNI vignetta di soluzione si fa AIUTARE dai suoi colleghi EROI (lavoro di squadra, ognuno col suo ruolo). TESTO: didascalie e fumetti MOLTO BREVI (1-4 parole), GRANDI, centrati, in ITALIANO con ORTOGRAFIA PERFETTA, senza parole inventate, lettere doppie errate o testo tagliato. CATTIVI (coerenti col canone): SOTTOVALUTIX, ØTIX, MULTIX, CAOSIX, POLVERIX, VOLTIX, OBLIVIX, RUMORIX. EROI: ROBOTIX81, FORMIX, PRIVACIX, CHEFIX, PREPOSTIX, CONSENSIX, CHECKIX, BLINKIX. NEGATIVE: nessun marchio LEGO reale, nessun personaggio protetto (Asterix ecc.), niente gore/horror, niente claim assoluti ('rischio zero','garantito','zero multe').",In Alloggio/Ristorazione c'e' un obbligo che in tanti scoprono solo con la sanzione,"La differenza tra chi in Alloggio/Ristorazione dorme sereno e chi trema al controllo

In alloggio/ristorazione gli adempimenti obbligatori non aspettano: Stress, MMC, Documento, Videosorveglianza, Ruolo/RSPP, Sorveglianza sanitaria, Formazione specifica, Nomine, Formazione base, DPI. In questa pagina TALES OF SICURIX il PERICOLO prende forma... e il METODO81+ lo rimette in ordine, passo dopo passo. Immagina la scena: prima il caos, poi la checklist che sistema tutto. Chi si mette in regola prima, dorme meglio dopo.
👉 Iscriviti al corso: Rischio stress lavoro correlato -> https://81plus.net/?corso=rischio-stress-lavoro-correlato
▶️ YouTube: youtube.com/@sicurissimo
Contenuto informativo. Prima vedi. Poi sistemi. 81plus.net",Rischio stress lavoro correlato,https://81plus.net/?corso=rischio-stress-lavoro-correlato,#TalesOfSicurix #SICURIX #Metodo81 #81plus #Sicurissimo #Sicurezza #Privacy #SicurezzaSulLavoro,SICURIX_TALES_552052_11_10_19_24_5_9_2_21_1_8.webp,https://drive.google.com/drive/folders/1hICKXdl9JTZBL1pemG19oE_661z-EH_k,IMG_ERR
33.16.00,Manifattura,C,Privacy+HACCP+Sicurezza,10,Nomina Incaricati/Responsabili | Corso Alimentarista | Registro dei Trattamenti | RSPP / Datore di Lavoro RSPP | Procedura Data Breach | Manuale HACCP di Autocontrollo | Rappresentante Lavoratori Sicurezza (RLS) | Formazione GDPR | Stress Lavoro-Correlato | Addetto Primo Soccorso,GDPR art.28-29 | Reg.CE 852/2004 | GDPR art.30 | D.Lgs81/08 art.34 | GDPR art.33-34 | D.Lgs81/08 art.47 | GDPR art.32 | D.Lgs81/08 art.28 | DM 388/2003,"CHEFIX>OBLIVIX, CHEFIX>OBLIVIX, FORMIX>SPYIX, FORMIX>VIBRIX, SCUDIX>CAOSIX, CONSENSIX>MESCOLIX, CIFRIX>BIOXIX, HYGIENIX>OBLIVIX, CIFRIX>CADUTIX, TRACCIX>RISKIX","Crea una PAGINA A FUMETTI a STORIA COMPLETA, verticale A4 (1024x1536), QUALITA' EDITORIALE DA STAMPA, stile ufficiale 'SICURIX TALES' IDENTICO alle immagini di riferimento allegate (stessi personaggi a mattoncini 3D, stessa impaginazione, stessi colori, stesse rese): minifigure espressive, ambientazioni ricche e dettagliate del settore, luci morbide, profondita', bordi vignetta netti. IMPAGINAZIONE OBBLIGATORIA: da 10 a 12 VIGNETTE numerate che raccontano UNA STORIA con arco narrativo completo (1 situazione normale -> 2-4 arrivano i pericoli coi cattivi -> 5-6 tensione/conseguenza -> 7-9 arriva SICURIX con gli eroi e applica il METODO81+ passo per passo -> 10-11 risoluzione ordinata -> 12 finale). HEADER in alto: SICURIX (mantello, medaglione arancione '81+', bussola) che presenta in un fumetto; grande titolo 'SICURIX TALES'; sottotitolo 'MANIFATTURA: Pericolo vs Soluzione con Metodo 81+'; legenda 3 voci (verde Sicurezza, rosso Rischio, blu 81+ Soluzione); fila di EROI coi nomi: CHEFIX, FORMIX, SCUDIX, CONSENSIX, CIFRIX, HYGIENIX. FOOTER in basso: grande 'Prima vedi. Poi sistemi.'; banner scudo verde 'PROTEGGIAMO. PREVENIAMO. MIGLIORIAMO.' e triangolo rosso 'DISATTENZIONE. RISCHI. COSTI. CAOS.'; logo '81+' + '81plus.net'. TRAMA (usa questi eventi come vignette; se sono meno di 10 aggiungi vignette di contesto, dialogo e reazione per arrivare a 10-12): 1) OBLIVIX causa il pericolo 'Nomine' (Nomina Incaricati/Responsabili); poi CHEFIX+SICURIX applicano il METODO81+; 2) OBLIVIX causa il pericolo 'Corso' (Corso Alimentarista); poi CHEFIX+SICURIX applicano il METODO81+; 3) SPYIX causa il pericolo 'Registro' (Registro dei Trattamenti); poi FORMIX+SICURIX applicano il METODO81+; 4) VIBRIX causa il pericolo 'Ruolo/RSPP' (RSPP / Datore di Lavoro RSPP); poi FORMIX+SICURIX applicano il METODO81+; 5) CAOSIX causa il pericolo 'Data breach' (Procedura Data Breach); poi SCUDIX+SICURIX applicano il METODO81+; 6) MESCOLIX causa il pericolo 'Documento' (Manuale HACCP di Autocontrollo); poi CONSENSIX+SICURIX applicano il METODO81+; 7) BIOXIX causa il pericolo 'Ruolo/RLS' (Rappresentante Lavoratori Sicurezza (RLS)); poi CIFRIX+SICURIX applicano il METODO81+; 8) OBLIVIX causa il pericolo 'Formazione' (Formazione GDPR); poi HYGIENIX+SICURIX applicano il METODO81+; 9) CADUTIX causa il pericolo 'Stress' (Stress Lavoro-Correlato); poi CIFRIX+SICURIX applicano il METODO81+; 10) RISKIX causa il pericolo 'Emergenze/Soccorso' (Addetto Primo Soccorso); poi TRACCIX+SICURIX applicano il METODO81+. PALETTE BRAND ESCLUSIVA: nero #05050A, bianco panna, arancione #FF6A1A/#E8501A; ROSSO solo per 'PERICOLO', VERDE per la checklist 'Metodo 81+'. Logo '81+' ben visibile in OGNI vignetta. REGOLA STORIA: SICURIX NON agisce mai da solo - in OGNI vignetta di soluzione si fa AIUTARE dai suoi colleghi EROI (lavoro di squadra, ognuno col suo ruolo). TESTO: didascalie e fumetti MOLTO BREVI (1-4 parole), GRANDI, centrati, in ITALIANO con ORTOGRAFIA PERFETTA, senza parole inventate, lettere doppie errate o testo tagliato. CATTIVI (coerenti col canone): OBLIVIX, SPYIX, VIBRIX, CAOSIX, MESCOLIX, BIOXIX, CADUTIX, RISKIX. EROI: CHEFIX, FORMIX, SCUDIX, CONSENSIX, CIFRIX, HYGIENIX, TRACCIX. NEGATIVE: nessun marchio LEGO reale, nessun personaggio protetto (Asterix ecc.), niente gore/horror, niente claim assoluti ('rischio zero','garantito','zero multe').",La differenza tra chi in Manifattura dorme sereno e chi trema al controllo,"In Manifattura c'e' un obbligo che in tanti scoprono solo con la sanzione

In manifattura gli adempimenti obbligatori non aspettano: Nomine, Corso, Registro, Ruolo/RSPP, Data breach, Documento, Ruolo/RLS, Formazione, Stress, Emergenze/Soccorso. In questa pagina TALES OF SICURIX il PERICOLO prende forma... e il METODO81+ lo rimette in ordine, passo dopo passo. Immagina la scena: prima il caos, poi la checklist che sistema tutto. Mettere ordine ora costa poco. Rimediare dopo costa caro.
👉 Iscriviti al corso: Corso privacy destinato ai lavoratori -> https://81plus.net/?corso=corso-privacy-destinato-ai-lavoratori
▶️ YouTube: youtube.com/@sicurissimo
Contenuto informativo. Prima vedi. Poi sistemi. 81plus.net",Corso privacy destinato ai lavoratori,https://81plus.net/?corso=corso-privacy-destinato-ai-lavoratori,#TalesOfSicurix #SICURIX #Metodo81 #81plus #Sicurissimo #Privacy #HACCP #Sicurezza #SicurezzaSulLavoro,SICURIX_TALES_331600_23_15_22_5_25_14_4_24_11_6.webp,https://drive.google.com/drive/folders/1hICKXdl9JTZBL1pemG19oE_661z-EH_k,IMG_ERR
52.23.00,Trasporti/Magazzino,H,Sicurezza+Privacy,12,Addetto Antincendio | Uso e Formazione DPI | Movimentazione Manuale Carichi | Addetto Primo Soccorso | Formazione Specifica (rischio alto) | Nomina Incaricati/Responsabili | Sorveglianza Sanitaria / Medico Competente | Formazione Generale Lavoratori | Formazione Preposto | Attrezzature e Macchine | Registro dei Trattamenti | Rischio Rumore,DM 2/9/2021 | D.Lgs81/08 art.77 | D.Lgs81/08 Tit.VI | DM 388/2003 | Accordo Stato-Regioni | GDPR art.28-29 | D.Lgs81/08 art.41 | D.Lgs81/08 art.37 | D.Lgs81/08 Tit.III | GDPR art.30 | D.Lgs81/08 Tit.VIII,"CHEFIX>SOTTOVALUTIX, CIFRIX>RUMORIX, ROBOTIX81>CHIMIKIX, DOCUMIX>SCHIACCIX, TRACCIX>VIBRIX, HYGIENIX>FRETTIX, SICURIX>VIBRIX, PREPOSTIX>VOLTIX, PREPOSTIX>TAGLIX, CHEFIX>SCIVOLIX, TRACCIX>SPYIX, SCUDIX>ØTIX","Crea una PAGINA A FUMETTI a STORIA COMPLETA, verticale A4 (1024x1536), QUALITA' EDITORIALE DA STAMPA, stile ufficiale 'SICURIX TALES' IDENTICO alle immagini di riferimento allegate (stessi personaggi a mattoncini 3D, stessa impaginazione, stessi colori, stesse rese): minifigure espressive, ambientazioni ricche e dettagliate del settore, luci morbide, profondita', bordi vignetta netti. IMPAGINAZIONE OBBLIGATORIA: da 10 a 12 VIGNETTE numerate che raccontano UNA STORIA con arco narrativo completo (1 situazione normale -> 2-4 arrivano i pericoli coi cattivi -> 5-6 tensione/conseguenza -> 7-9 arriva SICURIX con gli eroi e applica il METODO81+ passo per passo -> 10-11 risoluzione ordinata -> 12 finale). HEADER in alto: SICURIX (mantello, medaglione arancione '81+', bussola) che presenta in un fumetto; grande titolo 'SICURIX TALES'; sottotitolo 'TRASPORTI/MAGAZZINO: Pericolo vs Soluzione con Metodo 81+'; legenda 3 voci (verde Sicurezza, rosso Rischio, blu 81+ Soluzione); fila di EROI coi nomi: CHEFIX, CIFRIX, ROBOTIX81, DOCUMIX, TRACCIX, HYGIENIX. FOOTER in basso: grande 'Prima vedi. Poi sistemi.'; banner scudo verde 'PROTEGGIAMO. PREVENIAMO. MIGLIORIAMO.' e triangolo rosso 'DISATTENZIONE. RISCHI. COSTI. CAOS.'; logo '81+' + '81plus.net'. TRAMA (usa questi eventi come vignette; se sono meno di 10 aggiungi vignette di contesto, dialogo e reazione per arrivare a 10-12): 1) SOTTOVALUTIX causa il pericolo 'Emergenze/Incendio' (Addetto Antincendio); poi CHEFIX+SICURIX applicano il METODO81+; 2) RUMORIX causa il pericolo 'DPI' (Uso e Formazione DPI); poi CIFRIX+SICURIX applicano il METODO81+; 3) CHIMIKIX causa il pericolo 'MMC' (Movimentazione Manuale Carichi); poi ROBOTIX81+SICURIX applicano il METODO81+; 4) SCHIACCIX causa il pericolo 'Emergenze/Soccorso' (Addetto Primo Soccorso); poi DOCUMIX+SICURIX applicano il METODO81+; 5) VIBRIX causa il pericolo 'Formazione specifica' (Formazione Specifica (rischio alto)); poi TRACCIX+SICURIX applicano il METODO81+; 6) FRETTIX causa il pericolo 'Nomine' (Nomina Incaricati/Responsabili); poi HYGIENIX+SICURIX applicano il METODO81+; 7) VIBRIX causa il pericolo 'Sorveglianza sanitaria' (Sorveglianza Sanitaria / Medico Competente); poi SICURIX+SICURIX applicano il METODO81+; 8) VOLTIX causa il pericolo 'Formazione base' (Formazione Generale Lavoratori); poi PREPOSTIX+SICURIX applicano il METODO81+; 9) TAGLIX causa il pericolo 'Ruolo/Preposto' (Formazione Preposto); poi PREPOSTIX+SICURIX applicano il METODO81+; 10) SCIVOLIX causa il pericolo 'Attrezzature' (Attrezzature e Macchine); poi CHEFIX+SICURIX applicano il METODO81+; 11) SPYIX causa il pericolo 'Registro' (Registro dei Trattamenti); poi TRACCIX+SICURIX applicano il METODO81+; 12) ØTIX causa il pericolo 'Rumore' (Rischio Rumore); poi SCUDIX+SICURIX applicano il METODO81+. PALETTE BRAND ESCLUSIVA: nero #05050A, bianco panna, arancione #FF6A1A/#E8501A; ROSSO solo per 'PERICOLO', VERDE per la checklist 'Metodo 81+'. Logo '81+' ben visibile in OGNI vignetta. REGOLA STORIA: SICURIX NON agisce mai da solo - in OGNI vignetta di soluzione si fa AIUTARE dai suoi colleghi EROI (lavoro di squadra, ognuno col suo ruolo). TESTO: didascalie e fumetti MOLTO BREVI (1-4 parole), GRANDI, centrati, in ITALIANO con ORTOGRAFIA PERFETTA, senza parole inventate, lettere doppie errate o testo tagliato. CATTIVI (coerenti col canone): SOTTOVALUTIX, RUMORIX, CHIMIKIX, SCHIACCIX, VIBRIX, FRETTIX, VOLTIX, TAGLIX, SCIVOLIX, SPYIX, ØTIX. EROI: CHEFIX, CIFRIX, ROBOTIX81, DOCUMIX, TRACCIX, HYGIENIX, SICURIX, PREPOSTIX, SCUDIX. NEGATIVE: nessun marchio LEGO reale, nessun personaggio protetto (Asterix ecc.), niente gore/horror, niente claim assoluti ('rischio zero','garantito','zero multe').",La differenza tra chi in Trasporti/Magazzino dorme sereno e chi trema al controllo,"In Trasporti/Magazzino non e' 'se' arriva il controllo, e' 'quando'. Sei pronto?

In trasporti/magazzino gli adempimenti obbligatori non aspettano: Emergenze/Incendio, DPI, MMC, Emergenze/Soccorso, Formazione specifica, Nomine, Sorveglianza sanitaria, Formazione base, Ruolo/Preposto, Attrezzature, Registro, Rumore. In questa pagina TALES OF SICURIX il PERICOLO prende forma... e il METODO81+ lo rimette in ordine, passo dopo passo. Immagina la scena: prima il caos, poi la checklist che sistema tutto. Mettere ordine ora costa poco. Rimediare dopo costa caro.
👉 Iscriviti al corso: Corso antincendio livello 1 -> https://81plus.net/?corso=corso-antincendio-livello-1
▶️ YouTube: youtube.com/@sicurissimo
Contenuto informativo. Prima vedi. Poi sistemi. 81plus.net",Corso antincendio livello 1,https://81plus.net/?corso=corso-antincendio-livello-1,#TalesOfSicurix #SICURIX #Metodo81 #81plus #Sicurissimo #Sicurezza #Privacy #SicurezzaSulLavoro,SICURIX_TALES_522300_7_8_10_6_2_17_9_1_3_13_16_12.webp,https://drive.google.com/drive/folders/1hICKXdl9JTZBL1pemG19oE_661z-EH_k,IMG_ERR
29.10.00,Manifattura,C,Sicurezza+Ambientale+Privacy+HACCP,12,Formazione Generale Lavoratori | Addetto Primo Soccorso | Formazione Ambientale | Procedura Data Breach | Registro dei Trattamenti | Formazione GDPR | Nomina Incaricati/Responsabili | Stress Lavoro-Correlato | Gestione Allergeni | Addetto Antincendio | Documento Valutazione Rischi (DVR) | Informativa e Consensi,Accordo Stato-Regioni | DM 388/2003 | D.Lgs152/06 | GDPR art.33-34 | GDPR art.30 | GDPR art.32 | GDPR art.28-29 | D.Lgs81/08 art.28 | Reg.UE 1169/2011 | DM 2/9/2021 | GDPR art.13,"SICURIX>SEGNALEX, CHEFIX>MULTIX, PREPOSTIX>OBLIVIX, TRACCIX>FRETTIX, ROBOTIX81>MULTIX, CIFRIX>LEAKIX, CHECKIX>LEAKIX, ROBOTIX81>IMPROVVISIX, LUXPECTORIX>SPORCKIX, TRACCIX>SEGNALEX, SCUDIX>FRETTIX, CONSENSIX>RISKIX","Crea una PAGINA A FUMETTI a STORIA COMPLETA, verticale A4 (1024x1536), QUALITA' EDITORIALE DA STAMPA, stile ufficiale 'SICURIX TALES' IDENTICO alle immagini di riferimento allegate (stessi personaggi a mattoncini 3D, stessa impaginazione, stessi colori, stesse rese): minifigure espressive, ambientazioni ricche e dettagliate del settore, luci morbide, profondita', bordi vignetta netti. IMPAGINAZIONE OBBLIGATORIA: da 10 a 12 VIGNETTE numerate che raccontano UNA STORIA con arco narrativo completo (1 situazione normale -> 2-4 arrivano i pericoli coi cattivi -> 5-6 tensione/conseguenza -> 7-9 arriva SICURIX con gli eroi e applica il METODO81+ passo per passo -> 10-11 risoluzione ordinata -> 12 finale). HEADER in alto: SICURIX (mantello, medaglione arancione '81+', bussola) che presenta in un fumetto; grande titolo 'SICURIX TALES'; sottotitolo 'MANIFATTURA: Pericolo vs Soluzione con Metodo 81+'; legenda 3 voci (verde Sicurezza, rosso Rischio, blu 81+ Soluzione); fila di EROI coi nomi: SICURIX, CHEFIX, PREPOSTIX, TRACCIX, ROBOTIX81, CIFRIX. FOOTER in basso: grande 'Prima vedi. Poi sistemi.'; banner scudo verde 'PROTEGGIAMO. PREVENIAMO. MIGLIORIAMO.' e triangolo rosso 'DISATTENZIONE. RISCHI. COSTI. CAOS.'; logo '81+' + '81plus.net'. TRAMA (usa questi eventi come vignette; se sono meno di 10 aggiungi vignette di contesto, dialogo e reazione per arrivare a 10-12): 1) SEGNALEX causa il pericolo 'Formazione base' (Formazione Generale Lavoratori); poi SICURIX+SICURIX applicano il METODO81+; 2) MULTIX causa il pericolo 'Emergenze/Soccorso' (Addetto Primo Soccorso); poi CHEFIX+SICURIX applicano il METODO81+; 3) OBLIVIX causa il pericolo 'Formazione' (Formazione Ambientale); poi PREPOSTIX+SICURIX applicano il METODO81+; 4) FRETTIX causa il pericolo 'Data breach' (Procedura Data Breach); poi TRACCIX+SICURIX applicano il METODO81+; 5) MULTIX causa il pericolo 'Registro' (Registro dei Trattamenti); poi ROBOTIX81+SICURIX applicano il METODO81+; 6) LEAKIX causa il pericolo 'Formazione' (Formazione GDPR); poi CIFRIX+SICURIX applicano il METODO81+; 7) LEAKIX causa il pericolo 'Nomine' (Nomina Incaricati/Responsabili); poi CHECKIX+SICURIX applicano il METODO81+; 8) IMPROVVISIX causa il pericolo 'Stress' (Stress Lavoro-Correlato); poi ROBOTIX81+SICURIX applicano il METODO81+; 9) SPORCKIX causa il pericolo 'Allergeni' (Gestione Allergeni); poi LUXPECTORIX+SICURIX applicano il METODO81+; 10) SEGNALEX causa il pericolo 'Emergenze/Incendio' (Addetto Antincendio); poi TRACCIX+SICURIX applicano il METODO81+; 11) FRETTIX causa il pericolo 'Documento' (Documento Valutazione Rischi (DVR)); poi SCUDIX+SICURIX applicano il METODO81+; 12) RISKIX causa il pericolo 'Documento' (Informativa e Consensi); poi CONSENSIX+SICURIX applicano il METODO81+. PALETTE BRAND ESCLUSIVA: nero #05050A, bianco panna, arancione #FF6A1A/#E8501A; ROSSO solo per 'PERICOLO', VERDE per la checklist 'Metodo 81+'. Logo '81+' ben visibile in OGNI vignetta. REGOLA STORIA: SICURIX NON agisce mai da solo - in OGNI vignetta di soluzione si fa AIUTARE dai suoi colleghi EROI (lavoro di squadra, ognuno col suo ruolo). TESTO: didascalie e fumetti MOLTO BREVI (1-4 parole), GRANDI, centrati, in ITALIANO con ORTOGRAFIA PERFETTA, senza parole inventate, lettere doppie errate o testo tagliato. CATTIVI (coerenti col canone): SEGNALEX, MULTIX, OBLIVIX, FRETTIX, LEAKIX, IMPROVVISIX, SPORCKIX, RISKIX. EROI: SICURIX, CHEFIX, PREPOSTIX, TRACCIX, ROBOTIX81, CIFRIX, CHECKIX, LUXPECTORIX, SCUDIX, CONSENSIX. NEGATIVE: nessun marchio LEGO reale, nessun personaggio protetto (Asterix ecc.), niente gore/horror, niente claim assoluti ('rischio zero','garantito','zero multe').",In Manifattura c'e' un obbligo che in tanti scoprono solo con la sanzione,"La differenza tra chi in Manifattura dorme sereno e chi trema al controllo

In manifattura gli adempimenti obbligatori non aspettano: Formazione base, Emergenze/Soccorso, Formazione, Data breach, Registro, Nomine, Stress, Allergeni, Emergenze/Incendio, Documento. In questa pagina TALES OF SICURIX il PERICOLO prende forma... e il METODO81+ lo rimette in ordine, passo dopo passo. Immagina la scena: prima il caos, poi la checklist che sistema tutto. Non e' burocrazia: e' la tua tranquillita.
👉 Iscriviti al corso: Corso lavoratore parte GENERALE 4 ore -> https://81plus.net/?corso=corso-lavoratore-parte-generale-4-ore
▶️ YouTube: youtube.com/@sicurissimo
Contenuto informativo. Prima vedi. Poi sistemi. 81plus.net",Corso lavoratore parte GENERALE 4 ore,https://81plus.net/?corso=corso-lavoratore-parte-generale-4-ore,#TalesOfSicurix #SICURIX #Metodo81 #81plus #Sicurissimo #Sicurezza #Ambientale #Privacy #HACCP #SicurezzaSulLavoro,SICURIX_TALES_291000_1_6_27_25_22_24_23_11_20_7_0_21.webp,https://drive.google.com/drive/folders/1hICKXdl9JTZBL1pemG19oE_661z-EH_k,IMG_ERR
74.99.42,Servizi alle imprese,N,Sicurezza+Privacy,10,Addetto Antincendio | RSPP / Datore di Lavoro RSPP | Rappresentante Lavoratori Sicurezza (RLS) | Formazione GDPR | Addetto Primo Soccorso | Registro dei Trattamenti | Documento Valutazione Rischi (DVR) | Formazione Generale Lavoratori | Formazione Preposto | Informativa e Consensi,DM 2/9/2021 | D.Lgs81/08 art.34 | D.Lgs81/08 art.47 | GDPR art.32 | DM 388/2003 | GDPR art.30 | D.Lgs81/08 art.28 | Accordo Stato-Regioni | D.Lgs81/08 art.37 | GDPR art.13,"CHEFIX>CHIMIKIX, CHECKIX>IMPROVVISIX, TRACCIX>VOLTIX, PREPOSTIX>RISKIX, CONSENSIX>POLVERIX, FORMIX>OBLIVIX, SCUDIX>TAGLIX, LUXPECTORIX>RISKIX, HYGIENIX>SCIVOLIX, CIFRIX>MULTIX","Crea una PAGINA A FUMETTI a STORIA COMPLETA, verticale A4 (1024x1536), QUALITA' EDITORIALE DA STAMPA, stile ufficiale 'SICURIX TALES' IDENTICO alle immagini di riferimento allegate (stessi personaggi a mattoncini 3D, stessa impaginazione, stessi colori, stesse rese): minifigure espressive, ambientazioni ricche e dettagliate del settore, luci morbide, profondita', bordi vignetta netti. IMPAGINAZIONE OBBLIGATORIA: da 10 a 12 VIGNETTE numerate che raccontano UNA STORIA con arco narrativo completo (1 situazione normale -> 2-4 arrivano i pericoli coi cattivi -> 5-6 tensione/conseguenza -> 7-9 arriva SICURIX con gli eroi e applica il METODO81+ passo per passo -> 10-11 risoluzione ordinata -> 12 finale). HEADER in alto: SICURIX (mantello, medaglione arancione '81+', bussola) che presenta in un fumetto; grande titolo 'SICURIX TALES'; sottotitolo 'SERVIZI ALLE IMPRESE: Pericolo vs Soluzione con Metodo 81+'; legenda 3 voci (verde Sicurezza, rosso Rischio, blu 81+ Soluzione); fila di EROI coi nomi: CHEFIX, CHECKIX, TRACCIX, PREPOSTIX, CONSENSIX, FORMIX. FOOTER in basso: grande 'Prima vedi. Poi sistemi.'; banner scudo verde 'PROTEGGIAMO. PREVENIAMO. MIGLIORIAMO.' e triangolo rosso 'DISATTENZIONE. RISCHI. COSTI. CAOS.'; logo '81+' + '81plus.net'. TRAMA (usa questi eventi come vignette; se sono meno di 10 aggiungi vignette di contesto, dialogo e reazione per arrivare a 10-12): 1) CHIMIKIX causa il pericolo 'Emergenze/Incendio' (Addetto Antincendio); poi CHEFIX+SICURIX applicano il METODO81+; 2) IMPROVVISIX causa il pericolo 'Ruolo/RSPP' (RSPP / Datore di Lavoro RSPP); poi CHECKIX+SICURIX applicano il METODO81+; 3) VOLTIX causa il pericolo 'Ruolo/RLS' (Rappresentante Lavoratori Sicurezza (RLS)); poi TRACCIX+SICURIX applicano il METODO81+; 4) RISKIX causa il pericolo 'Formazione' (Formazione GDPR); poi PREPOSTIX+SICURIX applicano il METODO81+; 5) POLVERIX causa il pericolo 'Emergenze/Soccorso' (Addetto Primo Soccorso); poi CONSENSIX+SICURIX applicano il METODO81+; 6) OBLIVIX causa il pericolo 'Registro' (Registro dei Trattamenti); poi FORMIX+SICURIX applicano il METODO81+; 7) TAGLIX causa il pericolo 'Documento' (Documento Valutazione Rischi (DVR)); poi SCUDIX+SICURIX applicano il METODO81+; 8) RISKIX causa il pericolo 'Formazione base' (Formazione Generale Lavoratori); poi LUXPECTORIX+SICURIX applicano il METODO81+; 9) SCIVOLIX causa il pericolo 'Ruolo/Preposto' (Formazione Preposto); poi HYGIENIX+SICURIX applicano il METODO81+; 10) MULTIX causa il pericolo 'Documento' (Informativa e Consensi); poi CIFRIX+SICURIX applicano il METODO81+. PALETTE BRAND ESCLUSIVA: nero #05050A, bianco panna, arancione #FF6A1A/#E8501A; ROSSO solo per 'PERICOLO', VERDE per la checklist 'Metodo 81+'. Logo '81+' ben visibile in OGNI vignetta. REGOLA STORIA: SICURIX NON agisce mai da solo - in OGNI vignetta di soluzione si fa AIUTARE dai suoi colleghi EROI (lavoro di squadra, ognuno col suo ruolo). TESTO: didascalie e fumetti MOLTO BREVI (1-4 parole), GRANDI, centrati, in ITALIANO con ORTOGRAFIA PERFETTA, senza parole inventate, lettere doppie errate o testo tagliato. CATTIVI (coerenti col canone): CHIMIKIX, IMPROVVISIX, VOLTIX, RISKIX, POLVERIX, OBLIVIX, TAGLIX, SCIVOLIX, MULTIX. EROI: CHEFIX, CHECKIX, TRACCIX, PREPOSTIX, CONSENSIX, FORMIX, SCUDIX, LUXPECTORIX, HYGIENIX, CIFRIX. NEGATIVE: nessun marchio LEGO reale, nessun personaggio protetto (Asterix ecc.), niente gore/horror, niente claim assoluti ('rischio zero','garantito','zero multe').",Quello che l'ispettore controlla per primo in Servizi alle imprese (e quasi nessuno lo sa),"Servizi alle imprese: 3 minuti oggi o un problema enorme domani. Scegli tu.

In servizi alle imprese gli adempimenti obbligatori non aspettano: Emergenze/Incendio, Ruolo/RSPP, Ruolo/RLS, Formazione, Emergenze/Soccorso, Registro, Documento, Formazione base, Ruolo/Preposto. In questa pagina TALES OF SICURIX il PERICOLO prende forma... e il METODO81+ lo rimette in ordine, passo dopo passo. Immagina la scena: prima il caos, poi la checklist che sistema tutto. Chi si mette in regola prima, dorme meglio dopo.
👉 Iscriviti al corso: Corso antincendio livello 1 -> https://81plus.net/?corso=corso-antincendio-livello-1
▶️ YouTube: youtube.com/@sicurissimo
Contenuto informativo. Prima vedi. Poi sistemi. 81plus.net",Corso antincendio livello 1,https://81plus.net/?corso=corso-antincendio-livello-1,#TalesOfSicurix #SICURIX #Metodo81 #81plus #Sicurissimo #Sicurezza #Privacy #SicurezzaSulLavoro,SICURIX_TALES_749942_7_5_4_13_6_11_0_1_3_10.webp,https://drive.google.com/drive/folders/1hICKXdl9JTZBL1pemG19oE_661z-EH_k,IMG_ERR
71.11.09,Servizi alle imprese,N,Sicurezza+Privacy,12,Addetto Primo Soccorso | Addetto Antincendio | Formazione Preposto | Informativa e Consensi | Nomina Incaricati/Responsabili | RSPP / Datore di Lavoro RSPP | Formazione Generale Lavoratori | Procedura Data Breach | Formazione Specifica (rischio basso) | Rappresentante Lavoratori Sicurezza (RLS) | Formazione GDPR | Uso e Formazione DPI,DM 388/2003 | DM 2/9/2021 | D.Lgs81/08 art.37 | GDPR art.13 | GDPR art.28-29 | D.Lgs81/08 art.34 | Accordo Stato-Regioni | GDPR art.33-34 | D.Lgs81/08 art.47 | GDPR art.32 | D.Lgs81/08 art.77,"PRIVACIX>ØTIX, CHECKIX>OBLIVIX, SCUDIX>CAOSIX, LUXPECTORIX>FRETTIX, CONSENSIX>CAOSIX, BLINKIX>IMPROVVISIX, FORMIX>CHIMIKIX, TRACCIX>OBLIVIX, CHEFIX>FUMIX, FORMIX>SCHIACCIX, TRACCIX>MULTIX, PRIVACIX>CHIMIKIX","Crea una PAGINA A FUMETTI a STORIA COMPLETA, verticale A4 (1024x1536), QUALITA' EDITORIALE DA STAMPA, stile ufficiale 'SICURIX TALES' IDENTICO alle immagini di riferimento allegate (stessi personaggi a mattoncini 3D, stessa impaginazione, stessi colori, stesse rese): minifigure espressive, ambientazioni ricche e dettagliate del settore, luci morbide, profondita', bordi vignetta netti. IMPAGINAZIONE OBBLIGATORIA: da 10 a 12 VIGNETTE numerate che raccontano UNA STORIA con arco narrativo completo (1 situazione normale -> 2-4 arrivano i pericoli coi cattivi -> 5-6 tensione/conseguenza -> 7-9 arriva SICURIX con gli eroi e applica il METODO81+ passo per passo -> 10-11 risoluzione ordinata -> 12 finale). HEADER in alto: SICURIX (mantello, medaglione arancione '81+', bussola) che presenta in un fumetto; grande titolo 'SICURIX TALES'; sottotitolo 'SERVIZI ALLE IMPRESE: Pericolo vs Soluzione con Metodo 81+'; legenda 3 voci (verde Sicurezza, rosso Rischio, blu 81+ Soluzione); fila di EROI coi nomi: PRIVACIX, CHECKIX, SCUDIX, LUXPECTORIX, CONSENSIX, BLINKIX. FOOTER in basso: grande 'Prima vedi. Poi sistemi.'; banner scudo verde 'PROTEGGIAMO. PREVENIAMO. MIGLIORIAMO.' e triangolo rosso 'DISATTENZIONE. RISCHI. COSTI. CAOS.'; logo '81+' + '81plus.net'. TRAMA (usa questi eventi come vignette; se sono meno di 10 aggiungi vignette di contesto, dialogo e reazione per arrivare a 10-12): 1) ØTIX causa il pericolo 'Emergenze/Soccorso' (Addetto Primo Soccorso); poi PRIVACIX+SICURIX applicano il METODO81+; 2) OBLIVIX causa il pericolo 'Emergenze/Incendio' (Addetto Antincendio); poi CHECKIX+SICURIX applicano il METODO81+; 3) CAOSIX causa il pericolo 'Ruolo/Preposto' (Formazione Preposto); poi SCUDIX+SICURIX applicano il METODO81+; 4) FRETTIX causa il pericolo 'Documento' (Informativa e Consensi); poi LUXPECTORIX+SICURIX applicano il METODO81+; 5) CAOSIX causa il pericolo 'Nomine' (Nomina Incaricati/Responsabili); poi CONSENSIX+SICURIX applicano il METODO81+; 6) IMPROVVISIX causa il pericolo 'Ruolo/RSPP' (RSPP / Datore di Lavoro RSPP); poi BLINKIX+SICURIX applicano il METODO81+; 7) CHIMIKIX causa il pericolo 'Formazione base' (Formazione Generale Lavoratori); poi FORMIX+SICURIX applicano il METODO81+; 8) OBLIVIX causa il pericolo 'Data breach' (Procedura Data Breach); poi TRACCIX+SICURIX applicano il METODO81+; 9) FUMIX causa il pericolo 'Formazione specifica' (Formazione Specifica (rischio basso)); poi CHEFIX+SICURIX applicano il METODO81+; 10) SCHIACCIX causa il pericolo 'Ruolo/RLS' (Rappresentante Lavoratori Sicurezza (RLS)); poi FORMIX+SICURIX applicano il METODO81+; 11) MULTIX causa il pericolo 'Formazione' (Formazione GDPR); poi TRACCIX+SICURIX applicano il METODO81+; 12) CHIMIKIX causa il pericolo 'DPI' (Uso e Formazione DPI); poi PRIVACIX+SICURIX applicano il METODO81+. PALETTE BRAND ESCLUSIVA: nero #05050A, bianco panna, arancione #FF6A1A/#E8501A; ROSSO solo per 'PERICOLO', VERDE per la checklist 'Metodo 81+'. Logo '81+' ben visibile in OGNI vignetta. REGOLA STORIA: SICURIX NON agisce mai da solo - in OGNI vignetta di soluzione si fa AIUTARE dai suoi colleghi EROI (lavoro di squadra, ognuno col suo ruolo). TESTO: didascalie e fumetti MOLTO BREVI (1-4 parole), GRANDI, centrati, in ITALIANO con ORTOGRAFIA PERFETTA, senza parole inventate, lettere doppie errate o testo tagliato. CATTIVI (coerenti col canone): ØTIX, OBLIVIX, CAOSIX, FRETTIX, IMPROVVISIX, CHIMIKIX, FUMIX, SCHIACCIX, MULTIX. EROI: PRIVACIX, CHECKIX, SCUDIX, LUXPECTORIX, CONSENSIX, BLINKIX, FORMIX, TRACCIX, CHEFIX. NEGATIVE: nessun marchio LEGO reale, nessun personaggio protetto (Asterix ecc.), niente gore/horror, niente claim assoluti ('rischio zero','garantito','zero multe').","In Servizi alle imprese non e' 'se' arriva il controllo, e' 'quando'. Sei pronto?","In Servizi alle imprese c'e' un obbligo che in tanti scoprono solo con la sanzione

In servizi alle imprese gli adempimenti obbligatori non aspettano: Emergenze/Soccorso, Emergenze/Incendio, Ruolo/Preposto, Documento, Nomine, Ruolo/RSPP, Formazione base, Data breach, Formazione specifica, Ruolo/RLS, Formazione, DPI. In questa pagina TALES OF SICURIX il PERICOLO prende forma... e il METODO81+ lo rimette in ordine, passo dopo passo. Immagina la scena: prima il caos, poi la checklist che sistema tutto. Chi si mette in regola prima, dorme meglio dopo.
👉 Iscriviti al corso: Corso Primo Soccorso (A-B-C) -> https://81plus.net/?corso=corso-primo-soccorso-a-b-c
▶️ YouTube: youtube.com/@sicurissimo
Contenuto informativo. Prima vedi. Poi sistemi. 81plus.net",Corso Primo Soccorso (A-B-C),https://81plus.net/?corso=corso-primo-soccorso-a-b-c,#TalesOfSicurix #SICURIX #Metodo81 #81plus #Sicurissimo #Sicurezza #Privacy #SicurezzaSulLavoro,SICURIX_TALES_711109_6_7_3_9_11_5_1_13_2_4_12_8.webp,https://drive.google.com/drive/folders/1hICKXdl9JTZBL1pemG19oE_661z-EH_k,IMG_ERR
47.62.10,Commercio,G,Sicurezza+HACCP+Privacy,11,Formazione Generale Lavoratori | Lotta agli Infestanti (Pest Control) | Controllo Temperature e Celle | Rappresentante Lavoratori Sicurezza (RLS) | Nomina DPO / RPD | Procedura Data Breach | RSPP / Datore di Lavoro RSPP | Sorveglianza Sanitaria / Medico Competente | Informativa e Consensi | Piano di Sanificazione | Manuale HACCP di Autocontrollo,Accordo Stato-Regioni | Reg.CE 852/2004 | D.Lgs81/08 art.47 | GDPR art.37 | GDPR art.33-34 | D.Lgs81/08 art.34 | D.Lgs81/08 art.41 | GDPR art.13,"CIFRIX>SOTTOVALUTIX, SICURIX>RISKIX, TRACCIX>TEMPORIX, FORMIX>RISKIX, ROBOTIX81>LEAKIX, FORMIX>SPYIX, HYGIENIX>IMPROVVISIX, PRIVACIX>BIOXIX, CHECKIX>FRETTIX, TRACCIX>ACQUAIX, FORMIX>ACQUAIX","Crea una PAGINA A FUMETTI a STORIA COMPLETA, verticale A4 (1024x1536), QUALITA' EDITORIALE DA STAMPA, stile ufficiale 'SICURIX TALES' IDENTICO alle immagini di riferimento allegate (stessi personaggi a mattoncini 3D, stessa impaginazione, stessi colori, stesse rese): minifigure espressive, ambientazioni ricche e dettagliate del settore, luci morbide, profondita', bordi vignetta netti. IMPAGINAZIONE OBBLIGATORIA: da 10 a 12 VIGNETTE numerate che raccontano UNA STORIA con arco narrativo completo (1 situazione normale -> 2-4 arrivano i pericoli coi cattivi -> 5-6 tensione/conseguenza -> 7-9 arriva SICURIX con gli eroi e applica il METODO81+ passo per passo -> 10-11 risoluzione ordinata -> 12 finale). HEADER in alto: SICURIX (mantello, medaglione arancione '81+', bussola) che presenta in un fumetto; grande titolo 'SICURIX TALES'; sottotitolo 'COMMERCIO: Pericolo vs Soluzione con Metodo 81+'; legenda 3 voci (verde Sicurezza, rosso Rischio, blu 81+ Soluzione); fila di EROI coi nomi: CIFRIX, SICURIX, TRACCIX, FORMIX, ROBOTIX81, HYGIENIX. FOOTER in basso: grande 'Prima vedi. Poi sistemi.'; banner scudo verde 'PROTEGGIAMO. PREVENIAMO. MIGLIORIAMO.' e triangolo rosso 'DISATTENZIONE. RISCHI. COSTI. CAOS.'; logo '81+' + '81plus.net'. TRAMA (usa questi eventi come vignette; se sono meno di 10 aggiungi vignette di contesto, dialogo e reazione per arrivare a 10-12): 1) SOTTOVALUTIX causa il pericolo 'Formazione base' (Formazione Generale Lavoratori); poi CIFRIX+SICURIX applicano il METODO81+; 2) RISKIX causa il pericolo 'Infestanti' (Lotta agli Infestanti (Pest Control)); poi SICURIX+SICURIX applicano il METODO81+; 3) TEMPORIX causa il pericolo 'Temperature' (Controllo Temperature e Celle); poi TRACCIX+SICURIX applicano il METODO81+; 4) RISKIX causa il pericolo 'Ruolo/RLS' (Rappresentante Lavoratori Sicurezza (RLS)); poi FORMIX+SICURIX applicano il METODO81+; 5) LEAKIX causa il pericolo 'DPO' (Nomina DPO / RPD); poi ROBOTIX81+SICURIX applicano il METODO81+; 6) SPYIX causa il pericolo 'Data breach' (Procedura Data Breach); poi FORMIX+SICURIX applicano il METODO81+; 7) IMPROVVISIX causa il pericolo 'Ruolo/RSPP' (RSPP / Datore di Lavoro RSPP); poi HYGIENIX+SICURIX applicano il METODO81+; 8) BIOXIX causa il pericolo 'Sorveglianza sanitaria' (Sorveglianza Sanitaria / Medico Competente); poi PRIVACIX+SICURIX applicano il METODO81+; 9) FRETTIX causa il pericolo 'Documento' (Informativa e Consensi); poi CHECKIX+SICURIX applicano il METODO81+; 10) ACQUAIX causa il pericolo 'Sanificazione' (Piano di Sanificazione); poi TRACCIX+SICURIX applicano il METODO81+; 11) ACQUAIX causa il pericolo 'Documento' (Manuale HACCP di Autocontrollo); poi FORMIX+SICURIX applicano il METODO81+. PALETTE BRAND ESCLUSIVA: nero #05050A, bianco panna, arancione #FF6A1A/#E8501A; ROSSO solo per 'PERICOLO', VERDE per la checklist 'Metodo 81+'. Logo '81+' ben visibile in OGNI vignetta. REGOLA STORIA: SICURIX NON agisce mai da solo - in OGNI vignetta di soluzione si fa AIUTARE dai suoi colleghi EROI (lavoro di squadra, ognuno col suo ruolo). TESTO: didascalie e fumetti MOLTO BREVI (1-4 parole), GRANDI, centrati, in ITALIANO con ORTOGRAFIA PERFETTA, senza parole inventate, lettere doppie errate o testo tagliato. CATTIVI (coerenti col canone): SOTTOVALUTIX, RISKIX, TEMPORIX, LEAKIX, SPYIX, IMPROVVISIX, BIOXIX, FRETTIX, ACQUAIX. EROI: CIFRIX, SICURIX, TRACCIX, FORMIX, ROBOTIX81, HYGIENIX, PRIVACIX, CHECKIX. NEGATIVE: nessun marchio LEGO reale, nessun personaggio protetto (Asterix ecc.), niente gore/horror, niente claim assoluti ('rischio zero','garantito','zero multe').",In Commercio c'e' un obbligo che in tanti scoprono solo con la sanzione,"In Commercio c'e' un obbligo che in tanti scoprono solo con la sanzione

In commercio gli adempimenti obbligatori non aspettano: Formazione base, Infestanti, Temperature, Ruolo/RLS, DPO, Data breach, Ruolo/RSPP, Sorveglianza sanitaria, Documento, Sanificazione. In questa pagina TALES OF SICURIX il PERICOLO prende forma... e il METODO81+ lo rimette in ordine, passo dopo passo. Immagina la scena: prima il caos, poi la checklist che sistema tutto. Non e' burocrazia: e' la tua tranquillita.
👉 Iscriviti al corso: Corso lavoratore parte GENERALE 4 ore -> https://81plus.net/?corso=corso-lavoratore-parte-generale-4-ore
▶️ YouTube: youtube.com/@sicurissimo
Contenuto informativo. Prima vedi. Poi sistemi. 81plus.net",Corso lavoratore parte GENERALE 4 ore,https://81plus.net/?corso=corso-lavoratore-parte-generale-4-ore,#TalesOfSicurix #SICURIX #Metodo81 #81plus #Sicurissimo #Sicurezza #HACCP #Privacy #SicurezzaSulLavoro,SICURIX_TALES_476210_1_17_16_4_24_23_5_9_19_14_12.webp,https://drive.google.com/drive/folders/1hICKXdl9JTZBL1pemG19oE_661z-EH_k,IMG_ERR
43.11.00,Costruzioni,F,Privacy+Sicurezza,12,Procedura Data Breach | Formazione Specifica (rischio alto) | Formazione Generale Lavoratori | Uso e Formazione DPI | Sorveglianza Sanitaria / Medico Competente | Formazione GDPR | Nomina Incaricati/Responsabili | Rischio Rumore | Stress Lavoro-Correlato | Addetto Primo Soccorso | RSPP / Datore di Lavoro RSPP | Rappresentante Lavoratori Sicurezza (RLS),GDPR art.33-34 | Accordo Stato-Regioni | D.Lgs81/08 art.77 | D.Lgs81/08 art.41 | GDPR art.32 | GDPR art.28-29 | D.Lgs81/08 Tit.VIII | D.Lgs81/08 art.28 | DM 388/2003 | D.Lgs81/08 art.34 | D.Lgs81/08 art.47,"PREPOSTIX>RISKIX, CHECKIX>POLVERIX, FORMIX>VIBRIX, HYGIENIX>OBLIVIX, LUXPECTORIX>SEGNALEX, CIFRIX>LEAKIX, SICURIX>MULTIX, PRIVACIX>CHIMIKIX, PRIVACIX>BIOXIX, HYGIENIX>BIOXIX, BLINKIX>SOTTOVALUTIX, BLINKIX>SCIVOLIX","Crea una PAGINA A FUMETTI a STORIA COMPLETA, verticale A4 (1024x1536), QUALITA' EDITORIALE DA STAMPA, stile ufficiale 'SICURIX TALES' IDENTICO alle immagini di riferimento allegate (stessi personaggi a mattoncini 3D, stessa impaginazione, stessi colori, stesse rese): minifigure espressive, ambientazioni ricche e dettagliate del settore, luci morbide, profondita', bordi vignetta netti. IMPAGINAZIONE OBBLIGATORIA: da 10 a 12 VIGNETTE numerate che raccontano UNA STORIA con arco narrativo completo (1 situazione normale -> 2-4 arrivano i pericoli coi cattivi -> 5-6 tensione/conseguenza -> 7-9 arriva SICURIX con gli eroi e applica il METODO81+ passo per passo -> 10-11 risoluzione ordinata -> 12 finale). HEADER in alto: SICURIX (mantello, medaglione arancione '81+', bussola) che presenta in un fumetto; grande titolo 'SICURIX TALES'; sottotitolo 'COSTRUZIONI: Pericolo vs Soluzione con Metodo 81+'; legenda 3 voci (verde Sicurezza, rosso Rischio, blu 81+ Soluzione); fila di EROI coi nomi: PREPOSTIX, CHECKIX, FORMIX, HYGIENIX, LUXPECTORIX, CIFRIX. FOOTER in basso: grande 'Prima vedi. Poi sistemi.'; banner scudo verde 'PROTEGGIAMO. PREVENIAMO. MIGLIORIAMO.' e triangolo rosso 'DISATTENZIONE. RISCHI. COSTI. CAOS.'; logo '81+' + '81plus.net'. TRAMA (usa questi eventi come vignette; se sono meno di 10 aggiungi vignette di contesto, dialogo e reazione per arrivare a 10-12): 1) RISKIX causa il pericolo 'Data breach' (Procedura Data Breach); poi PREPOSTIX+SICURIX applicano il METODO81+; 2) POLVERIX causa il pericolo 'Formazione specifica' (Formazione Specifica (rischio alto)); poi CHECKIX+SICURIX applicano il METODO81+; 3) VIBRIX causa il pericolo 'Formazione base' (Formazione Generale Lavoratori); poi FORMIX+SICURIX applicano il METODO81+; 4) OBLIVIX causa il pericolo 'DPI' (Uso e Formazione DPI); poi HYGIENIX+SICURIX applicano il METODO81+; 5) SEGNALEX causa il pericolo 'Sorveglianza sanitaria' (Sorveglianza Sanitaria / Medico Competente); poi LUXPECTORIX+SICURIX applicano il METODO81+; 6) LEAKIX causa il pericolo 'Formazione' (Formazione GDPR); poi CIFRIX+SICURIX applicano il METODO81+; 7) MULTIX causa il pericolo 'Nomine' (Nomina Incaricati/Responsabili); poi SICURIX+SICURIX applicano il METODO81+; 8) CHIMIKIX causa il pericolo 'Rumore' (Rischio Rumore); poi PRIVACIX+SICURIX applicano il METODO81+; 9) BIOXIX causa il pericolo 'Stress' (Stress Lavoro-Correlato); poi PRIVACIX+SICURIX applicano il METODO81+; 10) BIOXIX causa il pericolo 'Emergenze/Soccorso' (Addetto Primo Soccorso); poi HYGIENIX+SICURIX applicano il METODO81+; 11) SOTTOVALUTIX causa il pericolo 'Ruolo/RSPP' (RSPP / Datore di Lavoro RSPP); poi BLINKIX+SICURIX applicano il METODO81+; 12) SCIVOLIX causa il pericolo 'Ruolo/RLS' (Rappresentante Lavoratori Sicurezza (RLS)); poi BLINKIX+SICURIX applicano il METODO81+. PALETTE BRAND ESCLUSIVA: nero #05050A, bianco panna, arancione #FF6A1A/#E8501A; ROSSO solo per 'PERICOLO', VERDE per la checklist 'Metodo 81+'. Logo '81+' ben visibile in OGNI vignetta. REGOLA STORIA: SICURIX NON agisce mai da solo - in OGNI vignetta di soluzione si fa AIUTARE dai suoi colleghi EROI (lavoro di squadra, ognuno col suo ruolo). TESTO: didascalie e fumetti MOLTO BREVI (1-4 parole), GRANDI, centrati, in ITALIANO con ORTOGRAFIA PERFETTA, senza parole inventate, lettere doppie errate o testo tagliato. CATTIVI (coerenti col canone): RISKIX, POLVERIX, VIBRIX, OBLIVIX, SEGNALEX, LEAKIX, MULTIX, CHIMIKIX, BIOXIX, SOTTOVALUTIX, SCIVOLIX. EROI: PREPOSTIX, CHECKIX, FORMIX, HYGIENIX, LUXPECTORIX, CIFRIX, SICURIX, PRIVACIX, BLINKIX. NEGATIVE: nessun marchio LEGO reale, nessun personaggio protetto (Asterix ecc.), niente gore/horror, niente claim assoluti ('rischio zero','garantito','zero multe').",La differenza tra chi in Costruzioni dorme sereno e chi trema al controllo,"In Costruzioni non e' 'se' arriva il controllo, e' 'quando'. Sei pronto?

In costruzioni gli adempimenti obbligatori non aspettano: Data breach, Formazione specifica, Formazione base, DPI, Sorveglianza sanitaria, Formazione, Nomine, Rumore, Stress, Emergenze/Soccorso, Ruolo/RSPP, Ruolo/RLS. In questa pagina TALES OF SICURIX il PERICOLO prende forma... e il METODO81+ lo rimette in ordine, passo dopo passo. Immagina la scena: prima il caos, poi la checklist che sistema tutto. Non e' burocrazia: e' la tua tranquillita.
👉 Iscriviti al corso: Corso privacy destinato ai lavoratori -> https://81plus.net/?corso=corso-privacy-destinato-ai-lavoratori
▶️ YouTube: youtube.com/@sicurissimo
Contenuto informativo. Prima vedi. Poi sistemi. 81plus.net",Corso privacy destinato ai lavoratori,https://81plus.net/?corso=corso-privacy-destinato-ai-lavoratori,#TalesOfSicurix #SICURIX #Metodo81 #81plus #Sicurissimo #Privacy #Sicurezza #SicurezzaSulLavoro,SICURIX_TALES_431100_19_2_1_8_9_18_17_12_11_6_5_4.webp,https://drive.google.com/drive/folders/1hICKXdl9JTZBL1pemG19oE_661z-EH_k,IMG_ERR
32.40.20,Manifattura,C,Privacy+Sicurezza+HACCP+Ambientale,12,Registro dei Trattamenti | Formazione Preposto | Formazione Generale Lavoratori | Manuale HACCP di Autocontrollo | Movimentazione Manuale Carichi | Formazione Ambientale | Rappresentante Lavoratori Sicurezza (RLS) | Attrezzature e Macchine | Corso Alimentarista | RSPP / Datore di Lavoro RSPP | Gestione Rifiuti e Registro | Documento Valutazione Rischi (DVR),GDPR art.30 | D.Lgs81/08 art.37 | Accordo Stato-Regioni | Reg.CE 852/2004 | D.Lgs81/08 Tit.VI | D.Lgs152/06 | D.Lgs81/08 art.47 | D.Lgs81/08 Tit.III | D.Lgs81/08 art.34 | D.Lgs81/08 art.28,"BLINKIX>FRETTIX, TRACCIX>CHIMIKIX, SCUDIX>IMPROVVISIX, CHEFIX>IMPROVVISIX, FORMIX>ØTIX, BLINKIX>CAOSIX, DOCUMIX>BIOXIX, TRACCIX>ØTIX, BLINKIX>RISKIX, CIFRIX>VIBRIX, DOCUMIX>MULTIX, PRIVACIX>SEGNALEX","Crea una PAGINA A FUMETTI a STORIA COMPLETA, verticale A4 (1024x1536), QUALITA' EDITORIALE DA STAMPA, stile ufficiale 'SICURIX TALES' IDENTICO alle immagini di riferimento allegate (stessi personaggi a mattoncini 3D, stessa impaginazione, stessi colori, stesse rese): minifigure espressive, ambientazioni ricche e dettagliate del settore, luci morbide, profondita', bordi vignetta netti. IMPAGINAZIONE OBBLIGATORIA: da 10 a 12 VIGNETTE numerate che raccontano UNA STORIA con arco narrativo completo (1 situazione normale -> 2-4 arrivano i pericoli coi cattivi -> 5-6 tensione/conseguenza -> 7-9 arriva SICURIX con gli eroi e applica il METODO81+ passo per passo -> 10-11 risoluzione ordinata -> 12 finale). HEADER in alto: SICURIX (mantello, medaglione arancione '81+', bussola) che presenta in un fumetto; grande titolo 'SICURIX TALES'; sottotitolo 'MANIFATTURA: Pericolo vs Soluzione con Metodo 81+'; legenda 3 voci (verde Sicurezza, rosso Rischio, blu 81+ Soluzione); fila di EROI coi nomi: BLINKIX, TRACCIX, SCUDIX, CHEFIX, FORMIX, DOCUMIX. FOOTER in basso: grande 'Prima vedi. Poi sistemi.'; banner scudo verde 'PROTEGGIAMO. PREVENIAMO. MIGLIORIAMO.' e triangolo rosso 'DISATTENZIONE. RISCHI. COSTI. CAOS.'; logo '81+' + '81plus.net'. TRAMA (usa questi eventi come vignette; se sono meno di 10 aggiungi vignette di contesto, dialogo e reazione per arrivare a 10-12): 1) FRETTIX causa il pericolo 'Registro' (Registro dei Trattamenti); poi BLINKIX+SICURIX applicano il METODO81+; 2) CHIMIKIX causa il pericolo 'Ruolo/Preposto' (Formazione Preposto); poi TRACCIX+SICURIX applicano il METODO81+; 3) IMPROVVISIX causa il pericolo 'Formazione base' (Formazione Generale Lavoratori); poi SCUDIX+SICURIX applicano il METODO81+; 4) IMPROVVISIX causa il pericolo 'Documento' (Manuale HACCP di Autocontrollo); poi CHEFIX+SICURIX applicano il METODO81+; 5) ØTIX causa il pericolo 'MMC' (Movimentazione Manuale Carichi); poi FORMIX+SICURIX applicano il METODO81+; 6) CAOSIX causa il pericolo 'Formazione' (Formazione Ambientale); poi BLINKIX+SICURIX applicano il METODO81+; 7) BIOXIX causa il pericolo 'Ruolo/RLS' (Rappresentante Lavoratori Sicurezza (RLS)); poi DOCUMIX+SICURIX applicano il METODO81+; 8) ØTIX causa il pericolo 'Attrezzature' (Attrezzature e Macchine); poi TRACCIX+SICURIX applicano il METODO81+; 9) RISKIX causa il pericolo 'Corso' (Corso Alimentarista); poi BLINKIX+SICURIX applicano il METODO81+; 10) VIBRIX causa il pericolo 'Ruolo/RSPP' (RSPP / Datore di Lavoro RSPP); poi CIFRIX+SICURIX applicano il METODO81+; 11) MULTIX causa il pericolo 'Rifiuti' (Gestione Rifiuti e Registro); poi DOCUMIX+SICURIX applicano il METODO81+; 12) SEGNALEX causa il pericolo 'Documento' (Documento Valutazione Rischi (DVR)); poi PRIVACIX+SICURIX applicano il METODO81+. PALETTE BRAND ESCLUSIVA: nero #05050A, bianco panna, arancione #FF6A1A/#E8501A; ROSSO solo per 'PERICOLO', VERDE per la checklist 'Metodo 81+'. Logo '81+' ben visibile in OGNI vignetta. REGOLA STORIA: SICURIX NON agisce mai da solo - in OGNI vignetta di soluzione si fa AIUTARE dai suoi colleghi EROI (lavoro di squadra, ognuno col suo ruolo). TESTO: didascalie e fumetti MOLTO BREVI (1-4 parole), GRANDI, centrati, in ITALIANO con ORTOGRAFIA PERFETTA, senza parole inventate, lettere doppie errate o testo tagliato. CATTIVI (coerenti col canone): FRETTIX, CHIMIKIX, IMPROVVISIX, ØTIX, CAOSIX, BIOXIX, RISKIX, VIBRIX, MULTIX, SEGNALEX. EROI: BLINKIX, TRACCIX, SCUDIX, CHEFIX, FORMIX, DOCUMIX, CIFRIX, PRIVACIX. NEGATIVE: nessun marchio LEGO reale, nessun personaggio protetto (Asterix ecc.), niente gore/horror, niente claim assoluti ('rischio zero','garantito','zero multe').",Quello che l'ispettore controlla per primo in Manifattura (e quasi nessuno lo sa),"La differenza tra chi in Manifattura dorme sereno e chi trema al controllo

In manifattura gli adempimenti obbligatori non aspettano: Registro, Ruolo/Preposto, Formazione base, Documento, MMC, Formazione, Ruolo/RLS, Attrezzature, Corso, Ruolo/RSPP, Rifiuti. In questa pagina TALES OF SICURIX il PERICOLO prende forma... e il METODO81+ lo rimette in ordine, passo dopo passo. Immagina la scena: prima il caos, poi la checklist che sistema tutto. Non e' burocrazia: e' la tua tranquillita.
👉 Iscriviti al corso: Corso privacy destinato ai lavoratori -> https://81plus.net/?corso=corso-privacy-destinato-ai-lavoratori
▶️ YouTube: youtube.com/@sicurissimo
Contenuto informativo. Prima vedi. Poi sistemi. 81plus.net",Corso privacy destinato ai lavoratori,https://81plus.net/?corso=corso-privacy-destinato-ai-lavoratori,#TalesOfSicurix #SICURIX #Metodo81 #81plus #Sicurissimo #Privacy #Sicurezza #HACCP #Ambientale #SicurezzaSulLavoro,SICURIX_TALES_324020_22_3_1_14_10_27_4_13_15_5_26_0.webp,https://drive.google.com/drive/folders/1hICKXdl9JTZBL1pemG19oE_661z-EH_k,IMG_ERR
17.23.01,Manifattura,C,Privacy+Sicurezza+HACCP+Ambientale,12,Registro dei Trattamenti | Stress Lavoro-Correlato | Manuale HACCP di Autocontrollo | Formazione GDPR | Rischio Rumore | Corso Alimentarista | RSPP / Datore di Lavoro RSPP | Piano di Sanificazione | Gestione Rifiuti e Registro | Formazione Generale Lavoratori | Uso e Formazione DPI | Documento Valutazione Rischi (DVR),GDPR art.30 | D.Lgs81/08 art.28 | Reg.CE 852/2004 | GDPR art.32 | D.Lgs81/08 Tit.VIII | D.Lgs81/08 art.34 | D.Lgs152/06 | Accordo Stato-Regioni | D.Lgs81/08 art.77,"SCUDIX>FRETTIX, CHEFIX>SOTTOVALUTIX, CIFRIX>IMPROVVISIX, CHECKIX>CANCELIX, TRACCIX>VIBRIX, PREPOSTIX>FRETTIX, PRIVACIX>CHIMIKIX, DOCUMIX>SCADUTIX, SCUDIX>OBLIVIX, SCUDIX>TAGLIX, SICURIX>RUMORIX, SCUDIX>VOLTIX","Crea una PAGINA A FUMETTI a STORIA COMPLETA, verticale A4 (1024x1536), QUALITA' EDITORIALE DA STAMPA, stile ufficiale 'SICURIX TALES' IDENTICO alle immagini di riferimento allegate (stessi personaggi a mattoncini 3D, stessa impaginazione, stessi colori, stesse rese): minifigure espressive, ambientazioni ricche e dettagliate del settore, luci morbide, profondita', bordi vignetta netti. IMPAGINAZIONE OBBLIGATORIA: da 10 a 12 VIGNETTE numerate che raccontano UNA STORIA con arco narrativo completo (1 situazione normale -> 2-4 arrivano i pericoli coi cattivi -> 5-6 tensione/conseguenza -> 7-9 arriva SICURIX con gli eroi e applica il METODO81+ passo per passo -> 10-11 risoluzione ordinata -> 12 finale). HEADER in alto: SICURIX (mantello, medaglione arancione '81+', bussola) che presenta in un fumetto; grande titolo 'SICURIX TALES'; sottotitolo 'MANIFATTURA: Pericolo vs Soluzione con Metodo 81+'; legenda 3 voci (verde Sicurezza, rosso Rischio, blu 81+ Soluzione); fila di EROI coi nomi: SCUDIX, CHEFIX, CIFRIX, CHECKIX, TRACCIX, PREPOSTIX. FOOTER in basso: grande 'Prima vedi. Poi sistemi.'; banner scudo verde 'PROTEGGIAMO. PREVENIAMO. MIGLIORIAMO.' e triangolo rosso 'DISATTENZIONE. RISCHI. COSTI. CAOS.'; logo '81+' + '81plus.net'. TRAMA (usa questi eventi come vignette; se sono meno di 10 aggiungi vignette di contesto, dialogo e reazione per arrivare a 10-12): 1) FRETTIX causa il pericolo 'Registro' (Registro dei Trattamenti); poi SCUDIX+SICURIX applicano il METODO81+; 2) SOTTOVALUTIX causa il pericolo 'Stress' (Stress Lavoro-Correlato); poi CHEFIX+SICURIX applicano il METODO81+; 3) IMPROVVISIX causa il pericolo 'Documento' (Manuale HACCP di Autocontrollo); poi CIFRIX+SICURIX applicano il METODO81+; 4) CANCELIX causa il pericolo 'Formazione' (Formazione GDPR); poi CHECKIX+SICURIX applicano il METODO81+; 5) VIBRIX causa il pericolo 'Rumore' (Rischio Rumore); poi TRACCIX+SICURIX applicano il METODO81+; 6) FRETTIX causa il pericolo 'Corso' (Corso Alimentarista); poi PREPOSTIX+SICURIX applicano il METODO81+; 7) CHIMIKIX causa il pericolo 'Ruolo/RSPP' (RSPP / Datore di Lavoro RSPP); poi PRIVACIX+SICURIX applicano il METODO81+; 8) SCADUTIX causa il pericolo 'Sanificazione' (Piano di Sanificazione); poi DOCUMIX+SICURIX applicano il METODO81+; 9) OBLIVIX causa il pericolo 'Rifiuti' (Gestione Rifiuti e Registro); poi SCUDIX+SICURIX applicano il METODO81+; 10) TAGLIX causa il pericolo 'Formazione base' (Formazione Generale Lavoratori); poi SCUDIX+SICURIX applicano il METODO81+; 11) RUMORIX causa il pericolo 'DPI' (Uso e Formazione DPI); poi SICURIX+SICURIX applicano il METODO81+; 12) VOLTIX causa il pericolo 'Documento' (Documento Valutazione Rischi (DVR)); poi SCUDIX+SICURIX applicano il METODO81+. PALETTE BRAND ESCLUSIVA: nero #05050A, bianco panna, arancione #FF6A1A/#E8501A; ROSSO solo per 'PERICOLO', VERDE per la checklist 'Metodo 81+'. Logo '81+' ben visibile in OGNI vignetta. REGOLA STORIA: SICURIX NON agisce mai da solo - in OGNI vignetta di soluzione si fa AIUTARE dai suoi colleghi EROI (lavoro di squadra, ognuno col suo ruolo). TESTO: didascalie e fumetti MOLTO BREVI (1-4 parole), GRANDI, centrati, in ITALIANO con ORTOGRAFIA PERFETTA, senza parole inventate, lettere doppie errate o testo tagliato. CATTIVI (coerenti col canone): FRETTIX, SOTTOVALUTIX, IMPROVVISIX, CANCELIX, VIBRIX, CHIMIKIX, SCADUTIX, OBLIVIX, TAGLIX, RUMORIX, VOLTIX. EROI: SCUDIX, CHEFIX, CIFRIX, CHECKIX, TRACCIX, PREPOSTIX, PRIVACIX, DOCUMIX, SICURIX. NEGATIVE: nessun marchio LEGO reale, nessun personaggio protetto (Asterix ecc.), niente gore/horror, niente claim assoluti ('rischio zero','garantito','zero multe').",In Manifattura c'e' un obbligo che in tanti scoprono solo con la sanzione,"La differenza tra chi in Manifattura dorme sereno e chi trema al controllo

In manifattura gli adempimenti obbligatori non aspettano: Registro, Stress, Documento, Formazione, Rumore, Corso, Ruolo/RSPP, Sanificazione, Rifiuti, Formazione base, DPI. In questa pagina TALES OF SICURIX il PERICOLO prende forma... e il METODO81+ lo rimette in ordine, passo dopo passo. Immagina la scena: prima il caos, poi la checklist che sistema tutto. Mettere ordine ora costa poco. Rimediare dopo costa caro.
👉 Iscriviti al corso: Corso privacy destinato ai lavoratori -> https://81plus.net/?corso=corso-privacy-destinato-ai-lavoratori
▶️ YouTube: youtube.com/@sicurissimo
Contenuto informativo. Prima vedi. Poi sistemi. 81plus.net",Corso privacy destinato ai lavoratori,https://81plus.net/?corso=corso-privacy-destinato-ai-lavoratori,#TalesOfSicurix #SICURIX #Metodo81 #81plus #Sicurissimo #Privacy #Sicurezza #HACCP #Ambientale #SicurezzaSulLavoro,SICURIX_TALES_172301_22_11_14_24_12_15_5_16_26_1_8_0.webp,https://drive.google.com/drive/folders/1hICKXdl9JTZBL1pemG19oE_661z-EH_k,IMG_ERR
73.12.00,Servizi alle imprese,N,Sicurezza+Privacy,11,RSPP / Datore di Lavoro RSPP | Formazione Preposto | Procedura Data Breach | Uso e Formazione DPI | Documento Valutazione Rischi (DVR) | Valutazione d'Impatto (DPIA) | Nomina DPO / RPD | Addetto Antincendio | Formazione Generale Lavoratori | Informativa e Consensi | Nomina Incaricati/Responsabili,D.Lgs81/08 art.34 | D.Lgs81/08 art.37 | GDPR art.33-34 | D.Lgs81/08 art.77 | D.Lgs81/08 art.28 | GDPR art.35 | GDPR art.37 | DM 2/9/2021 | Accordo Stato-Regioni | GDPR art.13 | GDPR art.28-29,"CHEFIX>FUMIX, CIFRIX>ØTIX, FORMIX>IMPROVVISIX, PRIVACIX>CADUTIX, PRIVACIX>SCHIACCIX, SICURIX>PERMISSIONIX, CIFRIX>IMPROVVISIX, CIFRIX>VIBRIX, CONSENSIX>ØTIX, PRIVACIX>CANCELIX, CIFRIX>OBLIVIX","Crea una PAGINA A FUMETTI a STORIA COMPLETA, verticale A4 (1024x1536), QUALITA' EDITORIALE DA STAMPA, stile ufficiale 'SICURIX TALES' IDENTICO alle immagini di riferimento allegate (stessi personaggi a mattoncini 3D, stessa impaginazione, stessi colori, stesse rese): minifigure espressive, ambientazioni ricche e dettagliate del settore, luci morbide, profondita', bordi vignetta netti. IMPAGINAZIONE OBBLIGATORIA: da 10 a 12 VIGNETTE numerate che raccontano UNA STORIA con arco narrativo completo (1 situazione normale -> 2-4 arrivano i pericoli coi cattivi -> 5-6 tensione/conseguenza -> 7-9 arriva SICURIX con gli eroi e applica il METODO81+ passo per passo -> 10-11 risoluzione ordinata -> 12 finale). HEADER in alto: SICURIX (mantello, medaglione arancione '81+', bussola) che presenta in un fumetto; grande titolo 'SICURIX TALES'; sottotitolo 'SERVIZI ALLE IMPRESE: Pericolo vs Soluzione con Metodo 81+'; legenda 3 voci (verde Sicurezza, rosso Rischio, blu 81+ Soluzione); fila di EROI coi nomi: CHEFIX, CIFRIX, FORMIX, PRIVACIX, SICURIX, CONSENSIX. FOOTER in basso: grande 'Prima vedi. Poi sistemi.'; banner scudo verde 'PROTEGGIAMO. PREVENIAMO. MIGLIORIAMO.' e triangolo rosso 'DISATTENZIONE. RISCHI. COSTI. CAOS.'; logo '81+' + '81plus.net'. TRAMA (usa questi eventi come vignette; se sono meno di 10 aggiungi vignette di contesto, dialogo e reazione per arrivare a 10-12): 1) FUMIX causa il pericolo 'Ruolo/RSPP' (RSPP / Datore di Lavoro RSPP); poi CHEFIX+SICURIX applicano il METODO81+; 2) ØTIX causa il pericolo 'Ruolo/Preposto' (Formazione Preposto); poi CIFRIX+SICURIX applicano il METODO81+; 3) IMPROVVISIX causa il pericolo 'Data breach' (Procedura Data Breach); poi FORMIX+SICURIX applicano il METODO81+; 4) CADUTIX causa il pericolo 'DPI' (Uso e Formazione DPI); poi PRIVACIX+SICURIX applicano il METODO81+; 5) SCHIACCIX causa il pericolo 'Documento' (Documento Valutazione Rischi (DVR)); poi PRIVACIX+SICURIX applicano il METODO81+; 6) PERMISSIONIX causa il pericolo 'DPIA' (Valutazione d'Impatto (DPIA)); poi SICURIX+SICURIX applicano il METODO81+; 7) IMPROVVISIX causa il pericolo 'DPO' (Nomina DPO / RPD); poi CIFRIX+SICURIX applicano il METODO81+; 8) VIBRIX causa il pericolo 'Emergenze/Incendio' (Addetto Antincendio); poi CIFRIX+SICURIX applicano il METODO81+; 9) ØTIX causa il pericolo 'Formazione base' (Formazione Generale Lavoratori); poi CONSENSIX+SICURIX applicano il METODO81+; 10) CANCELIX causa il pericolo 'Documento' (Informativa e Consensi); poi PRIVACIX+SICURIX applicano il METODO81+; 11) OBLIVIX causa il pericolo 'Nomine' (Nomina Incaricati/Responsabili); poi CIFRIX+SICURIX applicano il METODO81+. PALETTE BRAND ESCLUSIVA: nero #05050A, bianco panna, arancione #FF6A1A/#E8501A; ROSSO solo per 'PERICOLO', VERDE per la checklist 'Metodo 81+'. Logo '81+' ben visibile in OGNI vignetta. REGOLA STORIA: SICURIX NON agisce mai da solo - in OGNI vignetta di soluzione si fa AIUTARE dai suoi colleghi EROI (lavoro di squadra, ognuno col suo ruolo). TESTO: didascalie e fumetti MOLTO BREVI (1-4 parole), GRANDI, centrati, in ITALIANO con ORTOGRAFIA PERFETTA, senza parole inventate, lettere doppie errate o testo tagliato. CATTIVI (coerenti col canone): FUMIX, ØTIX, IMPROVVISIX, CADUTIX, SCHIACCIX, PERMISSIONIX, VIBRIX, CANCELIX, OBLIVIX. EROI: CHEFIX, CIFRIX, FORMIX, PRIVACIX, SICURIX, CONSENSIX. NEGATIVE: nessun marchio LEGO reale, nessun personaggio protetto (Asterix ecc.), niente gore/horror, niente claim assoluti ('rischio zero','garantito','zero multe').",In Servizi alle imprese c'e' un obbligo che in tanti scoprono solo con la sanzione,"La differenza tra chi in Servizi alle imprese dorme sereno e chi trema al controllo

In servizi alle imprese gli adempimenti obbligatori non aspettano: Ruolo/RSPP, Ruolo/Preposto, Data breach, DPI, Documento, DPIA, DPO, Emergenze/Incendio, Formazione base, Nomine. In questa pagina TALES OF SICURIX il PERICOLO prende forma... e il METODO81+ lo rimette in ordine, passo dopo passo. Immagina la scena: prima il caos, poi la checklist che sistema tutto. Mettere ordine ora costa poco. Rimediare dopo costa caro.
👉 Iscriviti al corso: RSPP Datore di Lavoro modulo 1 e 2 -> https://81plus.net/?corso=rspp-datore-di-lavoro-modulo-1-e-2
▶️ YouTube: youtube.com/@sicurissimo
Contenuto informativo. Prima vedi. Poi sistemi. 81plus.net",RSPP Datore di Lavoro modulo 1 e 2,https://81plus.net/?corso=rspp-datore-di-lavoro-modulo-1-e-2,#TalesOfSicurix #SICURIX #Metodo81 #81plus #Sicurissimo #Sicurezza #Privacy #SicurezzaSulLavoro,SICURIX_TALES_731200_5_3_13_8_0_15_14_7_1_9_11.webp,https://drive.google.com/drive/folders/1hICKXdl9JTZBL1pemG19oE_661z-EH_k,IMG_ERR
24.10.00,Manifattura,C,HACCP+Privacy+Sicurezza,10,Rintracciabilita ed Etichettatura | Informativa e Consensi | RSPP / Datore di Lavoro RSPP | Lotta agli Infestanti (Pest Control) | Addetto Primo Soccorso | Addetto Antincendio | Formazione Preposto | Corso Alimentarista | Nomina Incaricati/Responsabili | Documento Valutazione Rischi (DVR),Reg.CE 178/2002 | GDPR art.13 | D.Lgs81/08 art.34 | Reg.CE 852/2004 | DM 388/2003 | DM 2/9/2021 | D.Lgs81/08 art.37 | GDPR art.28-29 | D.Lgs81/08 art.28,"SCUDIX>CROSSIX, LUXPECTORIX>CANCELIX, SCUDIX>POLVERIX, HYGIENIX>RISKIX, LUXPECTORIX>RISKIX, BLINKIX>VIBRIX, PREPOSTIX>CAOSIX, PRIVACIX>RISKIX, ROBOTIX81>CANCELIX, LUXPECTORIX>FRETTIX","Crea una PAGINA A FUMETTI a STORIA COMPLETA, verticale A4 (1024x1536), QUALITA' EDITORIALE DA STAMPA, stile ufficiale 'SICURIX TALES' IDENTICO alle immagini di riferimento allegate (stessi personaggi a mattoncini 3D, stessa impaginazione, stessi colori, stesse rese): minifigure espressive, ambientazioni ricche e dettagliate del settore, luci morbide, profondita', bordi vignetta netti. IMPAGINAZIONE OBBLIGATORIA: da 10 a 12 VIGNETTE numerate che raccontano UNA STORIA con arco narrativo completo (1 situazione normale -> 2-4 arrivano i pericoli coi cattivi -> 5-6 tensione/conseguenza -> 7-9 arriva SICURIX con gli eroi e applica il METODO81+ passo per passo -> 10-11 risoluzione ordinata -> 12 finale). HEADER in alto: SICURIX (mantello, medaglione arancione '81+', bussola) che presenta in un fumetto; grande titolo 'SICURIX TALES'; sottotitolo 'MANIFATTURA: Pericolo vs Soluzione con Metodo 81+'; legenda 3 voci (verde Sicurezza, rosso Rischio, blu 81+ Soluzione); fila di EROI coi nomi: SCUDIX, LUXPECTORIX, HYGIENIX, BLINKIX, PREPOSTIX, PRIVACIX. FOOTER in basso: grande 'Prima vedi. Poi sistemi.'; banner scudo verde 'PROTEGGIAMO. PREVENIAMO. MIGLIORIAMO.' e triangolo rosso 'DISATTENZIONE. RISCHI. COSTI. CAOS.'; logo '81+' + '81plus.net'. TRAMA (usa questi eventi come vignette; se sono meno di 10 aggiungi vignette di contesto, dialogo e reazione per arrivare a 10-12): 1) CROSSIX causa il pericolo 'Rintracciabilita' (Rintracciabilita ed Etichettatura); poi SCUDIX+SICURIX applicano il METODO81+; 2) CANCELIX causa il pericolo 'Documento' (Informativa e Consensi); poi LUXPECTORIX+SICURIX applicano il METODO81+; 3) POLVERIX causa il pericolo 'Ruolo/RSPP' (RSPP / Datore di Lavoro RSPP); poi SCUDIX+SICURIX applicano il METODO81+; 4) RISKIX causa il pericolo 'Infestanti' (Lotta agli Infestanti (Pest Control)); poi HYGIENIX+SICURIX applicano il METODO81+; 5) RISKIX causa il pericolo 'Emergenze/Soccorso' (Addetto Primo Soccorso); poi LUXPECTORIX+SICURIX applicano il METODO81+; 6) VIBRIX causa il pericolo 'Emergenze/Incendio' (Addetto Antincendio); poi BLINKIX+SICURIX applicano il METODO81+; 7) CAOSIX causa il pericolo 'Ruolo/Preposto' (Formazione Preposto); poi PREPOSTIX+SICURIX applicano il METODO81+; 8) RISKIX causa il pericolo 'Corso' (Corso Alimentarista); poi PRIVACIX+SICURIX applicano il METODO81+; 9) CANCELIX causa il pericolo 'Nomine' (Nomina Incaricati/Responsabili); poi ROBOTIX81+SICURIX applicano il METODO81+; 10) FRETTIX causa il pericolo 'Documento' (Documento Valutazione Rischi (DVR)); poi LUXPECTORIX+SICURIX applicano il METODO81+. PALETTE BRAND ESCLUSIVA: nero #05050A, bianco panna, arancione #FF6A1A/#E8501A; ROSSO solo per 'PERICOLO', VERDE per la checklist 'Metodo 81+'. Logo '81+' ben visibile in OGNI vignetta. REGOLA STORIA: SICURIX NON agisce mai da solo - in OGNI vignetta di soluzione si fa AIUTARE dai suoi colleghi EROI (lavoro di squadra, ognuno col suo ruolo). TESTO: didascalie e fumetti MOLTO BREVI (1-4 parole), GRANDI, centrati, in ITALIANO con ORTOGRAFIA PERFETTA, senza parole inventate, lettere doppie errate o testo tagliato. CATTIVI (coerenti col canone): CROSSIX, CANCELIX, POLVERIX, RISKIX, VIBRIX, CAOSIX, FRETTIX. EROI: SCUDIX, LUXPECTORIX, HYGIENIX, BLINKIX, PREPOSTIX, PRIVACIX, ROBOTIX81. NEGATIVE: nessun marchio LEGO reale, nessun personaggio protetto (Asterix ecc.), niente gore/horror, niente claim assoluti ('rischio zero','garantito','zero multe').",La differenza tra chi in Manifattura dorme sereno e chi trema al controllo,"In Manifattura c'e' un obbligo che in tanti scoprono solo con la sanzione

In manifattura gli adempimenti obbligatori non aspettano: Rintracciabilita, Documento, Ruolo/RSPP, Infestanti, Emergenze/Soccorso, Emergenze/Incendio, Ruolo/Preposto, Corso, Nomine. In questa pagina TALES OF SICURIX il PERICOLO prende forma... e il METODO81+ lo rimette in ordine, passo dopo passo. Immagina la scena: prima il caos, poi la checklist che sistema tutto. Mettere ordine ora costa poco. Rimediare dopo costa caro.
👉 Iscriviti al corso: Manuale di rintracciabilità -> https://81plus.net/?corso=manuale-di-rintracciabilit
▶️ YouTube: youtube.com/@sicurissimo
Contenuto informativo. Prima vedi. Poi sistemi. 81plus.net",Manuale di rintracciabilità,https://81plus.net/?corso=manuale-di-rintracciabilit,#TalesOfSicurix #SICURIX #Metodo81 #81plus #Sicurissimo #HACCP #Privacy #Sicurezza #SicurezzaSulLavoro,SICURIX_TALES_241000_17_21_5_19_6_7_3_15_23_0.webp,https://drive.google.com/drive/folders/1hICKXdl9JTZBL1pemG19oE_661z-EH_k,IMG_ERR
47.78.25,Commercio,G,Sicurezza+HACCP+Privacy,10,RSPP / Datore di Lavoro RSPP | Addetto Antincendio | Sorveglianza Sanitaria / Medico Competente | Lotta agli Infestanti (Pest Control) | Informativa e Consensi | Rappresentante Lavoratori Sicurezza (RLS) | Gestione Allergeni | Uso e Formazione DPI | Registro dei Trattamenti | Manuale HACCP di Autocontrollo,D.Lgs81/08 art.34 | DM 2/9/2021 | D.Lgs81/08 art.41 | Reg.CE 852/2004 | GDPR art.13 | D.Lgs81/08 art.47 | Reg.UE 1169/2011 | D.Lgs81/08 art.77 | GDPR art.30,"PRIVACIX>CHIMIKIX, SICURIX>MULTIX, CONSENSIX>SCHIACCIX, TRACCIX>MESCOLIX, CHEFIX>HACKIX, SCUDIX>FUMIX, TRACCIX>SCADUTIX, HYGIENIX>ØTIX, LUXPECTORIX>OBLIVIX, CONSENSIX>OBLIVIX","Crea una PAGINA A FUMETTI a STORIA COMPLETA, verticale A4 (1024x1536), QUALITA' EDITORIALE DA STAMPA, stile ufficiale 'SICURIX TALES' IDENTICO alle immagini di riferimento allegate (stessi personaggi a mattoncini 3D, stessa impaginazione, stessi colori, stesse rese): minifigure espressive, ambientazioni ricche e dettagliate del settore, luci morbide, profondita', bordi vignetta netti. IMPAGINAZIONE OBBLIGATORIA: da 10 a 12 VIGNETTE numerate che raccontano UNA STORIA con arco narrativo completo (1 situazione normale -> 2-4 arrivano i pericoli coi cattivi -> 5-6 tensione/conseguenza -> 7-9 arriva SICURIX con gli eroi e applica il METODO81+ passo per passo -> 10-11 risoluzione ordinata -> 12 finale). HEADER in alto: SICURIX (mantello, medaglione arancione '81+', bussola) che presenta in un fumetto; grande titolo 'SICURIX TALES'; sottotitolo 'COMMERCIO: Pericolo vs Soluzione con Metodo 81+'; legenda 3 voci (verde Sicurezza, rosso Rischio, blu 81+ Soluzione); fila di EROI coi nomi: PRIVACIX, SICURIX, CONSENSIX, TRACCIX, CHEFIX, SCUDIX. FOOTER in basso: grande 'Prima vedi. Poi sistemi.'; banner scudo verde 'PROTEGGIAMO. PREVENIAMO. MIGLIORIAMO.' e triangolo rosso 'DISATTENZIONE. RISCHI. COSTI. CAOS.'; logo '81+' + '81plus.net'. TRAMA (usa questi eventi come vignette; se sono meno di 10 aggiungi vignette di contesto, dialogo e reazione per arrivare a 10-12): 1) CHIMIKIX causa il pericolo 'Ruolo/RSPP' (RSPP / Datore di Lavoro RSPP); poi PRIVACIX+SICURIX applicano il METODO81+; 2) MULTIX causa il pericolo 'Emergenze/Incendio' (Addetto Antincendio); poi SICURIX+SICURIX applicano il METODO81+; 3) SCHIACCIX causa il pericolo 'Sorveglianza sanitaria' (Sorveglianza Sanitaria / Medico Competente); poi CONSENSIX+SICURIX applicano il METODO81+; 4) MESCOLIX causa il pericolo 'Infestanti' (Lotta agli Infestanti (Pest Control)); poi TRACCIX+SICURIX applicano il METODO81+; 5) HACKIX causa il pericolo 'Documento' (Informativa e Consensi); poi CHEFIX+SICURIX applicano il METODO81+; 6) FUMIX causa il pericolo 'Ruolo/RLS' (Rappresentante Lavoratori Sicurezza (RLS)); poi SCUDIX+SICURIX applicano il METODO81+; 7) SCADUTIX causa il pericolo 'Allergeni' (Gestione Allergeni); poi TRACCIX+SICURIX applicano il METODO81+; 8) ØTIX causa il pericolo 'DPI' (Uso e Formazione DPI); poi HYGIENIX+SICURIX applicano il METODO81+; 9) OBLIVIX causa il pericolo 'Registro' (Registro dei Trattamenti); poi LUXPECTORIX+SICURIX applicano il METODO81+; 10) OBLIVIX causa il pericolo 'Documento' (Manuale HACCP di Autocontrollo); poi CONSENSIX+SICURIX applicano il METODO81+. PALETTE BRAND ESCLUSIVA: nero #05050A, bianco panna, arancione #FF6A1A/#E8501A; ROSSO solo per 'PERICOLO', VERDE per la checklist 'Metodo 81+'. Logo '81+' ben visibile in OGNI vignetta. REGOLA STORIA: SICURIX NON agisce mai da solo - in OGNI vignetta di soluzione si fa AIUTARE dai suoi colleghi EROI (lavoro di squadra, ognuno col suo ruolo). TESTO: didascalie e fumetti MOLTO BREVI (1-4 parole), GRANDI, centrati, in ITALIANO con ORTOGRAFIA PERFETTA, senza parole inventate, lettere doppie errate o testo tagliato. CATTIVI (coerenti col canone): CHIMIKIX, MULTIX, SCHIACCIX, MESCOLIX, HACKIX, FUMIX, SCADUTIX, ØTIX, OBLIVIX. EROI: PRIVACIX, SICURIX, CONSENSIX, TRACCIX, CHEFIX, SCUDIX, HYGIENIX, LUXPECTORIX. NEGATIVE: nessun marchio LEGO reale, nessun personaggio protetto (Asterix ecc.), niente gore/horror, niente claim assoluti ('rischio zero','garantito','zero multe').","In Commercio non e' 'se' arriva il controllo, e' 'quando'. Sei pronto?","Quello che l'ispettore controlla per primo in Commercio (e quasi nessuno lo sa)

In commercio gli adempimenti obbligatori non aspettano: Ruolo/RSPP, Emergenze/Incendio, Sorveglianza sanitaria, Infestanti, Documento, Ruolo/RLS, Allergeni, DPI, Registro. In questa pagina TALES OF SICURIX il PERICOLO prende forma... e il METODO81+ lo rimette in ordine, passo dopo passo. Immagina la scena: prima il caos, poi la checklist che sistema tutto. Mettere ordine ora costa poco. Rimediare dopo costa caro.
👉 Iscriviti al corso: RSPP Datore di Lavoro modulo 1 e 2 -> https://81plus.net/?corso=rspp-datore-di-lavoro-modulo-1-e-2
▶️ YouTube: youtube.com/@sicurissimo
Contenuto informativo. Prima vedi. Poi sistemi. 81plus.net",RSPP Datore di Lavoro modulo 1 e 2,https://81plus.net/?corso=rspp-datore-di-lavoro-modulo-1-e-2,#TalesOfSicurix #SICURIX #Metodo81 #81plus #Sicurissimo #Sicurezza #HACCP #Privacy #SicurezzaSulLavoro,SICURIX_TALES_477825_5_7_9_17_19_4_18_8_20_12.webp,https://drive.google.com/drive/folders/1hICKXdl9JTZBL1pemG19oE_661z-EH_k,IMG_ERR
93.19.92,Altri servizi,S,Sicurezza+HACCP+Privacy,10,Rappresentante Lavoratori Sicurezza (RLS) | Corso Alimentarista | Formazione Specifica (rischio medio) | Formazione GDPR | RSPP / Datore di Lavoro RSPP | Sorveglianza Sanitaria / Medico Competente | Piano di Sanificazione | Nomina Incaricati/Responsabili | Controllo Temperature e Celle | Informativa e Consensi,D.Lgs81/08 art.47 | Reg.CE 852/2004 | Accordo Stato-Regioni | GDPR art.32 | D.Lgs81/08 art.34 | D.Lgs81/08 art.41 | GDPR art.28-29 | GDPR art.13,"CONSENSIX>TAGLIX, CHECKIX>MESCOLIX, SICURIX>OBLIVIX, DOCUMIX>OBLIVIX, LUXPECTORIX>CADUTIX, CIFRIX>SCIVOLIX, SICURIX>MESCOLIX, ROBOTIX81>FRETTIX, LUXPECTORIX>CROSSIX, TRACCIX>CAOSIX","Crea una PAGINA A FUMETTI a STORIA COMPLETA, verticale A4 (1024x1536), QUALITA' EDITORIALE DA STAMPA, stile ufficiale 'SICURIX TALES' IDENTICO alle immagini di riferimento allegate (stessi personaggi a mattoncini 3D, stessa impaginazione, stessi colori, stesse rese): minifigure espressive, ambientazioni ricche e dettagliate del settore, luci morbide, profondita', bordi vignetta netti. IMPAGINAZIONE OBBLIGATORIA: da 10 a 12 VIGNETTE numerate che raccontano UNA STORIA con arco narrativo completo (1 situazione normale -> 2-4 arrivano i pericoli coi cattivi -> 5-6 tensione/conseguenza -> 7-9 arriva SICURIX con gli eroi e applica il METODO81+ passo per passo -> 10-11 risoluzione ordinata -> 12 finale). HEADER in alto: SICURIX (mantello, medaglione arancione '81+', bussola) che presenta in un fumetto; grande titolo 'SICURIX TALES'; sottotitolo 'ALTRI SERVIZI: Pericolo vs Soluzione con Metodo 81+'; legenda 3 voci (verde Sicurezza, rosso Rischio, blu 81+ Soluzione); fila di EROI coi nomi: CONSENSIX, CHECKIX, SICURIX, DOCUMIX, LUXPECTORIX, CIFRIX. FOOTER in basso: grande 'Prima vedi. Poi sistemi.'; banner scudo verde 'PROTEGGIAMO. PREVENIAMO. MIGLIORIAMO.' e triangolo rosso 'DISATTENZIONE. RISCHI. COSTI. CAOS.'; logo '81+' + '81plus.net'. TRAMA (usa questi eventi come vignette; se sono meno di 10 aggiungi vignette di contesto, dialogo e reazione per arrivare a 10-12): 1) TAGLIX causa il pericolo 'Ruolo/RLS' (Rappresentante Lavoratori Sicurezza (RLS)); poi CONSENSIX+SICURIX applicano il METODO81+; 2) MESCOLIX causa il pericolo 'Corso' (Corso Alimentarista); poi CHECKIX+SICURIX applicano il METODO81+; 3) OBLIVIX causa il pericolo 'Formazione specifica' (Formazione Specifica (rischio medio)); poi SICURIX+SICURIX applicano il METODO81+; 4) OBLIVIX causa il pericolo 'Formazione' (Formazione GDPR); poi DOCUMIX+SICURIX applicano il METODO81+; 5) CADUTIX causa il pericolo 'Ruolo/RSPP' (RSPP / Datore di Lavoro RSPP); poi LUXPECTORIX+SICURIX applicano il METODO81+; 6) SCIVOLIX causa il pericolo 'Sorveglianza sanitaria' (Sorveglianza Sanitaria / Medico Competente); poi CIFRIX+SICURIX applicano il METODO81+; 7) MESCOLIX causa il pericolo 'Sanificazione' (Piano di Sanificazione); poi SICURIX+SICURIX applicano il METODO81+; 8) FRETTIX causa il pericolo 'Nomine' (Nomina Incaricati/Responsabili); poi ROBOTIX81+SICURIX applicano il METODO81+; 9) CROSSIX causa il pericolo 'Temperature' (Controllo Temperature e Celle); poi LUXPECTORIX+SICURIX applicano il METODO81+; 10) CAOSIX causa il pericolo 'Documento' (Informativa e Consensi); poi TRACCIX+SICURIX applicano il METODO81+. PALETTE BRAND ESCLUSIVA: nero #05050A, bianco panna, arancione #FF6A1A/#E8501A; ROSSO solo per 'PERICOLO', VERDE per la checklist 'Metodo 81+'. Logo '81+' ben visibile in OGNI vignetta. REGOLA STORIA: SICURIX NON agisce mai da solo - in OGNI vignetta di soluzione si fa AIUTARE dai suoi colleghi EROI (lavoro di squadra, ognuno col suo ruolo). TESTO: didascalie e fumetti MOLTO BREVI (1-4 parole), GRANDI, centrati, in ITALIANO con ORTOGRAFIA PERFETTA, senza parole inventate, lettere doppie errate o testo tagliato. CATTIVI (coerenti col canone): TAGLIX, MESCOLIX, OBLIVIX, CADUTIX, SCIVOLIX, FRETTIX, CROSSIX, CAOSIX. EROI: CONSENSIX, CHECKIX, SICURIX, DOCUMIX, LUXPECTORIX, CIFRIX, ROBOTIX81, TRACCIX. NEGATIVE: nessun marchio LEGO reale, nessun personaggio protetto (Asterix ecc.), niente gore/horror, niente claim assoluti ('rischio zero','garantito','zero multe').",Altri servizi: 3 minuti oggi o un problema enorme domani. Scegli tu.,"In Altri servizi c'e' un obbligo che in tanti scoprono solo con la sanzione

In altri servizi gli adempimenti obbligatori non aspettano: Ruolo/RLS, Corso, Formazione specifica, Formazione, Ruolo/RSPP, Sorveglianza sanitaria, Sanificazione, Nomine, Temperature, Documento. In questa pagina TALES OF SICURIX il PERICOLO prende forma... e il METODO81+ lo rimette in ordine, passo dopo passo. Immagina la scena: prima il caos, poi la checklist che sistema tutto. Non e' burocrazia: e' la tua tranquillita.
👉 Iscriviti al corso: Corso RLS -> https://81plus.net/?corso=corso-rls
▶️ YouTube: youtube.com/@sicurissimo
Contenuto informativo. Prima vedi. Poi sistemi. 81plus.net",Corso RLS,https://81plus.net/?corso=corso-rls,#TalesOfSicurix #SICURIX #Metodo81 #81plus #Sicurissimo #Sicurezza #HACCP #Privacy #SicurezzaSulLavoro,SICURIX_TALES_931992_4_13_2_22_5_9_14_21_16_19.webp,https://drive.google.com/drive/folders/1hICKXdl9JTZBL1pemG19oE_661z-EH_k,IMG_ERR
74.99.33,Servizi alle imprese,N,Privacy+Sicurezza,10,Formazione GDPR | RSPP / Datore di Lavoro RSPP | Procedura Data Breach | Formazione Generale Lavoratori | Videoterminali (VDT) | Formazione Preposto | Addetto Primo Soccorso | Uso e Formazione DPI | Nomina Incaricati/Responsabili | Registro dei Trattamenti,GDPR art.32 | D.Lgs81/08 art.34 | GDPR art.33-34 | Accordo Stato-Regioni | D.Lgs81/08 Tit.VII | D.Lgs81/08 art.37 | DM 388/2003 | D.Lgs81/08 art.77 | GDPR art.28-29 | GDPR art.30,"FORMIX>FRETTIX, CHECKIX>CAOSIX, BLINKIX>FRETTIX, CIFRIX>SCIVOLIX, SCUDIX>MULTIX, DOCUMIX>SOTTOVALUTIX, PRIVACIX>IMPROVVISIX, TRACCIX>ØTIX, LUXPECTORIX>IMPROVVISIX, HYGIENIX>IMPROVVISIX","Crea una PAGINA A FUMETTI a STORIA COMPLETA, verticale A4 (1024x1536), QUALITA' EDITORIALE DA STAMPA, stile ufficiale 'SICURIX TALES' IDENTICO alle immagini di riferimento allegate (stessi personaggi a mattoncini 3D, stessa impaginazione, stessi colori, stesse rese): minifigure espressive, ambientazioni ricche e dettagliate del settore, luci morbide, profondita', bordi vignetta netti. IMPAGINAZIONE OBBLIGATORIA: da 10 a 12 VIGNETTE numerate che raccontano UNA STORIA con arco narrativo completo (1 situazione normale -> 2-4 arrivano i pericoli coi cattivi -> 5-6 tensione/conseguenza -> 7-9 arriva SICURIX con gli eroi e applica il METODO81+ passo per passo -> 10-11 risoluzione ordinata -> 12 finale). HEADER in alto: SICURIX (mantello, medaglione arancione '81+', bussola) che presenta in un fumetto; grande titolo 'SICURIX TALES'; sottotitolo 'SERVIZI ALLE IMPRESE: Pericolo vs Soluzione con Metodo 81+'; legenda 3 voci (verde Sicurezza, rosso Rischio, blu 81+ Soluzione); fila di EROI coi nomi: FORMIX, CHECKIX, BLINKIX, CIFRIX, SCUDIX, DOCUMIX. FOOTER in basso: grande 'Prima vedi. Poi sistemi.'; banner scudo verde 'PROTEGGIAMO. PREVENIAMO. MIGLIORIAMO.' e triangolo rosso 'DISATTENZIONE. RISCHI. COSTI. CAOS.'; logo '81+' + '81plus.net'. TRAMA (usa questi eventi come vignette; se sono meno di 10 aggiungi vignette di contesto, dialogo e reazione per arrivare a 10-12): 1) FRETTIX causa il pericolo 'Formazione' (Formazione GDPR); poi FORMIX+SICURIX applicano il METODO81+; 2) CAOSIX causa il pericolo 'Ruolo/RSPP' (RSPP / Datore di Lavoro RSPP); poi CHECKIX+SICURIX applicano il METODO81+; 3) FRETTIX causa il pericolo 'Data breach' (Procedura Data Breach); poi BLINKIX+SICURIX applicano il METODO81+; 4) SCIVOLIX causa il pericolo 'Formazione base' (Formazione Generale Lavoratori); poi CIFRIX+SICURIX applicano il METODO81+; 5) MULTIX causa il pericolo 'Videoterminali' (Videoterminali (VDT)); poi SCUDIX+SICURIX applicano il METODO81+; 6) SOTTOVALUTIX causa il pericolo 'Ruolo/Preposto' (Formazione Preposto); poi DOCUMIX+SICURIX applicano il METODO81+; 7) IMPROVVISIX causa il pericolo 'Emergenze/Soccorso' (Addetto Primo Soccorso); poi PRIVACIX+SICURIX applicano il METODO81+; 8) ØTIX causa il pericolo 'DPI' (Uso e Formazione DPI); poi TRACCIX+SICURIX applicano il METODO81+; 9) IMPROVVISIX causa il pericolo 'Nomine' (Nomina Incaricati/Responsabili); poi LUXPECTORIX+SICURIX applicano il METODO81+; 10) IMPROVVISIX causa il pericolo 'Registro' (Registro dei Trattamenti); poi HYGIENIX+SICURIX applicano il METODO81+. PALETTE BRAND ESCLUSIVA: nero #05050A, bianco panna, arancione #FF6A1A/#E8501A; ROSSO solo per 'PERICOLO', VERDE per la checklist 'Metodo 81+'. Logo '81+' ben visibile in OGNI vignetta. REGOLA STORIA: SICURIX NON agisce mai da solo - in OGNI vignetta di soluzione si fa AIUTARE dai suoi colleghi EROI (lavoro di squadra, ognuno col suo ruolo). TESTO: didascalie e fumetti MOLTO BREVI (1-4 parole), GRANDI, centrati, in ITALIANO con ORTOGRAFIA PERFETTA, senza parole inventate, lettere doppie errate o testo tagliato. CATTIVI (coerenti col canone): FRETTIX, CAOSIX, SCIVOLIX, MULTIX, SOTTOVALUTIX, IMPROVVISIX, ØTIX. EROI: FORMIX, CHECKIX, BLINKIX, CIFRIX, SCUDIX, DOCUMIX, PRIVACIX, TRACCIX, LUXPECTORIX, HYGIENIX. NEGATIVE: nessun marchio LEGO reale, nessun personaggio protetto (Asterix ecc.), niente gore/horror, niente claim assoluti ('rischio zero','garantito','zero multe').",Quello che l'ispettore controlla per primo in Servizi alle imprese (e quasi nessuno lo sa),"Servizi alle imprese: 3 minuti oggi o un problema enorme domani. Scegli tu.

In servizi alle imprese gli adempimenti obbligatori non aspettano: Formazione, Ruolo/RSPP, Data breach, Formazione base, Videoterminali, Ruolo/Preposto, Emergenze/Soccorso, DPI, Nomine, Registro. In questa pagina TALES OF SICURIX il PERICOLO prende forma... e il METODO81+ lo rimette in ordine, passo dopo passo. Immagina la scena: prima il caos, poi la checklist che sistema tutto. Mettere ordine ora costa poco. Rimediare dopo costa caro.
👉 Iscriviti al corso: GDPR 2016/679: privacy e trattamento dei dati personali -> https://81plus.net/?corso=gdpr-2016-679-privacy-e-trattamento-dei-dati-personali
▶️ YouTube: youtube.com/@sicurissimo
Contenuto informativo. Prima vedi. Poi sistemi. 81plus.net",GDPR 2016/679: privacy e trattamento dei dati personali,https://81plus.net/?corso=gdpr-2016-679-privacy-e-trattamento-dei-dati-personali,#TalesOfSicurix #SICURIX #Metodo81 #81plus #Sicurissimo #Privacy #Sicurezza #SicurezzaSulLavoro,SICURIX_TALES_749933_13_5_14_1_9_3_6_8_12_11.webp,https://drive.google.com/drive/folders/1hICKXdl9JTZBL1pemG19oE_661z-EH_k,IMG_ERR
14.21.20,Manifattura,C,HACCP+Privacy+Sicurezza+Ambientale,11,Manuale HACCP di Autocontrollo | Piano di Sanificazione | Formazione GDPR | Attrezzature e Macchine | Documento Valutazione Rischi (DVR) | Formazione Preposto | Formazione Ambientale | Corso Alimentarista | Movimentazione Manuale Carichi | Controllo Temperature e Celle | Addetto Antincendio,Reg.CE 852/2004 | GDPR art.32 | D.Lgs81/08 Tit.III | D.Lgs81/08 art.28 | D.Lgs81/08 art.37 | D.Lgs152/06 | D.Lgs81/08 Tit.VI | DM 2/9/2021,"CONSENSIX>RISKIX, ROBOTIX81>SPORCKIX, CHECKIX>CAOSIX, HYGIENIX>FUMIX, CONSENSIX>CHIMIKIX, SCUDIX>RISKIX, PREPOSTIX>OBLIVIX, TRACCIX>MULTIX, CHEFIX>SEGNALEX, CHEFIX>ACQUAIX, CONSENSIX>OBLIVIX","Crea una PAGINA A FUMETTI a STORIA COMPLETA, verticale A4 (1024x1536), QUALITA' EDITORIALE DA STAMPA, stile ufficiale 'SICURIX TALES' IDENTICO alle immagini di riferimento allegate (stessi personaggi a mattoncini 3D, stessa impaginazione, stessi colori, stesse rese): minifigure espressive, ambientazioni ricche e dettagliate del settore, luci morbide, profondita', bordi vignetta netti. IMPAGINAZIONE OBBLIGATORIA: da 10 a 12 VIGNETTE numerate che raccontano UNA STORIA con arco narrativo completo (1 situazione normale -> 2-4 arrivano i pericoli coi cattivi -> 5-6 tensione/conseguenza -> 7-9 arriva SICURIX con gli eroi e applica il METODO81+ passo per passo -> 10-11 risoluzione ordinata -> 12 finale). HEADER in alto: SICURIX (mantello, medaglione arancione '81+', bussola) che presenta in un fumetto; grande titolo 'SICURIX TALES'; sottotitolo 'MANIFATTURA: Pericolo vs Soluzione con Metodo 81+'; legenda 3 voci (verde Sicurezza, rosso Rischio, blu 81+ Soluzione); fila di EROI coi nomi: CONSENSIX, ROBOTIX81, CHECKIX, HYGIENIX, SCUDIX, PREPOSTIX. FOOTER in basso: grande 'Prima vedi. Poi sistemi.'; banner scudo verde 'PROTEGGIAMO. PREVENIAMO. MIGLIORIAMO.' e triangolo rosso 'DISATTENZIONE. RISCHI. COSTI. CAOS.'; logo '81+' + '81plus.net'. TRAMA (usa questi eventi come vignette; se sono meno di 10 aggiungi vignette di contesto, dialogo e reazione per arrivare a 10-12): 1) RISKIX causa il pericolo 'Documento' (Manuale HACCP di Autocontrollo); poi CONSENSIX+SICURIX applicano il METODO81+; 2) SPORCKIX causa il pericolo 'Sanificazione' (Piano di Sanificazione); poi ROBOTIX81+SICURIX applicano il METODO81+; 3) CAOSIX causa il pericolo 'Formazione' (Formazione GDPR); poi CHECKIX+SICURIX applicano il METODO81+; 4) FUMIX causa il pericolo 'Attrezzature' (Attrezzature e Macchine); poi HYGIENIX+SICURIX applicano il METODO81+; 5) CHIMIKIX causa il pericolo 'Documento' (Documento Valutazione Rischi (DVR)); poi CONSENSIX+SICURIX applicano il METODO81+; 6) RISKIX causa il pericolo 'Ruolo/Preposto' (Formazione Preposto); poi SCUDIX+SICURIX applicano il METODO81+; 7) OBLIVIX causa il pericolo 'Formazione' (Formazione Ambientale); poi PREPOSTIX+SICURIX applicano il METODO81+; 8) MULTIX causa il pericolo 'Corso' (Corso Alimentarista); poi TRACCIX+SICURIX applicano il METODO81+; 9) SEGNALEX causa il pericolo 'MMC' (Movimentazione Manuale Carichi); poi CHEFIX+SICURIX applicano il METODO81+; 10) ACQUAIX causa il pericolo 'Temperature' (Controllo Temperature e Celle); poi CHEFIX+SICURIX applicano il METODO81+; 11) OBLIVIX causa il pericolo 'Emergenze/Incendio' (Addetto Antincendio); poi CONSENSIX+SICURIX applicano il METODO81+. PALETTE BRAND ESCLUSIVA: nero #05050A, bianco panna, arancione #FF6A1A/#E8501A; ROSSO solo per 'PERICOLO', VERDE per la checklist 'Metodo 81+'. Logo '81+' ben visibile in OGNI vignetta. REGOLA STORIA: SICURIX NON agisce mai da solo - in OGNI vignetta di soluzione si fa AIUTARE dai suoi colleghi EROI (lavoro di squadra, ognuno col suo ruolo). TESTO: didascalie e fumetti MOLTO BREVI (1-4 parole), GRANDI, centrati, in ITALIANO con ORTOGRAFIA PERFETTA, senza parole inventate, lettere doppie errate o testo tagliato. CATTIVI (coerenti col canone): RISKIX, SPORCKIX, CAOSIX, FUMIX, CHIMIKIX, OBLIVIX, MULTIX, SEGNALEX, ACQUAIX. EROI: CONSENSIX, ROBOTIX81, CHECKIX, HYGIENIX, SCUDIX, PREPOSTIX, TRACCIX, CHEFIX. NEGATIVE: nessun marchio LEGO reale, nessun personaggio protetto (Asterix ecc.), niente gore/horror, niente claim assoluti ('rischio zero','garantito','zero multe').","In Manifattura non e' 'se' arriva il controllo, e' 'quando'. Sei pronto?","In Manifattura non e' 'se' arriva il controllo, e' 'quando'. Sei pronto?

In manifattura gli adempimenti obbligatori non aspettano: Documento, Sanificazione, Formazione, Attrezzature, Ruolo/Preposto, Corso, MMC, Temperature, Emergenze/Incendio. In questa pagina TALES OF SICURIX il PERICOLO prende forma... e il METODO81+ lo rimette in ordine, passo dopo passo. Immagina la scena: prima il caos, poi la checklist che sistema tutto. La regola c'e' gia': tu falla lavorare per te.
👉 Iscriviti al corso: Manuale autocontrollo alimentare -> https://81plus.net/?corso=manuale-autocontrollo-alimentare
▶️ YouTube: youtube.com/@sicurissimo
Contenuto informativo. Prima vedi. Poi sistemi. 81plus.net",Manuale autocontrollo alimentare,https://81plus.net/?corso=manuale-autocontrollo-alimentare,#TalesOfSicurix #SICURIX #Metodo81 #81plus #Sicurissimo #HACCP #Privacy #Sicurezza #Ambientale #SicurezzaSulLavoro,SICURIX_TALES_142120_14_16_24_13_0_3_27_15_10_18_7.webp,https://drive.google.com/drive/folders/1hICKXdl9JTZBL1pemG19oE_661z-EH_k,IMG_ERR
26.30.09,Manifattura,C,Sicurezza+Ambientale+HACCP+Privacy,10,Documento Valutazione Rischi (DVR) | Gestione Rifiuti e Registro | Controllo Temperature e Celle | Registro dei Trattamenti | Rischio Rumore | Formazione Generale Lavoratori | Manuale HACCP di Autocontrollo | Uso e Formazione DPI | Nomina Incaricati/Responsabili | Corso Alimentarista,D.Lgs81/08 art.28 | D.Lgs152/06 | Reg.CE 852/2004 | GDPR art.30 | D.Lgs81/08 Tit.VIII | Accordo Stato-Regioni | D.Lgs81/08 art.77 | GDPR art.28-29,"SICURIX>IMPROVVISIX, TRACCIX>RISKIX, FORMIX>FRETTIX, ROBOTIX81>LEAKIX, SICURIX>SEGNALEX, CHECKIX>CAOSIX, PRIVACIX>CROSSIX, CONSENSIX>BIOXIX, LUXPECTORIX>MULTIX, CHEFIX>RISKIX","Crea una PAGINA A FUMETTI a STORIA COMPLETA, verticale A4 (1024x1536), QUALITA' EDITORIALE DA STAMPA, stile ufficiale 'SICURIX TALES' IDENTICO alle immagini di riferimento allegate (stessi personaggi a mattoncini 3D, stessa impaginazione, stessi colori, stesse rese): minifigure espressive, ambientazioni ricche e dettagliate del settore, luci morbide, profondita', bordi vignetta netti. IMPAGINAZIONE OBBLIGATORIA: da 10 a 12 VIGNETTE numerate che raccontano UNA STORIA con arco narrativo completo (1 situazione normale -> 2-4 arrivano i pericoli coi cattivi -> 5-6 tensione/conseguenza -> 7-9 arriva SICURIX con gli eroi e applica il METODO81+ passo per passo -> 10-11 risoluzione ordinata -> 12 finale). HEADER in alto: SICURIX (mantello, medaglione arancione '81+', bussola) che presenta in un fumetto; grande titolo 'SICURIX TALES'; sottotitolo 'MANIFATTURA: Pericolo vs Soluzione con Metodo 81+'; legenda 3 voci (verde Sicurezza, rosso Rischio, blu 81+ Soluzione); fila di EROI coi nomi: SICURIX, TRACCIX, FORMIX, ROBOTIX81, CHECKIX, PRIVACIX. FOOTER in basso: grande 'Prima vedi. Poi sistemi.'; banner scudo verde 'PROTEGGIAMO. PREVENIAMO. MIGLIORIAMO.' e triangolo rosso 'DISATTENZIONE. RISCHI. COSTI. CAOS.'; logo '81+' + '81plus.net'. TRAMA (usa questi eventi come vignette; se sono meno di 10 aggiungi vignette di contesto, dialogo e reazione per arrivare a 10-12): 1) IMPROVVISIX causa il pericolo 'Documento' (Documento Valutazione Rischi (DVR)); poi SICURIX+SICURIX applicano il METODO81+; 2) RISKIX causa il pericolo 'Rifiuti' (Gestione Rifiuti e Registro); poi TRACCIX+SICURIX applicano il METODO81+; 3) FRETTIX causa il pericolo 'Temperature' (Controllo Temperature e Celle); poi FORMIX+SICURIX applicano il METODO81+; 4) LEAKIX causa il pericolo 'Registro' (Registro dei Trattamenti); poi ROBOTIX81+SICURIX applicano il METODO81+; 5) SEGNALEX causa il pericolo 'Rumore' (Rischio Rumore); poi SICURIX+SICURIX applicano il METODO81+; 6) CAOSIX causa il pericolo 'Formazione base' (Formazione Generale Lavoratori); poi CHECKIX+SICURIX applicano il METODO81+; 7) CROSSIX causa il pericolo 'Documento' (Manuale HACCP di Autocontrollo); poi PRIVACIX+SICURIX applicano il METODO81+; 8) BIOXIX causa il pericolo 'DPI' (Uso e Formazione DPI); poi CONSENSIX+SICURIX applicano il METODO81+; 9) MULTIX causa il pericolo 'Nomine' (Nomina Incaricati/Responsabili); poi LUXPECTORIX+SICURIX applicano il METODO81+; 10) RISKIX causa il pericolo 'Corso' (Corso Alimentarista); poi CHEFIX+SICURIX applicano il METODO81+. PALETTE BRAND ESCLUSIVA: nero #05050A, bianco panna, arancione #FF6A1A/#E8501A; ROSSO solo per 'PERICOLO', VERDE per la checklist 'Metodo 81+'. Logo '81+' ben visibile in OGNI vignetta. REGOLA STORIA: SICURIX NON agisce mai da solo - in OGNI vignetta di soluzione si fa AIUTARE dai suoi colleghi EROI (lavoro di squadra, ognuno col suo ruolo). TESTO: didascalie e fumetti MOLTO BREVI (1-4 parole), GRANDI, centrati, in ITALIANO con ORTOGRAFIA PERFETTA, senza parole inventate, lettere doppie errate o testo tagliato. CATTIVI (coerenti col canone): IMPROVVISIX, RISKIX, FRETTIX, LEAKIX, SEGNALEX, CAOSIX, CROSSIX, BIOXIX, MULTIX. EROI: SICURIX, TRACCIX, FORMIX, ROBOTIX81, CHECKIX, PRIVACIX, CONSENSIX, LUXPECTORIX, CHEFIX. NEGATIVE: nessun marchio LEGO reale, nessun personaggio protetto (Asterix ecc.), niente gore/horror, niente claim assoluti ('rischio zero','garantito','zero multe').",Manifattura: 3 minuti oggi o un problema enorme domani. Scegli tu.,"In Manifattura c'e' un obbligo che in tanti scoprono solo con la sanzione

In manifattura gli adempimenti obbligatori non aspettano: Documento, Rifiuti, Temperature, Registro, Rumore, Formazione base, DPI, Nomine, Corso. In questa pagina TALES OF SICURIX il PERICOLO prende forma... e il METODO81+ lo rimette in ordine, passo dopo passo. Immagina la scena: prima il caos, poi la checklist che sistema tutto. Mettere ordine ora costa poco. Rimediare dopo costa caro.
👉 Iscriviti al corso: Corso lavoratore parte GENERALE 4 ore -> https://81plus.net/?corso=corso-lavoratore-parte-generale-4-ore
▶️ YouTube: youtube.com/@sicurissimo
Contenuto informativo. Prima vedi. Poi sistemi. 81plus.net",Corso lavoratore parte GENERALE 4 ore,https://81plus.net/?corso=corso-lavoratore-parte-generale-4-ore,#TalesOfSicurix #SICURIX #Metodo81 #81plus #Sicurissimo #Sicurezza #Ambientale #HACCP #Privacy #SicurezzaSulLavoro,SICURIX_TALES_263009_0_26_18_22_12_1_14_8_23_15.webp,https://drive.google.com/drive/folders/1hICKXdl9JTZBL1pemG19oE_661z-EH_k,IMG_ERR
74.99.11,Servizi alle imprese,N,Sicurezza+Privacy,12,Formazione Generale Lavoratori | Rappresentante Lavoratori Sicurezza (RLS) | Nomina Incaricati/Responsabili | Uso e Formazione DPI | Registro dei Trattamenti | Addetto Primo Soccorso | Formazione GDPR | Formazione Specifica (rischio basso) | Addetto Antincendio | Videoterminali (VDT) | Formazione Preposto | Informativa e Consensi,Accordo Stato-Regioni | D.Lgs81/08 art.47 | GDPR art.28-29 | D.Lgs81/08 art.77 | GDPR art.30 | DM 388/2003 | GDPR art.32 | DM 2/9/2021 | D.Lgs81/08 Tit.VII | D.Lgs81/08 art.37 | GDPR art.13,"SICURIX>SCIVOLIX, TRACCIX>ØTIX, HYGIENIX>IMPROVVISIX, BLINKIX>TAGLIX, CHEFIX>RISKIX, DOCUMIX>BIOXIX, SICURIX>PHISHIX, PRIVACIX>NONDPIX, PRIVACIX>FUMIX, LUXPECTORIX>CAOSIX, ROBOTIX81>SOTTOVALUTIX, CHEFIX>LEAKIX","Crea una PAGINA A FUMETTI a STORIA COMPLETA, verticale A4 (1024x1536), QUALITA' EDITORIALE DA STAMPA, stile ufficiale 'SICURIX TALES' IDENTICO alle immagini di riferimento allegate (stessi personaggi a mattoncini 3D, stessa impaginazione, stessi colori, stesse rese): minifigure espressive, ambientazioni ricche e dettagliate del settore, luci morbide, profondita', bordi vignetta netti. IMPAGINAZIONE OBBLIGATORIA: da 10 a 12 VIGNETTE numerate che raccontano UNA STORIA con arco narrativo completo (1 situazione normale -> 2-4 arrivano i pericoli coi cattivi -> 5-6 tensione/conseguenza -> 7-9 arriva SICURIX con gli eroi e applica il METODO81+ passo per passo -> 10-11 risoluzione ordinata -> 12 finale). HEADER in alto: SICURIX (mantello, medaglione arancione '81+', bussola) che presenta in un fumetto; grande titolo 'SICURIX TALES'; sottotitolo 'SERVIZI ALLE IMPRESE: Pericolo vs Soluzione con Metodo 81+'; legenda 3 voci (verde Sicurezza, rosso Rischio, blu 81+ Soluzione); fila di EROI coi nomi: SICURIX, TRACCIX, HYGIENIX, BLINKIX, CHEFIX, DOCUMIX. FOOTER in basso: grande 'Prima vedi. Poi sistemi.'; banner scudo verde 'PROTEGGIAMO. PREVENIAMO. MIGLIORIAMO.' e triangolo rosso 'DISATTENZIONE. RISCHI. COSTI. CAOS.'; logo '81+' + '81plus.net'. TRAMA (usa questi eventi come vignette; se sono meno di 10 aggiungi vignette di contesto, dialogo e reazione per arrivare a 10-12): 1) SCIVOLIX causa il pericolo 'Formazione base' (Formazione Generale Lavoratori); poi SICURIX+SICURIX applicano il METODO81+; 2) ØTIX causa il pericolo 'Ruolo/RLS' (Rappresentante Lavoratori Sicurezza (RLS)); poi TRACCIX+SICURIX applicano il METODO81+; 3) IMPROVVISIX causa il pericolo 'Nomine' (Nomina Incaricati/Responsabili); poi HYGIENIX+SICURIX applicano il METODO81+; 4) TAGLIX causa il pericolo 'DPI' (Uso e Formazione DPI); poi BLINKIX+SICURIX applicano il METODO81+; 5) RISKIX causa il pericolo 'Registro' (Registro dei Trattamenti); poi CHEFIX+SICURIX applicano il METODO81+; 6) BIOXIX causa il pericolo 'Emergenze/Soccorso' (Addetto Primo Soccorso); poi DOCUMIX+SICURIX applicano il METODO81+; 7) PHISHIX causa il pericolo 'Formazione' (Formazione GDPR); poi SICURIX+SICURIX applicano il METODO81+; 8) NONDPIX causa il pericolo 'Formazione specifica' (Formazione Specifica (rischio basso)); poi PRIVACIX+SICURIX applicano il METODO81+; 9) FUMIX causa il pericolo 'Emergenze/Incendio' (Addetto Antincendio); poi PRIVACIX+SICURIX applicano il METODO81+; 10) CAOSIX causa il pericolo 'Videoterminali' (Videoterminali (VDT)); poi LUXPECTORIX+SICURIX applicano il METODO81+; 11) SOTTOVALUTIX causa il pericolo 'Ruolo/Preposto' (Formazione Preposto); poi ROBOTIX81+SICURIX applicano il METODO81+; 12) LEAKIX causa il pericolo 'Documento' (Informativa e Consensi); poi CHEFIX+SICURIX applicano il METODO81+. PALETTE BRAND ESCLUSIVA: nero #05050A, bianco panna, arancione #FF6A1A/#E8501A; ROSSO solo per 'PERICOLO', VERDE per la checklist 'Metodo 81+'. Logo '81+' ben visibile in OGNI vignetta. REGOLA STORIA: SICURIX NON agisce mai da solo - in OGNI vignetta di soluzione si fa AIUTARE dai suoi colleghi EROI (lavoro di squadra, ognuno col suo ruolo). TESTO: didascalie e fumetti MOLTO BREVI (1-4 parole), GRANDI, centrati, in ITALIANO con ORTOGRAFIA PERFETTA, senza parole inventate, lettere doppie errate o testo tagliato. CATTIVI (coerenti col canone): SCIVOLIX, ØTIX, IMPROVVISIX, TAGLIX, RISKIX, BIOXIX, PHISHIX, NONDPIX, FUMIX, CAOSIX, SOTTOVALUTIX, LEAKIX. EROI: SICURIX, TRACCIX, HYGIENIX, BLINKIX, CHEFIX, DOCUMIX, PRIVACIX, LUXPECTORIX, ROBOTIX81. NEGATIVE: nessun marchio LEGO reale, nessun personaggio protetto (Asterix ecc.), niente gore/horror, niente claim assoluti ('rischio zero','garantito','zero multe').",In Servizi alle imprese c'e' un obbligo che in tanti scoprono solo con la sanzione,"In Servizi alle imprese c'e' un obbligo che in tanti scoprono solo con la sanzione

In servizi alle imprese gli adempimenti obbligatori non aspettano: Formazione base, Ruolo/RLS, Nomine, DPI, Registro, Emergenze/Soccorso, Formazione, Formazione specifica, Emergenze/Incendio, Videoterminali, Ruolo/Preposto, Documento. In questa pagina TALES OF SICURIX il PERICOLO prende forma... e il METODO81+ lo rimette in ordine, passo dopo passo. Immagina la scena: prima il caos, poi la checklist che sistema tutto. Mettere ordine ora costa poco. Rimediare dopo costa caro.
👉 Iscriviti al corso: Corso lavoratore parte GENERALE 4 ore -> https://81plus.net/?corso=corso-lavoratore-parte-generale-4-ore
▶️ YouTube: youtube.com/@sicurissimo
Contenuto informativo. Prima vedi. Poi sistemi. 81plus.net",Corso lavoratore parte GENERALE 4 ore,https://81plus.net/?corso=corso-lavoratore-parte-generale-4-ore,#TalesOfSicurix #SICURIX #Metodo81 #81plus #Sicurissimo #Sicurezza #Privacy #SicurezzaSulLavoro,SICURIX_TALES_749911_1_4_12_8_11_6_13_2_7_9_3_10.webp,https://drive.google.com/drive/folders/1hICKXdl9JTZBL1pemG19oE_661z-EH_k,IMG_ERR
94.99.60,Famiglie datori,T,Privacy+Sicurezza,12,Procedura Data Breach | Registro dei Trattamenti | Documento Valutazione Rischi (DVR) | Formazione Generale Lavoratori | Addetto Primo Soccorso | Rappresentante Lavoratori Sicurezza (RLS) | Addetto Antincendio | Nomina Incaricati/Responsabili | Formazione GDPR | Informativa e Consensi | Uso e Formazione DPI | Formazione Specifica (rischio basso),GDPR art.33-34 | GDPR art.30 | D.Lgs81/08 art.28 | Accordo Stato-Regioni | DM 388/2003 | D.Lgs81/08 art.47 | DM 2/9/2021 | GDPR art.28-29 | GDPR art.32 | GDPR art.13 | D.Lgs81/08 art.77,"CHEFIX>CANCELIX, CHECKIX>PHISHIX, CIFRIX>VOLTIX, SCUDIX>RISKIX, FORMIX>CAOSIX, LUXPECTORIX>CHIMIKIX, CHEFIX>CADUTIX, SCUDIX>IMPROVVISIX, CHEFIX>LEAKIX, PREPOSTIX>OBLIVIX, BLINKIX>BIOXIX, HYGIENIX>FRETTIX","Crea una PAGINA A FUMETTI a STORIA COMPLETA, verticale A4 (1024x1536), QUALITA' EDITORIALE DA STAMPA, stile ufficiale 'SICURIX TALES' IDENTICO alle immagini di riferimento allegate (stessi personaggi a mattoncini 3D, stessa impaginazione, stessi colori, stesse rese): minifigure espressive, ambientazioni ricche e dettagliate del settore, luci morbide, profondita', bordi vignetta netti. IMPAGINAZIONE OBBLIGATORIA: da 10 a 12 VIGNETTE numerate che raccontano UNA STORIA con arco narrativo completo (1 situazione normale -> 2-4 arrivano i pericoli coi cattivi -> 5-6 tensione/conseguenza -> 7-9 arriva SICURIX con gli eroi e applica il METODO81+ passo per passo -> 10-11 risoluzione ordinata -> 12 finale). HEADER in alto: SICURIX (mantello, medaglione arancione '81+', bussola) che presenta in un fumetto; grande titolo 'SICURIX TALES'; sottotitolo 'FAMIGLIE DATORI: Pericolo vs Soluzione con Metodo 81+'; legenda 3 voci (verde Sicurezza, rosso Rischio, blu 81+ Soluzione); fila di EROI coi nomi: CHEFIX, CHECKIX, CIFRIX, SCUDIX, FORMIX, LUXPECTORIX. FOOTER in basso: grande 'Prima vedi. Poi sistemi.'; banner scudo verde 'PROTEGGIAMO. PREVENIAMO. MIGLIORIAMO.' e triangolo rosso 'DISATTENZIONE. RISCHI. COSTI. CAOS.'; logo '81+' + '81plus.net'. TRAMA (usa questi eventi come vignette; se sono meno di 10 aggiungi vignette di contesto, dialogo e reazione per arrivare a 10-12): 1) CANCELIX causa il pericolo 'Data breach' (Procedura Data Breach); poi CHEFIX+SICURIX applicano il METODO81+; 2) PHISHIX causa il pericolo 'Registro' (Registro dei Trattamenti); poi CHECKIX+SICURIX applicano il METODO81+; 3) VOLTIX causa il pericolo 'Documento' (Documento Valutazione Rischi (DVR)); poi CIFRIX+SICURIX applicano il METODO81+; 4) RISKIX causa il pericolo 'Formazione base' (Formazione Generale Lavoratori); poi SCUDIX+SICURIX applicano il METODO81+; 5) CAOSIX causa il pericolo 'Emergenze/Soccorso' (Addetto Primo Soccorso); poi FORMIX+SICURIX applicano il METODO81+; 6) CHIMIKIX causa il pericolo 'Ruolo/RLS' (Rappresentante Lavoratori Sicurezza (RLS)); poi LUXPECTORIX+SICURIX applicano il METODO81+; 7) CADUTIX causa il pericolo 'Emergenze/Incendio' (Addetto Antincendio); poi CHEFIX+SICURIX applicano il METODO81+; 8) IMPROVVISIX causa il pericolo 'Nomine' (Nomina Incaricati/Responsabili); poi SCUDIX+SICURIX applicano il METODO81+; 9) LEAKIX causa il pericolo 'Formazione' (Formazione GDPR); poi CHEFIX+SICURIX applicano il METODO81+; 10) OBLIVIX causa il pericolo 'Documento' (Informativa e Consensi); poi PREPOSTIX+SICURIX applicano il METODO81+; 11) BIOXIX causa il pericolo 'DPI' (Uso e Formazione DPI); poi BLINKIX+SICURIX applicano il METODO81+; 12) FRETTIX causa il pericolo 'Formazione specifica' (Formazione Specifica (rischio basso)); poi HYGIENIX+SICURIX applicano il METODO81+. PALETTE BRAND ESCLUSIVA: nero #05050A, bianco panna, arancione #FF6A1A/#E8501A; ROSSO solo per 'PERICOLO', VERDE per la checklist 'Metodo 81+'. Logo '81+' ben visibile in OGNI vignetta. REGOLA STORIA: SICURIX NON agisce mai da solo - in OGNI vignetta di soluzione si fa AIUTARE dai suoi colleghi EROI (lavoro di squadra, ognuno col suo ruolo). TESTO: didascalie e fumetti MOLTO BREVI (1-4 parole), GRANDI, centrati, in ITALIANO con ORTOGRAFIA PERFETTA, senza parole inventate, lettere doppie errate o testo tagliato. CATTIVI (coerenti col canone): CANCELIX, PHISHIX, VOLTIX, RISKIX, CAOSIX, CHIMIKIX, CADUTIX, IMPROVVISIX, LEAKIX, OBLIVIX, BIOXIX, FRETTIX. EROI: CHEFIX, CHECKIX, CIFRIX, SCUDIX, FORMIX, LUXPECTORIX, PREPOSTIX, BLINKIX, HYGIENIX. NEGATIVE: nessun marchio LEGO reale, nessun personaggio protetto (Asterix ecc.), niente gore/horror, niente claim assoluti ('rischio zero','garantito','zero multe').",Famiglie datori: 3 minuti oggi o un problema enorme domani. Scegli tu.,"Famiglie datori: 3 minuti oggi o un problema enorme domani. Scegli tu.

In famiglie datori gli adempimenti obbligatori non aspettano: Data breach, Registro, Documento, Formazione base, Emergenze/Soccorso, Ruolo/RLS, Emergenze/Incendio, Nomine, Formazione, DPI, Formazione specifica. In questa pagina TALES OF SICURIX il PERICOLO prende forma... e il METODO81+ lo rimette in ordine, passo dopo passo. Immagina la scena: prima il caos, poi la checklist che sistema tutto. Mettere ordine ora costa poco. Rimediare dopo costa caro.
👉 Iscriviti al corso: Corso privacy destinato ai lavoratori -> https://81plus.net/?corso=corso-privacy-destinato-ai-lavoratori
▶️ YouTube: youtube.com/@sicurissimo
Contenuto informativo. Prima vedi. Poi sistemi. 81plus.net",Corso privacy destinato ai lavoratori,https://81plus.net/?corso=corso-privacy-destinato-ai-lavoratori,#TalesOfSicurix #SICURIX #Metodo81 #81plus #Sicurissimo #Privacy #Sicurezza #SicurezzaSulLavoro,SICURIX_TALES_949960_13_10_0_1_6_4_7_11_12_9_8_2.webp,https://drive.google.com/drive/folders/1hICKXdl9JTZBL1pemG19oE_661z-EH_k,IMG_ERR
35.12.00,Energia,D,Sicurezza+Privacy+Ambientale,12,Uso e Formazione DPI | Formazione GDPR | Rischio Rumore | Addetto Antincendio | Formazione Ambientale | Stress Lavoro-Correlato | Formazione Generale Lavoratori | Documento Valutazione Rischi (DVR) | Nomina Incaricati/Responsabili | Formazione Preposto | Procedura Data Breach | RSPP / Datore di Lavoro RSPP,D.Lgs81/08 art.77 | GDPR art.32 | D.Lgs81/08 Tit.VIII | DM 2/9/2021 | D.Lgs152/06 | D.Lgs81/08 art.28 | Accordo Stato-Regioni | GDPR art.28-29 | D.Lgs81/08 art.37 | GDPR art.33-34 | D.Lgs81/08 art.34,"DOCUMIX>SCIVOLIX, CHEFIX>LEAKIX, FORMIX>FUMIX, HYGIENIX>SCIVOLIX, PREPOSTIX>FRETTIX, FORMIX>ØTIX, CIFRIX>CAOSIX, PRIVACIX>VOLTIX, PREPOSTIX>SPYIX, DOCUMIX>SEGNALEX, SICURIX>RISKIX, FORMIX>BIOXIX","Crea una PAGINA A FUMETTI a STORIA COMPLETA, verticale A4 (1024x1536), QUALITA' EDITORIALE DA STAMPA, stile ufficiale 'SICURIX TALES' IDENTICO alle immagini di riferimento allegate (stessi personaggi a mattoncini 3D, stessa impaginazione, stessi colori, stesse rese): minifigure espressive, ambientazioni ricche e dettagliate del settore, luci morbide, profondita', bordi vignetta netti. IMPAGINAZIONE OBBLIGATORIA: da 10 a 12 VIGNETTE numerate che raccontano UNA STORIA con arco narrativo completo (1 situazione normale -> 2-4 arrivano i pericoli coi cattivi -> 5-6 tensione/conseguenza -> 7-9 arriva SICURIX con gli eroi e applica il METODO81+ passo per passo -> 10-11 risoluzione ordinata -> 12 finale). HEADER in alto: SICURIX (mantello, medaglione arancione '81+', bussola) che presenta in un fumetto; grande titolo 'SICURIX TALES'; sottotitolo 'ENERGIA: Pericolo vs Soluzione con Metodo 81+'; legenda 3 voci (verde Sicurezza, rosso Rischio, blu 81+ Soluzione); fila di EROI coi nomi: DOCUMIX, CHEFIX, FORMIX, HYGIENIX, PREPOSTIX, CIFRIX. FOOTER in basso: grande 'Prima vedi. Poi sistemi.'; banner scudo verde 'PROTEGGIAMO. PREVENIAMO. MIGLIORIAMO.' e triangolo rosso 'DISATTENZIONE. RISCHI. COSTI. CAOS.'; logo '81+' + '81plus.net'. TRAMA (usa questi eventi come vignette; se sono meno di 10 aggiungi vignette di contesto, dialogo e reazione per arrivare a 10-12): 1) SCIVOLIX causa il pericolo 'DPI' (Uso e Formazione DPI); poi DOCUMIX+SICURIX applicano il METODO81+; 2) LEAKIX causa il pericolo 'Formazione' (Formazione GDPR); poi CHEFIX+SICURIX applicano il METODO81+; 3) FUMIX causa il pericolo 'Rumore' (Rischio Rumore); poi FORMIX+SICURIX applicano il METODO81+; 4) SCIVOLIX causa il pericolo 'Emergenze/Incendio' (Addetto Antincendio); poi HYGIENIX+SICURIX applicano il METODO81+; 5) FRETTIX causa il pericolo 'Formazione' (Formazione Ambientale); poi PREPOSTIX+SICURIX applicano il METODO81+; 6) ØTIX causa il pericolo 'Stress' (Stress Lavoro-Correlato); poi FORMIX+SICURIX applicano il METODO81+; 7) CAOSIX causa il pericolo 'Formazione base' (Formazione Generale Lavoratori); poi CIFRIX+SICURIX applicano il METODO81+; 8) VOLTIX causa il pericolo 'Documento' (Documento Valutazione Rischi (DVR)); poi PRIVACIX+SICURIX applicano il METODO81+; 9) SPYIX causa il pericolo 'Nomine' (Nomina Incaricati/Responsabili); poi PREPOSTIX+SICURIX applicano il METODO81+; 10) SEGNALEX causa il pericolo 'Ruolo/Preposto' (Formazione Preposto); poi DOCUMIX+SICURIX applicano il METODO81+; 11) RISKIX causa il pericolo 'Data breach' (Procedura Data Breach); poi SICURIX+SICURIX applicano il METODO81+; 12) BIOXIX causa il pericolo 'Ruolo/RSPP' (RSPP / Datore di Lavoro RSPP); poi FORMIX+SICURIX applicano il METODO81+. PALETTE BRAND ESCLUSIVA: nero #05050A, bianco panna, arancione #FF6A1A/#E8501A; ROSSO solo per 'PERICOLO', VERDE per la checklist 'Metodo 81+'. Logo '81+' ben visibile in OGNI vignetta. REGOLA STORIA: SICURIX NON agisce mai da solo - in OGNI vignetta di soluzione si fa AIUTARE dai suoi colleghi EROI (lavoro di squadra, ognuno col suo ruolo). TESTO: didascalie e fumetti MOLTO BREVI (1-4 parole), GRANDI, centrati, in ITALIANO con ORTOGRAFIA PERFETTA, senza parole inventate, lettere doppie errate o testo tagliato. CATTIVI (coerenti col canone): SCIVOLIX, LEAKIX, FUMIX, FRETTIX, ØTIX, CAOSIX, VOLTIX, SPYIX, SEGNALEX, RISKIX, BIOXIX. EROI: DOCUMIX, CHEFIX, FORMIX, HYGIENIX, PREPOSTIX, CIFRIX, PRIVACIX, SICURIX. NEGATIVE: nessun marchio LEGO reale, nessun personaggio protetto (Asterix ecc.), niente gore/horror, niente claim assoluti ('rischio zero','garantito','zero multe').",Quello che l'ispettore controlla per primo in Energia (e quasi nessuno lo sa),"Quello che l'ispettore controlla per primo in Energia (e quasi nessuno lo sa)

In energia gli adempimenti obbligatori non aspettano: DPI, Formazione, Rumore, Emergenze/Incendio, Stress, Formazione base, Documento, Nomine, Ruolo/Preposto, Data breach, Ruolo/RSPP. In questa pagina TALES OF SICURIX il PERICOLO prende forma... e il METODO81+ lo rimette in ordine, passo dopo passo. Immagina la scena: prima il caos, poi la checklist che sistema tutto. La regola c'e' gia': tu falla lavorare per te.
👉 Iscriviti al corso: Corso Lavori in Quota e DPI Anticaduta -> https://81plus.net/?corso=corso-lavori-in-quota-e-dpi-anticaduta
▶️ YouTube: youtube.com/@sicurissimo
Contenuto informativo. Prima vedi. Poi sistemi. 81plus.net",Corso Lavori in Quota e DPI Anticaduta,https://81plus.net/?corso=corso-lavori-in-quota-e-dpi-anticaduta,#TalesOfSicurix #SICURIX #Metodo81 #81plus #Sicurissimo #Sicurezza #Privacy #Ambientale #SicurezzaSulLavoro,SICURIX_TALES_351200_8_18_12_7_21_11_1_0_17_3_19_5.webp,https://drive.google.com/drive/folders/1hICKXdl9JTZBL1pemG19oE_661z-EH_k,IMG_ERR
46.18.31,Commercio,G,Sicurezza+HACCP+Privacy,12,Formazione Generale Lavoratori | Rintracciabilita ed Etichettatura | Documento Valutazione Rischi (DVR) | Controllo Temperature e Celle | Registro dei Trattamenti | Formazione Preposto | RSPP / Datore di Lavoro RSPP | Gestione Allergeni | Movimentazione Manuale Carichi | Addetto Primo Soccorso | Sorveglianza Sanitaria / Medico Competente | Procedura Data Breach,Accordo Stato-Regioni | Reg.CE 178/2002 | D.Lgs81/08 art.28 | Reg.CE 852/2004 | GDPR art.30 | D.Lgs81/08 art.37 | D.Lgs81/08 art.34 | Reg.UE 1169/2011 | D.Lgs81/08 Tit.VI | DM 388/2003 | D.Lgs81/08 art.41 | GDPR art.33-34,"BLINKIX>SOTTOVALUTIX, BLINKIX>IMPROVVISIX, PRIVACIX>RISKIX, HYGIENIX>IMPROVVISIX, CIFRIX>PERMISSIONIX, HYGIENIX>TAGLIX, PRIVACIX>NONDPIX, SICURIX>ACQUAIX, TRACCIX>POLVERIX, ROBOTIX81>VOLTIX, CHECKIX>IMPROVVISIX, SICURIX>HACKIX","Crea una PAGINA A FUMETTI a STORIA COMPLETA, verticale A4 (1024x1536), QUALITA' EDITORIALE DA STAMPA, stile ufficiale 'SICURIX TALES' IDENTICO alle immagini di riferimento allegate (stessi personaggi a mattoncini 3D, stessa impaginazione, stessi colori, stesse rese): minifigure espressive, ambientazioni ricche e dettagliate del settore, luci morbide, profondita', bordi vignetta netti. IMPAGINAZIONE OBBLIGATORIA: da 10 a 12 VIGNETTE numerate che raccontano UNA STORIA con arco narrativo completo (1 situazione normale -> 2-4 arrivano i pericoli coi cattivi -> 5-6 tensione/conseguenza -> 7-9 arriva SICURIX con gli eroi e applica il METODO81+ passo per passo -> 10-11 risoluzione ordinata -> 12 finale). HEADER in alto: SICURIX (mantello, medaglione arancione '81+', bussola) che presenta in un fumetto; grande titolo 'SICURIX TALES'; sottotitolo 'COMMERCIO: Pericolo vs Soluzione con Metodo 81+'; legenda 3 voci (verde Sicurezza, rosso Rischio, blu 81+ Soluzione); fila di EROI coi nomi: BLINKIX, PRIVACIX, HYGIENIX, CIFRIX, SICURIX, TRACCIX. FOOTER in basso: grande 'Prima vedi. Poi sistemi.'; banner scudo verde 'PROTEGGIAMO. PREVENIAMO. MIGLIORIAMO.' e triangolo rosso 'DISATTENZIONE. RISCHI. COSTI. CAOS.'; logo '81+' + '81plus.net'. TRAMA (usa questi eventi come vignette; se sono meno di 10 aggiungi vignette di contesto, dialogo e reazione per arrivare a 10-12): 1) SOTTOVALUTIX causa il pericolo 'Formazione base' (Formazione Generale Lavoratori); poi BLINKIX+SICURIX applicano il METODO81+; 2) IMPROVVISIX causa il pericolo 'Rintracciabilita' (Rintracciabilita ed Etichettatura); poi BLINKIX+SICURIX applicano il METODO81+; 3) RISKIX causa il pericolo 'Documento' (Documento Valutazione Rischi (DVR)); poi PRIVACIX+SICURIX applicano il METODO81+; 4) IMPROVVISIX causa il pericolo 'Temperature' (Controllo Temperature e Celle); poi HYGIENIX+SICURIX applicano il METODO81+; 5) PERMISSIONIX causa il pericolo 'Registro' (Registro dei Trattamenti); poi CIFRIX+SICURIX applicano il METODO81+; 6) TAGLIX causa il pericolo 'Ruolo/Preposto' (Formazione Preposto); poi HYGIENIX+SICURIX applicano il METODO81+; 7) NONDPIX causa il pericolo 'Ruolo/RSPP' (RSPP / Datore di Lavoro RSPP); poi PRIVACIX+SICURIX applicano il METODO81+; 8) ACQUAIX causa il pericolo 'Allergeni' (Gestione Allergeni); poi SICURIX+SICURIX applicano il METODO81+; 9) POLVERIX causa il pericolo 'MMC' (Movimentazione Manuale Carichi); poi TRACCIX+SICURIX applicano il METODO81+; 10) VOLTIX causa il pericolo 'Emergenze/Soccorso' (Addetto Primo Soccorso); poi ROBOTIX81+SICURIX applicano il METODO81+; 11) IMPROVVISIX causa il pericolo 'Sorveglianza sanitaria' (Sorveglianza Sanitaria / Medico Competente); poi CHECKIX+SICURIX applicano il METODO81+; 12) HACKIX causa il pericolo 'Data breach' (Procedura Data Breach); poi SICURIX+SICURIX applicano il METODO81+. PALETTE BRAND ESCLUSIVA: nero #05050A, bianco panna, arancione #FF6A1A/#E8501A; ROSSO solo per 'PERICOLO', VERDE per la checklist 'Metodo 81+'. Logo '81+' ben visibile in OGNI vignetta. REGOLA STORIA: SICURIX NON agisce mai da solo - in OGNI vignetta di soluzione si fa AIUTARE dai suoi colleghi EROI (lavoro di squadra, ognuno col suo ruolo). TESTO: didascalie e fumetti MOLTO BREVI (1-4 parole), GRANDI, centrati, in ITALIANO con ORTOGRAFIA PERFETTA, senza parole inventate, lettere doppie errate o testo tagliato. CATTIVI (coerenti col canone): SOTTOVALUTIX, IMPROVVISIX, RISKIX, PERMISSIONIX, TAGLIX, NONDPIX, ACQUAIX, POLVERIX, VOLTIX, HACKIX. EROI: BLINKIX, PRIVACIX, HYGIENIX, CIFRIX, SICURIX, TRACCIX, ROBOTIX81, CHECKIX. NEGATIVE: nessun marchio LEGO reale, nessun personaggio protetto (Asterix ecc.), niente gore/horror, niente claim assoluti ('rischio zero','garantito','zero multe').",Commercio: 3 minuti oggi o un problema enorme domani. Scegli tu.,"Quello che l'ispettore controlla per primo in Commercio (e quasi nessuno lo sa)

In commercio gli adempimenti obbligatori non aspettano: Formazione base, Rintracciabilita, Documento, Temperature, Registro, Ruolo/Preposto, Ruolo/RSPP, Allergeni, MMC, Emergenze/Soccorso, Sorveglianza sanitaria, Data breach. In questa pagina TALES OF SICURIX il PERICOLO prende forma... e il METODO81+ lo rimette in ordine, passo dopo passo. Immagina la scena: prima il caos, poi la checklist che sistema tutto. La regola c'e' gia': tu falla lavorare per te.
👉 Iscriviti al corso: Corso lavoratore parte GENERALE 4 ore -> https://81plus.net/?corso=corso-lavoratore-parte-generale-4-ore
▶️ YouTube: youtube.com/@sicurissimo
Contenuto informativo. Prima vedi. Poi sistemi. 81plus.net",Corso lavoratore parte GENERALE 4 ore,https://81plus.net/?corso=corso-lavoratore-parte-generale-4-ore,#TalesOfSicurix #SICURIX #Metodo81 #81plus #Sicurissimo #Sicurezza #HACCP #Privacy #SicurezzaSulLavoro,SICURIX_TALES_461831_1_15_0_16_20_3_5_18_10_6_9_23.webp,https://drive.google.com/drive/folders/1hICKXdl9JTZBL1pemG19oE_661z-EH_k,IMG_ERR
87.10.00,Arte/Sport,R,Sicurezza+HACCP+Privacy,11,Movimentazione Manuale Carichi | Rintracciabilita ed Etichettatura | Formazione GDPR | Stress Lavoro-Correlato | Piano di Sanificazione | Nomina Incaricati/Responsabili | Documento Valutazione Rischi (DVR) | Lotta agli Infestanti (Pest Control) | RSPP / Datore di Lavoro RSPP | Corso Alimentarista | Rappresentante Lavoratori Sicurezza (RLS),D.Lgs81/08 Tit.VI | Reg.CE 178/2002 | GDPR art.32 | D.Lgs81/08 art.28 | Reg.CE 852/2004 | GDPR art.28-29 | D.Lgs81/08 art.34 | D.Lgs81/08 art.47,"LUXPECTORIX>ØTIX, PRIVACIX>FRETTIX, HYGIENIX>PERMISSIONIX, FORMIX>TAGLIX, PREPOSTIX>RISKIX, TRACCIX>IMPROVVISIX, SICURIX>SCIVOLIX, BLINKIX>TEMPORIX, CIFRIX>SOTTOVALUTIX, PRIVACIX>MULTIX, SICURIX>BIOXIX","Crea una PAGINA A FUMETTI a STORIA COMPLETA, verticale A4 (1024x1536), QUALITA' EDITORIALE DA STAMPA, stile ufficiale 'SICURIX TALES' IDENTICO alle immagini di riferimento allegate (stessi personaggi a mattoncini 3D, stessa impaginazione, stessi colori, stesse rese): minifigure espressive, ambientazioni ricche e dettagliate del settore, luci morbide, profondita', bordi vignetta netti. IMPAGINAZIONE OBBLIGATORIA: da 10 a 12 VIGNETTE numerate che raccontano UNA STORIA con arco narrativo completo (1 situazione normale -> 2-4 arrivano i pericoli coi cattivi -> 5-6 tensione/conseguenza -> 7-9 arriva SICURIX con gli eroi e applica il METODO81+ passo per passo -> 10-11 risoluzione ordinata -> 12 finale). HEADER in alto: SICURIX (mantello, medaglione arancione '81+', bussola) che presenta in un fumetto; grande titolo 'SICURIX TALES'; sottotitolo 'ARTE/SPORT: Pericolo vs Soluzione con Metodo 81+'; legenda 3 voci (verde Sicurezza, rosso Rischio, blu 81+ Soluzione); fila di EROI coi nomi: LUXPECTORIX, PRIVACIX, HYGIENIX, FORMIX, PREPOSTIX, TRACCIX. FOOTER in basso: grande 'Prima vedi. Poi sistemi.'; banner scudo verde 'PROTEGGIAMO. PREVENIAMO. MIGLIORIAMO.' e triangolo rosso 'DISATTENZIONE. RISCHI. COSTI. CAOS.'; logo '81+' + '81plus.net'. TRAMA (usa questi eventi come vignette; se sono meno di 10 aggiungi vignette di contesto, dialogo e reazione per arrivare a 10-12): 1) ØTIX causa il pericolo 'MMC' (Movimentazione Manuale Carichi); poi LUXPECTORIX+SICURIX applicano il METODO81+; 2) FRETTIX causa il pericolo 'Rintracciabilita' (Rintracciabilita ed Etichettatura); poi PRIVACIX+SICURIX applicano il METODO81+; 3) PERMISSIONIX causa il pericolo 'Formazione' (Formazione GDPR); poi HYGIENIX+SICURIX applicano il METODO81+; 4) TAGLIX causa il pericolo 'Stress' (Stress Lavoro-Correlato); poi FORMIX+SICURIX applicano il METODO81+; 5) RISKIX causa il pericolo 'Sanificazione' (Piano di Sanificazione); poi PREPOSTIX+SICURIX applicano il METODO81+; 6) IMPROVVISIX causa il pericolo 'Nomine' (Nomina Incaricati/Responsabili); poi TRACCIX+SICURIX applicano il METODO81+; 7) SCIVOLIX causa il pericolo 'Documento' (Documento Valutazione Rischi (DVR)); poi SICURIX+SICURIX applicano il METODO81+; 8) TEMPORIX causa il pericolo 'Infestanti' (Lotta agli Infestanti (Pest Control)); poi BLINKIX+SICURIX applicano il METODO81+; 9) SOTTOVALUTIX causa il pericolo 'Ruolo/RSPP' (RSPP / Datore di Lavoro RSPP); poi CIFRIX+SICURIX applicano il METODO81+; 10) MULTIX causa il pericolo 'Corso' (Corso Alimentarista); poi PRIVACIX+SICURIX applicano il METODO81+; 11) BIOXIX causa il pericolo 'Ruolo/RLS' (Rappresentante Lavoratori Sicurezza (RLS)); poi SICURIX+SICURIX applicano il METODO81+. PALETTE BRAND ESCLUSIVA: nero #05050A, bianco panna, arancione #FF6A1A/#E8501A; ROSSO solo per 'PERICOLO', VERDE per la checklist 'Metodo 81+'. Logo '81+' ben visibile in OGNI vignetta. REGOLA STORIA: SICURIX NON agisce mai da solo - in OGNI vignetta di soluzione si fa AIUTARE dai suoi colleghi EROI (lavoro di squadra, ognuno col suo ruolo). TESTO: didascalie e fumetti MOLTO BREVI (1-4 parole), GRANDI, centrati, in ITALIANO con ORTOGRAFIA PERFETTA, senza parole inventate, lettere doppie errate o testo tagliato. CATTIVI (coerenti col canone): ØTIX, FRETTIX, PERMISSIONIX, TAGLIX, RISKIX, IMPROVVISIX, SCIVOLIX, TEMPORIX, SOTTOVALUTIX, MULTIX, BIOXIX. EROI: LUXPECTORIX, PRIVACIX, HYGIENIX, FORMIX, PREPOSTIX, TRACCIX, SICURIX, BLINKIX, CIFRIX. NEGATIVE: nessun marchio LEGO reale, nessun personaggio protetto (Asterix ecc.), niente gore/horror, niente claim assoluti ('rischio zero','garantito','zero multe').",La differenza tra chi in Arte/Sport dorme sereno e chi trema al controllo,"Quello che l'ispettore controlla per primo in Arte/Sport (e quasi nessuno lo sa)

In arte/sport gli adempimenti obbligatori non aspettano: MMC, Rintracciabilita, Formazione, Stress, Sanificazione, Nomine, Documento, Infestanti, Ruolo/RSPP, Corso, Ruolo/RLS. In questa pagina TALES OF SICURIX il PERICOLO prende forma... e il METODO81+ lo rimette in ordine, passo dopo passo. Immagina la scena: prima il caos, poi la checklist che sistema tutto. Non e' burocrazia: e' la tua tranquillita.
👉 Iscriviti al corso: Corso RSPP Datore di Lavoro : Movimentazione manuale carichi -> https://81plus.net/?corso=corso-rspp-datore-di-lavoro-movimentazione-manuale-carichi
▶️ YouTube: youtube.com/@sicurissimo
Contenuto informativo. Prima vedi. Poi sistemi. 81plus.net",Corso RSPP Datore di Lavoro : Movimentazione manuale carichi,https://81plus.net/?corso=corso-rspp-datore-di-lavoro-movimentazione-manuale-carichi,#TalesOfSicurix #SICURIX #Metodo81 #81plus #Sicurissimo #Sicurezza #HACCP #Privacy #SicurezzaSulLavoro,SICURIX_TALES_871000_10_15_22_11_14_21_0_17_5_13_4.webp,https://drive.google.com/drive/folders/1hICKXdl9JTZBL1pemG19oE_661z-EH_k,IMG_ERR
01.48.99,Agricoltura,A,Sicurezza+Privacy+HACCP,10,Addetto Antincendio | Movimentazione Manuale Carichi | Nomina Incaricati/Responsabili | Informativa e Consensi | Formazione Preposto | Rintracciabilita ed Etichettatura | Stress Lavoro-Correlato | Lotta agli Infestanti (Pest Control) | Formazione GDPR | Procedura Data Breach,DM 2/9/2021 | D.Lgs81/08 Tit.VI | GDPR art.28-29 | GDPR art.13 | D.Lgs81/08 art.37 | Reg.CE 178/2002 | D.Lgs81/08 art.28 | Reg.CE 852/2004 | GDPR art.32 | GDPR art.33-34,"ROBOTIX81>TAGLIX, CIFRIX>POLVERIX, ROBOTIX81>HACKIX, CIFRIX>PERMISSIONIX, PREPOSTIX>POLVERIX, CONSENSIX>SPORCKIX, SICURIX>TAGLIX, ROBOTIX81>IMPROVVISIX, PRIVACIX>PHISHIX, BLINKIX>PERMISSIONIX","Crea una PAGINA A FUMETTI a STORIA COMPLETA, verticale A4 (1024x1536), QUALITA' EDITORIALE DA STAMPA, stile ufficiale 'SICURIX TALES' IDENTICO alle immagini di riferimento allegate (stessi personaggi a mattoncini 3D, stessa impaginazione, stessi colori, stesse rese): minifigure espressive, ambientazioni ricche e dettagliate del settore, luci morbide, profondita', bordi vignetta netti. IMPAGINAZIONE OBBLIGATORIA: da 10 a 12 VIGNETTE numerate che raccontano UNA STORIA con arco narrativo completo (1 situazione normale -> 2-4 arrivano i pericoli coi cattivi -> 5-6 tensione/conseguenza -> 7-9 arriva SICURIX con gli eroi e applica il METODO81+ passo per passo -> 10-11 risoluzione ordinata -> 12 finale). HEADER in alto: SICURIX (mantello, medaglione arancione '81+', bussola) che presenta in un fumetto; grande titolo 'SICURIX TALES'; sottotitolo 'AGRICOLTURA: Pericolo vs Soluzione con Metodo 81+'; legenda 3 voci (verde Sicurezza, rosso Rischio, blu 81+ Soluzione); fila di EROI coi nomi: ROBOTIX81, CIFRIX, PREPOSTIX, CONSENSIX, SICURIX, PRIVACIX. FOOTER in basso: grande 'Prima vedi. Poi sistemi.'; banner scudo verde 'PROTEGGIAMO. PREVENIAMO. MIGLIORIAMO.' e triangolo rosso 'DISATTENZIONE. RISCHI. COSTI. CAOS.'; logo '81+' + '81plus.net'. TRAMA (usa questi eventi come vignette; se sono meno di 10 aggiungi vignette di contesto, dialogo e reazione per arrivare a 10-12): 1) TAGLIX causa il pericolo 'Emergenze/Incendio' (Addetto Antincendio); poi ROBOTIX81+SICURIX applicano il METODO81+; 2) POLVERIX causa il pericolo 'MMC' (Movimentazione Manuale Carichi); poi CIFRIX+SICURIX applicano il METODO81+; 3) HACKIX causa il pericolo 'Nomine' (Nomina Incaricati/Responsabili); poi ROBOTIX81+SICURIX applicano il METODO81+; 4) PERMISSIONIX causa il pericolo 'Documento' (Informativa e Consensi); poi CIFRIX+SICURIX applicano il METODO81+; 5) POLVERIX causa il pericolo 'Ruolo/Preposto' (Formazione Preposto); poi PREPOSTIX+SICURIX applicano il METODO81+; 6) SPORCKIX causa il pericolo 'Rintracciabilita' (Rintracciabilita ed Etichettatura); poi CONSENSIX+SICURIX applicano il METODO81+; 7) TAGLIX causa il pericolo 'Stress' (Stress Lavoro-Correlato); poi SICURIX+SICURIX applicano il METODO81+; 8) IMPROVVISIX causa il pericolo 'Infestanti' (Lotta agli Infestanti (Pest Control)); poi ROBOTIX81+SICURIX applicano il METODO81+; 9) PHISHIX causa il pericolo 'Formazione' (Formazione GDPR); poi PRIVACIX+SICURIX applicano il METODO81+; 10) PERMISSIONIX causa il pericolo 'Data breach' (Procedura Data Breach); poi BLINKIX+SICURIX applicano il METODO81+. PALETTE BRAND ESCLUSIVA: nero #05050A, bianco panna, arancione #FF6A1A/#E8501A; ROSSO solo per 'PERICOLO', VERDE per la checklist 'Metodo 81+'. Logo '81+' ben visibile in OGNI vignetta. REGOLA STORIA: SICURIX NON agisce mai da solo - in OGNI vignetta di soluzione si fa AIUTARE dai suoi colleghi EROI (lavoro di squadra, ognuno col suo ruolo). TESTO: didascalie e fumetti MOLTO BREVI (1-4 parole), GRANDI, centrati, in ITALIANO con ORTOGRAFIA PERFETTA, senza parole inventate, lettere doppie errate o testo tagliato. CATTIVI (coerenti col canone): TAGLIX, POLVERIX, HACKIX, PERMISSIONIX, SPORCKIX, IMPROVVISIX, PHISHIX. EROI: ROBOTIX81, CIFRIX, PREPOSTIX, CONSENSIX, SICURIX, PRIVACIX, BLINKIX. NEGATIVE: nessun marchio LEGO reale, nessun personaggio protetto (Asterix ecc.), niente gore/horror, niente claim assoluti ('rischio zero','garantito','zero multe').","In Agricoltura non e' 'se' arriva il controllo, e' 'quando'. Sei pronto?","In Agricoltura c'e' un obbligo che in tanti scoprono solo con la sanzione

In agricoltura gli adempimenti obbligatori non aspettano: Emergenze/Incendio, MMC, Nomine, Documento, Ruolo/Preposto, Rintracciabilita, Stress, Infestanti, Formazione, Data breach. In questa pagina TALES OF SICURIX il PERICOLO prende forma... e il METODO81+ lo rimette in ordine, passo dopo passo. Immagina la scena: prima il caos, poi la checklist che sistema tutto. Mettere ordine ora costa poco. Rimediare dopo costa caro.
👉 Iscriviti al corso: Corso antincendio livello 1 -> https://81plus.net/?corso=corso-antincendio-livello-1
▶️ YouTube: youtube.com/@sicurissimo
Contenuto informativo. Prima vedi. Poi sistemi. 81plus.net",Corso antincendio livello 1,https://81plus.net/?corso=corso-antincendio-livello-1,#TalesOfSicurix #SICURIX #Metodo81 #81plus #Sicurissimo #Sicurezza #Privacy #HACCP #SicurezzaSulLavoro,SICURIX_TALES_014899_7_10_24_22_3_18_11_20_25_26.webp,https://drive.google.com/drive/folders/1hICKXdl9JTZBL1pemG19oE_661z-EH_k,IMG_ERR
27.90.02,Manifattura,C,HACCP+Sicurezza+Privacy+Ambientale,10,Lotta agli Infestanti (Pest Control) | Manuale HACCP di Autocontrollo | Stress Lavoro-Correlato | Informativa e Consensi | Formazione Ambientale | Addetto Primo Soccorso | Uso e Formazione DPI | Gestione Allergeni | Nomina Incaricati/Responsabili | Rischio Elettrico (PES/PAV),Reg.CE 852/2004 | D.Lgs81/08 art.28 | GDPR art.13 | D.Lgs152/06 | DM 388/2003 | D.Lgs81/08 art.77 | Reg.UE 1169/2011 | GDPR art.28-29 | CEI 11-27,"LUXPECTORIX>OBLIVIX, PREPOSTIX>CAOSIX, BLINKIX>TAGLIX, DOCUMIX>PHISHIX, PRIVACIX>CAOSIX, ROBOTIX81>FUMIX, ROBOTIX81>VOLTIX, CHECKIX>FRETTIX, LUXPECTORIX>PERMISSIONIX, LUXPECTORIX>SCHIACCIX","Crea una PAGINA A FUMETTI a STORIA COMPLETA, verticale A4 (1024x1536), QUALITA' EDITORIALE DA STAMPA, stile ufficiale 'SICURIX TALES' IDENTICO alle immagini di riferimento allegate (stessi personaggi a mattoncini 3D, stessa impaginazione, stessi colori, stesse rese): minifigure espressive, ambientazioni ricche e dettagliate del settore, luci morbide, profondita', bordi vignetta netti. IMPAGINAZIONE OBBLIGATORIA: da 10 a 12 VIGNETTE numerate che raccontano UNA STORIA con arco narrativo completo (1 situazione normale -> 2-4 arrivano i pericoli coi cattivi -> 5-6 tensione/conseguenza -> 7-9 arriva SICURIX con gli eroi e applica il METODO81+ passo per passo -> 10-11 risoluzione ordinata -> 12 finale). HEADER in alto: SICURIX (mantello, medaglione arancione '81+', bussola) che presenta in un fumetto; grande titolo 'SICURIX TALES'; sottotitolo 'MANIFATTURA: Pericolo vs Soluzione con Metodo 81+'; legenda 3 voci (verde Sicurezza, rosso Rischio, blu 81+ Soluzione); fila di EROI coi nomi: LUXPECTORIX, PREPOSTIX, BLINKIX, DOCUMIX, PRIVACIX, ROBOTIX81. FOOTER in basso: grande 'Prima vedi. Poi sistemi.'; banner scudo verde 'PROTEGGIAMO. PREVENIAMO. MIGLIORIAMO.' e triangolo rosso 'DISATTENZIONE. RISCHI. COSTI. CAOS.'; logo '81+' + '81plus.net'. TRAMA (usa questi eventi come vignette; se sono meno di 10 aggiungi vignette di contesto, dialogo e reazione per arrivare a 10-12): 1) OBLIVIX causa il pericolo 'Infestanti' (Lotta agli Infestanti (Pest Control)); poi LUXPECTORIX+SICURIX applicano il METODO81+; 2) CAOSIX causa il pericolo 'Documento' (Manuale HACCP di Autocontrollo); poi PREPOSTIX+SICURIX applicano il METODO81+; 3) TAGLIX causa il pericolo 'Stress' (Stress Lavoro-Correlato); poi BLINKIX+SICURIX applicano il METODO81+; 4) PHISHIX causa il pericolo 'Documento' (Informativa e Consensi); poi DOCUMIX+SICURIX applicano il METODO81+; 5) CAOSIX causa il pericolo 'Formazione' (Formazione Ambientale); poi PRIVACIX+SICURIX applicano il METODO81+; 6) FUMIX causa il pericolo 'Emergenze/Soccorso' (Addetto Primo Soccorso); poi ROBOTIX81+SICURIX applicano il METODO81+; 7) VOLTIX causa il pericolo 'DPI' (Uso e Formazione DPI); poi ROBOTIX81+SICURIX applicano il METODO81+; 8) FRETTIX causa il pericolo 'Allergeni' (Gestione Allergeni); poi CHECKIX+SICURIX applicano il METODO81+; 9) PERMISSIONIX causa il pericolo 'Nomine' (Nomina Incaricati/Responsabili); poi LUXPECTORIX+SICURIX applicano il METODO81+; 10) SCHIACCIX causa il pericolo 'Rischio elettrico' (Rischio Elettrico (PES/PAV)); poi LUXPECTORIX+SICURIX applicano il METODO81+. PALETTE BRAND ESCLUSIVA: nero #05050A, bianco panna, arancione #FF6A1A/#E8501A; ROSSO solo per 'PERICOLO', VERDE per la checklist 'Metodo 81+'. Logo '81+' ben visibile in OGNI vignetta. REGOLA STORIA: SICURIX NON agisce mai da solo - in OGNI vignetta di soluzione si fa AIUTARE dai suoi colleghi EROI (lavoro di squadra, ognuno col suo ruolo). TESTO: didascalie e fumetti MOLTO BREVI (1-4 parole), GRANDI, centrati, in ITALIANO con ORTOGRAFIA PERFETTA, senza parole inventate, lettere doppie errate o testo tagliato. CATTIVI (coerenti col canone): OBLIVIX, CAOSIX, TAGLIX, PHISHIX, FUMIX, VOLTIX, FRETTIX, PERMISSIONIX, SCHIACCIX. EROI: LUXPECTORIX, PREPOSTIX, BLINKIX, DOCUMIX, PRIVACIX, ROBOTIX81, CHECKIX. NEGATIVE: nessun marchio LEGO reale, nessun personaggio protetto (Asterix ecc.), niente gore/horror, niente claim assoluti ('rischio zero','garantito','zero multe').",In Manifattura c'e' un obbligo che in tanti scoprono solo con la sanzione,"Quello che l'ispettore controlla per primo in Manifattura (e quasi nessuno lo sa)

In manifattura gli adempimenti obbligatori non aspettano: Infestanti, Documento, Stress, Formazione, Emergenze/Soccorso, DPI, Allergeni, Nomine, Rischio elettrico. In questa pagina TALES OF SICURIX il PERICOLO prende forma... e il METODO81+ lo rimette in ordine, passo dopo passo. Immagina la scena: prima il caos, poi la checklist che sistema tutto. La regola c'e' gia': tu falla lavorare per te.
👉 Iscriviti al corso: Haccp - Corso responsabile industria alimentare -> https://81plus.net/?corso=haccp-corso-responsabile-industria-alimentare
▶️ YouTube: youtube.com/@sicurissimo
Contenuto informativo. Prima vedi. Poi sistemi. 81plus.net",Haccp - Corso responsabile industria alimentare,https://81plus.net/?corso=haccp-corso-responsabile-industria-alimentare,#TalesOfSicurix #SICURIX #Metodo81 #81plus #Sicurissimo #HACCP #Sicurezza #Privacy #Ambientale #SicurezzaSulLavoro,SICURIX_TALES_279002_20_15_11_22_28_6_8_21_24_14.webp,https://drive.google.com/drive/folders/1hICKXdl9JTZBL1pemG19oE_661z-EH_k,IMG_ERR
46.44.10,Commercio,G,HACCP+Sicurezza+Privacy,12,Rintracciabilita ed Etichettatura | Stress Lavoro-Correlato | Manuale HACCP di Autocontrollo | Addetto Primo Soccorso | Formazione Preposto | RSPP / Datore di Lavoro RSPP | Addetto Antincendio | Registro dei Trattamenti | Piano di Sanificazione | Lotta agli Infestanti (Pest Control) | Videosorveglianza a norma | Gestione Allergeni,Reg.CE 178/2002 | D.Lgs81/08 art.28 | Reg.CE 852/2004 | DM 388/2003 | D.Lgs81/08 art.37 | D.Lgs81/08 art.34 | DM 2/9/2021 | GDPR art.30 | Provv.Garante | Reg.UE 1169/2011,"CONSENSIX>MULTIX, FORMIX>TAGLIX, HYGIENIX>MULTIX, CONSENSIX>NONDPIX, TRACCIX>POLVERIX, LUXPECTORIX>POLVERIX, FORMIX>TAGLIX, PRIVACIX>LEAKIX, CONSENSIX>ACQUAIX, PREPOSTIX>CROSSIX, PRIVACIX>PERMISSIONIX, ROBOTIX81>CROSSIX","Crea una PAGINA A FUMETTI a STORIA COMPLETA, verticale A4 (1024x1536), QUALITA' EDITORIALE DA STAMPA, stile ufficiale 'SICURIX TALES' IDENTICO alle immagini di riferimento allegate (stessi personaggi a mattoncini 3D, stessa impaginazione, stessi colori, stesse rese): minifigure espressive, ambientazioni ricche e dettagliate del settore, luci morbide, profondita', bordi vignetta netti. IMPAGINAZIONE OBBLIGATORIA: da 10 a 12 VIGNETTE numerate che raccontano UNA STORIA con arco narrativo completo (1 situazione normale -> 2-4 arrivano i pericoli coi cattivi -> 5-6 tensione/conseguenza -> 7-9 arriva SICURIX con gli eroi e applica il METODO81+ passo per passo -> 10-11 risoluzione ordinata -> 12 finale). HEADER in alto: SICURIX (mantello, medaglione arancione '81+', bussola) che presenta in un fumetto; grande titolo 'SICURIX TALES'; sottotitolo 'COMMERCIO: Pericolo vs Soluzione con Metodo 81+'; legenda 3 voci (verde Sicurezza, rosso Rischio, blu 81+ Soluzione); fila di EROI coi nomi: CONSENSIX, FORMIX, HYGIENIX, TRACCIX, LUXPECTORIX, PRIVACIX. FOOTER in basso: grande 'Prima vedi. Poi sistemi.'; banner scudo verde 'PROTEGGIAMO. PREVENIAMO. MIGLIORIAMO.' e triangolo rosso 'DISATTENZIONE. RISCHI. COSTI. CAOS.'; logo '81+' + '81plus.net'. TRAMA (usa questi eventi come vignette; se sono meno di 10 aggiungi vignette di contesto, dialogo e reazione per arrivare a 10-12): 1) MULTIX causa il pericolo 'Rintracciabilita' (Rintracciabilita ed Etichettatura); poi CONSENSIX+SICURIX applicano il METODO81+; 2) TAGLIX causa il pericolo 'Stress' (Stress Lavoro-Correlato); poi FORMIX+SICURIX applicano il METODO81+; 3) MULTIX causa il pericolo 'Documento' (Manuale HACCP di Autocontrollo); poi HYGIENIX+SICURIX applicano il METODO81+; 4) NONDPIX causa il pericolo 'Emergenze/Soccorso' (Addetto Primo Soccorso); poi CONSENSIX+SICURIX applicano il METODO81+; 5) POLVERIX causa il pericolo 'Ruolo/Preposto' (Formazione Preposto); poi TRACCIX+SICURIX applicano il METODO81+; 6) POLVERIX causa il pericolo 'Ruolo/RSPP' (RSPP / Datore di Lavoro RSPP); poi LUXPECTORIX+SICURIX applicano il METODO81+; 7) TAGLIX causa il pericolo 'Emergenze/Incendio' (Addetto Antincendio); poi FORMIX+SICURIX applicano il METODO81+; 8) LEAKIX causa il pericolo 'Registro' (Registro dei Trattamenti); poi PRIVACIX+SICURIX applicano il METODO81+; 9) ACQUAIX causa il pericolo 'Sanificazione' (Piano di Sanificazione); poi CONSENSIX+SICURIX applicano il METODO81+; 10) CROSSIX causa il pericolo 'Infestanti' (Lotta agli Infestanti (Pest Control)); poi PREPOSTIX+SICURIX applicano il METODO81+; 11) PERMISSIONIX causa il pericolo 'Videosorveglianza' (Videosorveglianza a norma); poi PRIVACIX+SICURIX applicano il METODO81+; 12) CROSSIX causa il pericolo 'Allergeni' (Gestione Allergeni); poi ROBOTIX81+SICURIX applicano il METODO81+. PALETTE BRAND ESCLUSIVA: nero #05050A, bianco panna, arancione #FF6A1A/#E8501A; ROSSO solo per 'PERICOLO', VERDE per la checklist 'Metodo 81+'. Logo '81+' ben visibile in OGNI vignetta. REGOLA STORIA: SICURIX NON agisce mai da solo - in OGNI vignetta di soluzione si fa AIUTARE dai suoi colleghi EROI (lavoro di squadra, ognuno col suo ruolo). TESTO: didascalie e fumetti MOLTO BREVI (1-4 parole), GRANDI, centrati, in ITALIANO con ORTOGRAFIA PERFETTA, senza parole inventate, lettere doppie errate o testo tagliato. CATTIVI (coerenti col canone): MULTIX, TAGLIX, NONDPIX, POLVERIX, LEAKIX, ACQUAIX, CROSSIX, PERMISSIONIX. EROI: CONSENSIX, FORMIX, HYGIENIX, TRACCIX, LUXPECTORIX, PRIVACIX, PREPOSTIX, ROBOTIX81. NEGATIVE: nessun marchio LEGO reale, nessun personaggio protetto (Asterix ecc.), niente gore/horror, niente claim assoluti ('rischio zero','garantito','zero multe').","In Commercio non e' 'se' arriva il controllo, e' 'quando'. Sei pronto?","Commercio: 3 minuti oggi o un problema enorme domani. Scegli tu.

In commercio gli adempimenti obbligatori non aspettano: Rintracciabilita, Stress, Documento, Emergenze/Soccorso, Ruolo/Preposto, Ruolo/RSPP, Emergenze/Incendio, Registro, Sanificazione, Infestanti, Videosorveglianza, Allergeni. In questa pagina TALES OF SICURIX il PERICOLO prende forma... e il METODO81+ lo rimette in ordine, passo dopo passo. Immagina la scena: prima il caos, poi la checklist che sistema tutto. Mettere ordine ora costa poco. Rimediare dopo costa caro.
👉 Iscriviti al corso: Manuale di rintracciabilità -> https://81plus.net/?corso=manuale-di-rintracciabilit
▶️ YouTube: youtube.com/@sicurissimo
Contenuto informativo. Prima vedi. Poi sistemi. 81plus.net",Manuale di rintracciabilità,https://81plus.net/?corso=manuale-di-rintracciabilit,#TalesOfSicurix #SICURIX #Metodo81 #81plus #Sicurissimo #HACCP #Sicurezza #Privacy #SicurezzaSulLavoro,SICURIX_TALES_464410_15_11_12_6_3_5_7_20_14_17_24_18.webp,https://drive.google.com/drive/folders/1hICKXdl9JTZBL1pemG19oE_661z-EH_k,IMG_ERR
98.20.00,Org.extra,U,Sicurezza+Privacy,11,RSPP / Datore di Lavoro RSPP | Formazione Generale Lavoratori | Documento Valutazione Rischi (DVR) | Addetto Antincendio | Nomina Incaricati/Responsabili | Uso e Formazione DPI | Formazione Specifica (rischio basso) | Addetto Primo Soccorso | Procedura Data Breach | Formazione Preposto | Rappresentante Lavoratori Sicurezza (RLS),D.Lgs81/08 art.34 | Accordo Stato-Regioni | D.Lgs81/08 art.28 | DM 2/9/2021 | GDPR art.28-29 | D.Lgs81/08 art.77 | DM 388/2003 | GDPR art.33-34 | D.Lgs81/08 art.37 | D.Lgs81/08 art.47,"LUXPECTORIX>POLVERIX, PREPOSTIX>TAGLIX, CONSENSIX>SCHIACCIX, CIFRIX>ØTIX, PRIVACIX>LEAKIX, CHECKIX>SCIVOLIX, BLINKIX>BIOXIX, CHEFIX>CHIMIKIX, HYGIENIX>PERMISSIONIX, HYGIENIX>SEGNALEX, ROBOTIX81>OBLIVIX","Crea una PAGINA A FUMETTI a STORIA COMPLETA, verticale A4 (1024x1536), QUALITA' EDITORIALE DA STAMPA, stile ufficiale 'SICURIX TALES' IDENTICO alle immagini di riferimento allegate (stessi personaggi a mattoncini 3D, stessa impaginazione, stessi colori, stesse rese): minifigure espressive, ambientazioni ricche e dettagliate del settore, luci morbide, profondita', bordi vignetta netti. IMPAGINAZIONE OBBLIGATORIA: da 10 a 12 VIGNETTE numerate che raccontano UNA STORIA con arco narrativo completo (1 situazione normale -> 2-4 arrivano i pericoli coi cattivi -> 5-6 tensione/conseguenza -> 7-9 arriva SICURIX con gli eroi e applica il METODO81+ passo per passo -> 10-11 risoluzione ordinata -> 12 finale). HEADER in alto: SICURIX (mantello, medaglione arancione '81+', bussola) che presenta in un fumetto; grande titolo 'SICURIX TALES'; sottotitolo 'ORG.EXTRA: Pericolo vs Soluzione con Metodo 81+'; legenda 3 voci (verde Sicurezza, rosso Rischio, blu 81+ Soluzione); fila di EROI coi nomi: LUXPECTORIX, PREPOSTIX, CONSENSIX, CIFRIX, PRIVACIX, CHECKIX. FOOTER in basso: grande 'Prima vedi. Poi sistemi.'; banner scudo verde 'PROTEGGIAMO. PREVENIAMO. MIGLIORIAMO.' e triangolo rosso 'DISATTENZIONE. RISCHI. COSTI. CAOS.'; logo '81+' + '81plus.net'. TRAMA (usa questi eventi come vignette; se sono meno di 10 aggiungi vignette di contesto, dialogo e reazione per arrivare a 10-12): 1) POLVERIX causa il pericolo 'Ruolo/RSPP' (RSPP / Datore di Lavoro RSPP); poi LUXPECTORIX+SICURIX applicano il METODO81+; 2) TAGLIX causa il pericolo 'Formazione base' (Formazione Generale Lavoratori); poi PREPOSTIX+SICURIX applicano il METODO81+; 3) SCHIACCIX causa il pericolo 'Documento' (Documento Valutazione Rischi (DVR)); poi CONSENSIX+SICURIX applicano il METODO81+; 4) ØTIX causa il pericolo 'Emergenze/Incendio' (Addetto Antincendio); poi CIFRIX+SICURIX applicano il METODO81+; 5) LEAKIX causa il pericolo 'Nomine' (Nomina Incaricati/Responsabili); poi PRIVACIX+SICURIX applicano il METODO81+; 6) SCIVOLIX causa il pericolo 'DPI' (Uso e Formazione DPI); poi CHECKIX+SICURIX applicano il METODO81+; 7) BIOXIX causa il pericolo 'Formazione specifica' (Formazione Specifica (rischio basso)); poi BLINKIX+SICURIX applicano il METODO81+; 8) CHIMIKIX causa il pericolo 'Emergenze/Soccorso' (Addetto Primo Soccorso); poi CHEFIX+SICURIX applicano il METODO81+; 9) PERMISSIONIX causa il pericolo 'Data breach' (Procedura Data Breach); poi HYGIENIX+SICURIX applicano il METODO81+; 10) SEGNALEX causa il pericolo 'Ruolo/Preposto' (Formazione Preposto); poi HYGIENIX+SICURIX applicano il METODO81+; 11) OBLIVIX causa il pericolo 'Ruolo/RLS' (Rappresentante Lavoratori Sicurezza (RLS)); poi ROBOTIX81+SICURIX applicano il METODO81+. PALETTE BRAND ESCLUSIVA: nero #05050A, bianco panna, arancione #FF6A1A/#E8501A; ROSSO solo per 'PERICOLO', VERDE per la checklist 'Metodo 81+'. Logo '81+' ben visibile in OGNI vignetta. REGOLA STORIA: SICURIX NON agisce mai da solo - in OGNI vignetta di soluzione si fa AIUTARE dai suoi colleghi EROI (lavoro di squadra, ognuno col suo ruolo). TESTO: didascalie e fumetti MOLTO BREVI (1-4 parole), GRANDI, centrati, in ITALIANO con ORTOGRAFIA PERFETTA, senza parole inventate, lettere doppie errate o testo tagliato. CATTIVI (coerenti col canone): POLVERIX, TAGLIX, SCHIACCIX, ØTIX, LEAKIX, SCIVOLIX, BIOXIX, CHIMIKIX, PERMISSIONIX, SEGNALEX, OBLIVIX. EROI: LUXPECTORIX, PREPOSTIX, CONSENSIX, CIFRIX, PRIVACIX, CHECKIX, BLINKIX, CHEFIX, HYGIENIX, ROBOTIX81. NEGATIVE: nessun marchio LEGO reale, nessun personaggio protetto (Asterix ecc.), niente gore/horror, niente claim assoluti ('rischio zero','garantito','zero multe').","In Org.extra non e' 'se' arriva il controllo, e' 'quando'. Sei pronto?","La differenza tra chi in Org.extra dorme sereno e chi trema al controllo

In org.extra gli adempimenti obbligatori non aspettano: Ruolo/RSPP, Formazione base, Documento, Emergenze/Incendio, Nomine, DPI, Formazione specifica, Emergenze/Soccorso, Data breach, Ruolo/Preposto, Ruolo/RLS. In questa pagina TALES OF SICURIX il PERICOLO prende forma... e il METODO81+ lo rimette in ordine, passo dopo passo. Immagina la scena: prima il caos, poi la checklist che sistema tutto. La regola c'e' gia': tu falla lavorare per te.
👉 Iscriviti al corso: RSPP Datore di Lavoro modulo 1 e 2 -> https://81plus.net/?corso=rspp-datore-di-lavoro-modulo-1-e-2
▶️ YouTube: youtube.com/@sicurissimo
Contenuto informativo. Prima vedi. Poi sistemi. 81plus.net",RSPP Datore di Lavoro modulo 1 e 2,https://81plus.net/?corso=rspp-datore-di-lavoro-modulo-1-e-2,#TalesOfSicurix #SICURIX #Metodo81 #81plus #Sicurissimo #Sicurezza #Privacy #SicurezzaSulLavoro,SICURIX_TALES_982000_5_1_0_7_11_8_2_6_13_3_4.webp,https://drive.google.com/drive/folders/1hICKXdl9JTZBL1pemG19oE_661z-EH_k,IMG_ERR
59.20.20,ICT/Informazione,J,Privacy+Sicurezza,11,Nomina Incaricati/Responsabili | Documento Valutazione Rischi (DVR) | Formazione GDPR | Rappresentante Lavoratori Sicurezza (RLS) | RSPP / Datore di Lavoro RSPP | Addetto Antincendio | Formazione Preposto | Informativa e Consensi | Procedura Data Breach | Addetto Primo Soccorso | Uso e Formazione DPI,GDPR art.28-29 | D.Lgs81/08 art.28 | GDPR art.32 | D.Lgs81/08 art.47 | D.Lgs81/08 art.34 | DM 2/9/2021 | D.Lgs81/08 art.37 | GDPR art.13 | GDPR art.33-34 | DM 388/2003 | D.Lgs81/08 art.77,"ROBOTIX81>MULTIX, TRACCIX>POLVERIX, CHEFIX>OBLIVIX, DOCUMIX>CHIMIKIX, SCUDIX>FRETTIX, TRACCIX>VOLTIX, TRACCIX>RISKIX, CHECKIX>IMPROVVISIX, CIFRIX>HACKIX, PRIVACIX>SOTTOVALUTIX, LUXPECTORIX>RISKIX","Crea una PAGINA A FUMETTI a STORIA COMPLETA, verticale A4 (1024x1536), QUALITA' EDITORIALE DA STAMPA, stile ufficiale 'SICURIX TALES' IDENTICO alle immagini di riferimento allegate (stessi personaggi a mattoncini 3D, stessa impaginazione, stessi colori, stesse rese): minifigure espressive, ambientazioni ricche e dettagliate del settore, luci morbide, profondita', bordi vignetta netti. IMPAGINAZIONE OBBLIGATORIA: da 10 a 12 VIGNETTE numerate che raccontano UNA STORIA con arco narrativo completo (1 situazione normale -> 2-4 arrivano i pericoli coi cattivi -> 5-6 tensione/conseguenza -> 7-9 arriva SICURIX con gli eroi e applica il METODO81+ passo per passo -> 10-11 risoluzione ordinata -> 12 finale). HEADER in alto: SICURIX (mantello, medaglione arancione '81+', bussola) che presenta in un fumetto; grande titolo 'SICURIX TALES'; sottotitolo 'ICT/INFORMAZIONE: Pericolo vs Soluzione con Metodo 81+'; legenda 3 voci (verde Sicurezza, rosso Rischio, blu 81+ Soluzione); fila di EROI coi nomi: ROBOTIX81, TRACCIX, CHEFIX, DOCUMIX, SCUDIX, CHECKIX. FOOTER in basso: grande 'Prima vedi. Poi sistemi.'; banner scudo verde 'PROTEGGIAMO. PREVENIAMO. MIGLIORIAMO.' e triangolo rosso 'DISATTENZIONE. RISCHI. COSTI. CAOS.'; logo '81+' + '81plus.net'. TRAMA (usa questi eventi come vignette; se sono meno di 10 aggiungi vignette di contesto, dialogo e reazione per arrivare a 10-12): 1) MULTIX causa il pericolo 'Nomine' (Nomina Incaricati/Responsabili); poi ROBOTIX81+SICURIX applicano il METODO81+; 2) POLVERIX causa il pericolo 'Documento' (Documento Valutazione Rischi (DVR)); poi TRACCIX+SICURIX applicano il METODO81+; 3) OBLIVIX causa il pericolo 'Formazione' (Formazione GDPR); poi CHEFIX+SICURIX applicano il METODO81+; 4) CHIMIKIX causa il pericolo 'Ruolo/RLS' (Rappresentante Lavoratori Sicurezza (RLS)); poi DOCUMIX+SICURIX applicano il METODO81+; 5) FRETTIX causa il pericolo 'Ruolo/RSPP' (RSPP / Datore di Lavoro RSPP); poi SCUDIX+SICURIX applicano il METODO81+; 6) VOLTIX causa il pericolo 'Emergenze/Incendio' (Addetto Antincendio); poi TRACCIX+SICURIX applicano il METODO81+; 7) RISKIX causa il pericolo 'Ruolo/Preposto' (Formazione Preposto); poi TRACCIX+SICURIX applicano il METODO81+; 8) IMPROVVISIX causa il pericolo 'Documento' (Informativa e Consensi); poi CHECKIX+SICURIX applicano il METODO81+; 9) HACKIX causa il pericolo 'Data breach' (Procedura Data Breach); poi CIFRIX+SICURIX applicano il METODO81+; 10) SOTTOVALUTIX causa il pericolo 'Emergenze/Soccorso' (Addetto Primo Soccorso); poi PRIVACIX+SICURIX applicano il METODO81+; 11) RISKIX causa il pericolo 'DPI' (Uso e Formazione DPI); poi LUXPECTORIX+SICURIX applicano il METODO81+. PALETTE BRAND ESCLUSIVA: nero #05050A, bianco panna, arancione #FF6A1A/#E8501A; ROSSO solo per 'PERICOLO', VERDE per la checklist 'Metodo 81+'. Logo '81+' ben visibile in OGNI vignetta. REGOLA STORIA: SICURIX NON agisce mai da solo - in OGNI vignetta di soluzione si fa AIUTARE dai suoi colleghi EROI (lavoro di squadra, ognuno col suo ruolo). TESTO: didascalie e fumetti MOLTO BREVI (1-4 parole), GRANDI, centrati, in ITALIANO con ORTOGRAFIA PERFETTA, senza parole inventate, lettere doppie errate o testo tagliato. CATTIVI (coerenti col canone): MULTIX, POLVERIX, OBLIVIX, CHIMIKIX, FRETTIX, VOLTIX, RISKIX, IMPROVVISIX, HACKIX, SOTTOVALUTIX. EROI: ROBOTIX81, TRACCIX, CHEFIX, DOCUMIX, SCUDIX, CHECKIX, CIFRIX, PRIVACIX, LUXPECTORIX. NEGATIVE: nessun marchio LEGO reale, nessun personaggio protetto (Asterix ecc.), niente gore/horror, niente claim assoluti ('rischio zero','garantito','zero multe').",In ICT/Informazione c'e' un obbligo che in tanti scoprono solo con la sanzione,"ICT/Informazione: 3 minuti oggi o un problema enorme domani. Scegli tu.

In ict/informazione gli adempimenti obbligatori non aspettano: Nomine, Documento, Formazione, Ruolo/RLS, Ruolo/RSPP, Emergenze/Incendio, Ruolo/Preposto, Data breach, Emergenze/Soccorso, DPI. In questa pagina TALES OF SICURIX il PERICOLO prende forma... e il METODO81+ lo rimette in ordine, passo dopo passo. Immagina la scena: prima il caos, poi la checklist che sistema tutto. Chi si mette in regola prima, dorme meglio dopo.
👉 Iscriviti al corso: Corso privacy destinato ai lavoratori -> https://81plus.net/?corso=corso-privacy-destinato-ai-lavoratori
▶️ YouTube: youtube.com/@sicurissimo
Contenuto informativo. Prima vedi. Poi sistemi. 81plus.net",Corso privacy destinato ai lavoratori,https://81plus.net/?corso=corso-privacy-destinato-ai-lavoratori,#TalesOfSicurix #SICURIX #Metodo81 #81plus #Sicurissimo #Privacy #Sicurezza #SicurezzaSulLavoro,SICURIX_TALES_592020_11_0_12_4_5_7_3_9_13_6_8.webp,https://drive.google.com/drive/folders/1hICKXdl9JTZBL1pemG19oE_661z-EH_k,IMG_ERR
46.14.04,Commercio,G,Sicurezza+HACCP+Privacy,12,Addetto Antincendio | Stress Lavoro-Correlato | Formazione Specifica (rischio medio) | Uso e Formazione DPI | Movimentazione Manuale Carichi | Corso Alimentarista | Addetto Primo Soccorso | Nomina Incaricati/Responsabili | Formazione Generale Lavoratori | Controllo Temperature e Celle | Formazione GDPR | Procedura Data Breach,DM 2/9/2021 | D.Lgs81/08 art.28 | Accordo Stato-Regioni | D.Lgs81/08 art.77 | D.Lgs81/08 Tit.VI | Reg.CE 852/2004 | DM 388/2003 | GDPR art.28-29 | GDPR art.32 | GDPR art.33-34,"SCUDIX>VIBRIX, CHECKIX>FRETTIX, SICURIX>TAGLIX, HYGIENIX>VIBRIX, SCUDIX>CAOSIX, SCUDIX>OBLIVIX, CONSENSIX>NONDPIX, HYGIENIX>SPYIX, CIFRIX>VOLTIX, PREPOSTIX>MULTIX, TRACCIX>CAOSIX, CONSENSIX>LEAKIX","Crea una PAGINA A FUMETTI a STORIA COMPLETA, verticale A4 (1024x1536), QUALITA' EDITORIALE DA STAMPA, stile ufficiale 'SICURIX TALES' IDENTICO alle immagini di riferimento allegate (stessi personaggi a mattoncini 3D, stessa impaginazione, stessi colori, stesse rese): minifigure espressive, ambientazioni ricche e dettagliate del settore, luci morbide, profondita', bordi vignetta netti. IMPAGINAZIONE OBBLIGATORIA: da 10 a 12 VIGNETTE numerate che raccontano UNA STORIA con arco narrativo completo (1 situazione normale -> 2-4 arrivano i pericoli coi cattivi -> 5-6 tensione/conseguenza -> 7-9 arriva SICURIX con gli eroi e applica il METODO81+ passo per passo -> 10-11 risoluzione ordinata -> 12 finale). HEADER in alto: SICURIX (mantello, medaglione arancione '81+', bussola) che presenta in un fumetto; grande titolo 'SICURIX TALES'; sottotitolo 'COMMERCIO: Pericolo vs Soluzione con Metodo 81+'; legenda 3 voci (verde Sicurezza, rosso Rischio, blu 81+ Soluzione); fila di EROI coi nomi: SCUDIX, CHECKIX, SICURIX, HYGIENIX, CONSENSIX, CIFRIX. FOOTER in basso: grande 'Prima vedi. Poi sistemi.'; banner scudo verde 'PROTEGGIAMO. PREVENIAMO. MIGLIORIAMO.' e triangolo rosso 'DISATTENZIONE. RISCHI. COSTI. CAOS.'; logo '81+' + '81plus.net'. TRAMA (usa questi eventi come vignette; se sono meno di 10 aggiungi vignette di contesto, dialogo e reazione per arrivare a 10-12): 1) VIBRIX causa il pericolo 'Emergenze/Incendio' (Addetto Antincendio); poi SCUDIX+SICURIX applicano il METODO81+; 2) FRETTIX causa il pericolo 'Stress' (Stress Lavoro-Correlato); poi CHECKIX+SICURIX applicano il METODO81+; 3) TAGLIX causa il pericolo 'Formazione specifica' (Formazione Specifica (rischio medio)); poi SICURIX+SICURIX applicano il METODO81+; 4) VIBRIX causa il pericolo 'DPI' (Uso e Formazione DPI); poi HYGIENIX+SICURIX applicano il METODO81+; 5) CAOSIX causa il pericolo 'MMC' (Movimentazione Manuale Carichi); poi SCUDIX+SICURIX applicano il METODO81+; 6) OBLIVIX causa il pericolo 'Corso' (Corso Alimentarista); poi SCUDIX+SICURIX applicano il METODO81+; 7) NONDPIX causa il pericolo 'Emergenze/Soccorso' (Addetto Primo Soccorso); poi CONSENSIX+SICURIX applicano il METODO81+; 8) SPYIX causa il pericolo 'Nomine' (Nomina Incaricati/Responsabili); poi HYGIENIX+SICURIX applicano il METODO81+; 9) VOLTIX causa il pericolo 'Formazione base' (Formazione Generale Lavoratori); poi CIFRIX+SICURIX applicano il METODO81+; 10) MULTIX causa il pericolo 'Temperature' (Controllo Temperature e Celle); poi PREPOSTIX+SICURIX applicano il METODO81+; 11) CAOSIX causa il pericolo 'Formazione' (Formazione GDPR); poi TRACCIX+SICURIX applicano il METODO81+; 12) LEAKIX causa il pericolo 'Data breach' (Procedura Data Breach); poi CONSENSIX+SICURIX applicano il METODO81+. PALETTE BRAND ESCLUSIVA: nero #05050A, bianco panna, arancione #FF6A1A/#E8501A; ROSSO solo per 'PERICOLO', VERDE per la checklist 'Metodo 81+'. Logo '81+' ben visibile in OGNI vignetta. REGOLA STORIA: SICURIX NON agisce mai da solo - in OGNI vignetta di soluzione si fa AIUTARE dai suoi colleghi EROI (lavoro di squadra, ognuno col suo ruolo). TESTO: didascalie e fumetti MOLTO BREVI (1-4 parole), GRANDI, centrati, in ITALIANO con ORTOGRAFIA PERFETTA, senza parole inventate, lettere doppie errate o testo tagliato. CATTIVI (coerenti col canone): VIBRIX, FRETTIX, TAGLIX, CAOSIX, OBLIVIX, NONDPIX, SPYIX, VOLTIX, MULTIX, LEAKIX. EROI: SCUDIX, CHECKIX, SICURIX, HYGIENIX, CONSENSIX, CIFRIX, PREPOSTIX, TRACCIX. NEGATIVE: nessun marchio LEGO reale, nessun personaggio protetto (Asterix ecc.), niente gore/horror, niente claim assoluti ('rischio zero','garantito','zero multe').",Commercio: 3 minuti oggi o un problema enorme domani. Scegli tu.,"La differenza tra chi in Commercio dorme sereno e chi trema al controllo

In commercio gli adempimenti obbligatori non aspettano: Emergenze/Incendio, Stress, Formazione specifica, DPI, MMC, Corso, Emergenze/Soccorso, Nomine, Formazione base, Temperature, Formazione, Data breach. In questa pagina TALES OF SICURIX il PERICOLO prende forma... e il METODO81+ lo rimette in ordine, passo dopo passo. Immagina la scena: prima il caos, poi la checklist che sistema tutto. Chi si mette in regola prima, dorme meglio dopo.
👉 Iscriviti al corso: Corso antincendio livello 1 -> https://81plus.net/?corso=corso-antincendio-livello-1
▶️ YouTube: youtube.com/@sicurissimo
Contenuto informativo. Prima vedi. Poi sistemi. 81plus.net",Corso antincendio livello 1,https://81plus.net/?corso=corso-antincendio-livello-1,#TalesOfSicurix #SICURIX #Metodo81 #81plus #Sicurissimo #Sicurezza #HACCP #Privacy #SicurezzaSulLavoro,SICURIX_TALES_461404_7_11_2_8_10_13_6_21_1_16_22_23.webp,https://drive.google.com/drive/folders/1hICKXdl9JTZBL1pemG19oE_661z-EH_k,IMG_ERR
38.32.00,Acqua/Rifiuti,E,Sicurezza+Privacy,12,Movimentazione Manuale Carichi | Formazione Specifica (rischio alto) | Informativa e Consensi | Formazione GDPR | Documento Valutazione Rischi (DVR) | Formazione Preposto | Registro dei Trattamenti | Uso e Formazione DPI | Addetto Antincendio | Formazione Generale Lavoratori | Nomina Incaricati/Responsabili | Sorveglianza Sanitaria / Medico Competente,D.Lgs81/08 Tit.VI | Accordo Stato-Regioni | GDPR art.13 | GDPR art.32 | D.Lgs81/08 art.28 | D.Lgs81/08 art.37 | GDPR art.30 | D.Lgs81/08 art.77 | DM 2/9/2021 | GDPR art.28-29 | D.Lgs81/08 art.41,"PRIVACIX>NONDPIX, FORMIX>SCHIACCIX, ROBOTIX81>PERMISSIONIX, SICURIX>IMPROVVISIX, SICURIX>VIBRIX, TRACCIX>VOLTIX, FORMIX>CANCELIX, CHECKIX>CADUTIX, CONSENSIX>BIOXIX, CHECKIX>TAGLIX, CHEFIX>OBLIVIX, PREPOSTIX>TAGLIX","Crea una PAGINA A FUMETTI a STORIA COMPLETA, verticale A4 (1024x1536), QUALITA' EDITORIALE DA STAMPA, stile ufficiale 'SICURIX TALES' IDENTICO alle immagini di riferimento allegate (stessi personaggi a mattoncini 3D, stessa impaginazione, stessi colori, stesse rese): minifigure espressive, ambientazioni ricche e dettagliate del settore, luci morbide, profondita', bordi vignetta netti. IMPAGINAZIONE OBBLIGATORIA: da 10 a 12 VIGNETTE numerate che raccontano UNA STORIA con arco narrativo completo (1 situazione normale -> 2-4 arrivano i pericoli coi cattivi -> 5-6 tensione/conseguenza -> 7-9 arriva SICURIX con gli eroi e applica il METODO81+ passo per passo -> 10-11 risoluzione ordinata -> 12 finale). HEADER in alto: SICURIX (mantello, medaglione arancione '81+', bussola) che presenta in un fumetto; grande titolo 'SICURIX TALES'; sottotitolo 'ACQUA/RIFIUTI: Pericolo vs Soluzione con Metodo 81+'; legenda 3 voci (verde Sicurezza, rosso Rischio, blu 81+ Soluzione); fila di EROI coi nomi: PRIVACIX, FORMIX, ROBOTIX81, SICURIX, TRACCIX, CHECKIX. FOOTER in basso: grande 'Prima vedi. Poi sistemi.'; banner scudo verde 'PROTEGGIAMO. PREVENIAMO. MIGLIORIAMO.' e triangolo rosso 'DISATTENZIONE. RISCHI. COSTI. CAOS.'; logo '81+' + '81plus.net'. TRAMA (usa questi eventi come vignette; se sono meno di 10 aggiungi vignette di contesto, dialogo e reazione per arrivare a 10-12): 1) NONDPIX causa il pericolo 'MMC' (Movimentazione Manuale Carichi); poi PRIVACIX+SICURIX applicano il METODO81+; 2) SCHIACCIX causa il pericolo 'Formazione specifica' (Formazione Specifica (rischio alto)); poi FORMIX+SICURIX applicano il METODO81+; 3) PERMISSIONIX causa il pericolo 'Documento' (Informativa e Consensi); poi ROBOTIX81+SICURIX applicano il METODO81+; 4) IMPROVVISIX causa il pericolo 'Formazione' (Formazione GDPR); poi SICURIX+SICURIX applicano il METODO81+; 5) VIBRIX causa il pericolo 'Documento' (Documento Valutazione Rischi (DVR)); poi SICURIX+SICURIX applicano il METODO81+; 6) VOLTIX causa il pericolo 'Ruolo/Preposto' (Formazione Preposto); poi TRACCIX+SICURIX applicano il METODO81+; 7) CANCELIX causa il pericolo 'Registro' (Registro dei Trattamenti); poi FORMIX+SICURIX applicano il METODO81+; 8) CADUTIX causa il pericolo 'DPI' (Uso e Formazione DPI); poi CHECKIX+SICURIX applicano il METODO81+; 9) BIOXIX causa il pericolo 'Emergenze/Incendio' (Addetto Antincendio); poi CONSENSIX+SICURIX applicano il METODO81+; 10) TAGLIX causa il pericolo 'Formazione base' (Formazione Generale Lavoratori); poi CHECKIX+SICURIX applicano il METODO81+; 11) OBLIVIX causa il pericolo 'Nomine' (Nomina Incaricati/Responsabili); poi CHEFIX+SICURIX applicano il METODO81+; 12) TAGLIX causa il pericolo 'Sorveglianza sanitaria' (Sorveglianza Sanitaria / Medico Competente); poi PREPOSTIX+SICURIX applicano il METODO81+. PALETTE BRAND ESCLUSIVA: nero #05050A, bianco panna, arancione #FF6A1A/#E8501A; ROSSO solo per 'PERICOLO', VERDE per la checklist 'Metodo 81+'. Logo '81+' ben visibile in OGNI vignetta. REGOLA STORIA: SICURIX NON agisce mai da solo - in OGNI vignetta di soluzione si fa AIUTARE dai suoi colleghi EROI (lavoro di squadra, ognuno col suo ruolo). TESTO: didascalie e fumetti MOLTO BREVI (1-4 parole), GRANDI, centrati, in ITALIANO con ORTOGRAFIA PERFETTA, senza parole inventate, lettere doppie errate o testo tagliato. CATTIVI (coerenti col canone): NONDPIX, SCHIACCIX, PERMISSIONIX, IMPROVVISIX, VIBRIX, VOLTIX, CANCELIX, CADUTIX, BIOXIX, TAGLIX, OBLIVIX. EROI: PRIVACIX, FORMIX, ROBOTIX81, SICURIX, TRACCIX, CHECKIX, CONSENSIX, CHEFIX, PREPOSTIX. NEGATIVE: nessun marchio LEGO reale, nessun personaggio protetto (Asterix ecc.), niente gore/horror, niente claim assoluti ('rischio zero','garantito','zero multe').",Acqua/Rifiuti: 3 minuti oggi o un problema enorme domani. Scegli tu.,"In Acqua/Rifiuti c'e' un obbligo che in tanti scoprono solo con la sanzione

In acqua/rifiuti gli adempimenti obbligatori non aspettano: MMC, Formazione specifica, Documento, Formazione, Ruolo/Preposto, Registro, DPI, Emergenze/Incendio, Formazione base, Nomine, Sorveglianza sanitaria. In questa pagina TALES OF SICURIX il PERICOLO prende forma... e il METODO81+ lo rimette in ordine, passo dopo passo. Immagina la scena: prima il caos, poi la checklist che sistema tutto. Chi si mette in regola prima, dorme meglio dopo.
👉 Iscriviti al corso: Corso RSPP Datore di Lavoro : Movimentazione manuale carichi -> https://81plus.net/?corso=corso-rspp-datore-di-lavoro-movimentazione-manuale-carichi
▶️ YouTube: youtube.com/@sicurissimo
Contenuto informativo. Prima vedi. Poi sistemi. 81plus.net",Corso RSPP Datore di Lavoro : Movimentazione manuale carichi,https://81plus.net/?corso=corso-rspp-datore-di-lavoro-movimentazione-manuale-carichi,#TalesOfSicurix #SICURIX #Metodo81 #81plus #Sicurissimo #Sicurezza #Privacy #SicurezzaSulLavoro,SICURIX_TALES_383200_10_2_14_17_0_3_15_8_7_1_16_9.webp,https://drive.google.com/drive/folders/1hICKXdl9JTZBL1pemG19oE_661z-EH_k,IMG_ERR
27.90.04,Manifattura,C,Sicurezza+Ambientale+HACCP+Privacy,12,Attrezzature e Macchine | Formazione Ambientale | Documento Valutazione Rischi (DVR) | Uso e Formazione DPI | Movimentazione Manuale Carichi | Rappresentante Lavoratori Sicurezza (RLS) | Lotta agli Infestanti (Pest Control) | Corso Alimentarista | Sorveglianza Sanitaria / Medico Competente | Registro dei Trattamenti | Rintracciabilita ed Etichettatura | Formazione Preposto,D.Lgs81/08 Tit.III | D.Lgs152/06 | D.Lgs81/08 art.28 | D.Lgs81/08 art.77 | D.Lgs81/08 Tit.VI | D.Lgs81/08 art.47 | Reg.CE 852/2004 | D.Lgs81/08 art.41 | GDPR art.30 | Reg.CE 178/2002 | D.Lgs81/08 art.37,"SICURIX>CAOSIX, CHECKIX>FRETTIX, SICURIX>SCHIACCIX, TRACCIX>SCHIACCIX, FORMIX>FUMIX, SICURIX>BIOXIX, CIFRIX>IMPROVVISIX, CIFRIX>TEMPORIX, PREPOSTIX>BIOXIX, SCUDIX>RISKIX, SCUDIX>FRETTIX, ROBOTIX81>RUMORIX","Crea una PAGINA A FUMETTI a STORIA COMPLETA, verticale A4 (1024x1536), QUALITA' EDITORIALE DA STAMPA, stile ufficiale 'SICURIX TALES' IDENTICO alle immagini di riferimento allegate (stessi personaggi a mattoncini 3D, stessa impaginazione, stessi colori, stesse rese): minifigure espressive, ambientazioni ricche e dettagliate del settore, luci morbide, profondita', bordi vignetta netti. IMPAGINAZIONE OBBLIGATORIA: da 10 a 12 VIGNETTE numerate che raccontano UNA STORIA con arco narrativo completo (1 situazione normale -> 2-4 arrivano i pericoli coi cattivi -> 5-6 tensione/conseguenza -> 7-9 arriva SICURIX con gli eroi e applica il METODO81+ passo per passo -> 10-11 risoluzione ordinata -> 12 finale). HEADER in alto: SICURIX (mantello, medaglione arancione '81+', bussola) che presenta in un fumetto; grande titolo 'SICURIX TALES'; sottotitolo 'MANIFATTURA: Pericolo vs Soluzione con Metodo 81+'; legenda 3 voci (verde Sicurezza, rosso Rischio, blu 81+ Soluzione); fila di EROI coi nomi: SICURIX, CHECKIX, TRACCIX, FORMIX, CIFRIX, PREPOSTIX. FOOTER in basso: grande 'Prima vedi. Poi sistemi.'; banner scudo verde 'PROTEGGIAMO. PREVENIAMO. MIGLIORIAMO.' e triangolo rosso 'DISATTENZIONE. RISCHI. COSTI. CAOS.'; logo '81+' + '81plus.net'. TRAMA (usa questi eventi come vignette; se sono meno di 10 aggiungi vignette di contesto, dialogo e reazione per arrivare a 10-12): 1) CAOSIX causa il pericolo 'Attrezzature' (Attrezzature e Macchine); poi SICURIX+SICURIX applicano il METODO81+; 2) FRETTIX causa il pericolo 'Formazione' (Formazione Ambientale); poi CHECKIX+SICURIX applicano il METODO81+; 3) SCHIACCIX causa il pericolo 'Documento' (Documento Valutazione Rischi (DVR)); poi SICURIX+SICURIX applicano il METODO81+; 4) SCHIACCIX causa il pericolo 'DPI' (Uso e Formazione DPI); poi TRACCIX+SICURIX applicano il METODO81+; 5) FUMIX causa il pericolo 'MMC' (Movimentazione Manuale Carichi); poi FORMIX+SICURIX applicano il METODO81+; 6) BIOXIX causa il pericolo 'Ruolo/RLS' (Rappresentante Lavoratori Sicurezza (RLS)); poi SICURIX+SICURIX applicano il METODO81+; 7) IMPROVVISIX causa il pericolo 'Infestanti' (Lotta agli Infestanti (Pest Control)); poi CIFRIX+SICURIX applicano il METODO81+; 8) TEMPORIX causa il pericolo 'Corso' (Corso Alimentarista); poi CIFRIX+SICURIX applicano il METODO81+; 9) BIOXIX causa il pericolo 'Sorveglianza sanitaria' (Sorveglianza Sanitaria / Medico Competente); poi PREPOSTIX+SICURIX applicano il METODO81+; 10) RISKIX causa il pericolo 'Registro' (Registro dei Trattamenti); poi SCUDIX+SICURIX applicano il METODO81+; 11) FRETTIX causa il pericolo 'Rintracciabilita' (Rintracciabilita ed Etichettatura); poi SCUDIX+SICURIX applicano il METODO81+; 12) RUMORIX causa il pericolo 'Ruolo/Preposto' (Formazione Preposto); poi ROBOTIX81+SICURIX applicano il METODO81+. PALETTE BRAND ESCLUSIVA: nero #05050A, bianco panna, arancione #FF6A1A/#E8501A; ROSSO solo per 'PERICOLO', VERDE per la checklist 'Metodo 81+'. Logo '81+' ben visibile in OGNI vignetta. REGOLA STORIA: SICURIX NON agisce mai da solo - in OGNI vignetta di soluzione si fa AIUTARE dai suoi colleghi EROI (lavoro di squadra, ognuno col suo ruolo). TESTO: didascalie e fumetti MOLTO BREVI (1-4 parole), GRANDI, centrati, in ITALIANO con ORTOGRAFIA PERFETTA, senza parole inventate, lettere doppie errate o testo tagliato. CATTIVI (coerenti col canone): CAOSIX, FRETTIX, SCHIACCIX, FUMIX, BIOXIX, IMPROVVISIX, TEMPORIX, RISKIX, RUMORIX. EROI: SICURIX, CHECKIX, TRACCIX, FORMIX, CIFRIX, PREPOSTIX, SCUDIX, ROBOTIX81. NEGATIVE: nessun marchio LEGO reale, nessun personaggio protetto (Asterix ecc.), niente gore/horror, niente claim assoluti ('rischio zero','garantito','zero multe').",Manifattura: 3 minuti oggi o un problema enorme domani. Scegli tu.,"Quello che l'ispettore controlla per primo in Manifattura (e quasi nessuno lo sa)

In manifattura gli adempimenti obbligatori non aspettano: Attrezzature, Formazione, Documento, DPI, MMC, Ruolo/RLS, Infestanti, Corso, Sorveglianza sanitaria, Registro, Rintracciabilita, Ruolo/Preposto. In questa pagina TALES OF SICURIX il PERICOLO prende forma... e il METODO81+ lo rimette in ordine, passo dopo passo. Immagina la scena: prima il caos, poi la checklist che sistema tutto. La regola c'e' gia': tu falla lavorare per te.
👉 Iscriviti al corso: Corso Lavori in Quota e DPI Anticaduta -> https://81plus.net/?corso=corso-lavori-in-quota-e-dpi-anticaduta
▶️ YouTube: youtube.com/@sicurissimo
Contenuto informativo. Prima vedi. Poi sistemi. 81plus.net",Corso Lavori in Quota e DPI Anticaduta,https://81plus.net/?corso=corso-lavori-in-quota-e-dpi-anticaduta,#TalesOfSicurix #SICURIX #Metodo81 #81plus #Sicurissimo #Sicurezza #Ambientale #HACCP #Privacy #SicurezzaSulLavoro,SICURIX_TALES_279004_13_28_0_8_10_4_20_16_9_23_18_3.webp,https://drive.google.com/drive/folders/1hICKXdl9JTZBL1pemG19oE_661z-EH_k,IMG_ERR
77.32.00,PA,O,Sicurezza+Privacy,11,Formazione Specifica (rischio medio) | Documento Valutazione Rischi (DVR) | Procedura Data Breach | Nomina DPO / RPD | Stress Lavoro-Correlato | Valutazione d'Impatto (DPIA) | Formazione Preposto | Uso e Formazione DPI | Addetto Antincendio | Formazione Generale Lavoratori | Registro dei Trattamenti,Accordo Stato-Regioni | D.Lgs81/08 art.28 | GDPR art.33-34 | GDPR art.37 | GDPR art.35 | D.Lgs81/08 art.37 | D.Lgs81/08 art.77 | DM 2/9/2021 | GDPR art.30,"CHECKIX>SCHIACCIX, CIFRIX>SOTTOVALUTIX, CHEFIX>HACKIX, BLINKIX>CANCELIX, SICURIX>SCHIACCIX, CIFRIX>MULTIX, CIFRIX>NONDPIX, TRACCIX>VIBRIX, LUXPECTORIX>IMPROVVISIX, PRIVACIX>IMPROVVISIX, CHEFIX>CANCELIX","Crea una PAGINA A FUMETTI a STORIA COMPLETA, verticale A4 (1024x1536), QUALITA' EDITORIALE DA STAMPA, stile ufficiale 'SICURIX TALES' IDENTICO alle immagini di riferimento allegate (stessi personaggi a mattoncini 3D, stessa impaginazione, stessi colori, stesse rese): minifigure espressive, ambientazioni ricche e dettagliate del settore, luci morbide, profondita', bordi vignetta netti. IMPAGINAZIONE OBBLIGATORIA: da 10 a 12 VIGNETTE numerate che raccontano UNA STORIA con arco narrativo completo (1 situazione normale -> 2-4 arrivano i pericoli coi cattivi -> 5-6 tensione/conseguenza -> 7-9 arriva SICURIX con gli eroi e applica il METODO81+ passo per passo -> 10-11 risoluzione ordinata -> 12 finale). HEADER in alto: SICURIX (mantello, medaglione arancione '81+', bussola) che presenta in un fumetto; grande titolo 'SICURIX TALES'; sottotitolo 'PA: Pericolo vs Soluzione con Metodo 81+'; legenda 3 voci (verde Sicurezza, rosso Rischio, blu 81+ Soluzione); fila di EROI coi nomi: CHECKIX, CIFRIX, CHEFIX, BLINKIX, SICURIX, TRACCIX. FOOTER in basso: grande 'Prima vedi. Poi sistemi.'; banner scudo verde 'PROTEGGIAMO. PREVENIAMO. MIGLIORIAMO.' e triangolo rosso 'DISATTENZIONE. RISCHI. COSTI. CAOS.'; logo '81+' + '81plus.net'. TRAMA (usa questi eventi come vignette; se sono meno di 10 aggiungi vignette di contesto, dialogo e reazione per arrivare a 10-12): 1) SCHIACCIX causa il pericolo 'Formazione specifica' (Formazione Specifica (rischio medio)); poi CHECKIX+SICURIX applicano il METODO81+; 2) SOTTOVALUTIX causa il pericolo 'Documento' (Documento Valutazione Rischi (DVR)); poi CIFRIX+SICURIX applicano il METODO81+; 3) HACKIX causa il pericolo 'Data breach' (Procedura Data Breach); poi CHEFIX+SICURIX applicano il METODO81+; 4) CANCELIX causa il pericolo 'DPO' (Nomina DPO / RPD); poi BLINKIX+SICURIX applicano il METODO81+; 5) SCHIACCIX causa il pericolo 'Stress' (Stress Lavoro-Correlato); poi SICURIX+SICURIX applicano il METODO81+; 6) MULTIX causa il pericolo 'DPIA' (Valutazione d'Impatto (DPIA)); poi CIFRIX+SICURIX applicano il METODO81+; 7) NONDPIX causa il pericolo 'Ruolo/Preposto' (Formazione Preposto); poi CIFRIX+SICURIX applicano il METODO81+; 8) VIBRIX causa il pericolo 'DPI' (Uso e Formazione DPI); poi TRACCIX+SICURIX applicano il METODO81+; 9) IMPROVVISIX causa il pericolo 'Emergenze/Incendio' (Addetto Antincendio); poi LUXPECTORIX+SICURIX applicano il METODO81+; 10) IMPROVVISIX causa il pericolo 'Formazione base' (Formazione Generale Lavoratori); poi PRIVACIX+SICURIX applicano il METODO81+; 11) CANCELIX causa il pericolo 'Registro' (Registro dei Trattamenti); poi CHEFIX+SICURIX applicano il METODO81+. PALETTE BRAND ESCLUSIVA: nero #05050A, bianco panna, arancione #FF6A1A/#E8501A; ROSSO solo per 'PERICOLO', VERDE per la checklist 'Metodo 81+'. Logo '81+' ben visibile in OGNI vignetta. REGOLA STORIA: SICURIX NON agisce mai da solo - in OGNI vignetta di soluzione si fa AIUTARE dai suoi colleghi EROI (lavoro di squadra, ognuno col suo ruolo). TESTO: didascalie e fumetti MOLTO BREVI (1-4 parole), GRANDI, centrati, in ITALIANO con ORTOGRAFIA PERFETTA, senza parole inventate, lettere doppie errate o testo tagliato. CATTIVI (coerenti col canone): SCHIACCIX, SOTTOVALUTIX, HACKIX, CANCELIX, MULTIX, NONDPIX, VIBRIX, IMPROVVISIX. EROI: CHECKIX, CIFRIX, CHEFIX, BLINKIX, SICURIX, TRACCIX, LUXPECTORIX, PRIVACIX. NEGATIVE: nessun marchio LEGO reale, nessun personaggio protetto (Asterix ecc.), niente gore/horror, niente claim assoluti ('rischio zero','garantito','zero multe').",Quello che l'ispettore controlla per primo in PA (e quasi nessuno lo sa),"Quello che l'ispettore controlla per primo in PA (e quasi nessuno lo sa)

In pa gli adempimenti obbligatori non aspettano: Formazione specifica, Documento, Data breach, DPO, Stress, DPIA, Ruolo/Preposto, DPI, Emergenze/Incendio, Formazione base, Registro. In questa pagina TALES OF SICURIX il PERICOLO prende forma... e il METODO81+ lo rimette in ordine, passo dopo passo. Immagina la scena: prima il caos, poi la checklist che sistema tutto. Mettere ordine ora costa poco. Rimediare dopo costa caro.
👉 Iscriviti al corso: Corso lavoratore parte GENERALE 4 ore -> https://81plus.net/?corso=corso-lavoratore-parte-generale-4-ore
▶️ YouTube: youtube.com/@sicurissimo
Contenuto informativo. Prima vedi. Poi sistemi. 81plus.net",Corso lavoratore parte GENERALE 4 ore,https://81plus.net/?corso=corso-lavoratore-parte-generale-4-ore,#TalesOfSicurix #SICURIX #Metodo81 #81plus #Sicurissimo #Sicurezza #Privacy #SicurezzaSulLavoro,SICURIX_TALES_773200_2_0_16_17_11_18_3_8_7_1_13.webp,https://drive.google.com/drive/folders/1hICKXdl9JTZBL1pemG19oE_661z-EH_k,IMG_ERR
38.21.30,Acqua/Rifiuti,E,Sicurezza+Privacy+Ambientale,10,Addetto Primo Soccorso | Addetto Antincendio | Formazione Generale Lavoratori | Movimentazione Manuale Carichi | Formazione GDPR | Rappresentante Lavoratori Sicurezza (RLS) | Sorveglianza Sanitaria / Medico Competente | Gestione Rifiuti e Registro | Rischio Biologico | Rischio Rumore,DM 388/2003 | DM 2/9/2021 | Accordo Stato-Regioni | D.Lgs81/08 Tit.VI | GDPR art.32 | D.Lgs81/08 art.47 | D.Lgs81/08 art.41 | D.Lgs152/06 | D.Lgs81/08 Tit.X | D.Lgs81/08 Tit.VIII,"PREPOSTIX>TAGLIX, PRIVACIX>OBLIVIX, CHECKIX>NONDPIX, FORMIX>RUMORIX, CIFRIX>LEAKIX, PREPOSTIX>SOTTOVALUTIX, LUXPECTORIX>BIOXIX, HYGIENIX>CAOSIX, BLINKIX>VIBRIX, CHEFIX>IMPROVVISIX","Crea una PAGINA A FUMETTI a STORIA COMPLETA, verticale A4 (1024x1536), QUALITA' EDITORIALE DA STAMPA, stile ufficiale 'SICURIX TALES' IDENTICO alle immagini di riferimento allegate (stessi personaggi a mattoncini 3D, stessa impaginazione, stessi colori, stesse rese): minifigure espressive, ambientazioni ricche e dettagliate del settore, luci morbide, profondita', bordi vignetta netti. IMPAGINAZIONE OBBLIGATORIA: da 10 a 12 VIGNETTE numerate che raccontano UNA STORIA con arco narrativo completo (1 situazione normale -> 2-4 arrivano i pericoli coi cattivi -> 5-6 tensione/conseguenza -> 7-9 arriva SICURIX con gli eroi e applica il METODO81+ passo per passo -> 10-11 risoluzione ordinata -> 12 finale). HEADER in alto: SICURIX (mantello, medaglione arancione '81+', bussola) che presenta in un fumetto; grande titolo 'SICURIX TALES'; sottotitolo 'ACQUA/RIFIUTI: Pericolo vs Soluzione con Metodo 81+'; legenda 3 voci (verde Sicurezza, rosso Rischio, blu 81+ Soluzione); fila di EROI coi nomi: PREPOSTIX, PRIVACIX, CHECKIX, FORMIX, CIFRIX, LUXPECTORIX. FOOTER in basso: grande 'Prima vedi. Poi sistemi.'; banner scudo verde 'PROTEGGIAMO. PREVENIAMO. MIGLIORIAMO.' e triangolo rosso 'DISATTENZIONE. RISCHI. COSTI. CAOS.'; logo '81+' + '81plus.net'. TRAMA (usa questi eventi come vignette; se sono meno di 10 aggiungi vignette di contesto, dialogo e reazione per arrivare a 10-12): 1) TAGLIX causa il pericolo 'Emergenze/Soccorso' (Addetto Primo Soccorso); poi PREPOSTIX+SICURIX applicano il METODO81+; 2) OBLIVIX causa il pericolo 'Emergenze/Incendio' (Addetto Antincendio); poi PRIVACIX+SICURIX applicano il METODO81+; 3) NONDPIX causa il pericolo 'Formazione base' (Formazione Generale Lavoratori); poi CHECKIX+SICURIX applicano il METODO81+; 4) RUMORIX causa il pericolo 'MMC' (Movimentazione Manuale Carichi); poi FORMIX+SICURIX applicano il METODO81+; 5) LEAKIX causa il pericolo 'Formazione' (Formazione GDPR); poi CIFRIX+SICURIX applicano il METODO81+; 6) SOTTOVALUTIX causa il pericolo 'Ruolo/RLS' (Rappresentante Lavoratori Sicurezza (RLS)); poi PREPOSTIX+SICURIX applicano il METODO81+; 7) BIOXIX causa il pericolo 'Sorveglianza sanitaria' (Sorveglianza Sanitaria / Medico Competente); poi LUXPECTORIX+SICURIX applicano il METODO81+; 8) CAOSIX causa il pericolo 'Rifiuti' (Gestione Rifiuti e Registro); poi HYGIENIX+SICURIX applicano il METODO81+; 9) VIBRIX causa il pericolo 'Rischio biologico' (Rischio Biologico); poi BLINKIX+SICURIX applicano il METODO81+; 10) IMPROVVISIX causa il pericolo 'Rumore' (Rischio Rumore); poi CHEFIX+SICURIX applicano il METODO81+. PALETTE BRAND ESCLUSIVA: nero #05050A, bianco panna, arancione #FF6A1A/#E8501A; ROSSO solo per 'PERICOLO', VERDE per la checklist 'Metodo 81+'. Logo '81+' ben visibile in OGNI vignetta. REGOLA STORIA: SICURIX NON agisce mai da solo - in OGNI vignetta di soluzione si fa AIUTARE dai suoi colleghi EROI (lavoro di squadra, ognuno col suo ruolo). TESTO: didascalie e fumetti MOLTO BREVI (1-4 parole), GRANDI, centrati, in ITALIANO con ORTOGRAFIA PERFETTA, senza parole inventate, lettere doppie errate o testo tagliato. CATTIVI (coerenti col canone): TAGLIX, OBLIVIX, NONDPIX, RUMORIX, LEAKIX, SOTTOVALUTIX, BIOXIX, CAOSIX, VIBRIX, IMPROVVISIX. EROI: PREPOSTIX, PRIVACIX, CHECKIX, FORMIX, CIFRIX, LUXPECTORIX, HYGIENIX, BLINKIX, CHEFIX. NEGATIVE: nessun marchio LEGO reale, nessun personaggio protetto (Asterix ecc.), niente gore/horror, niente claim assoluti ('rischio zero','garantito','zero multe').",La differenza tra chi in Acqua/Rifiuti dorme sereno e chi trema al controllo,"Quello che l'ispettore controlla per primo in Acqua/Rifiuti (e quasi nessuno lo sa)

In acqua/rifiuti gli adempimenti obbligatori non aspettano: Emergenze/Soccorso, Emergenze/Incendio, Formazione base, MMC, Formazione, Ruolo/RLS, Sorveglianza sanitaria, Rifiuti, Rischio biologico, Rumore. In questa pagina TALES OF SICURIX il PERICOLO prende forma... e il METODO81+ lo rimette in ordine, passo dopo passo. Immagina la scena: prima il caos, poi la checklist che sistema tutto. Chi si mette in regola prima, dorme meglio dopo.
👉 Iscriviti al corso: Corso Primo Soccorso (A-B-C) -> https://81plus.net/?corso=corso-primo-soccorso-a-b-c
▶️ YouTube: youtube.com/@sicurissimo
Contenuto informativo. Prima vedi. Poi sistemi. 81plus.net",Corso Primo Soccorso (A-B-C),https://81plus.net/?corso=corso-primo-soccorso-a-b-c,#TalesOfSicurix #SICURIX #Metodo81 #81plus #Sicurissimo #Sicurezza #Privacy #Ambientale #SicurezzaSulLavoro,SICURIX_TALES_382130_6_7_1_10_19_4_9_21_15_12.webp,https://drive.google.com/drive/folders/1hICKXdl9JTZBL1pemG19oE_661z-EH_k,IMG_ERR
33.11.03,Manifattura,C,HACCP+Privacy+Sicurezza,11,Corso Alimentarista | Gestione Allergeni | Manuale HACCP di Autocontrollo | Registro dei Trattamenti | Documento Valutazione Rischi (DVR) | Formazione Generale Lavoratori | Formazione Preposto | Addetto Primo Soccorso | Piano di Sanificazione | Lotta agli Infestanti (Pest Control) | Movimentazione Manuale Carichi,Reg.CE 852/2004 | Reg.UE 1169/2011 | GDPR art.30 | D.Lgs81/08 art.28 | Accordo Stato-Regioni | D.Lgs81/08 art.37 | DM 388/2003 | D.Lgs81/08 Tit.VI,"SCUDIX>MULTIX, DOCUMIX>DOSAGIX, DOCUMIX>DOSAGIX, CONSENSIX>HACKIX, HYGIENIX>ØTIX, HYGIENIX>FUMIX, PRIVACIX>VIBRIX, CHEFIX>CAOSIX, SICURIX>MULTIX, HYGIENIX>TEMPORIX, PREPOSTIX>RUMORIX","Crea una PAGINA A FUMETTI a STORIA COMPLETA, verticale A4 (1024x1536), QUALITA' EDITORIALE DA STAMPA, stile ufficiale 'SICURIX TALES' IDENTICO alle immagini di riferimento allegate (stessi personaggi a mattoncini 3D, stessa impaginazione, stessi colori, stesse rese): minifigure espressive, ambientazioni ricche e dettagliate del settore, luci morbide, profondita', bordi vignetta netti. IMPAGINAZIONE OBBLIGATORIA: da 10 a 12 VIGNETTE numerate che raccontano UNA STORIA con arco narrativo completo (1 situazione normale -> 2-4 arrivano i pericoli coi cattivi -> 5-6 tensione/conseguenza -> 7-9 arriva SICURIX con gli eroi e applica il METODO81+ passo per passo -> 10-11 risoluzione ordinata -> 12 finale). HEADER in alto: SICURIX (mantello, medaglione arancione '81+', bussola) che presenta in un fumetto; grande titolo 'SICURIX TALES'; sottotitolo 'MANIFATTURA: Pericolo vs Soluzione con Metodo 81+'; legenda 3 voci (verde Sicurezza, rosso Rischio, blu 81+ Soluzione); fila di EROI coi nomi: SCUDIX, DOCUMIX, CONSENSIX, HYGIENIX, PRIVACIX, CHEFIX. FOOTER in basso: grande 'Prima vedi. Poi sistemi.'; banner scudo verde 'PROTEGGIAMO. PREVENIAMO. MIGLIORIAMO.' e triangolo rosso 'DISATTENZIONE. RISCHI. COSTI. CAOS.'; logo '81+' + '81plus.net'. TRAMA (usa questi eventi come vignette; se sono meno di 10 aggiungi vignette di contesto, dialogo e reazione per arrivare a 10-12): 1) MULTIX causa il pericolo 'Corso' (Corso Alimentarista); poi SCUDIX+SICURIX applicano il METODO81+; 2) DOSAGIX causa il pericolo 'Allergeni' (Gestione Allergeni); poi DOCUMIX+SICURIX applicano il METODO81+; 3) DOSAGIX causa il pericolo 'Documento' (Manuale HACCP di Autocontrollo); poi DOCUMIX+SICURIX applicano il METODO81+; 4) HACKIX causa il pericolo 'Registro' (Registro dei Trattamenti); poi CONSENSIX+SICURIX applicano il METODO81+; 5) ØTIX causa il pericolo 'Documento' (Documento Valutazione Rischi (DVR)); poi HYGIENIX+SICURIX applicano il METODO81+; 6) FUMIX causa il pericolo 'Formazione base' (Formazione Generale Lavoratori); poi HYGIENIX+SICURIX applicano il METODO81+; 7) VIBRIX causa il pericolo 'Ruolo/Preposto' (Formazione Preposto); poi PRIVACIX+SICURIX applicano il METODO81+; 8) CAOSIX causa il pericolo 'Emergenze/Soccorso' (Addetto Primo Soccorso); poi CHEFIX+SICURIX applicano il METODO81+; 9) MULTIX causa il pericolo 'Sanificazione' (Piano di Sanificazione); poi SICURIX+SICURIX applicano il METODO81+; 10) TEMPORIX causa il pericolo 'Infestanti' (Lotta agli Infestanti (Pest Control)); poi HYGIENIX+SICURIX applicano il METODO81+; 11) RUMORIX causa il pericolo 'MMC' (Movimentazione Manuale Carichi); poi PREPOSTIX+SICURIX applicano il METODO81+. PALETTE BRAND ESCLUSIVA: nero #05050A, bianco panna, arancione #FF6A1A/#E8501A; ROSSO solo per 'PERICOLO', VERDE per la checklist 'Metodo 81+'. Logo '81+' ben visibile in OGNI vignetta. REGOLA STORIA: SICURIX NON agisce mai da solo - in OGNI vignetta di soluzione si fa AIUTARE dai suoi colleghi EROI (lavoro di squadra, ognuno col suo ruolo). TESTO: didascalie e fumetti MOLTO BREVI (1-4 parole), GRANDI, centrati, in ITALIANO con ORTOGRAFIA PERFETTA, senza parole inventate, lettere doppie errate o testo tagliato. CATTIVI (coerenti col canone): MULTIX, DOSAGIX, HACKIX, ØTIX, FUMIX, VIBRIX, CAOSIX, TEMPORIX, RUMORIX. EROI: SCUDIX, DOCUMIX, CONSENSIX, HYGIENIX, PRIVACIX, CHEFIX, SICURIX, PREPOSTIX. NEGATIVE: nessun marchio LEGO reale, nessun personaggio protetto (Asterix ecc.), niente gore/horror, niente claim assoluti ('rischio zero','garantito','zero multe').","In Manifattura non e' 'se' arriva il controllo, e' 'quando'. Sei pronto?","In Manifattura non e' 'se' arriva il controllo, e' 'quando'. Sei pronto?

In manifattura gli adempimenti obbligatori non aspettano: Corso, Allergeni, Documento, Registro, Formazione base, Ruolo/Preposto, Emergenze/Soccorso, Sanificazione, Infestanti, MMC. In questa pagina TALES OF SICURIX il PERICOLO prende forma... e il METODO81+ lo rimette in ordine, passo dopo passo. Immagina la scena: prima il caos, poi la checklist che sistema tutto. Mettere ordine ora costa poco. Rimediare dopo costa caro.
👉 Iscriviti al corso: Haccp - Corso responsabile industria alimentare -> https://81plus.net/?corso=haccp-corso-responsabile-industria-alimentare
▶️ YouTube: youtube.com/@sicurissimo
Contenuto informativo. Prima vedi. Poi sistemi. 81plus.net",Haccp - Corso responsabile industria alimentare,https://81plus.net/?corso=haccp-corso-responsabile-industria-alimentare,#TalesOfSicurix #SICURIX #Metodo81 #81plus #Sicurissimo #HACCP #Privacy #Sicurezza #SicurezzaSulLavoro,SICURIX_TALES_331103_15_20_14_22_0_1_3_6_16_19_10.webp,https://drive.google.com/drive/folders/1hICKXdl9JTZBL1pemG19oE_661z-EH_k,IMG_ERR
93.29.30,Altri servizi,S,Sicurezza+Privacy+HACCP,12,Movimentazione Manuale Carichi | Nomina Incaricati/Responsabili | Formazione Preposto | Piano di Sanificazione | Formazione Generale Lavoratori | Lotta agli Infestanti (Pest Control) | Documento Valutazione Rischi (DVR) | Informativa e Consensi | Rintracciabilita ed Etichettatura | Addetto Primo Soccorso | Registro dei Trattamenti | Stress Lavoro-Correlato,D.Lgs81/08 Tit.VI | GDPR art.28-29 | D.Lgs81/08 art.37 | Reg.CE 852/2004 | Accordo Stato-Regioni | D.Lgs81/08 art.28 | GDPR art.13 | Reg.CE 178/2002 | DM 388/2003 | GDPR art.30,"TRACCIX>VIBRIX, PRIVACIX>IMPROVVISIX, FORMIX>SCHIACCIX, SICURIX>ACQUAIX, HYGIENIX>SEGNALEX, TRACCIX>CROSSIX, PREPOSTIX>NONDPIX, SICURIX>IMPROVVISIX, TRACCIX>MESCOLIX, HYGIENIX>SCIVOLIX, SICURIX>IMPROVVISIX, TRACCIX>FRETTIX","Crea una PAGINA A FUMETTI a STORIA COMPLETA, verticale A4 (1024x1536), QUALITA' EDITORIALE DA STAMPA, stile ufficiale 'SICURIX TALES' IDENTICO alle immagini di riferimento allegate (stessi personaggi a mattoncini 3D, stessa impaginazione, stessi colori, stesse rese): minifigure espressive, ambientazioni ricche e dettagliate del settore, luci morbide, profondita', bordi vignetta netti. IMPAGINAZIONE OBBLIGATORIA: da 10 a 12 VIGNETTE numerate che raccontano UNA STORIA con arco narrativo completo (1 situazione normale -> 2-4 arrivano i pericoli coi cattivi -> 5-6 tensione/conseguenza -> 7-9 arriva SICURIX con gli eroi e applica il METODO81+ passo per passo -> 10-11 risoluzione ordinata -> 12 finale). HEADER in alto: SICURIX (mantello, medaglione arancione '81+', bussola) che presenta in un fumetto; grande titolo 'SICURIX TALES'; sottotitolo 'ALTRI SERVIZI: Pericolo vs Soluzione con Metodo 81+'; legenda 3 voci (verde Sicurezza, rosso Rischio, blu 81+ Soluzione); fila di EROI coi nomi: TRACCIX, PRIVACIX, FORMIX, SICURIX, HYGIENIX, PREPOSTIX. FOOTER in basso: grande 'Prima vedi. Poi sistemi.'; banner scudo verde 'PROTEGGIAMO. PREVENIAMO. MIGLIORIAMO.' e triangolo rosso 'DISATTENZIONE. RISCHI. COSTI. CAOS.'; logo '81+' + '81plus.net'. TRAMA (usa questi eventi come vignette; se sono meno di 10 aggiungi vignette di contesto, dialogo e reazione per arrivare a 10-12): 1) VIBRIX causa il pericolo 'MMC' (Movimentazione Manuale Carichi); poi TRACCIX+SICURIX applicano il METODO81+; 2) IMPROVVISIX causa il pericolo 'Nomine' (Nomina Incaricati/Responsabili); poi PRIVACIX+SICURIX applicano il METODO81+; 3) SCHIACCIX causa il pericolo 'Ruolo/Preposto' (Formazione Preposto); poi FORMIX+SICURIX applicano il METODO81+; 4) ACQUAIX causa il pericolo 'Sanificazione' (Piano di Sanificazione); poi SICURIX+SICURIX applicano il METODO81+; 5) SEGNALEX causa il pericolo 'Formazione base' (Formazione Generale Lavoratori); poi HYGIENIX+SICURIX applicano il METODO81+; 6) CROSSIX causa il pericolo 'Infestanti' (Lotta agli Infestanti (Pest Control)); poi TRACCIX+SICURIX applicano il METODO81+; 7) NONDPIX causa il pericolo 'Documento' (Documento Valutazione Rischi (DVR)); poi PREPOSTIX+SICURIX applicano il METODO81+; 8) IMPROVVISIX causa il pericolo 'Documento' (Informativa e Consensi); poi SICURIX+SICURIX applicano il METODO81+; 9) MESCOLIX causa il pericolo 'Rintracciabilita' (Rintracciabilita ed Etichettatura); poi TRACCIX+SICURIX applicano il METODO81+; 10) SCIVOLIX causa il pericolo 'Emergenze/Soccorso' (Addetto Primo Soccorso); poi HYGIENIX+SICURIX applicano il METODO81+; 11) IMPROVVISIX causa il pericolo 'Registro' (Registro dei Trattamenti); poi SICURIX+SICURIX applicano il METODO81+; 12) FRETTIX causa il pericolo 'Stress' (Stress Lavoro-Correlato); poi TRACCIX+SICURIX applicano il METODO81+. PALETTE BRAND ESCLUSIVA: nero #05050A, bianco panna, arancione #FF6A1A/#E8501A; ROSSO solo per 'PERICOLO', VERDE per la checklist 'Metodo 81+'. Logo '81+' ben visibile in OGNI vignetta. REGOLA STORIA: SICURIX NON agisce mai da solo - in OGNI vignetta di soluzione si fa AIUTARE dai suoi colleghi EROI (lavoro di squadra, ognuno col suo ruolo). TESTO: didascalie e fumetti MOLTO BREVI (1-4 parole), GRANDI, centrati, in ITALIANO con ORTOGRAFIA PERFETTA, senza parole inventate, lettere doppie errate o testo tagliato. CATTIVI (coerenti col canone): VIBRIX, IMPROVVISIX, SCHIACCIX, ACQUAIX, SEGNALEX, CROSSIX, NONDPIX, MESCOLIX, SCIVOLIX, FRETTIX. EROI: TRACCIX, PRIVACIX, FORMIX, SICURIX, HYGIENIX, PREPOSTIX. NEGATIVE: nessun marchio LEGO reale, nessun personaggio protetto (Asterix ecc.), niente gore/horror, niente claim assoluti ('rischio zero','garantito','zero multe').",In Altri servizi c'e' un obbligo che in tanti scoprono solo con la sanzione,"In Altri servizi c'e' un obbligo che in tanti scoprono solo con la sanzione

In altri servizi gli adempimenti obbligatori non aspettano: MMC, Nomine, Ruolo/Preposto, Sanificazione, Formazione base, Infestanti, Documento, Rintracciabilita, Emergenze/Soccorso, Registro, Stress. In questa pagina TALES OF SICURIX il PERICOLO prende forma... e il METODO81+ lo rimette in ordine, passo dopo passo. Immagina la scena: prima il caos, poi la checklist che sistema tutto. Mettere ordine ora costa poco. Rimediare dopo costa caro.
👉 Iscriviti al corso: Corso RSPP Datore di Lavoro : Movimentazione manuale carichi -> https://81plus.net/?corso=corso-rspp-datore-di-lavoro-movimentazione-manuale-carichi
▶️ YouTube: youtube.com/@sicurissimo
Contenuto informativo. Prima vedi. Poi sistemi. 81plus.net",Corso RSPP Datore di Lavoro : Movimentazione manuale carichi,https://81plus.net/?corso=corso-rspp-datore-di-lavoro-movimentazione-manuale-carichi,#TalesOfSicurix #SICURIX #Metodo81 #81plus #Sicurissimo #Sicurezza #Privacy #HACCP #SicurezzaSulLavoro,SICURIX_TALES_932930_10_21_3_14_1_17_0_19_15_6_20_11.webp,https://drive.google.com/drive/folders/1hICKXdl9JTZBL1pemG19oE_661z-EH_k,IMG_ERR
33.12.91,Manifattura,C,Sicurezza+Privacy+HACCP,12,Sorveglianza Sanitaria / Medico Competente | Formazione Generale Lavoratori | Informativa e Consensi | Addetto Antincendio | Procedura Data Breach | RSPP / Datore di Lavoro RSPP | Nomina Incaricati/Responsabili | Gestione Allergeni | Attrezzature e Macchine | Lotta agli Infestanti (Pest Control) | Documento Valutazione Rischi (DVR) | Formazione Preposto,D.Lgs81/08 art.41 | Accordo Stato-Regioni | GDPR art.13 | DM 2/9/2021 | GDPR art.33-34 | D.Lgs81/08 art.34 | GDPR art.28-29 | Reg.UE 1169/2011 | D.Lgs81/08 Tit.III | Reg.CE 852/2004 | D.Lgs81/08 art.28 | D.Lgs81/08 art.37,"FORMIX>ØTIX, TRACCIX>VOLTIX, FORMIX>HACKIX, SCUDIX>SOTTOVALUTIX, SICURIX>RISKIX, SICURIX>VOLTIX, CONSENSIX>RISKIX, PREPOSTIX>SCADUTIX, HYGIENIX>IMPROVVISIX, ROBOTIX81>IMPROVVISIX, CHECKIX>CHIMIKIX, TRACCIX>ØTIX","Crea una PAGINA A FUMETTI a STORIA COMPLETA, verticale A4 (1024x1536), QUALITA' EDITORIALE DA STAMPA, stile ufficiale 'SICURIX TALES' IDENTICO alle immagini di riferimento allegate (stessi personaggi a mattoncini 3D, stessa impaginazione, stessi colori, stesse rese): minifigure espressive, ambientazioni ricche e dettagliate del settore, luci morbide, profondita', bordi vignetta netti. IMPAGINAZIONE OBBLIGATORIA: da 10 a 12 VIGNETTE numerate che raccontano UNA STORIA con arco narrativo completo (1 situazione normale -> 2-4 arrivano i pericoli coi cattivi -> 5-6 tensione/conseguenza -> 7-9 arriva SICURIX con gli eroi e applica il METODO81+ passo per passo -> 10-11 risoluzione ordinata -> 12 finale). HEADER in alto: SICURIX (mantello, medaglione arancione '81+', bussola) che presenta in un fumetto; grande titolo 'SICURIX TALES'; sottotitolo 'MANIFATTURA: Pericolo vs Soluzione con Metodo 81+'; legenda 3 voci (verde Sicurezza, rosso Rischio, blu 81+ Soluzione); fila di EROI coi nomi: FORMIX, TRACCIX, SCUDIX, SICURIX, CONSENSIX, PREPOSTIX. FOOTER in basso: grande 'Prima vedi. Poi sistemi.'; banner scudo verde 'PROTEGGIAMO. PREVENIAMO. MIGLIORIAMO.' e triangolo rosso 'DISATTENZIONE. RISCHI. COSTI. CAOS.'; logo '81+' + '81plus.net'. TRAMA (usa questi eventi come vignette; se sono meno di 10 aggiungi vignette di contesto, dialogo e reazione per arrivare a 10-12): 1) ØTIX causa il pericolo 'Sorveglianza sanitaria' (Sorveglianza Sanitaria / Medico Competente); poi FORMIX+SICURIX applicano il METODO81+; 2) VOLTIX causa il pericolo 'Formazione base' (Formazione Generale Lavoratori); poi TRACCIX+SICURIX applicano il METODO81+; 3) HACKIX causa il pericolo 'Documento' (Informativa e Consensi); poi FORMIX+SICURIX applicano il METODO81+; 4) SOTTOVALUTIX causa il pericolo 'Emergenze/Incendio' (Addetto Antincendio); poi SCUDIX+SICURIX applicano il METODO81+; 5) RISKIX causa il pericolo 'Data breach' (Procedura Data Breach); poi SICURIX+SICURIX applicano il METODO81+; 6) VOLTIX causa il pericolo 'Ruolo/RSPP' (RSPP / Datore di Lavoro RSPP); poi SICURIX+SICURIX applicano il METODO81+; 7) RISKIX causa il pericolo 'Nomine' (Nomina Incaricati/Responsabili); poi CONSENSIX+SICURIX applicano il METODO81+; 8) SCADUTIX causa il pericolo 'Allergeni' (Gestione Allergeni); poi PREPOSTIX+SICURIX applicano il METODO81+; 9) IMPROVVISIX causa il pericolo 'Attrezzature' (Attrezzature e Macchine); poi HYGIENIX+SICURIX applicano il METODO81+; 10) IMPROVVISIX causa il pericolo 'Infestanti' (Lotta agli Infestanti (Pest Control)); poi ROBOTIX81+SICURIX applicano il METODO81+; 11) CHIMIKIX causa il pericolo 'Documento' (Documento Valutazione Rischi (DVR)); poi CHECKIX+SICURIX applicano il METODO81+; 12) ØTIX causa il pericolo 'Ruolo/Preposto' (Formazione Preposto); poi TRACCIX+SICURIX applicano il METODO81+. PALETTE BRAND ESCLUSIVA: nero #05050A, bianco panna, arancione #FF6A1A/#E8501A; ROSSO solo per 'PERICOLO', VERDE per la checklist 'Metodo 81+'. Logo '81+' ben visibile in OGNI vignetta. REGOLA STORIA: SICURIX NON agisce mai da solo - in OGNI vignetta di soluzione si fa AIUTARE dai suoi colleghi EROI (lavoro di squadra, ognuno col suo ruolo). TESTO: didascalie e fumetti MOLTO BREVI (1-4 parole), GRANDI, centrati, in ITALIANO con ORTOGRAFIA PERFETTA, senza parole inventate, lettere doppie errate o testo tagliato. CATTIVI (coerenti col canone): ØTIX, VOLTIX, HACKIX, SOTTOVALUTIX, RISKIX, SCADUTIX, IMPROVVISIX, CHIMIKIX. EROI: FORMIX, TRACCIX, SCUDIX, SICURIX, CONSENSIX, PREPOSTIX, HYGIENIX, ROBOTIX81, CHECKIX. NEGATIVE: nessun marchio LEGO reale, nessun personaggio protetto (Asterix ecc.), niente gore/horror, niente claim assoluti ('rischio zero','garantito','zero multe').",In Manifattura c'e' un obbligo che in tanti scoprono solo con la sanzione,"In Manifattura non e' 'se' arriva il controllo, e' 'quando'. Sei pronto?

In manifattura gli adempimenti obbligatori non aspettano: Sorveglianza sanitaria, Formazione base, Documento, Emergenze/Incendio, Data breach, Ruolo/RSPP, Nomine, Allergeni, Attrezzature, Infestanti, Ruolo/Preposto. In questa pagina TALES OF SICURIX il PERICOLO prende forma... e il METODO81+ lo rimette in ordine, passo dopo passo. Immagina la scena: prima il caos, poi la checklist che sistema tutto. Chi si mette in regola prima, dorme meglio dopo.
👉 Iscriviti al corso: Corso lavoratore parte GENERALE 4 ore -> https://81plus.net/?corso=corso-lavoratore-parte-generale-4-ore
▶️ YouTube: youtube.com/@sicurissimo
Contenuto informativo. Prima vedi. Poi sistemi. 81plus.net",Corso lavoratore parte GENERALE 4 ore,https://81plus.net/?corso=corso-lavoratore-parte-generale-4-ore,#TalesOfSicurix #SICURIX #Metodo81 #81plus #Sicurissimo #Sicurezza #Privacy #HACCP #SicurezzaSulLavoro,SICURIX_TALES_331291_9_1_21_7_25_5_23_20_13_19_0_3.webp,https://drive.google.com/drive/folders/1hICKXdl9JTZBL1pemG19oE_661z-EH_k,IMG_ERR
11.02.20,Manifattura,C,HACCP+Ambientale+Sicurezza+Privacy,12,Gestione Allergeni | Formazione Ambientale | Stress Lavoro-Correlato | Controllo Temperature e Celle | Formazione Preposto | Rischio Rumore | Attrezzature e Macchine | Rintracciabilita ed Etichettatura | Formazione Specifica (rischio alto) | Nomina Incaricati/Responsabili | Formazione Generale Lavoratori | Uso e Formazione DPI,Reg.UE 1169/2011 | D.Lgs152/06 | D.Lgs81/08 art.28 | Reg.CE 852/2004 | D.Lgs81/08 art.37 | D.Lgs81/08 Tit.VIII | D.Lgs81/08 Tit.III | Reg.CE 178/2002 | Accordo Stato-Regioni | GDPR art.28-29 | D.Lgs81/08 art.77,"SICURIX>SCADUTIX, PREPOSTIX>CAOSIX, HYGIENIX>SCHIACCIX, DOCUMIX>TEMPORIX, SCUDIX>OBLIVIX, CHEFIX>OBLIVIX, CHECKIX>CADUTIX, SCUDIX>CROSSIX, SICURIX>FRETTIX, LUXPECTORIX>IMPROVVISIX, CIFRIX>CAOSIX, PREPOSTIX>SEGNALEX","Crea una PAGINA A FUMETTI a STORIA COMPLETA, verticale A4 (1024x1536), QUALITA' EDITORIALE DA STAMPA, stile ufficiale 'SICURIX TALES' IDENTICO alle immagini di riferimento allegate (stessi personaggi a mattoncini 3D, stessa impaginazione, stessi colori, stesse rese): minifigure espressive, ambientazioni ricche e dettagliate del settore, luci morbide, profondita', bordi vignetta netti. IMPAGINAZIONE OBBLIGATORIA: da 10 a 12 VIGNETTE numerate che raccontano UNA STORIA con arco narrativo completo (1 situazione normale -> 2-4 arrivano i pericoli coi cattivi -> 5-6 tensione/conseguenza -> 7-9 arriva SICURIX con gli eroi e applica il METODO81+ passo per passo -> 10-11 risoluzione ordinata -> 12 finale). HEADER in alto: SICURIX (mantello, medaglione arancione '81+', bussola) che presenta in un fumetto; grande titolo 'SICURIX TALES'; sottotitolo 'MANIFATTURA: Pericolo vs Soluzione con Metodo 81+'; legenda 3 voci (verde Sicurezza, rosso Rischio, blu 81+ Soluzione); fila di EROI coi nomi: SICURIX, PREPOSTIX, HYGIENIX, DOCUMIX, SCUDIX, CHEFIX. FOOTER in basso: grande 'Prima vedi. Poi sistemi.'; banner scudo verde 'PROTEGGIAMO. PREVENIAMO. MIGLIORIAMO.' e triangolo rosso 'DISATTENZIONE. RISCHI. COSTI. CAOS.'; logo '81+' + '81plus.net'. TRAMA (usa questi eventi come vignette; se sono meno di 10 aggiungi vignette di contesto, dialogo e reazione per arrivare a 10-12): 1) SCADUTIX causa il pericolo 'Allergeni' (Gestione Allergeni); poi SICURIX+SICURIX applicano il METODO81+; 2) CAOSIX causa il pericolo 'Formazione' (Formazione Ambientale); poi PREPOSTIX+SICURIX applicano il METODO81+; 3) SCHIACCIX causa il pericolo 'Stress' (Stress Lavoro-Correlato); poi HYGIENIX+SICURIX applicano il METODO81+; 4) TEMPORIX causa il pericolo 'Temperature' (Controllo Temperature e Celle); poi DOCUMIX+SICURIX applicano il METODO81+; 5) OBLIVIX causa il pericolo 'Ruolo/Preposto' (Formazione Preposto); poi SCUDIX+SICURIX applicano il METODO81+; 6) OBLIVIX causa il pericolo 'Rumore' (Rischio Rumore); poi CHEFIX+SICURIX applicano il METODO81+; 7) CADUTIX causa il pericolo 'Attrezzature' (Attrezzature e Macchine); poi CHECKIX+SICURIX applicano il METODO81+; 8) CROSSIX causa il pericolo 'Rintracciabilita' (Rintracciabilita ed Etichettatura); poi SCUDIX+SICURIX applicano il METODO81+; 9) FRETTIX causa il pericolo 'Formazione specifica' (Formazione Specifica (rischio alto)); poi SICURIX+SICURIX applicano il METODO81+; 10) IMPROVVISIX causa il pericolo 'Nomine' (Nomina Incaricati/Responsabili); poi LUXPECTORIX+SICURIX applicano il METODO81+; 11) CAOSIX causa il pericolo 'Formazione base' (Formazione Generale Lavoratori); poi CIFRIX+SICURIX applicano il METODO81+; 12) SEGNALEX causa il pericolo 'DPI' (Uso e Formazione DPI); poi PREPOSTIX+SICURIX applicano il METODO81+. PALETTE BRAND ESCLUSIVA: nero #05050A, bianco panna, arancione #FF6A1A/#E8501A; ROSSO solo per 'PERICOLO', VERDE per la checklist 'Metodo 81+'. Logo '81+' ben visibile in OGNI vignetta. REGOLA STORIA: SICURIX NON agisce mai da solo - in OGNI vignetta di soluzione si fa AIUTARE dai suoi colleghi EROI (lavoro di squadra, ognuno col suo ruolo). TESTO: didascalie e fumetti MOLTO BREVI (1-4 parole), GRANDI, centrati, in ITALIANO con ORTOGRAFIA PERFETTA, senza parole inventate, lettere doppie errate o testo tagliato. CATTIVI (coerenti col canone): SCADUTIX, CAOSIX, SCHIACCIX, TEMPORIX, OBLIVIX, CADUTIX, CROSSIX, FRETTIX, IMPROVVISIX, SEGNALEX. EROI: SICURIX, PREPOSTIX, HYGIENIX, DOCUMIX, SCUDIX, CHEFIX, CHECKIX, LUXPECTORIX, CIFRIX. NEGATIVE: nessun marchio LEGO reale, nessun personaggio protetto (Asterix ecc.), niente gore/horror, niente claim assoluti ('rischio zero','garantito','zero multe').",La differenza tra chi in Manifattura dorme sereno e chi trema al controllo,"La differenza tra chi in Manifattura dorme sereno e chi trema al controllo

In manifattura gli adempimenti obbligatori non aspettano: Allergeni, Formazione, Stress, Temperature, Ruolo/Preposto, Rumore, Attrezzature, Rintracciabilita, Formazione specifica, Nomine, Formazione base, DPI. In questa pagina TALES OF SICURIX il PERICOLO prende forma... e il METODO81+ lo rimette in ordine, passo dopo passo. Immagina la scena: prima il caos, poi la checklist che sistema tutto. Mettere ordine ora costa poco. Rimediare dopo costa caro.
👉 Iscriviti al corso: Haccp - Corso responsabile industria alimentare -> https://81plus.net/?corso=haccp-corso-responsabile-industria-alimentare
▶️ YouTube: youtube.com/@sicurissimo
Contenuto informativo. Prima vedi. Poi sistemi. 81plus.net",Haccp - Corso responsabile industria alimentare,https://81plus.net/?corso=haccp-corso-responsabile-industria-alimentare,#TalesOfSicurix #SICURIX #Metodo81 #81plus #Sicurissimo #HACCP #Ambientale #Sicurezza #Privacy #SicurezzaSulLavoro,SICURIX_TALES_110220_20_27_11_18_3_12_13_17_2_23_1_8.webp,https://drive.google.com/drive/folders/1hICKXdl9JTZBL1pemG19oE_661z-EH_k,IMG_ERR
96.99.19,Famiglie datori,T,Privacy+Sicurezza,10,Informativa e Consensi | Rappresentante Lavoratori Sicurezza (RLS) | Addetto Primo Soccorso | Formazione Specifica (rischio basso) | Formazione GDPR | Nomina Incaricati/Responsabili | Procedura Data Breach | Documento Valutazione Rischi (DVR) | Formazione Generale Lavoratori | RSPP / Datore di Lavoro RSPP,GDPR art.13 | D.Lgs81/08 art.47 | DM 388/2003 | Accordo Stato-Regioni | GDPR art.32 | GDPR art.28-29 | GDPR art.33-34 | D.Lgs81/08 art.28 | D.Lgs81/08 art.34,"TRACCIX>MULTIX, TRACCIX>SCHIACCIX, ROBOTIX81>IMPROVVISIX, ROBOTIX81>RISKIX, FORMIX>PHISHIX, SICURIX>MULTIX, PRIVACIX>RISKIX, SICURIX>MULTIX, CIFRIX>SEGNALEX, CHECKIX>BIOXIX","Crea una PAGINA A FUMETTI a STORIA COMPLETA, verticale A4 (1024x1536), QUALITA' EDITORIALE DA STAMPA, stile ufficiale 'SICURIX TALES' IDENTICO alle immagini di riferimento allegate (stessi personaggi a mattoncini 3D, stessa impaginazione, stessi colori, stesse rese): minifigure espressive, ambientazioni ricche e dettagliate del settore, luci morbide, profondita', bordi vignetta netti. IMPAGINAZIONE OBBLIGATORIA: da 10 a 12 VIGNETTE numerate che raccontano UNA STORIA con arco narrativo completo (1 situazione normale -> 2-4 arrivano i pericoli coi cattivi -> 5-6 tensione/conseguenza -> 7-9 arriva SICURIX con gli eroi e applica il METODO81+ passo per passo -> 10-11 risoluzione ordinata -> 12 finale). HEADER in alto: SICURIX (mantello, medaglione arancione '81+', bussola) che presenta in un fumetto; grande titolo 'SICURIX TALES'; sottotitolo 'FAMIGLIE DATORI: Pericolo vs Soluzione con Metodo 81+'; legenda 3 voci (verde Sicurezza, rosso Rischio, blu 81+ Soluzione); fila di EROI coi nomi: TRACCIX, ROBOTIX81, FORMIX, SICURIX, PRIVACIX, CIFRIX. FOOTER in basso: grande 'Prima vedi. Poi sistemi.'; banner scudo verde 'PROTEGGIAMO. PREVENIAMO. MIGLIORIAMO.' e triangolo rosso 'DISATTENZIONE. RISCHI. COSTI. CAOS.'; logo '81+' + '81plus.net'. TRAMA (usa questi eventi come vignette; se sono meno di 10 aggiungi vignette di contesto, dialogo e reazione per arrivare a 10-12): 1) MULTIX causa il pericolo 'Documento' (Informativa e Consensi); poi TRACCIX+SICURIX applicano il METODO81+; 2) SCHIACCIX causa il pericolo 'Ruolo/RLS' (Rappresentante Lavoratori Sicurezza (RLS)); poi TRACCIX+SICURIX applicano il METODO81+; 3) IMPROVVISIX causa il pericolo 'Emergenze/Soccorso' (Addetto Primo Soccorso); poi ROBOTIX81+SICURIX applicano il METODO81+; 4) RISKIX causa il pericolo 'Formazione specifica' (Formazione Specifica (rischio basso)); poi ROBOTIX81+SICURIX applicano il METODO81+; 5) PHISHIX causa il pericolo 'Formazione' (Formazione GDPR); poi FORMIX+SICURIX applicano il METODO81+; 6) MULTIX causa il pericolo 'Nomine' (Nomina Incaricati/Responsabili); poi SICURIX+SICURIX applicano il METODO81+; 7) RISKIX causa il pericolo 'Data breach' (Procedura Data Breach); poi PRIVACIX+SICURIX applicano il METODO81+; 8) MULTIX causa il pericolo 'Documento' (Documento Valutazione Rischi (DVR)); poi SICURIX+SICURIX applicano il METODO81+; 9) SEGNALEX causa il pericolo 'Formazione base' (Formazione Generale Lavoratori); poi CIFRIX+SICURIX applicano il METODO81+; 10) BIOXIX causa il pericolo 'Ruolo/RSPP' (RSPP / Datore di Lavoro RSPP); poi CHECKIX+SICURIX applicano il METODO81+. PALETTE BRAND ESCLUSIVA: nero #05050A, bianco panna, arancione #FF6A1A/#E8501A; ROSSO solo per 'PERICOLO', VERDE per la checklist 'Metodo 81+'. Logo '81+' ben visibile in OGNI vignetta. REGOLA STORIA: SICURIX NON agisce mai da solo - in OGNI vignetta di soluzione si fa AIUTARE dai suoi colleghi EROI (lavoro di squadra, ognuno col suo ruolo). TESTO: didascalie e fumetti MOLTO BREVI (1-4 parole), GRANDI, centrati, in ITALIANO con ORTOGRAFIA PERFETTA, senza parole inventate, lettere doppie errate o testo tagliato. CATTIVI (coerenti col canone): MULTIX, SCHIACCIX, IMPROVVISIX, RISKIX, PHISHIX, SEGNALEX, BIOXIX. EROI: TRACCIX, ROBOTIX81, FORMIX, SICURIX, PRIVACIX, CIFRIX, CHECKIX. NEGATIVE: nessun marchio LEGO reale, nessun personaggio protetto (Asterix ecc.), niente gore/horror, niente claim assoluti ('rischio zero','garantito','zero multe').",Quello che l'ispettore controlla per primo in Famiglie datori (e quasi nessuno lo sa),"In Famiglie datori c'e' un obbligo che in tanti scoprono solo con la sanzione

In famiglie datori gli adempimenti obbligatori non aspettano: Documento, Ruolo/RLS, Emergenze/Soccorso, Formazione specifica, Formazione, Nomine, Data breach, Formazione base, Ruolo/RSPP. In questa pagina TALES OF SICURIX il PERICOLO prende forma... e il METODO81+ lo rimette in ordine, passo dopo passo. Immagina la scena: prima il caos, poi la checklist che sistema tutto. Mettere ordine ora costa poco. Rimediare dopo costa caro.
👉 Iscriviti al corso: Corso privacy destinato ai lavoratori -> https://81plus.net/?corso=corso-privacy-destinato-ai-lavoratori
▶️ YouTube: youtube.com/@sicurissimo
Contenuto informativo. Prima vedi. Poi sistemi. 81plus.net",Corso privacy destinato ai lavoratori,https://81plus.net/?corso=corso-privacy-destinato-ai-lavoratori,#TalesOfSicurix #SICURIX #Metodo81 #81plus #Sicurissimo #Privacy #Sicurezza #SicurezzaSulLavoro,SICURIX_TALES_969919_9_4_6_2_12_11_13_0_1_5.webp,https://drive.google.com/drive/folders/1hICKXdl9JTZBL1pemG19oE_661z-EH_k,IMG_ERR
27.90.01,Manifattura,C,Sicurezza+HACCP+Privacy,11,Uso e Formazione DPI | Movimentazione Manuale Carichi | Formazione Preposto | Addetto Antincendio | Lotta agli Infestanti (Pest Control) | Documento Valutazione Rischi (DVR) | Informativa e Consensi | Stress Lavoro-Correlato | Corso Alimentarista | Rintracciabilita ed Etichettatura | Registro dei Trattamenti,D.Lgs81/08 art.77 | D.Lgs81/08 Tit.VI | D.Lgs81/08 art.37 | DM 2/9/2021 | Reg.CE 852/2004 | D.Lgs81/08 art.28 | GDPR art.13 | Reg.CE 178/2002 | GDPR art.30,"SCUDIX>SEGNALEX, FORMIX>VOLTIX, BLINKIX>SEGNALEX, LUXPECTORIX>SEGNALEX, FORMIX>TEMPORIX, CHEFIX>OBLIVIX, SICURIX>SPYIX, CIFRIX>RUMORIX, BLINKIX>IMPROVVISIX, SICURIX>OBLIVIX, ROBOTIX81>CANCELIX","Crea una PAGINA A FUMETTI a STORIA COMPLETA, verticale A4 (1024x1536), QUALITA' EDITORIALE DA STAMPA, stile ufficiale 'SICURIX TALES' IDENTICO alle immagini di riferimento allegate (stessi personaggi a mattoncini 3D, stessa impaginazione, stessi colori, stesse rese): minifigure espressive, ambientazioni ricche e dettagliate del settore, luci morbide, profondita', bordi vignetta netti. IMPAGINAZIONE OBBLIGATORIA: da 10 a 12 VIGNETTE numerate che raccontano UNA STORIA con arco narrativo completo (1 situazione normale -> 2-4 arrivano i pericoli coi cattivi -> 5-6 tensione/conseguenza -> 7-9 arriva SICURIX con gli eroi e applica il METODO81+ passo per passo -> 10-11 risoluzione ordinata -> 12 finale). HEADER in alto: SICURIX (mantello, medaglione arancione '81+', bussola) che presenta in un fumetto; grande titolo 'SICURIX TALES'; sottotitolo 'MANIFATTURA: Pericolo vs Soluzione con Metodo 81+'; legenda 3 voci (verde Sicurezza, rosso Rischio, blu 81+ Soluzione); fila di EROI coi nomi: SCUDIX, FORMIX, BLINKIX, LUXPECTORIX, CHEFIX, SICURIX. FOOTER in basso: grande 'Prima vedi. Poi sistemi.'; banner scudo verde 'PROTEGGIAMO. PREVENIAMO. MIGLIORIAMO.' e triangolo rosso 'DISATTENZIONE. RISCHI. COSTI. CAOS.'; logo '81+' + '81plus.net'. TRAMA (usa questi eventi come vignette; se sono meno di 10 aggiungi vignette di contesto, dialogo e reazione per arrivare a 10-12): 1) SEGNALEX causa il pericolo 'DPI' (Uso e Formazione DPI); poi SCUDIX+SICURIX applicano il METODO81+; 2) VOLTIX causa il pericolo 'MMC' (Movimentazione Manuale Carichi); poi FORMIX+SICURIX applicano il METODO81+; 3) SEGNALEX causa il pericolo 'Ruolo/Preposto' (Formazione Preposto); poi BLINKIX+SICURIX applicano il METODO81+; 4) SEGNALEX causa il pericolo 'Emergenze/Incendio' (Addetto Antincendio); poi LUXPECTORIX+SICURIX applicano il METODO81+; 5) TEMPORIX causa il pericolo 'Infestanti' (Lotta agli Infestanti (Pest Control)); poi FORMIX+SICURIX applicano il METODO81+; 6) OBLIVIX causa il pericolo 'Documento' (Documento Valutazione Rischi (DVR)); poi CHEFIX+SICURIX applicano il METODO81+; 7) SPYIX causa il pericolo 'Documento' (Informativa e Consensi); poi SICURIX+SICURIX applicano il METODO81+; 8) RUMORIX causa il pericolo 'Stress' (Stress Lavoro-Correlato); poi CIFRIX+SICURIX applicano il METODO81+; 9) IMPROVVISIX causa il pericolo 'Corso' (Corso Alimentarista); poi BLINKIX+SICURIX applicano il METODO81+; 10) OBLIVIX causa il pericolo 'Rintracciabilita' (Rintracciabilita ed Etichettatura); poi SICURIX+SICURIX applicano il METODO81+; 11) CANCELIX causa il pericolo 'Registro' (Registro dei Trattamenti); poi ROBOTIX81+SICURIX applicano il METODO81+. PALETTE BRAND ESCLUSIVA: nero #05050A, bianco panna, arancione #FF6A1A/#E8501A; ROSSO solo per 'PERICOLO', VERDE per la checklist 'Metodo 81+'. Logo '81+' ben visibile in OGNI vignetta. REGOLA STORIA: SICURIX NON agisce mai da solo - in OGNI vignetta di soluzione si fa AIUTARE dai suoi colleghi EROI (lavoro di squadra, ognuno col suo ruolo). TESTO: didascalie e fumetti MOLTO BREVI (1-4 parole), GRANDI, centrati, in ITALIANO con ORTOGRAFIA PERFETTA, senza parole inventate, lettere doppie errate o testo tagliato. CATTIVI (coerenti col canone): SEGNALEX, VOLTIX, TEMPORIX, OBLIVIX, SPYIX, RUMORIX, IMPROVVISIX, CANCELIX. EROI: SCUDIX, FORMIX, BLINKIX, LUXPECTORIX, CHEFIX, SICURIX, CIFRIX, ROBOTIX81. NEGATIVE: nessun marchio LEGO reale, nessun personaggio protetto (Asterix ecc.), niente gore/horror, niente claim assoluti ('rischio zero','garantito','zero multe').","In Manifattura non e' 'se' arriva il controllo, e' 'quando'. Sei pronto?","Manifattura: 3 minuti oggi o un problema enorme domani. Scegli tu.

In manifattura gli adempimenti obbligatori non aspettano: DPI, MMC, Ruolo/Preposto, Emergenze/Incendio, Infestanti, Documento, Stress, Corso, Rintracciabilita, Registro. In questa pagina TALES OF SICURIX il PERICOLO prende forma... e il METODO81+ lo rimette in ordine, passo dopo passo. Immagina la scena: prima il caos, poi la checklist che sistema tutto. Chi si mette in regola prima, dorme meglio dopo.
👉 Iscriviti al corso: Corso Lavori in Quota e DPI Anticaduta -> https://81plus.net/?corso=corso-lavori-in-quota-e-dpi-anticaduta
▶️ YouTube: youtube.com/@sicurissimo
Contenuto informativo. Prima vedi. Poi sistemi. 81plus.net",Corso Lavori in Quota e DPI Anticaduta,https://81plus.net/?corso=corso-lavori-in-quota-e-dpi-anticaduta,#TalesOfSicurix #SICURIX #Metodo81 #81plus #Sicurissimo #Sicurezza #HACCP #Privacy #SicurezzaSulLavoro,SICURIX_TALES_279001_8_10_3_7_20_0_22_11_16_18_23.webp,https://drive.google.com/drive/folders/1hICKXdl9JTZBL1pemG19oE_661z-EH_k,IMG_ERR
27.51.00,Manifattura,C,Privacy+HACCP+Sicurezza,11,Informativa e Consensi | Corso Alimentarista | Movimentazione Manuale Carichi | Stress Lavoro-Correlato | Gestione Allergeni | Formazione Preposto | Formazione Specifica (rischio alto) | Addetto Primo Soccorso | Addetto Antincendio | Sorveglianza Sanitaria / Medico Competente | Formazione GDPR,GDPR art.13 | Reg.CE 852/2004 | D.Lgs81/08 Tit.VI | D.Lgs81/08 art.28 | Reg.UE 1169/2011 | D.Lgs81/08 art.37 | Accordo Stato-Regioni | DM 388/2003 | DM 2/9/2021 | D.Lgs81/08 art.41 | GDPR art.32,"PREPOSTIX>PHISHIX, TRACCIX>OBLIVIX, SICURIX>CHIMIKIX, PRIVACIX>VIBRIX, PRIVACIX>SPORCKIX, PRIVACIX>RISKIX, FORMIX>RISKIX, CHEFIX>BIOXIX, SICURIX>SCIVOLIX, PRIVACIX>SOTTOVALUTIX, DOCUMIX>SPYIX","Crea una PAGINA A FUMETTI a STORIA COMPLETA, verticale A4 (1024x1536), QUALITA' EDITORIALE DA STAMPA, stile ufficiale 'SICURIX TALES' IDENTICO alle immagini di riferimento allegate (stessi personaggi a mattoncini 3D, stessa impaginazione, stessi colori, stesse rese): minifigure espressive, ambientazioni ricche e dettagliate del settore, luci morbide, profondita', bordi vignetta netti. IMPAGINAZIONE OBBLIGATORIA: da 10 a 12 VIGNETTE numerate che raccontano UNA STORIA con arco narrativo completo (1 situazione normale -> 2-4 arrivano i pericoli coi cattivi -> 5-6 tensione/conseguenza -> 7-9 arriva SICURIX con gli eroi e applica il METODO81+ passo per passo -> 10-11 risoluzione ordinata -> 12 finale). HEADER in alto: SICURIX (mantello, medaglione arancione '81+', bussola) che presenta in un fumetto; grande titolo 'SICURIX TALES'; sottotitolo 'MANIFATTURA: Pericolo vs Soluzione con Metodo 81+'; legenda 3 voci (verde Sicurezza, rosso Rischio, blu 81+ Soluzione); fila di EROI coi nomi: PREPOSTIX, TRACCIX, SICURIX, PRIVACIX, FORMIX, CHEFIX. FOOTER in basso: grande 'Prima vedi. Poi sistemi.'; banner scudo verde 'PROTEGGIAMO. PREVENIAMO. MIGLIORIAMO.' e triangolo rosso 'DISATTENZIONE. RISCHI. COSTI. CAOS.'; logo '81+' + '81plus.net'. TRAMA (usa questi eventi come vignette; se sono meno di 10 aggiungi vignette di contesto, dialogo e reazione per arrivare a 10-12): 1) PHISHIX causa il pericolo 'Documento' (Informativa e Consensi); poi PREPOSTIX+SICURIX applicano il METODO81+; 2) OBLIVIX causa il pericolo 'Corso' (Corso Alimentarista); poi TRACCIX+SICURIX applicano il METODO81+; 3) CHIMIKIX causa il pericolo 'MMC' (Movimentazione Manuale Carichi); poi SICURIX+SICURIX applicano il METODO81+; 4) VIBRIX causa il pericolo 'Stress' (Stress Lavoro-Correlato); poi PRIVACIX+SICURIX applicano il METODO81+; 5) SPORCKIX causa il pericolo 'Allergeni' (Gestione Allergeni); poi PRIVACIX+SICURIX applicano il METODO81+; 6) RISKIX causa il pericolo 'Ruolo/Preposto' (Formazione Preposto); poi PRIVACIX+SICURIX applicano il METODO81+; 7) RISKIX causa il pericolo 'Formazione specifica' (Formazione Specifica (rischio alto)); poi FORMIX+SICURIX applicano il METODO81+; 8) BIOXIX causa il pericolo 'Emergenze/Soccorso' (Addetto Primo Soccorso); poi CHEFIX+SICURIX applicano il METODO81+; 9) SCIVOLIX causa il pericolo 'Emergenze/Incendio' (Addetto Antincendio); poi SICURIX+SICURIX applicano il METODO81+; 10) SOTTOVALUTIX causa il pericolo 'Sorveglianza sanitaria' (Sorveglianza Sanitaria / Medico Competente); poi PRIVACIX+SICURIX applicano il METODO81+; 11) SPYIX causa il pericolo 'Formazione' (Formazione GDPR); poi DOCUMIX+SICURIX applicano il METODO81+. PALETTE BRAND ESCLUSIVA: nero #05050A, bianco panna, arancione #FF6A1A/#E8501A; ROSSO solo per 'PERICOLO', VERDE per la checklist 'Metodo 81+'. Logo '81+' ben visibile in OGNI vignetta. REGOLA STORIA: SICURIX NON agisce mai da solo - in OGNI vignetta di soluzione si fa AIUTARE dai suoi colleghi EROI (lavoro di squadra, ognuno col suo ruolo). TESTO: didascalie e fumetti MOLTO BREVI (1-4 parole), GRANDI, centrati, in ITALIANO con ORTOGRAFIA PERFETTA, senza parole inventate, lettere doppie errate o testo tagliato. CATTIVI (coerenti col canone): PHISHIX, OBLIVIX, CHIMIKIX, VIBRIX, SPORCKIX, RISKIX, BIOXIX, SCIVOLIX, SOTTOVALUTIX, SPYIX. EROI: PREPOSTIX, TRACCIX, SICURIX, PRIVACIX, FORMIX, CHEFIX, DOCUMIX. NEGATIVE: nessun marchio LEGO reale, nessun personaggio protetto (Asterix ecc.), niente gore/horror, niente claim assoluti ('rischio zero','garantito','zero multe').",Manifattura: 3 minuti oggi o un problema enorme domani. Scegli tu.,"In Manifattura non e' 'se' arriva il controllo, e' 'quando'. Sei pronto?

In manifattura gli adempimenti obbligatori non aspettano: Documento, Corso, MMC, Stress, Allergeni, Ruolo/Preposto, Formazione specifica, Emergenze/Soccorso, Emergenze/Incendio, Sorveglianza sanitaria, Formazione. In questa pagina TALES OF SICURIX il PERICOLO prende forma... e il METODO81+ lo rimette in ordine, passo dopo passo. Immagina la scena: prima il caos, poi la checklist che sistema tutto. La regola c'e' gia': tu falla lavorare per te.
👉 Iscriviti al corso: Corso privacy destinato ai lavoratori -> https://81plus.net/?corso=corso-privacy-destinato-ai-lavoratori
▶️ YouTube: youtube.com/@sicurissimo
Contenuto informativo. Prima vedi. Poi sistemi. 81plus.net",Corso privacy destinato ai lavoratori,https://81plus.net/?corso=corso-privacy-destinato-ai-lavoratori,#TalesOfSicurix #SICURIX #Metodo81 #81plus #Sicurissimo #Privacy #HACCP #Sicurezza #SicurezzaSulLavoro,SICURIX_TALES_275100_22_16_10_11_21_3_2_6_7_9_25.webp,https://drive.google.com/drive/folders/1hICKXdl9JTZBL1pemG19oE_661z-EH_k,IMG_ERR
77.51.00,PA,O,Sicurezza+Privacy,11,Stress Lavoro-Correlato | Valutazione d'Impatto (DPIA) | Addetto Antincendio | Formazione Generale Lavoratori | Formazione Preposto | RSPP / Datore di Lavoro RSPP | Rappresentante Lavoratori Sicurezza (RLS) | Movimentazione Manuale Carichi | Registro dei Trattamenti | Addetto Primo Soccorso | Uso e Formazione DPI,D.Lgs81/08 art.28 | GDPR art.35 | DM 2/9/2021 | Accordo Stato-Regioni | D.Lgs81/08 art.37 | D.Lgs81/08 art.34 | D.Lgs81/08 art.47 | D.Lgs81/08 Tit.VI | GDPR art.30 | DM 388/2003 | D.Lgs81/08 art.77,"BLINKIX>RUMORIX, FORMIX>RISKIX, CHECKIX>CAOSIX, CHEFIX>FRETTIX, LUXPECTORIX>SEGNALEX, CONSENSIX>SCHIACCIX, CONSENSIX>TAGLIX, CIFRIX>CADUTIX, PRIVACIX>CANCELIX, PREPOSTIX>CAOSIX, LUXPECTORIX>TAGLIX","Crea una PAGINA A FUMETTI a STORIA COMPLETA, verticale A4 (1024x1536), QUALITA' EDITORIALE DA STAMPA, stile ufficiale 'SICURIX TALES' IDENTICO alle immagini di riferimento allegate (stessi personaggi a mattoncini 3D, stessa impaginazione, stessi colori, stesse rese): minifigure espressive, ambientazioni ricche e dettagliate del settore, luci morbide, profondita', bordi vignetta netti. IMPAGINAZIONE OBBLIGATORIA: da 10 a 12 VIGNETTE numerate che raccontano UNA STORIA con arco narrativo completo (1 situazione normale -> 2-4 arrivano i pericoli coi cattivi -> 5-6 tensione/conseguenza -> 7-9 arriva SICURIX con gli eroi e applica il METODO81+ passo per passo -> 10-11 risoluzione ordinata -> 12 finale). HEADER in alto: SICURIX (mantello, medaglione arancione '81+', bussola) che presenta in un fumetto; grande titolo 'SICURIX TALES'; sottotitolo 'PA: Pericolo vs Soluzione con Metodo 81+'; legenda 3 voci (verde Sicurezza, rosso Rischio, blu 81+ Soluzione); fila di EROI coi nomi: BLINKIX, FORMIX, CHECKIX, CHEFIX, LUXPECTORIX, CONSENSIX. FOOTER in basso: grande 'Prima vedi. Poi sistemi.'; banner scudo verde 'PROTEGGIAMO. PREVENIAMO. MIGLIORIAMO.' e triangolo rosso 'DISATTENZIONE. RISCHI. COSTI. CAOS.'; logo '81+' + '81plus.net'. TRAMA (usa questi eventi come vignette; se sono meno di 10 aggiungi vignette di contesto, dialogo e reazione per arrivare a 10-12): 1) RUMORIX causa il pericolo 'Stress' (Stress Lavoro-Correlato); poi BLINKIX+SICURIX applicano il METODO81+; 2) RISKIX causa il pericolo 'DPIA' (Valutazione d'Impatto (DPIA)); poi FORMIX+SICURIX applicano il METODO81+; 3) CAOSIX causa il pericolo 'Emergenze/Incendio' (Addetto Antincendio); poi CHECKIX+SICURIX applicano il METODO81+; 4) FRETTIX causa il pericolo 'Formazione base' (Formazione Generale Lavoratori); poi CHEFIX+SICURIX applicano il METODO81+; 5) SEGNALEX causa il pericolo 'Ruolo/Preposto' (Formazione Preposto); poi LUXPECTORIX+SICURIX applicano il METODO81+; 6) SCHIACCIX causa il pericolo 'Ruolo/RSPP' (RSPP / Datore di Lavoro RSPP); poi CONSENSIX+SICURIX applicano il METODO81+; 7) TAGLIX causa il pericolo 'Ruolo/RLS' (Rappresentante Lavoratori Sicurezza (RLS)); poi CONSENSIX+SICURIX applicano il METODO81+; 8) CADUTIX causa il pericolo 'MMC' (Movimentazione Manuale Carichi); poi CIFRIX+SICURIX applicano il METODO81+; 9) CANCELIX causa il pericolo 'Registro' (Registro dei Trattamenti); poi PRIVACIX+SICURIX applicano il METODO81+; 10) CAOSIX causa il pericolo 'Emergenze/Soccorso' (Addetto Primo Soccorso); poi PREPOSTIX+SICURIX applicano il METODO81+; 11) TAGLIX causa il pericolo 'DPI' (Uso e Formazione DPI); poi LUXPECTORIX+SICURIX applicano il METODO81+. PALETTE BRAND ESCLUSIVA: nero #05050A, bianco panna, arancione #FF6A1A/#E8501A; ROSSO solo per 'PERICOLO', VERDE per la checklist 'Metodo 81+'. Logo '81+' ben visibile in OGNI vignetta. REGOLA STORIA: SICURIX NON agisce mai da solo - in OGNI vignetta di soluzione si fa AIUTARE dai suoi colleghi EROI (lavoro di squadra, ognuno col suo ruolo). TESTO: didascalie e fumetti MOLTO BREVI (1-4 parole), GRANDI, centrati, in ITALIANO con ORTOGRAFIA PERFETTA, senza parole inventate, lettere doppie errate o testo tagliato. CATTIVI (coerenti col canone): RUMORIX, RISKIX, CAOSIX, FRETTIX, SEGNALEX, SCHIACCIX, TAGLIX, CADUTIX, CANCELIX. EROI: BLINKIX, FORMIX, CHECKIX, CHEFIX, LUXPECTORIX, CONSENSIX, CIFRIX, PRIVACIX, PREPOSTIX. NEGATIVE: nessun marchio LEGO reale, nessun personaggio protetto (Asterix ecc.), niente gore/horror, niente claim assoluti ('rischio zero','garantito','zero multe').","In PA non e' 'se' arriva il controllo, e' 'quando'. Sei pronto?","La differenza tra chi in PA dorme sereno e chi trema al controllo

In pa gli adempimenti obbligatori non aspettano: Stress, DPIA, Emergenze/Incendio, Formazione base, Ruolo/Preposto, Ruolo/RSPP, Ruolo/RLS, MMC, Registro, Emergenze/Soccorso, DPI. In questa pagina TALES OF SICURIX il PERICOLO prende forma... e il METODO81+ lo rimette in ordine, passo dopo passo. Immagina la scena: prima il caos, poi la checklist che sistema tutto. La regola c'e' gia': tu falla lavorare per te.
👉 Iscriviti al corso: Rischio stress lavoro correlato -> https://81plus.net/?corso=rischio-stress-lavoro-correlato
▶️ YouTube: youtube.com/@sicurissimo
Contenuto informativo. Prima vedi. Poi sistemi. 81plus.net",Rischio stress lavoro correlato,https://81plus.net/?corso=rischio-stress-lavoro-correlato,#TalesOfSicurix #SICURIX #Metodo81 #81plus #Sicurissimo #Sicurezza #Privacy #SicurezzaSulLavoro,SICURIX_TALES_775100_11_18_7_1_3_5_4_10_13_6_8.webp,https://drive.google.com/drive/folders/1hICKXdl9JTZBL1pemG19oE_661z-EH_k,IMG_ERR
77.31.00,PA,O,Sicurezza+Privacy,10,Formazione Specifica (rischio medio) | Movimentazione Manuale Carichi | RSPP / Datore di Lavoro RSPP | Nomina DPO / RPD | Formazione Generale Lavoratori | Addetto Antincendio | Addetto Primo Soccorso | Rappresentante Lavoratori Sicurezza (RLS) | Valutazione d'Impatto (DPIA) | Nomina Incaricati/Responsabili,Accordo Stato-Regioni | D.Lgs81/08 Tit.VI | D.Lgs81/08 art.34 | GDPR art.37 | DM 2/9/2021 | DM 388/2003 | D.Lgs81/08 art.47 | GDPR art.35 | GDPR art.28-29,"BLINKIX>OBLIVIX, PRIVACIX>IMPROVVISIX, FORMIX>CADUTIX, CONSENSIX>SPYIX, HYGIENIX>OBLIVIX, CONSENSIX>VOLTIX, PREPOSTIX>VOLTIX, CHECKIX>FUMIX, HYGIENIX>CAOSIX, SICURIX>PERMISSIONIX","Crea una PAGINA A FUMETTI a STORIA COMPLETA, verticale A4 (1024x1536), QUALITA' EDITORIALE DA STAMPA, stile ufficiale 'SICURIX TALES' IDENTICO alle immagini di riferimento allegate (stessi personaggi a mattoncini 3D, stessa impaginazione, stessi colori, stesse rese): minifigure espressive, ambientazioni ricche e dettagliate del settore, luci morbide, profondita', bordi vignetta netti. IMPAGINAZIONE OBBLIGATORIA: da 10 a 12 VIGNETTE numerate che raccontano UNA STORIA con arco narrativo completo (1 situazione normale -> 2-4 arrivano i pericoli coi cattivi -> 5-6 tensione/conseguenza -> 7-9 arriva SICURIX con gli eroi e applica il METODO81+ passo per passo -> 10-11 risoluzione ordinata -> 12 finale). HEADER in alto: SICURIX (mantello, medaglione arancione '81+', bussola) che presenta in un fumetto; grande titolo 'SICURIX TALES'; sottotitolo 'PA: Pericolo vs Soluzione con Metodo 81+'; legenda 3 voci (verde Sicurezza, rosso Rischio, blu 81+ Soluzione); fila di EROI coi nomi: BLINKIX, PRIVACIX, FORMIX, CONSENSIX, HYGIENIX, PREPOSTIX. FOOTER in basso: grande 'Prima vedi. Poi sistemi.'; banner scudo verde 'PROTEGGIAMO. PREVENIAMO. MIGLIORIAMO.' e triangolo rosso 'DISATTENZIONE. RISCHI. COSTI. CAOS.'; logo '81+' + '81plus.net'. TRAMA (usa questi eventi come vignette; se sono meno di 10 aggiungi vignette di contesto, dialogo e reazione per arrivare a 10-12): 1) OBLIVIX causa il pericolo 'Formazione specifica' (Formazione Specifica (rischio medio)); poi BLINKIX+SICURIX applicano il METODO81+; 2) IMPROVVISIX causa il pericolo 'MMC' (Movimentazione Manuale Carichi); poi PRIVACIX+SICURIX applicano il METODO81+; 3) CADUTIX causa il pericolo 'Ruolo/RSPP' (RSPP / Datore di Lavoro RSPP); poi FORMIX+SICURIX applicano il METODO81+; 4) SPYIX causa il pericolo 'DPO' (Nomina DPO / RPD); poi CONSENSIX+SICURIX applicano il METODO81+; 5) OBLIVIX causa il pericolo 'Formazione base' (Formazione Generale Lavoratori); poi HYGIENIX+SICURIX applicano il METODO81+; 6) VOLTIX causa il pericolo 'Emergenze/Incendio' (Addetto Antincendio); poi CONSENSIX+SICURIX applicano il METODO81+; 7) VOLTIX causa il pericolo 'Emergenze/Soccorso' (Addetto Primo Soccorso); poi PREPOSTIX+SICURIX applicano il METODO81+; 8) FUMIX causa il pericolo 'Ruolo/RLS' (Rappresentante Lavoratori Sicurezza (RLS)); poi CHECKIX+SICURIX applicano il METODO81+; 9) CAOSIX causa il pericolo 'DPIA' (Valutazione d'Impatto (DPIA)); poi HYGIENIX+SICURIX applicano il METODO81+; 10) PERMISSIONIX causa il pericolo 'Nomine' (Nomina Incaricati/Responsabili); poi SICURIX+SICURIX applicano il METODO81+. PALETTE BRAND ESCLUSIVA: nero #05050A, bianco panna, arancione #FF6A1A/#E8501A; ROSSO solo per 'PERICOLO', VERDE per la checklist 'Metodo 81+'. Logo '81+' ben visibile in OGNI vignetta. REGOLA STORIA: SICURIX NON agisce mai da solo - in OGNI vignetta di soluzione si fa AIUTARE dai suoi colleghi EROI (lavoro di squadra, ognuno col suo ruolo). TESTO: didascalie e fumetti MOLTO BREVI (1-4 parole), GRANDI, centrati, in ITALIANO con ORTOGRAFIA PERFETTA, senza parole inventate, lettere doppie errate o testo tagliato. CATTIVI (coerenti col canone): OBLIVIX, IMPROVVISIX, CADUTIX, SPYIX, VOLTIX, FUMIX, CAOSIX, PERMISSIONIX. EROI: BLINKIX, PRIVACIX, FORMIX, CONSENSIX, HYGIENIX, PREPOSTIX, CHECKIX, SICURIX. NEGATIVE: nessun marchio LEGO reale, nessun personaggio protetto (Asterix ecc.), niente gore/horror, niente claim assoluti ('rischio zero','garantito','zero multe').","In PA non e' 'se' arriva il controllo, e' 'quando'. Sei pronto?","La differenza tra chi in PA dorme sereno e chi trema al controllo

In pa gli adempimenti obbligatori non aspettano: Formazione specifica, MMC, Ruolo/RSPP, DPO, Formazione base, Emergenze/Incendio, Emergenze/Soccorso, Ruolo/RLS, DPIA, Nomine. In questa pagina TALES OF SICURIX il PERICOLO prende forma... e il METODO81+ lo rimette in ordine, passo dopo passo. Immagina la scena: prima il caos, poi la checklist che sistema tutto. Non e' burocrazia: e' la tua tranquillita.
👉 Iscriviti al corso: Corso lavoratore parte GENERALE 4 ore -> https://81plus.net/?corso=corso-lavoratore-parte-generale-4-ore
▶️ YouTube: youtube.com/@sicurissimo
Contenuto informativo. Prima vedi. Poi sistemi. 81plus.net",Corso lavoratore parte GENERALE 4 ore,https://81plus.net/?corso=corso-lavoratore-parte-generale-4-ore,#TalesOfSicurix #SICURIX #Metodo81 #81plus #Sicurissimo #Sicurezza #Privacy #SicurezzaSulLavoro,SICURIX_TALES_773100_2_10_5_17_1_7_6_4_18_14.webp,https://drive.google.com/drive/folders/1hICKXdl9JTZBL1pemG19oE_661z-EH_k,IMG_ERR
68.32.09,Attivita professionali,M,Privacy+Sicurezza,11,Formazione GDPR | Formazione Preposto | Uso e Formazione DPI | Addetto Primo Soccorso | RSPP / Datore di Lavoro RSPP | Documento Valutazione Rischi (DVR) | Rappresentante Lavoratori Sicurezza (RLS) | Informativa e Consensi | Procedura Data Breach | Registro dei Trattamenti | Addetto Antincendio,GDPR art.32 | D.Lgs81/08 art.37 | D.Lgs81/08 art.77 | DM 388/2003 | D.Lgs81/08 art.34 | D.Lgs81/08 art.28 | D.Lgs81/08 art.47 | GDPR art.13 | GDPR art.33-34 | GDPR art.30 | DM 2/9/2021,"BLINKIX>HACKIX, SICURIX>TAGLIX, CHECKIX>IMPROVVISIX, BLINKIX>SCIVOLIX, PRIVACIX>VOLTIX, SCUDIX>SOTTOVALUTIX, ROBOTIX81>FRETTIX, CHECKIX>PERMISSIONIX, BLINKIX>MULTIX, SICURIX>MULTIX, HYGIENIX>SCIVOLIX","Crea una PAGINA A FUMETTI a STORIA COMPLETA, verticale A4 (1024x1536), QUALITA' EDITORIALE DA STAMPA, stile ufficiale 'SICURIX TALES' IDENTICO alle immagini di riferimento allegate (stessi personaggi a mattoncini 3D, stessa impaginazione, stessi colori, stesse rese): minifigure espressive, ambientazioni ricche e dettagliate del settore, luci morbide, profondita', bordi vignetta netti. IMPAGINAZIONE OBBLIGATORIA: da 10 a 12 VIGNETTE numerate che raccontano UNA STORIA con arco narrativo completo (1 situazione normale -> 2-4 arrivano i pericoli coi cattivi -> 5-6 tensione/conseguenza -> 7-9 arriva SICURIX con gli eroi e applica il METODO81+ passo per passo -> 10-11 risoluzione ordinata -> 12 finale). HEADER in alto: SICURIX (mantello, medaglione arancione '81+', bussola) che presenta in un fumetto; grande titolo 'SICURIX TALES'; sottotitolo 'ATTIVITA PROFESSIONALI: Pericolo vs Soluzione con Metodo 81+'; legenda 3 voci (verde Sicurezza, rosso Rischio, blu 81+ Soluzione); fila di EROI coi nomi: BLINKIX, SICURIX, CHECKIX, PRIVACIX, SCUDIX, ROBOTIX81. FOOTER in basso: grande 'Prima vedi. Poi sistemi.'; banner scudo verde 'PROTEGGIAMO. PREVENIAMO. MIGLIORIAMO.' e triangolo rosso 'DISATTENZIONE. RISCHI. COSTI. CAOS.'; logo '81+' + '81plus.net'. TRAMA (usa questi eventi come vignette; se sono meno di 10 aggiungi vignette di contesto, dialogo e reazione per arrivare a 10-12): 1) HACKIX causa il pericolo 'Formazione' (Formazione GDPR); poi BLINKIX+SICURIX applicano il METODO81+; 2) TAGLIX causa il pericolo 'Ruolo/Preposto' (Formazione Preposto); poi SICURIX+SICURIX applicano il METODO81+; 3) IMPROVVISIX causa il pericolo 'DPI' (Uso e Formazione DPI); poi CHECKIX+SICURIX applicano il METODO81+; 4) SCIVOLIX causa il pericolo 'Emergenze/Soccorso' (Addetto Primo Soccorso); poi BLINKIX+SICURIX applicano il METODO81+; 5) VOLTIX causa il pericolo 'Ruolo/RSPP' (RSPP / Datore di Lavoro RSPP); poi PRIVACIX+SICURIX applicano il METODO81+; 6) SOTTOVALUTIX causa il pericolo 'Documento' (Documento Valutazione Rischi (DVR)); poi SCUDIX+SICURIX applicano il METODO81+; 7) FRETTIX causa il pericolo 'Ruolo/RLS' (Rappresentante Lavoratori Sicurezza (RLS)); poi ROBOTIX81+SICURIX applicano il METODO81+; 8) PERMISSIONIX causa il pericolo 'Documento' (Informativa e Consensi); poi CHECKIX+SICURIX applicano il METODO81+; 9) MULTIX causa il pericolo 'Data breach' (Procedura Data Breach); poi BLINKIX+SICURIX applicano il METODO81+; 10) MULTIX causa il pericolo 'Registro' (Registro dei Trattamenti); poi SICURIX+SICURIX applicano il METODO81+; 11) SCIVOLIX causa il pericolo 'Emergenze/Incendio' (Addetto Antincendio); poi HYGIENIX+SICURIX applicano il METODO81+. PALETTE BRAND ESCLUSIVA: nero #05050A, bianco panna, arancione #FF6A1A/#E8501A; ROSSO solo per 'PERICOLO', VERDE per la checklist 'Metodo 81+'. Logo '81+' ben visibile in OGNI vignetta. REGOLA STORIA: SICURIX NON agisce mai da solo - in OGNI vignetta di soluzione si fa AIUTARE dai suoi colleghi EROI (lavoro di squadra, ognuno col suo ruolo). TESTO: didascalie e fumetti MOLTO BREVI (1-4 parole), GRANDI, centrati, in ITALIANO con ORTOGRAFIA PERFETTA, senza parole inventate, lettere doppie errate o testo tagliato. CATTIVI (coerenti col canone): HACKIX, TAGLIX, IMPROVVISIX, SCIVOLIX, VOLTIX, SOTTOVALUTIX, FRETTIX, PERMISSIONIX, MULTIX. EROI: BLINKIX, SICURIX, CHECKIX, PRIVACIX, SCUDIX, ROBOTIX81, HYGIENIX. NEGATIVE: nessun marchio LEGO reale, nessun personaggio protetto (Asterix ecc.), niente gore/horror, niente claim assoluti ('rischio zero','garantito','zero multe').",Quello che l'ispettore controlla per primo in Attivita professionali (e quasi nessuno lo sa),"La differenza tra chi in Attivita professionali dorme sereno e chi trema al controllo

In attivita professionali gli adempimenti obbligatori non aspettano: Formazione, Ruolo/Preposto, DPI, Emergenze/Soccorso, Ruolo/RSPP, Documento, Ruolo/RLS, Data breach, Registro, Emergenze/Incendio. In questa pagina TALES OF SICURIX il PERICOLO prende forma... e il METODO81+ lo rimette in ordine, passo dopo passo. Immagina la scena: prima il caos, poi la checklist che sistema tutto. La regola c'e' gia': tu falla lavorare per te.
👉 Iscriviti al corso: GDPR 2016/679: privacy e trattamento dei dati personali -> https://81plus.net/?corso=gdpr-2016-679-privacy-e-trattamento-dei-dati-personali
▶️ YouTube: youtube.com/@sicurissimo
Contenuto informativo. Prima vedi. Poi sistemi. 81plus.net",GDPR 2016/679: privacy e trattamento dei dati personali,https://81plus.net/?corso=gdpr-2016-679-privacy-e-trattamento-dei-dati-personali,#TalesOfSicurix #SICURIX #Metodo81 #81plus #Sicurissimo #Privacy #Sicurezza #SicurezzaSulLavoro,SICURIX_TALES_683209_12_3_8_6_5_0_4_9_13_10_7.webp,https://drive.google.com/drive/folders/1hICKXdl9JTZBL1pemG19oE_661z-EH_k,IMG_ERR
46.12.02,Commercio,G,Sicurezza+Privacy+HACCP,11,Documento Valutazione Rischi (DVR) | Formazione Generale Lavoratori | Sorveglianza Sanitaria / Medico Competente | Rappresentante Lavoratori Sicurezza (RLS) | Nomina Incaricati/Responsabili | Videosorveglianza a norma | Formazione Specifica (rischio medio) | Rintracciabilita ed Etichettatura | Uso e Formazione DPI | Lotta agli Infestanti (Pest Control) | Procedura Data Breach,D.Lgs81/08 art.28 | Accordo Stato-Regioni | D.Lgs81/08 art.41 | D.Lgs81/08 art.47 | GDPR art.28-29 | Provv.Garante | Reg.CE 178/2002 | D.Lgs81/08 art.77 | Reg.CE 852/2004 | GDPR art.33-34,"CIFRIX>SEGNALEX, SICURIX>OBLIVIX, CIFRIX>RUMORIX, PREPOSTIX>SCIVOLIX, CONSENSIX>SPYIX, FORMIX>PERMISSIONIX, FORMIX>POLVERIX, CIFRIX>CROSSIX, HYGIENIX>SCHIACCIX, SICURIX>TEMPORIX, DOCUMIX>HACKIX","Crea una PAGINA A FUMETTI a STORIA COMPLETA, verticale A4 (1024x1536), QUALITA' EDITORIALE DA STAMPA, stile ufficiale 'SICURIX TALES' IDENTICO alle immagini di riferimento allegate (stessi personaggi a mattoncini 3D, stessa impaginazione, stessi colori, stesse rese): minifigure espressive, ambientazioni ricche e dettagliate del settore, luci morbide, profondita', bordi vignetta netti. IMPAGINAZIONE OBBLIGATORIA: da 10 a 12 VIGNETTE numerate che raccontano UNA STORIA con arco narrativo completo (1 situazione normale -> 2-4 arrivano i pericoli coi cattivi -> 5-6 tensione/conseguenza -> 7-9 arriva SICURIX con gli eroi e applica il METODO81+ passo per passo -> 10-11 risoluzione ordinata -> 12 finale). HEADER in alto: SICURIX (mantello, medaglione arancione '81+', bussola) che presenta in un fumetto; grande titolo 'SICURIX TALES'; sottotitolo 'COMMERCIO: Pericolo vs Soluzione con Metodo 81+'; legenda 3 voci (verde Sicurezza, rosso Rischio, blu 81+ Soluzione); fila di EROI coi nomi: CIFRIX, SICURIX, PREPOSTIX, CONSENSIX, FORMIX, HYGIENIX. FOOTER in basso: grande 'Prima vedi. Poi sistemi.'; banner scudo verde 'PROTEGGIAMO. PREVENIAMO. MIGLIORIAMO.' e triangolo rosso 'DISATTENZIONE. RISCHI. COSTI. CAOS.'; logo '81+' + '81plus.net'. TRAMA (usa questi eventi come vignette; se sono meno di 10 aggiungi vignette di contesto, dialogo e reazione per arrivare a 10-12): 1) SEGNALEX causa il pericolo 'Documento' (Documento Valutazione Rischi (DVR)); poi CIFRIX+SICURIX applicano il METODO81+; 2) OBLIVIX causa il pericolo 'Formazione base' (Formazione Generale Lavoratori); poi SICURIX+SICURIX applicano il METODO81+; 3) RUMORIX causa il pericolo 'Sorveglianza sanitaria' (Sorveglianza Sanitaria / Medico Competente); poi CIFRIX+SICURIX applicano il METODO81+; 4) SCIVOLIX causa il pericolo 'Ruolo/RLS' (Rappresentante Lavoratori Sicurezza (RLS)); poi PREPOSTIX+SICURIX applicano il METODO81+; 5) SPYIX causa il pericolo 'Nomine' (Nomina Incaricati/Responsabili); poi CONSENSIX+SICURIX applicano il METODO81+; 6) PERMISSIONIX causa il pericolo 'Videosorveglianza' (Videosorveglianza a norma); poi FORMIX+SICURIX applicano il METODO81+; 7) POLVERIX causa il pericolo 'Formazione specifica' (Formazione Specifica (rischio medio)); poi FORMIX+SICURIX applicano il METODO81+; 8) CROSSIX causa il pericolo 'Rintracciabilita' (Rintracciabilita ed Etichettatura); poi CIFRIX+SICURIX applicano il METODO81+; 9) SCHIACCIX causa il pericolo 'DPI' (Uso e Formazione DPI); poi HYGIENIX+SICURIX applicano il METODO81+; 10) TEMPORIX causa il pericolo 'Infestanti' (Lotta agli Infestanti (Pest Control)); poi SICURIX+SICURIX applicano il METODO81+; 11) HACKIX causa il pericolo 'Data breach' (Procedura Data Breach); poi DOCUMIX+SICURIX applicano il METODO81+. PALETTE BRAND ESCLUSIVA: nero #05050A, bianco panna, arancione #FF6A1A/#E8501A; ROSSO solo per 'PERICOLO', VERDE per la checklist 'Metodo 81+'. Logo '81+' ben visibile in OGNI vignetta. REGOLA STORIA: SICURIX NON agisce mai da solo - in OGNI vignetta di soluzione si fa AIUTARE dai suoi colleghi EROI (lavoro di squadra, ognuno col suo ruolo). TESTO: didascalie e fumetti MOLTO BREVI (1-4 parole), GRANDI, centrati, in ITALIANO con ORTOGRAFIA PERFETTA, senza parole inventate, lettere doppie errate o testo tagliato. CATTIVI (coerenti col canone): SEGNALEX, OBLIVIX, RUMORIX, SCIVOLIX, SPYIX, PERMISSIONIX, POLVERIX, CROSSIX, SCHIACCIX, TEMPORIX, HACKIX. EROI: CIFRIX, SICURIX, PREPOSTIX, CONSENSIX, FORMIX, HYGIENIX, DOCUMIX. NEGATIVE: nessun marchio LEGO reale, nessun personaggio protetto (Asterix ecc.), niente gore/horror, niente claim assoluti ('rischio zero','garantito','zero multe').",In Commercio c'e' un obbligo che in tanti scoprono solo con la sanzione,"Commercio: 3 minuti oggi o un problema enorme domani. Scegli tu.

In commercio gli adempimenti obbligatori non aspettano: Documento, Formazione base, Sorveglianza sanitaria, Ruolo/RLS, Nomine, Videosorveglianza, Formazione specifica, Rintracciabilita, DPI, Infestanti, Data breach. In questa pagina TALES OF SICURIX il PERICOLO prende forma... e il METODO81+ lo rimette in ordine, passo dopo passo. Immagina la scena: prima il caos, poi la checklist che sistema tutto. Chi si mette in regola prima, dorme meglio dopo.
👉 Iscriviti al corso: Corso lavoratore parte GENERALE 4 ore -> https://81plus.net/?corso=corso-lavoratore-parte-generale-4-ore
▶️ YouTube: youtube.com/@sicurissimo
Contenuto informativo. Prima vedi. Poi sistemi. 81plus.net",Corso lavoratore parte GENERALE 4 ore,https://81plus.net/?corso=corso-lavoratore-parte-generale-4-ore,#TalesOfSicurix #SICURIX #Metodo81 #81plus #Sicurissimo #Sicurezza #Privacy #HACCP #SicurezzaSulLavoro,SICURIX_TALES_461202_0_1_9_4_21_24_2_15_8_17_23.webp,https://drive.google.com/drive/folders/1hICKXdl9JTZBL1pemG19oE_661z-EH_k,IMG_ERR
73.11.03,Servizi alle imprese,N,Sicurezza+Privacy,11,Addetto Primo Soccorso | Addetto Antincendio | RSPP / Datore di Lavoro RSPP | Informativa e Consensi | Nomina Incaricati/Responsabili | Formazione Preposto | Procedura Data Breach | Formazione Specifica (rischio basso) | Formazione GDPR | Uso e Formazione DPI | Formazione Generale Lavoratori,DM 388/2003 | DM 2/9/2021 | D.Lgs81/08 art.34 | GDPR art.13 | GDPR art.28-29 | D.Lgs81/08 art.37 | GDPR art.33-34 | Accordo Stato-Regioni | GDPR art.32 | D.Lgs81/08 art.77,"CONSENSIX>CADUTIX, DOCUMIX>BIOXIX, CIFRIX>CADUTIX, PRIVACIX>MULTIX, CONSENSIX>RISKIX, CIFRIX>RISKIX, LUXPECTORIX>CANCELIX, FORMIX>ØTIX, CHEFIX>FRETTIX, PRIVACIX>ØTIX, FORMIX>RISKIX","Crea una PAGINA A FUMETTI a STORIA COMPLETA, verticale A4 (1024x1536), QUALITA' EDITORIALE DA STAMPA, stile ufficiale 'SICURIX TALES' IDENTICO alle immagini di riferimento allegate (stessi personaggi a mattoncini 3D, stessa impaginazione, stessi colori, stesse rese): minifigure espressive, ambientazioni ricche e dettagliate del settore, luci morbide, profondita', bordi vignetta netti. IMPAGINAZIONE OBBLIGATORIA: da 10 a 12 VIGNETTE numerate che raccontano UNA STORIA con arco narrativo completo (1 situazione normale -> 2-4 arrivano i pericoli coi cattivi -> 5-6 tensione/conseguenza -> 7-9 arriva SICURIX con gli eroi e applica il METODO81+ passo per passo -> 10-11 risoluzione ordinata -> 12 finale). HEADER in alto: SICURIX (mantello, medaglione arancione '81+', bussola) che presenta in un fumetto; grande titolo 'SICURIX TALES'; sottotitolo 'SERVIZI ALLE IMPRESE: Pericolo vs Soluzione con Metodo 81+'; legenda 3 voci (verde Sicurezza, rosso Rischio, blu 81+ Soluzione); fila di EROI coi nomi: CONSENSIX, DOCUMIX, CIFRIX, PRIVACIX, LUXPECTORIX, FORMIX. FOOTER in basso: grande 'Prima vedi. Poi sistemi.'; banner scudo verde 'PROTEGGIAMO. PREVENIAMO. MIGLIORIAMO.' e triangolo rosso 'DISATTENZIONE. RISCHI. COSTI. CAOS.'; logo '81+' + '81plus.net'. TRAMA (usa questi eventi come vignette; se sono meno di 10 aggiungi vignette di contesto, dialogo e reazione per arrivare a 10-12): 1) CADUTIX causa il pericolo 'Emergenze/Soccorso' (Addetto Primo Soccorso); poi CONSENSIX+SICURIX applicano il METODO81+; 2) BIOXIX causa il pericolo 'Emergenze/Incendio' (Addetto Antincendio); poi DOCUMIX+SICURIX applicano il METODO81+; 3) CADUTIX causa il pericolo 'Ruolo/RSPP' (RSPP / Datore di Lavoro RSPP); poi CIFRIX+SICURIX applicano il METODO81+; 4) MULTIX causa il pericolo 'Documento' (Informativa e Consensi); poi PRIVACIX+SICURIX applicano il METODO81+; 5) RISKIX causa il pericolo 'Nomine' (Nomina Incaricati/Responsabili); poi CONSENSIX+SICURIX applicano il METODO81+; 6) RISKIX causa il pericolo 'Ruolo/Preposto' (Formazione Preposto); poi CIFRIX+SICURIX applicano il METODO81+; 7) CANCELIX causa il pericolo 'Data breach' (Procedura Data Breach); poi LUXPECTORIX+SICURIX applicano il METODO81+; 8) ØTIX causa il pericolo 'Formazione specifica' (Formazione Specifica (rischio basso)); poi FORMIX+SICURIX applicano il METODO81+; 9) FRETTIX causa il pericolo 'Formazione' (Formazione GDPR); poi CHEFIX+SICURIX applicano il METODO81+; 10) ØTIX causa il pericolo 'DPI' (Uso e Formazione DPI); poi PRIVACIX+SICURIX applicano il METODO81+; 11) RISKIX causa il pericolo 'Formazione base' (Formazione Generale Lavoratori); poi FORMIX+SICURIX applicano il METODO81+. PALETTE BRAND ESCLUSIVA: nero #05050A, bianco panna, arancione #FF6A1A/#E8501A; ROSSO solo per 'PERICOLO', VERDE per la checklist 'Metodo 81+'. Logo '81+' ben visibile in OGNI vignetta. REGOLA STORIA: SICURIX NON agisce mai da solo - in OGNI vignetta di soluzione si fa AIUTARE dai suoi colleghi EROI (lavoro di squadra, ognuno col suo ruolo). TESTO: didascalie e fumetti MOLTO BREVI (1-4 parole), GRANDI, centrati, in ITALIANO con ORTOGRAFIA PERFETTA, senza parole inventate, lettere doppie errate o testo tagliato. CATTIVI (coerenti col canone): CADUTIX, BIOXIX, MULTIX, RISKIX, CANCELIX, ØTIX, FRETTIX. EROI: CONSENSIX, DOCUMIX, CIFRIX, PRIVACIX, LUXPECTORIX, FORMIX, CHEFIX. NEGATIVE: nessun marchio LEGO reale, nessun personaggio protetto (Asterix ecc.), niente gore/horror, niente claim assoluti ('rischio zero','garantito','zero multe').",Servizi alle imprese: 3 minuti oggi o un problema enorme domani. Scegli tu.,"La differenza tra chi in Servizi alle imprese dorme sereno e chi trema al controllo

In servizi alle imprese gli adempimenti obbligatori non aspettano: Emergenze/Soccorso, Emergenze/Incendio, Ruolo/RSPP, Documento, Nomine, Ruolo/Preposto, Data breach, Formazione specifica, Formazione, DPI, Formazione base. In questa pagina TALES OF SICURIX il PERICOLO prende forma... e il METODO81+ lo rimette in ordine, passo dopo passo. Immagina la scena: prima il caos, poi la checklist che sistema tutto. Chi si mette in regola prima, dorme meglio dopo.
👉 Iscriviti al corso: Corso Primo Soccorso (A-B-C) -> https://81plus.net/?corso=corso-primo-soccorso-a-b-c
▶️ YouTube: youtube.com/@sicurissimo
Contenuto informativo. Prima vedi. Poi sistemi. 81plus.net",Corso Primo Soccorso (A-B-C),https://81plus.net/?corso=corso-primo-soccorso-a-b-c,#TalesOfSicurix #SICURIX #Metodo81 #81plus #Sicurissimo #Sicurezza #Privacy #SicurezzaSulLavoro,SICURIX_TALES_731103_6_7_5_9_11_3_13_2_12_8_1.webp,https://drive.google.com/drive/folders/1hICKXdl9JTZBL1pemG19oE_661z-EH_k,IMG_ERR
60.31.00,ICT/Informazione,J,Sicurezza+Privacy,12,Formazione Specifica (rischio basso) | Formazione Generale Lavoratori | Procedura Data Breach | Formazione Preposto | Registro dei Trattamenti | Documento Valutazione Rischi (DVR) | RSPP / Datore di Lavoro RSPP | Nomina Incaricati/Responsabili | Informativa e Consensi | Uso e Formazione DPI | Rappresentante Lavoratori Sicurezza (RLS) | Addetto Antincendio,Accordo Stato-Regioni | GDPR art.33-34 | D.Lgs81/08 art.37 | GDPR art.30 | D.Lgs81/08 art.28 | D.Lgs81/08 art.34 | GDPR art.28-29 | GDPR art.13 | D.Lgs81/08 art.77 | D.Lgs81/08 art.47 | DM 2/9/2021,"SCUDIX>SOTTOVALUTIX, PREPOSTIX>MULTIX, PREPOSTIX>FRETTIX, SCUDIX>POLVERIX, CONSENSIX>FRETTIX, PREPOSTIX>RISKIX, SICURIX>FRETTIX, FORMIX>IMPROVVISIX, DOCUMIX>OBLIVIX, PRIVACIX>SOTTOVALUTIX, CONSENSIX>SCHIACCIX, ROBOTIX81>SCIVOLIX","Crea una PAGINA A FUMETTI a STORIA COMPLETA, verticale A4 (1024x1536), QUALITA' EDITORIALE DA STAMPA, stile ufficiale 'SICURIX TALES' IDENTICO alle immagini di riferimento allegate (stessi personaggi a mattoncini 3D, stessa impaginazione, stessi colori, stesse rese): minifigure espressive, ambientazioni ricche e dettagliate del settore, luci morbide, profondita', bordi vignetta netti. IMPAGINAZIONE OBBLIGATORIA: da 10 a 12 VIGNETTE numerate che raccontano UNA STORIA con arco narrativo completo (1 situazione normale -> 2-4 arrivano i pericoli coi cattivi -> 5-6 tensione/conseguenza -> 7-9 arriva SICURIX con gli eroi e applica il METODO81+ passo per passo -> 10-11 risoluzione ordinata -> 12 finale). HEADER in alto: SICURIX (mantello, medaglione arancione '81+', bussola) che presenta in un fumetto; grande titolo 'SICURIX TALES'; sottotitolo 'ICT/INFORMAZIONE: Pericolo vs Soluzione con Metodo 81+'; legenda 3 voci (verde Sicurezza, rosso Rischio, blu 81+ Soluzione); fila di EROI coi nomi: SCUDIX, PREPOSTIX, CONSENSIX, SICURIX, FORMIX, DOCUMIX. FOOTER in basso: grande 'Prima vedi. Poi sistemi.'; banner scudo verde 'PROTEGGIAMO. PREVENIAMO. MIGLIORIAMO.' e triangolo rosso 'DISATTENZIONE. RISCHI. COSTI. CAOS.'; logo '81+' + '81plus.net'. TRAMA (usa questi eventi come vignette; se sono meno di 10 aggiungi vignette di contesto, dialogo e reazione per arrivare a 10-12): 1) SOTTOVALUTIX causa il pericolo 'Formazione specifica' (Formazione Specifica (rischio basso)); poi SCUDIX+SICURIX applicano il METODO81+; 2) MULTIX causa il pericolo 'Formazione base' (Formazione Generale Lavoratori); poi PREPOSTIX+SICURIX applicano il METODO81+; 3) FRETTIX causa il pericolo 'Data breach' (Procedura Data Breach); poi PREPOSTIX+SICURIX applicano il METODO81+; 4) POLVERIX causa il pericolo 'Ruolo/Preposto' (Formazione Preposto); poi SCUDIX+SICURIX applicano il METODO81+; 5) FRETTIX causa il pericolo 'Registro' (Registro dei Trattamenti); poi CONSENSIX+SICURIX applicano il METODO81+; 6) RISKIX causa il pericolo 'Documento' (Documento Valutazione Rischi (DVR)); poi PREPOSTIX+SICURIX applicano il METODO81+; 7) FRETTIX causa il pericolo 'Ruolo/RSPP' (RSPP / Datore di Lavoro RSPP); poi SICURIX+SICURIX applicano il METODO81+; 8) IMPROVVISIX causa il pericolo 'Nomine' (Nomina Incaricati/Responsabili); poi FORMIX+SICURIX applicano il METODO81+; 9) OBLIVIX causa il pericolo 'Documento' (Informativa e Consensi); poi DOCUMIX+SICURIX applicano il METODO81+; 10) SOTTOVALUTIX causa il pericolo 'DPI' (Uso e Formazione DPI); poi PRIVACIX+SICURIX applicano il METODO81+; 11) SCHIACCIX causa il pericolo 'Ruolo/RLS' (Rappresentante Lavoratori Sicurezza (RLS)); poi CONSENSIX+SICURIX applicano il METODO81+; 12) SCIVOLIX causa il pericolo 'Emergenze/Incendio' (Addetto Antincendio); poi ROBOTIX81+SICURIX applicano il METODO81+. PALETTE BRAND ESCLUSIVA: nero #05050A, bianco panna, arancione #FF6A1A/#E8501A; ROSSO solo per 'PERICOLO', VERDE per la checklist 'Metodo 81+'. Logo '81+' ben visibile in OGNI vignetta. REGOLA STORIA: SICURIX NON agisce mai da solo - in OGNI vignetta di soluzione si fa AIUTARE dai suoi colleghi EROI (lavoro di squadra, ognuno col suo ruolo). TESTO: didascalie e fumetti MOLTO BREVI (1-4 parole), GRANDI, centrati, in ITALIANO con ORTOGRAFIA PERFETTA, senza parole inventate, lettere doppie errate o testo tagliato. CATTIVI (coerenti col canone): SOTTOVALUTIX, MULTIX, FRETTIX, POLVERIX, RISKIX, IMPROVVISIX, OBLIVIX, SCHIACCIX, SCIVOLIX. EROI: SCUDIX, PREPOSTIX, CONSENSIX, SICURIX, FORMIX, DOCUMIX, PRIVACIX, ROBOTIX81. NEGATIVE: nessun marchio LEGO reale, nessun personaggio protetto (Asterix ecc.), niente gore/horror, niente claim assoluti ('rischio zero','garantito','zero multe').",La differenza tra chi in ICT/Informazione dorme sereno e chi trema al controllo,"La differenza tra chi in ICT/Informazione dorme sereno e chi trema al controllo

In ict/informazione gli adempimenti obbligatori non aspettano: Formazione specifica, Formazione base, Data breach, Ruolo/Preposto, Registro, Documento, Ruolo/RSPP, Nomine, DPI, Ruolo/RLS, Emergenze/Incendio. In questa pagina TALES OF SICURIX il PERICOLO prende forma... e il METODO81+ lo rimette in ordine, passo dopo passo. Immagina la scena: prima il caos, poi la checklist che sistema tutto. Chi si mette in regola prima, dorme meglio dopo.
👉 Iscriviti al corso: Corso lavoratore parte GENERALE 4 ore -> https://81plus.net/?corso=corso-lavoratore-parte-generale-4-ore
▶️ YouTube: youtube.com/@sicurissimo
Contenuto informativo. Prima vedi. Poi sistemi. 81plus.net",Corso lavoratore parte GENERALE 4 ore,https://81plus.net/?corso=corso-lavoratore-parte-generale-4-ore,#TalesOfSicurix #SICURIX #Metodo81 #81plus #Sicurissimo #Sicurezza #Privacy #SicurezzaSulLavoro,SICURIX_TALES_603100_2_1_13_3_10_0_5_11_9_8_4_7.webp,https://drive.google.com/drive/folders/1hICKXdl9JTZBL1pemG19oE_661z-EH_k,IMG_ERR
80.01.11,PA,O,Sicurezza+Privacy,10,Stress Lavoro-Correlato | Movimentazione Manuale Carichi | Documento Valutazione Rischi (DVR) | Rappresentante Lavoratori Sicurezza (RLS) | Valutazione d'Impatto (DPIA) | Uso e Formazione DPI | Nomina Incaricati/Responsabili | Procedura Data Breach | Registro dei Trattamenti | Addetto Antincendio,D.Lgs81/08 art.28 | D.Lgs81/08 Tit.VI | D.Lgs81/08 art.47 | GDPR art.35 | D.Lgs81/08 art.77 | GDPR art.28-29 | GDPR art.33-34 | GDPR art.30 | DM 2/9/2021,"LUXPECTORIX>SEGNALEX, CONSENSIX>TAGLIX, SCUDIX>FUMIX, LUXPECTORIX>NONDPIX, CHEFIX>PHISHIX, TRACCIX>NONDPIX, HYGIENIX>SPYIX, CIFRIX>PHISHIX, PREPOSTIX>HACKIX, SICURIX>CADUTIX","Crea una PAGINA A FUMETTI a STORIA COMPLETA, verticale A4 (1024x1536), QUALITA' EDITORIALE DA STAMPA, stile ufficiale 'SICURIX TALES' IDENTICO alle immagini di riferimento allegate (stessi personaggi a mattoncini 3D, stessa impaginazione, stessi colori, stesse rese): minifigure espressive, ambientazioni ricche e dettagliate del settore, luci morbide, profondita', bordi vignetta netti. IMPAGINAZIONE OBBLIGATORIA: da 10 a 12 VIGNETTE numerate che raccontano UNA STORIA con arco narrativo completo (1 situazione normale -> 2-4 arrivano i pericoli coi cattivi -> 5-6 tensione/conseguenza -> 7-9 arriva SICURIX con gli eroi e applica il METODO81+ passo per passo -> 10-11 risoluzione ordinata -> 12 finale). HEADER in alto: SICURIX (mantello, medaglione arancione '81+', bussola) che presenta in un fumetto; grande titolo 'SICURIX TALES'; sottotitolo 'PA: Pericolo vs Soluzione con Metodo 81+'; legenda 3 voci (verde Sicurezza, rosso Rischio, blu 81+ Soluzione); fila di EROI coi nomi: LUXPECTORIX, CONSENSIX, SCUDIX, CHEFIX, TRACCIX, HYGIENIX. FOOTER in basso: grande 'Prima vedi. Poi sistemi.'; banner scudo verde 'PROTEGGIAMO. PREVENIAMO. MIGLIORIAMO.' e triangolo rosso 'DISATTENZIONE. RISCHI. COSTI. CAOS.'; logo '81+' + '81plus.net'. TRAMA (usa questi eventi come vignette; se sono meno di 10 aggiungi vignette di contesto, dialogo e reazione per arrivare a 10-12): 1) SEGNALEX causa il pericolo 'Stress' (Stress Lavoro-Correlato); poi LUXPECTORIX+SICURIX applicano il METODO81+; 2) TAGLIX causa il pericolo 'MMC' (Movimentazione Manuale Carichi); poi CONSENSIX+SICURIX applicano il METODO81+; 3) FUMIX causa il pericolo 'Documento' (Documento Valutazione Rischi (DVR)); poi SCUDIX+SICURIX applicano il METODO81+; 4) NONDPIX causa il pericolo 'Ruolo/RLS' (Rappresentante Lavoratori Sicurezza (RLS)); poi LUXPECTORIX+SICURIX applicano il METODO81+; 5) PHISHIX causa il pericolo 'DPIA' (Valutazione d'Impatto (DPIA)); poi CHEFIX+SICURIX applicano il METODO81+; 6) NONDPIX causa il pericolo 'DPI' (Uso e Formazione DPI); poi TRACCIX+SICURIX applicano il METODO81+; 7) SPYIX causa il pericolo 'Nomine' (Nomina Incaricati/Responsabili); poi HYGIENIX+SICURIX applicano il METODO81+; 8) PHISHIX causa il pericolo 'Data breach' (Procedura Data Breach); poi CIFRIX+SICURIX applicano il METODO81+; 9) HACKIX causa il pericolo 'Registro' (Registro dei Trattamenti); poi PREPOSTIX+SICURIX applicano il METODO81+; 10) CADUTIX causa il pericolo 'Emergenze/Incendio' (Addetto Antincendio); poi SICURIX+SICURIX applicano il METODO81+. PALETTE BRAND ESCLUSIVA: nero #05050A, bianco panna, arancione #FF6A1A/#E8501A; ROSSO solo per 'PERICOLO', VERDE per la checklist 'Metodo 81+'. Logo '81+' ben visibile in OGNI vignetta. REGOLA STORIA: SICURIX NON agisce mai da solo - in OGNI vignetta di soluzione si fa AIUTARE dai suoi colleghi EROI (lavoro di squadra, ognuno col suo ruolo). TESTO: didascalie e fumetti MOLTO BREVI (1-4 parole), GRANDI, centrati, in ITALIANO con ORTOGRAFIA PERFETTA, senza parole inventate, lettere doppie errate o testo tagliato. CATTIVI (coerenti col canone): SEGNALEX, TAGLIX, FUMIX, NONDPIX, PHISHIX, SPYIX, HACKIX, CADUTIX. EROI: LUXPECTORIX, CONSENSIX, SCUDIX, CHEFIX, TRACCIX, HYGIENIX, CIFRIX, PREPOSTIX, SICURIX. NEGATIVE: nessun marchio LEGO reale, nessun personaggio protetto (Asterix ecc.), niente gore/horror, niente claim assoluti ('rischio zero','garantito','zero multe').",PA: 3 minuti oggi o un problema enorme domani. Scegli tu.,"PA: 3 minuti oggi o un problema enorme domani. Scegli tu.

In pa gli adempimenti obbligatori non aspettano: Stress, MMC, Documento, Ruolo/RLS, DPIA, DPI, Nomine, Data breach, Registro, Emergenze/Incendio. In questa pagina TALES OF SICURIX il PERICOLO prende forma... e il METODO81+ lo rimette in ordine, passo dopo passo. Immagina la scena: prima il caos, poi la checklist che sistema tutto. Mettere ordine ora costa poco. Rimediare dopo costa caro.
👉 Iscriviti al corso: Rischio stress lavoro correlato -> https://81plus.net/?corso=rischio-stress-lavoro-correlato
▶️ YouTube: youtube.com/@sicurissimo
Contenuto informativo. Prima vedi. Poi sistemi. 81plus.net",Rischio stress lavoro correlato,https://81plus.net/?corso=rischio-stress-lavoro-correlato,#TalesOfSicurix #SICURIX #Metodo81 #81plus #Sicurissimo #Sicurezza #Privacy #SicurezzaSulLavoro,SICURIX_TALES_800111_11_10_0_4_18_8_14_16_13_7.webp,https://drive.google.com/drive/folders/1hICKXdl9JTZBL1pemG19oE_661z-EH_k,IMG_ERR
28.96.00,Manifattura,C,Ambientale+Sicurezza+Privacy+HACCP,10,Formazione Ambientale | Formazione Preposto | Formazione GDPR | Corso Alimentarista | Lotta agli Infestanti (Pest Control) | Documento Valutazione Rischi (DVR) | Addetto Primo Soccorso | Gestione Allergeni | Uso e Formazione DPI | Informativa e Consensi,D.Lgs152/06 | D.Lgs81/08 art.37 | GDPR art.32 | Reg.CE 852/2004 | D.Lgs81/08 art.28 | DM 388/2003 | Reg.UE 1169/2011 | D.Lgs81/08 art.77 | GDPR art.13,"LUXPECTORIX>MULTIX, BLINKIX>POLVERIX, FORMIX>PERMISSIONIX, SCUDIX>SCADUTIX, PREPOSTIX>SPORCKIX, CHECKIX>SCHIACCIX, SCUDIX>SCIVOLIX, SICURIX>SCADUTIX, ROBOTIX81>MULTIX, DOCUMIX>LEAKIX","Crea una PAGINA A FUMETTI a STORIA COMPLETA, verticale A4 (1024x1536), QUALITA' EDITORIALE DA STAMPA, stile ufficiale 'SICURIX TALES' IDENTICO alle immagini di riferimento allegate (stessi personaggi a mattoncini 3D, stessa impaginazione, stessi colori, stesse rese): minifigure espressive, ambientazioni ricche e dettagliate del settore, luci morbide, profondita', bordi vignetta netti. IMPAGINAZIONE OBBLIGATORIA: da 10 a 12 VIGNETTE numerate che raccontano UNA STORIA con arco narrativo completo (1 situazione normale -> 2-4 arrivano i pericoli coi cattivi -> 5-6 tensione/conseguenza -> 7-9 arriva SICURIX con gli eroi e applica il METODO81+ passo per passo -> 10-11 risoluzione ordinata -> 12 finale). HEADER in alto: SICURIX (mantello, medaglione arancione '81+', bussola) che presenta in un fumetto; grande titolo 'SICURIX TALES'; sottotitolo 'MANIFATTURA: Pericolo vs Soluzione con Metodo 81+'; legenda 3 voci (verde Sicurezza, rosso Rischio, blu 81+ Soluzione); fila di EROI coi nomi: LUXPECTORIX, BLINKIX, FORMIX, SCUDIX, PREPOSTIX, CHECKIX. FOOTER in basso: grande 'Prima vedi. Poi sistemi.'; banner scudo verde 'PROTEGGIAMO. PREVENIAMO. MIGLIORIAMO.' e triangolo rosso 'DISATTENZIONE. RISCHI. COSTI. CAOS.'; logo '81+' + '81plus.net'. TRAMA (usa questi eventi come vignette; se sono meno di 10 aggiungi vignette di contesto, dialogo e reazione per arrivare a 10-12): 1) MULTIX causa il pericolo 'Formazione' (Formazione Ambientale); poi LUXPECTORIX+SICURIX applicano il METODO81+; 2) POLVERIX causa il pericolo 'Ruolo/Preposto' (Formazione Preposto); poi BLINKIX+SICURIX applicano il METODO81+; 3) PERMISSIONIX causa il pericolo 'Formazione' (Formazione GDPR); poi FORMIX+SICURIX applicano il METODO81+; 4) SCADUTIX causa il pericolo 'Corso' (Corso Alimentarista); poi SCUDIX+SICURIX applicano il METODO81+; 5) SPORCKIX causa il pericolo 'Infestanti' (Lotta agli Infestanti (Pest Control)); poi PREPOSTIX+SICURIX applicano il METODO81+; 6) SCHIACCIX causa il pericolo 'Documento' (Documento Valutazione Rischi (DVR)); poi CHECKIX+SICURIX applicano il METODO81+; 7) SCIVOLIX causa il pericolo 'Emergenze/Soccorso' (Addetto Primo Soccorso); poi SCUDIX+SICURIX applicano il METODO81+; 8) SCADUTIX causa il pericolo 'Allergeni' (Gestione Allergeni); poi SICURIX+SICURIX applicano il METODO81+; 9) MULTIX causa il pericolo 'DPI' (Uso e Formazione DPI); poi ROBOTIX81+SICURIX applicano il METODO81+; 10) LEAKIX causa il pericolo 'Documento' (Informativa e Consensi); poi DOCUMIX+SICURIX applicano il METODO81+. PALETTE BRAND ESCLUSIVA: nero #05050A, bianco panna, arancione #FF6A1A/#E8501A; ROSSO solo per 'PERICOLO', VERDE per la checklist 'Metodo 81+'. Logo '81+' ben visibile in OGNI vignetta. REGOLA STORIA: SICURIX NON agisce mai da solo - in OGNI vignetta di soluzione si fa AIUTARE dai suoi colleghi EROI (lavoro di squadra, ognuno col suo ruolo). TESTO: didascalie e fumetti MOLTO BREVI (1-4 parole), GRANDI, centrati, in ITALIANO con ORTOGRAFIA PERFETTA, senza parole inventate, lettere doppie errate o testo tagliato. CATTIVI (coerenti col canone): MULTIX, POLVERIX, PERMISSIONIX, SCADUTIX, SPORCKIX, SCHIACCIX, SCIVOLIX, LEAKIX. EROI: LUXPECTORIX, BLINKIX, FORMIX, SCUDIX, PREPOSTIX, CHECKIX, SICURIX, ROBOTIX81, DOCUMIX. NEGATIVE: nessun marchio LEGO reale, nessun personaggio protetto (Asterix ecc.), niente gore/horror, niente claim assoluti ('rischio zero','garantito','zero multe').",Manifattura: 3 minuti oggi o un problema enorme domani. Scegli tu.,"Manifattura: 3 minuti oggi o un problema enorme domani. Scegli tu.

In manifattura gli adempimenti obbligatori non aspettano: Formazione, Ruolo/Preposto, Corso, Infestanti, Documento, Emergenze/Soccorso, Allergeni, DPI. In questa pagina TALES OF SICURIX il PERICOLO prende forma... e il METODO81+ lo rimette in ordine, passo dopo passo. Immagina la scena: prima il caos, poi la checklist che sistema tutto. Non e' burocrazia: e' la tua tranquillita.
👉 Iscriviti al corso: Preposto incaricato alla gestione ambientale nei cantieri - 16 ore -> https://81plus.net/?corso=preposto-incaricato-alla-gestione-ambientale-nei-cantieri-16
▶️ YouTube: youtube.com/@sicurissimo
Contenuto informativo. Prima vedi. Poi sistemi. 81plus.net",Preposto incaricato alla gestione ambientale nei cantieri - 16 ore,https://81plus.net/?corso=preposto-incaricato-alla-gestione-ambientale-nei-cantieri-16,#TalesOfSicurix #SICURIX #Metodo81 #81plus #Sicurissimo #Ambientale #Sicurezza #Privacy #HACCP #SicurezzaSulLavoro,SICURIX_TALES_289600_28_3_25_16_20_0_6_21_8_22.webp,https://drive.google.com/drive/folders/1hICKXdl9JTZBL1pemG19oE_661z-EH_k,IMG_ERR
93.29.91,Altri servizi,S,HACCP+Sicurezza+Privacy,10,Corso Alimentarista | Manuale HACCP di Autocontrollo | RSPP / Datore di Lavoro RSPP | Sorveglianza Sanitaria / Medico Competente | Registro dei Trattamenti | Rintracciabilita ed Etichettatura | Informativa e Consensi | Addetto Antincendio | Gestione Allergeni | Addetto Primo Soccorso,Reg.CE 852/2004 | D.Lgs81/08 art.34 | D.Lgs81/08 art.41 | GDPR art.30 | Reg.CE 178/2002 | GDPR art.13 | DM 2/9/2021 | Reg.UE 1169/2011 | DM 388/2003,"HYGIENIX>DOSAGIX, HYGIENIX>SPORCKIX, PRIVACIX>FUMIX, PRIVACIX>MULTIX, FORMIX>CAOSIX, ROBOTIX81>CAOSIX, HYGIENIX>CANCELIX, CIFRIX>CHIMIKIX, DOCUMIX>IMPROVVISIX, CIFRIX>SCHIACCIX","Crea una PAGINA A FUMETTI a STORIA COMPLETA, verticale A4 (1024x1536), QUALITA' EDITORIALE DA STAMPA, stile ufficiale 'SICURIX TALES' IDENTICO alle immagini di riferimento allegate (stessi personaggi a mattoncini 3D, stessa impaginazione, stessi colori, stesse rese): minifigure espressive, ambientazioni ricche e dettagliate del settore, luci morbide, profondita', bordi vignetta netti. IMPAGINAZIONE OBBLIGATORIA: da 10 a 12 VIGNETTE numerate che raccontano UNA STORIA con arco narrativo completo (1 situazione normale -> 2-4 arrivano i pericoli coi cattivi -> 5-6 tensione/conseguenza -> 7-9 arriva SICURIX con gli eroi e applica il METODO81+ passo per passo -> 10-11 risoluzione ordinata -> 12 finale). HEADER in alto: SICURIX (mantello, medaglione arancione '81+', bussola) che presenta in un fumetto; grande titolo 'SICURIX TALES'; sottotitolo 'ALTRI SERVIZI: Pericolo vs Soluzione con Metodo 81+'; legenda 3 voci (verde Sicurezza, rosso Rischio, blu 81+ Soluzione); fila di EROI coi nomi: HYGIENIX, PRIVACIX, FORMIX, ROBOTIX81, CIFRIX, DOCUMIX. FOOTER in basso: grande 'Prima vedi. Poi sistemi.'; banner scudo verde 'PROTEGGIAMO. PREVENIAMO. MIGLIORIAMO.' e triangolo rosso 'DISATTENZIONE. RISCHI. COSTI. CAOS.'; logo '81+' + '81plus.net'. TRAMA (usa questi eventi come vignette; se sono meno di 10 aggiungi vignette di contesto, dialogo e reazione per arrivare a 10-12): 1) DOSAGIX causa il pericolo 'Corso' (Corso Alimentarista); poi HYGIENIX+SICURIX applicano il METODO81+; 2) SPORCKIX causa il pericolo 'Documento' (Manuale HACCP di Autocontrollo); poi HYGIENIX+SICURIX applicano il METODO81+; 3) FUMIX causa il pericolo 'Ruolo/RSPP' (RSPP / Datore di Lavoro RSPP); poi PRIVACIX+SICURIX applicano il METODO81+; 4) MULTIX causa il pericolo 'Sorveglianza sanitaria' (Sorveglianza Sanitaria / Medico Competente); poi PRIVACIX+SICURIX applicano il METODO81+; 5) CAOSIX causa il pericolo 'Registro' (Registro dei Trattamenti); poi FORMIX+SICURIX applicano il METODO81+; 6) CAOSIX causa il pericolo 'Rintracciabilita' (Rintracciabilita ed Etichettatura); poi ROBOTIX81+SICURIX applicano il METODO81+; 7) CANCELIX causa il pericolo 'Documento' (Informativa e Consensi); poi HYGIENIX+SICURIX applicano il METODO81+; 8) CHIMIKIX causa il pericolo 'Emergenze/Incendio' (Addetto Antincendio); poi CIFRIX+SICURIX applicano il METODO81+; 9) IMPROVVISIX causa il pericolo 'Allergeni' (Gestione Allergeni); poi DOCUMIX+SICURIX applicano il METODO81+; 10) SCHIACCIX causa il pericolo 'Emergenze/Soccorso' (Addetto Primo Soccorso); poi CIFRIX+SICURIX applicano il METODO81+. PALETTE BRAND ESCLUSIVA: nero #05050A, bianco panna, arancione #FF6A1A/#E8501A; ROSSO solo per 'PERICOLO', VERDE per la checklist 'Metodo 81+'. Logo '81+' ben visibile in OGNI vignetta. REGOLA STORIA: SICURIX NON agisce mai da solo - in OGNI vignetta di soluzione si fa AIUTARE dai suoi colleghi EROI (lavoro di squadra, ognuno col suo ruolo). TESTO: didascalie e fumetti MOLTO BREVI (1-4 parole), GRANDI, centrati, in ITALIANO con ORTOGRAFIA PERFETTA, senza parole inventate, lettere doppie errate o testo tagliato. CATTIVI (coerenti col canone): DOSAGIX, SPORCKIX, FUMIX, MULTIX, CAOSIX, CANCELIX, CHIMIKIX, IMPROVVISIX, SCHIACCIX. EROI: HYGIENIX, PRIVACIX, FORMIX, ROBOTIX81, CIFRIX, DOCUMIX. NEGATIVE: nessun marchio LEGO reale, nessun personaggio protetto (Asterix ecc.), niente gore/horror, niente claim assoluti ('rischio zero','garantito','zero multe').","In Altri servizi non e' 'se' arriva il controllo, e' 'quando'. Sei pronto?","La differenza tra chi in Altri servizi dorme sereno e chi trema al controllo

In altri servizi gli adempimenti obbligatori non aspettano: Corso, Documento, Ruolo/RSPP, Sorveglianza sanitaria, Registro, Rintracciabilita, Emergenze/Incendio, Allergeni, Emergenze/Soccorso. In questa pagina TALES OF SICURIX il PERICOLO prende forma... e il METODO81+ lo rimette in ordine, passo dopo passo. Immagina la scena: prima il caos, poi la checklist che sistema tutto. Mettere ordine ora costa poco. Rimediare dopo costa caro.
👉 Iscriviti al corso: Haccp - Corso responsabile industria alimentare -> https://81plus.net/?corso=haccp-corso-responsabile-industria-alimentare
▶️ YouTube: youtube.com/@sicurissimo
Contenuto informativo. Prima vedi. Poi sistemi. 81plus.net",Haccp - Corso responsabile industria alimentare,https://81plus.net/?corso=haccp-corso-responsabile-industria-alimentare,#TalesOfSicurix #SICURIX #Metodo81 #81plus #Sicurissimo #HACCP #Sicurezza #Privacy #SicurezzaSulLavoro,SICURIX_TALES_932991_13_12_5_9_20_15_19_7_18_6.webp,https://drive.google.com/drive/folders/1hICKXdl9JTZBL1pemG19oE_661z-EH_k,IMG_ERR
46.32.12,Commercio,G,Sicurezza+HACCP+Privacy,10,Addetto Antincendio | Manuale HACCP di Autocontrollo | Stress Lavoro-Correlato | Uso e Formazione DPI | Nomina Incaricati/Responsabili | Addetto Primo Soccorso | Formazione GDPR | Documento Valutazione Rischi (DVR) | Gestione Allergeni | Formazione Generale Lavoratori,DM 2/9/2021 | Reg.CE 852/2004 | D.Lgs81/08 art.28 | D.Lgs81/08 art.77 | GDPR art.28-29 | DM 388/2003 | GDPR art.32 | Reg.UE 1169/2011 | Accordo Stato-Regioni,"BLINKIX>VOLTIX, LUXPECTORIX>CROSSIX, TRACCIX>BIOXIX, CONSENSIX>CADUTIX, CHEFIX>HACKIX, CHEFIX>OBLIVIX, CIFRIX>PERMISSIONIX, PRIVACIX>FUMIX, PREPOSTIX>FRETTIX, PREPOSTIX>CADUTIX","Crea una PAGINA A FUMETTI a STORIA COMPLETA, verticale A4 (1024x1536), QUALITA' EDITORIALE DA STAMPA, stile ufficiale 'SICURIX TALES' IDENTICO alle immagini di riferimento allegate (stessi personaggi a mattoncini 3D, stessa impaginazione, stessi colori, stesse rese): minifigure espressive, ambientazioni ricche e dettagliate del settore, luci morbide, profondita', bordi vignetta netti. IMPAGINAZIONE OBBLIGATORIA: da 10 a 12 VIGNETTE numerate che raccontano UNA STORIA con arco narrativo completo (1 situazione normale -> 2-4 arrivano i pericoli coi cattivi -> 5-6 tensione/conseguenza -> 7-9 arriva SICURIX con gli eroi e applica il METODO81+ passo per passo -> 10-11 risoluzione ordinata -> 12 finale). HEADER in alto: SICURIX (mantello, medaglione arancione '81+', bussola) che presenta in un fumetto; grande titolo 'SICURIX TALES'; sottotitolo 'COMMERCIO: Pericolo vs Soluzione con Metodo 81+'; legenda 3 voci (verde Sicurezza, rosso Rischio, blu 81+ Soluzione); fila di EROI coi nomi: BLINKIX, LUXPECTORIX, TRACCIX, CONSENSIX, CHEFIX, CIFRIX. FOOTER in basso: grande 'Prima vedi. Poi sistemi.'; banner scudo verde 'PROTEGGIAMO. PREVENIAMO. MIGLIORIAMO.' e triangolo rosso 'DISATTENZIONE. RISCHI. COSTI. CAOS.'; logo '81+' + '81plus.net'. TRAMA (usa questi eventi come vignette; se sono meno di 10 aggiungi vignette di contesto, dialogo e reazione per arrivare a 10-12): 1) VOLTIX causa il pericolo 'Emergenze/Incendio' (Addetto Antincendio); poi BLINKIX+SICURIX applicano il METODO81+; 2) CROSSIX causa il pericolo 'Documento' (Manuale HACCP di Autocontrollo); poi LUXPECTORIX+SICURIX applicano il METODO81+; 3) BIOXIX causa il pericolo 'Stress' (Stress Lavoro-Correlato); poi TRACCIX+SICURIX applicano il METODO81+; 4) CADUTIX causa il pericolo 'DPI' (Uso e Formazione DPI); poi CONSENSIX+SICURIX applicano il METODO81+; 5) HACKIX causa il pericolo 'Nomine' (Nomina Incaricati/Responsabili); poi CHEFIX+SICURIX applicano il METODO81+; 6) OBLIVIX causa il pericolo 'Emergenze/Soccorso' (Addetto Primo Soccorso); poi CHEFIX+SICURIX applicano il METODO81+; 7) PERMISSIONIX causa il pericolo 'Formazione' (Formazione GDPR); poi CIFRIX+SICURIX applicano il METODO81+; 8) FUMIX causa il pericolo 'Documento' (Documento Valutazione Rischi (DVR)); poi PRIVACIX+SICURIX applicano il METODO81+; 9) FRETTIX causa il pericolo 'Allergeni' (Gestione Allergeni); poi PREPOSTIX+SICURIX applicano il METODO81+; 10) CADUTIX causa il pericolo 'Formazione base' (Formazione Generale Lavoratori); poi PREPOSTIX+SICURIX applicano il METODO81+. PALETTE BRAND ESCLUSIVA: nero #05050A, bianco panna, arancione #FF6A1A/#E8501A; ROSSO solo per 'PERICOLO', VERDE per la checklist 'Metodo 81+'. Logo '81+' ben visibile in OGNI vignetta. REGOLA STORIA: SICURIX NON agisce mai da solo - in OGNI vignetta di soluzione si fa AIUTARE dai suoi colleghi EROI (lavoro di squadra, ognuno col suo ruolo). TESTO: didascalie e fumetti MOLTO BREVI (1-4 parole), GRANDI, centrati, in ITALIANO con ORTOGRAFIA PERFETTA, senza parole inventate, lettere doppie errate o testo tagliato. CATTIVI (coerenti col canone): VOLTIX, CROSSIX, BIOXIX, CADUTIX, HACKIX, OBLIVIX, PERMISSIONIX, FUMIX, FRETTIX. EROI: BLINKIX, LUXPECTORIX, TRACCIX, CONSENSIX, CHEFIX, CIFRIX, PRIVACIX, PREPOSTIX. NEGATIVE: nessun marchio LEGO reale, nessun personaggio protetto (Asterix ecc.), niente gore/horror, niente claim assoluti ('rischio zero','garantito','zero multe').","In Commercio non e' 'se' arriva il controllo, e' 'quando'. Sei pronto?","In Commercio non e' 'se' arriva il controllo, e' 'quando'. Sei pronto?

In commercio gli adempimenti obbligatori non aspettano: Emergenze/Incendio, Documento, Stress, DPI, Nomine, Emergenze/Soccorso, Formazione, Allergeni, Formazione base. In questa pagina TALES OF SICURIX il PERICOLO prende forma... e il METODO81+ lo rimette in ordine, passo dopo passo. Immagina la scena: prima il caos, poi la checklist che sistema tutto. La regola c'e' gia': tu falla lavorare per te.
👉 Iscriviti al corso: Corso antincendio livello 1 -> https://81plus.net/?corso=corso-antincendio-livello-1
▶️ YouTube: youtube.com/@sicurissimo
Contenuto informativo. Prima vedi. Poi sistemi. 81plus.net",Corso antincendio livello 1,https://81plus.net/?corso=corso-antincendio-livello-1,#TalesOfSicurix #SICURIX #Metodo81 #81plus #Sicurissimo #Sicurezza #HACCP #Privacy #SicurezzaSulLavoro,SICURIX_TALES_463212_7_12_11_8_21_6_22_0_18_1.webp,https://drive.google.com/drive/folders/1hICKXdl9JTZBL1pemG19oE_661z-EH_k,IMG_ERR
93.29.20,Altri servizi,S,Privacy+Sicurezza+HACCP,11,Formazione GDPR | Uso e Formazione DPI | Manuale HACCP di Autocontrollo | Movimentazione Manuale Carichi | Stress Lavoro-Correlato | Rappresentante Lavoratori Sicurezza (RLS) | Corso Alimentarista | Formazione Preposto | Lotta agli Infestanti (Pest Control) | Registro dei Trattamenti | Sorveglianza Sanitaria / Medico Competente,GDPR art.32 | D.Lgs81/08 art.77 | Reg.CE 852/2004 | D.Lgs81/08 Tit.VI | D.Lgs81/08 art.28 | D.Lgs81/08 art.47 | D.Lgs81/08 art.37 | GDPR art.30 | D.Lgs81/08 art.41,"SICURIX>FRETTIX, DOCUMIX>BIOXIX, BLINKIX>ACQUAIX, HYGIENIX>RISKIX, CONSENSIX>BIOXIX, LUXPECTORIX>POLVERIX, CONSENSIX>TEMPORIX, FORMIX>SCHIACCIX, LUXPECTORIX>FRETTIX, PRIVACIX>FRETTIX, CONSENSIX>TAGLIX","Crea una PAGINA A FUMETTI a STORIA COMPLETA, verticale A4 (1024x1536), QUALITA' EDITORIALE DA STAMPA, stile ufficiale 'SICURIX TALES' IDENTICO alle immagini di riferimento allegate (stessi personaggi a mattoncini 3D, stessa impaginazione, stessi colori, stesse rese): minifigure espressive, ambientazioni ricche e dettagliate del settore, luci morbide, profondita', bordi vignetta netti. IMPAGINAZIONE OBBLIGATORIA: da 10 a 12 VIGNETTE numerate che raccontano UNA STORIA con arco narrativo completo (1 situazione normale -> 2-4 arrivano i pericoli coi cattivi -> 5-6 tensione/conseguenza -> 7-9 arriva SICURIX con gli eroi e applica il METODO81+ passo per passo -> 10-11 risoluzione ordinata -> 12 finale). HEADER in alto: SICURIX (mantello, medaglione arancione '81+', bussola) che presenta in un fumetto; grande titolo 'SICURIX TALES'; sottotitolo 'ALTRI SERVIZI: Pericolo vs Soluzione con Metodo 81+'; legenda 3 voci (verde Sicurezza, rosso Rischio, blu 81+ Soluzione); fila di EROI coi nomi: SICURIX, DOCUMIX, BLINKIX, HYGIENIX, CONSENSIX, LUXPECTORIX. FOOTER in basso: grande 'Prima vedi. Poi sistemi.'; banner scudo verde 'PROTEGGIAMO. PREVENIAMO. MIGLIORIAMO.' e triangolo rosso 'DISATTENZIONE. RISCHI. COSTI. CAOS.'; logo '81+' + '81plus.net'. TRAMA (usa questi eventi come vignette; se sono meno di 10 aggiungi vignette di contesto, dialogo e reazione per arrivare a 10-12): 1) FRETTIX causa il pericolo 'Formazione' (Formazione GDPR); poi SICURIX+SICURIX applicano il METODO81+; 2) BIOXIX causa il pericolo 'DPI' (Uso e Formazione DPI); poi DOCUMIX+SICURIX applicano il METODO81+; 3) ACQUAIX causa il pericolo 'Documento' (Manuale HACCP di Autocontrollo); poi BLINKIX+SICURIX applicano il METODO81+; 4) RISKIX causa il pericolo 'MMC' (Movimentazione Manuale Carichi); poi HYGIENIX+SICURIX applicano il METODO81+; 5) BIOXIX causa il pericolo 'Stress' (Stress Lavoro-Correlato); poi CONSENSIX+SICURIX applicano il METODO81+; 6) POLVERIX causa il pericolo 'Ruolo/RLS' (Rappresentante Lavoratori Sicurezza (RLS)); poi LUXPECTORIX+SICURIX applicano il METODO81+; 7) TEMPORIX causa il pericolo 'Corso' (Corso Alimentarista); poi CONSENSIX+SICURIX applicano il METODO81+; 8) SCHIACCIX causa il pericolo 'Ruolo/Preposto' (Formazione Preposto); poi FORMIX+SICURIX applicano il METODO81+; 9) FRETTIX causa il pericolo 'Infestanti' (Lotta agli Infestanti (Pest Control)); poi LUXPECTORIX+SICURIX applicano il METODO81+; 10) FRETTIX causa il pericolo 'Registro' (Registro dei Trattamenti); poi PRIVACIX+SICURIX applicano il METODO81+; 11) TAGLIX causa il pericolo 'Sorveglianza sanitaria' (Sorveglianza Sanitaria / Medico Competente); poi CONSENSIX+SICURIX applicano il METODO81+. PALETTE BRAND ESCLUSIVA: nero #05050A, bianco panna, arancione #FF6A1A/#E8501A; ROSSO solo per 'PERICOLO', VERDE per la checklist 'Metodo 81+'. Logo '81+' ben visibile in OGNI vignetta. REGOLA STORIA: SICURIX NON agisce mai da solo - in OGNI vignetta di soluzione si fa AIUTARE dai suoi colleghi EROI (lavoro di squadra, ognuno col suo ruolo). TESTO: didascalie e fumetti MOLTO BREVI (1-4 parole), GRANDI, centrati, in ITALIANO con ORTOGRAFIA PERFETTA, senza parole inventate, lettere doppie errate o testo tagliato. CATTIVI (coerenti col canone): FRETTIX, BIOXIX, ACQUAIX, RISKIX, POLVERIX, TEMPORIX, SCHIACCIX, TAGLIX. EROI: SICURIX, DOCUMIX, BLINKIX, HYGIENIX, CONSENSIX, LUXPECTORIX, FORMIX, PRIVACIX. NEGATIVE: nessun marchio LEGO reale, nessun personaggio protetto (Asterix ecc.), niente gore/horror, niente claim assoluti ('rischio zero','garantito','zero multe').",In Altri servizi c'e' un obbligo che in tanti scoprono solo con la sanzione,"La differenza tra chi in Altri servizi dorme sereno e chi trema al controllo

In altri servizi gli adempimenti obbligatori non aspettano: Formazione, DPI, Documento, MMC, Stress, Ruolo/RLS, Corso, Ruolo/Preposto, Infestanti, Registro, Sorveglianza sanitaria. In questa pagina TALES OF SICURIX il PERICOLO prende forma... e il METODO81+ lo rimette in ordine, passo dopo passo. Immagina la scena: prima il caos, poi la checklist che sistema tutto. Mettere ordine ora costa poco. Rimediare dopo costa caro.
👉 Iscriviti al corso: GDPR 2016/679: privacy e trattamento dei dati personali -> https://81plus.net/?corso=gdpr-2016-679-privacy-e-trattamento-dei-dati-personali
▶️ YouTube: youtube.com/@sicurissimo
Contenuto informativo. Prima vedi. Poi sistemi. 81plus.net",GDPR 2016/679: privacy e trattamento dei dati personali,https://81plus.net/?corso=gdpr-2016-679-privacy-e-trattamento-dei-dati-personali,#TalesOfSicurix #SICURIX #Metodo81 #81plus #Sicurissimo #Privacy #Sicurezza #HACCP #SicurezzaSulLavoro,SICURIX_TALES_932920_22_8_12_10_11_4_13_3_17_20_9.webp,https://drive.google.com/drive/folders/1hICKXdl9JTZBL1pemG19oE_661z-EH_k,IMG_ERR
91.11.00,Altri servizi,S,Sicurezza+HACCP+Privacy,10,Uso e Formazione DPI | Lotta agli Infestanti (Pest Control) | Addetto Antincendio | Manuale HACCP di Autocontrollo | RSPP / Datore di Lavoro RSPP | Gestione Allergeni | Rappresentante Lavoratori Sicurezza (RLS) | Documento Valutazione Rischi (DVR) | Movimentazione Manuale Carichi | Registro dei Trattamenti,D.Lgs81/08 art.77 | Reg.CE 852/2004 | DM 2/9/2021 | D.Lgs81/08 art.34 | Reg.UE 1169/2011 | D.Lgs81/08 art.47 | D.Lgs81/08 art.28 | D.Lgs81/08 Tit.VI | GDPR art.30,"SCUDIX>CAOSIX, HYGIENIX>OBLIVIX, DOCUMIX>VOLTIX, FORMIX>MESCOLIX, ROBOTIX81>TAGLIX, HYGIENIX>MESCOLIX, HYGIENIX>NONDPIX, LUXPECTORIX>ØTIX, ROBOTIX81>FRETTIX, PRIVACIX>IMPROVVISIX","Crea una PAGINA A FUMETTI a STORIA COMPLETA, verticale A4 (1024x1536), QUALITA' EDITORIALE DA STAMPA, stile ufficiale 'SICURIX TALES' IDENTICO alle immagini di riferimento allegate (stessi personaggi a mattoncini 3D, stessa impaginazione, stessi colori, stesse rese): minifigure espressive, ambientazioni ricche e dettagliate del settore, luci morbide, profondita', bordi vignetta netti. IMPAGINAZIONE OBBLIGATORIA: da 10 a 12 VIGNETTE numerate che raccontano UNA STORIA con arco narrativo completo (1 situazione normale -> 2-4 arrivano i pericoli coi cattivi -> 5-6 tensione/conseguenza -> 7-9 arriva SICURIX con gli eroi e applica il METODO81+ passo per passo -> 10-11 risoluzione ordinata -> 12 finale). HEADER in alto: SICURIX (mantello, medaglione arancione '81+', bussola) che presenta in un fumetto; grande titolo 'SICURIX TALES'; sottotitolo 'ALTRI SERVIZI: Pericolo vs Soluzione con Metodo 81+'; legenda 3 voci (verde Sicurezza, rosso Rischio, blu 81+ Soluzione); fila di EROI coi nomi: SCUDIX, HYGIENIX, DOCUMIX, FORMIX, ROBOTIX81, LUXPECTORIX. FOOTER in basso: grande 'Prima vedi. Poi sistemi.'; banner scudo verde 'PROTEGGIAMO. PREVENIAMO. MIGLIORIAMO.' e triangolo rosso 'DISATTENZIONE. RISCHI. COSTI. CAOS.'; logo '81+' + '81plus.net'. TRAMA (usa questi eventi come vignette; se sono meno di 10 aggiungi vignette di contesto, dialogo e reazione per arrivare a 10-12): 1) CAOSIX causa il pericolo 'DPI' (Uso e Formazione DPI); poi SCUDIX+SICURIX applicano il METODO81+; 2) OBLIVIX causa il pericolo 'Infestanti' (Lotta agli Infestanti (Pest Control)); poi HYGIENIX+SICURIX applicano il METODO81+; 3) VOLTIX causa il pericolo 'Emergenze/Incendio' (Addetto Antincendio); poi DOCUMIX+SICURIX applicano il METODO81+; 4) MESCOLIX causa il pericolo 'Documento' (Manuale HACCP di Autocontrollo); poi FORMIX+SICURIX applicano il METODO81+; 5) TAGLIX causa il pericolo 'Ruolo/RSPP' (RSPP / Datore di Lavoro RSPP); poi ROBOTIX81+SICURIX applicano il METODO81+; 6) MESCOLIX causa il pericolo 'Allergeni' (Gestione Allergeni); poi HYGIENIX+SICURIX applicano il METODO81+; 7) NONDPIX causa il pericolo 'Ruolo/RLS' (Rappresentante Lavoratori Sicurezza (RLS)); poi HYGIENIX+SICURIX applicano il METODO81+; 8) ØTIX causa il pericolo 'Documento' (Documento Valutazione Rischi (DVR)); poi LUXPECTORIX+SICURIX applicano il METODO81+; 9) FRETTIX causa il pericolo 'MMC' (Movimentazione Manuale Carichi); poi ROBOTIX81+SICURIX applicano il METODO81+; 10) IMPROVVISIX causa il pericolo 'Registro' (Registro dei Trattamenti); poi PRIVACIX+SICURIX applicano il METODO81+. PALETTE BRAND ESCLUSIVA: nero #05050A, bianco panna, arancione #FF6A1A/#E8501A; ROSSO solo per 'PERICOLO', VERDE per la checklist 'Metodo 81+'. Logo '81+' ben visibile in OGNI vignetta. REGOLA STORIA: SICURIX NON agisce mai da solo - in OGNI vignetta di soluzione si fa AIUTARE dai suoi colleghi EROI (lavoro di squadra, ognuno col suo ruolo). TESTO: didascalie e fumetti MOLTO BREVI (1-4 parole), GRANDI, centrati, in ITALIANO con ORTOGRAFIA PERFETTA, senza parole inventate, lettere doppie errate o testo tagliato. CATTIVI (coerenti col canone): CAOSIX, OBLIVIX, VOLTIX, MESCOLIX, TAGLIX, NONDPIX, ØTIX, FRETTIX, IMPROVVISIX. EROI: SCUDIX, HYGIENIX, DOCUMIX, FORMIX, ROBOTIX81, LUXPECTORIX, PRIVACIX. NEGATIVE: nessun marchio LEGO reale, nessun personaggio protetto (Asterix ecc.), niente gore/horror, niente claim assoluti ('rischio zero','garantito','zero multe').",In Altri servizi c'e' un obbligo che in tanti scoprono solo con la sanzione,"Altri servizi: 3 minuti oggi o un problema enorme domani. Scegli tu.

In altri servizi gli adempimenti obbligatori non aspettano: DPI, Infestanti, Emergenze/Incendio, Documento, Ruolo/RSPP, Allergeni, Ruolo/RLS, MMC, Registro. In questa pagina TALES OF SICURIX il PERICOLO prende forma... e il METODO81+ lo rimette in ordine, passo dopo passo. Immagina la scena: prima il caos, poi la checklist che sistema tutto. Mettere ordine ora costa poco. Rimediare dopo costa caro.
👉 Iscriviti al corso: Corso Lavori in Quota e DPI Anticaduta -> https://81plus.net/?corso=corso-lavori-in-quota-e-dpi-anticaduta
▶️ YouTube: youtube.com/@sicurissimo
Contenuto informativo. Prima vedi. Poi sistemi. 81plus.net",Corso Lavori in Quota e DPI Anticaduta,https://81plus.net/?corso=corso-lavori-in-quota-e-dpi-anticaduta,#TalesOfSicurix #SICURIX #Metodo81 #81plus #Sicurissimo #Sicurezza #HACCP #Privacy #SicurezzaSulLavoro,SICURIX_TALES_911100_8_17_7_12_5_18_4_0_10_20.webp,https://drive.google.com/drive/folders/1hICKXdl9JTZBL1pemG19oE_661z-EH_k,IMG_ERR
47.52.31,Commercio,G,Privacy+HACCP+Sicurezza,11,Formazione GDPR | Videosorveglianza a norma | Piano di Sanificazione | Sorveglianza Sanitaria / Medico Competente | Uso e Formazione DPI | Addetto Antincendio | Rintracciabilita ed Etichettatura | Formazione Preposto | Formazione Specifica (rischio medio) | Addetto Primo Soccorso | Gestione Allergeni,GDPR art.32 | Provv.Garante | Reg.CE 852/2004 | D.Lgs81/08 art.41 | D.Lgs81/08 art.77 | DM 2/9/2021 | Reg.CE 178/2002 | D.Lgs81/08 art.37 | Accordo Stato-Regioni | DM 388/2003 | Reg.UE 1169/2011,"PRIVACIX>HACKIX, SICURIX>CANCELIX, TRACCIX>FRETTIX, CIFRIX>VOLTIX, ROBOTIX81>OBLIVIX, ROBOTIX81>FRETTIX, TRACCIX>SCADUTIX, ROBOTIX81>SOTTOVALUTIX, DOCUMIX>SEGNALEX, BLINKIX>SEGNALEX, PREPOSTIX>RISKIX","Crea una PAGINA A FUMETTI a STORIA COMPLETA, verticale A4 (1024x1536), QUALITA' EDITORIALE DA STAMPA, stile ufficiale 'SICURIX TALES' IDENTICO alle immagini di riferimento allegate (stessi personaggi a mattoncini 3D, stessa impaginazione, stessi colori, stesse rese): minifigure espressive, ambientazioni ricche e dettagliate del settore, luci morbide, profondita', bordi vignetta netti. IMPAGINAZIONE OBBLIGATORIA: da 10 a 12 VIGNETTE numerate che raccontano UNA STORIA con arco narrativo completo (1 situazione normale -> 2-4 arrivano i pericoli coi cattivi -> 5-6 tensione/conseguenza -> 7-9 arriva SICURIX con gli eroi e applica il METODO81+ passo per passo -> 10-11 risoluzione ordinata -> 12 finale). HEADER in alto: SICURIX (mantello, medaglione arancione '81+', bussola) che presenta in un fumetto; grande titolo 'SICURIX TALES'; sottotitolo 'COMMERCIO: Pericolo vs Soluzione con Metodo 81+'; legenda 3 voci (verde Sicurezza, rosso Rischio, blu 81+ Soluzione); fila di EROI coi nomi: PRIVACIX, SICURIX, TRACCIX, CIFRIX, ROBOTIX81, DOCUMIX. FOOTER in basso: grande 'Prima vedi. Poi sistemi.'; banner scudo verde 'PROTEGGIAMO. PREVENIAMO. MIGLIORIAMO.' e triangolo rosso 'DISATTENZIONE. RISCHI. COSTI. CAOS.'; logo '81+' + '81plus.net'. TRAMA (usa questi eventi come vignette; se sono meno di 10 aggiungi vignette di contesto, dialogo e reazione per arrivare a 10-12): 1) HACKIX causa il pericolo 'Formazione' (Formazione GDPR); poi PRIVACIX+SICURIX applicano il METODO81+; 2) CANCELIX causa il pericolo 'Videosorveglianza' (Videosorveglianza a norma); poi SICURIX+SICURIX applicano il METODO81+; 3) FRETTIX causa il pericolo 'Sanificazione' (Piano di Sanificazione); poi TRACCIX+SICURIX applicano il METODO81+; 4) VOLTIX causa il pericolo 'Sorveglianza sanitaria' (Sorveglianza Sanitaria / Medico Competente); poi CIFRIX+SICURIX applicano il METODO81+; 5) OBLIVIX causa il pericolo 'DPI' (Uso e Formazione DPI); poi ROBOTIX81+SICURIX applicano il METODO81+; 6) FRETTIX causa il pericolo 'Emergenze/Incendio' (Addetto Antincendio); poi ROBOTIX81+SICURIX applicano il METODO81+; 7) SCADUTIX causa il pericolo 'Rintracciabilita' (Rintracciabilita ed Etichettatura); poi TRACCIX+SICURIX applicano il METODO81+; 8) SOTTOVALUTIX causa il pericolo 'Ruolo/Preposto' (Formazione Preposto); poi ROBOTIX81+SICURIX applicano il METODO81+; 9) SEGNALEX causa il pericolo 'Formazione specifica' (Formazione Specifica (rischio medio)); poi DOCUMIX+SICURIX applicano il METODO81+; 10) SEGNALEX causa il pericolo 'Emergenze/Soccorso' (Addetto Primo Soccorso); poi BLINKIX+SICURIX applicano il METODO81+; 11) RISKIX causa il pericolo 'Allergeni' (Gestione Allergeni); poi PREPOSTIX+SICURIX applicano il METODO81+. PALETTE BRAND ESCLUSIVA: nero #05050A, bianco panna, arancione #FF6A1A/#E8501A; ROSSO solo per 'PERICOLO', VERDE per la checklist 'Metodo 81+'. Logo '81+' ben visibile in OGNI vignetta. REGOLA STORIA: SICURIX NON agisce mai da solo - in OGNI vignetta di soluzione si fa AIUTARE dai suoi colleghi EROI (lavoro di squadra, ognuno col suo ruolo). TESTO: didascalie e fumetti MOLTO BREVI (1-4 parole), GRANDI, centrati, in ITALIANO con ORTOGRAFIA PERFETTA, senza parole inventate, lettere doppie errate o testo tagliato. CATTIVI (coerenti col canone): HACKIX, CANCELIX, FRETTIX, VOLTIX, OBLIVIX, SCADUTIX, SOTTOVALUTIX, SEGNALEX, RISKIX. EROI: PRIVACIX, SICURIX, TRACCIX, CIFRIX, ROBOTIX81, DOCUMIX, BLINKIX, PREPOSTIX. NEGATIVE: nessun marchio LEGO reale, nessun personaggio protetto (Asterix ecc.), niente gore/horror, niente claim assoluti ('rischio zero','garantito','zero multe').",In Commercio c'e' un obbligo che in tanti scoprono solo con la sanzione,"In Commercio non e' 'se' arriva il controllo, e' 'quando'. Sei pronto?

In commercio gli adempimenti obbligatori non aspettano: Formazione, Videosorveglianza, Sanificazione, Sorveglianza sanitaria, DPI, Emergenze/Incendio, Rintracciabilita, Ruolo/Preposto, Formazione specifica, Emergenze/Soccorso, Allergeni. In questa pagina TALES OF SICURIX il PERICOLO prende forma... e il METODO81+ lo rimette in ordine, passo dopo passo. Immagina la scena: prima il caos, poi la checklist che sistema tutto. Chi si mette in regola prima, dorme meglio dopo.
👉 Iscriviti al corso: GDPR 2016/679: privacy e trattamento dei dati personali -> https://81plus.net/?corso=gdpr-2016-679-privacy-e-trattamento-dei-dati-personali
▶️ YouTube: youtube.com/@sicurissimo
Contenuto informativo. Prima vedi. Poi sistemi. 81plus.net",GDPR 2016/679: privacy e trattamento dei dati personali,https://81plus.net/?corso=gdpr-2016-679-privacy-e-trattamento-dei-dati-personali,#TalesOfSicurix #SICURIX #Metodo81 #81plus #Sicurissimo #Privacy #HACCP #Sicurezza #SicurezzaSulLavoro,SICURIX_TALES_475231_22_24_14_9_8_7_15_3_2_6_18.webp,https://drive.google.com/drive/folders/1hICKXdl9JTZBL1pemG19oE_661z-EH_k,IMG_ERR
01.22.00,Agricoltura,A,Sicurezza+Privacy+HACCP,10,Rappresentante Lavoratori Sicurezza (RLS) | Trattori e Macchine Agricole | Informativa e Consensi | Rischio Rumore | Formazione Preposto | RSPP / Datore di Lavoro RSPP | Rintracciabilita ed Etichettatura | Addetto Primo Soccorso | Stress Lavoro-Correlato | Formazione Specifica (rischio alto),D.Lgs81/08 art.47 | Accordo Stato-Regioni | GDPR art.13 | D.Lgs81/08 Tit.VIII | D.Lgs81/08 art.37 | D.Lgs81/08 art.34 | Reg.CE 178/2002 | DM 388/2003 | D.Lgs81/08 art.28,"FORMIX>VIBRIX, BLINKIX>TAGLIX, ROBOTIX81>SPYIX, BLINKIX>IMPROVVISIX, CHEFIX>SOTTOVALUTIX, SICURIX>CAOSIX, TRACCIX>DOSAGIX, CHEFIX>NONDPIX, CIFRIX>MULTIX, HYGIENIX>TAGLIX","Crea una PAGINA A FUMETTI a STORIA COMPLETA, verticale A4 (1024x1536), QUALITA' EDITORIALE DA STAMPA, stile ufficiale 'SICURIX TALES' IDENTICO alle immagini di riferimento allegate (stessi personaggi a mattoncini 3D, stessa impaginazione, stessi colori, stesse rese): minifigure espressive, ambientazioni ricche e dettagliate del settore, luci morbide, profondita', bordi vignetta netti. IMPAGINAZIONE OBBLIGATORIA: da 10 a 12 VIGNETTE numerate che raccontano UNA STORIA con arco narrativo completo (1 situazione normale -> 2-4 arrivano i pericoli coi cattivi -> 5-6 tensione/conseguenza -> 7-9 arriva SICURIX con gli eroi e applica il METODO81+ passo per passo -> 10-11 risoluzione ordinata -> 12 finale). HEADER in alto: SICURIX (mantello, medaglione arancione '81+', bussola) che presenta in un fumetto; grande titolo 'SICURIX TALES'; sottotitolo 'AGRICOLTURA: Pericolo vs Soluzione con Metodo 81+'; legenda 3 voci (verde Sicurezza, rosso Rischio, blu 81+ Soluzione); fila di EROI coi nomi: FORMIX, BLINKIX, ROBOTIX81, CHEFIX, SICURIX, TRACCIX. FOOTER in basso: grande 'Prima vedi. Poi sistemi.'; banner scudo verde 'PROTEGGIAMO. PREVENIAMO. MIGLIORIAMO.' e triangolo rosso 'DISATTENZIONE. RISCHI. COSTI. CAOS.'; logo '81+' + '81plus.net'. TRAMA (usa questi eventi come vignette; se sono meno di 10 aggiungi vignette di contesto, dialogo e reazione per arrivare a 10-12): 1) VIBRIX causa il pericolo 'Ruolo/RLS' (Rappresentante Lavoratori Sicurezza (RLS)); poi FORMIX+SICURIX applicano il METODO81+; 2) TAGLIX causa il pericolo 'Macchine agricole' (Trattori e Macchine Agricole); poi BLINKIX+SICURIX applicano il METODO81+; 3) SPYIX causa il pericolo 'Documento' (Informativa e Consensi); poi ROBOTIX81+SICURIX applicano il METODO81+; 4) IMPROVVISIX causa il pericolo 'Rumore' (Rischio Rumore); poi BLINKIX+SICURIX applicano il METODO81+; 5) SOTTOVALUTIX causa il pericolo 'Ruolo/Preposto' (Formazione Preposto); poi CHEFIX+SICURIX applicano il METODO81+; 6) CAOSIX causa il pericolo 'Ruolo/RSPP' (RSPP / Datore di Lavoro RSPP); poi SICURIX+SICURIX applicano il METODO81+; 7) DOSAGIX causa il pericolo 'Rintracciabilita' (Rintracciabilita ed Etichettatura); poi TRACCIX+SICURIX applicano il METODO81+; 8) NONDPIX causa il pericolo 'Emergenze/Soccorso' (Addetto Primo Soccorso); poi CHEFIX+SICURIX applicano il METODO81+; 9) MULTIX causa il pericolo 'Stress' (Stress Lavoro-Correlato); poi CIFRIX+SICURIX applicano il METODO81+; 10) TAGLIX causa il pericolo 'Formazione specifica' (Formazione Specifica (rischio alto)); poi HYGIENIX+SICURIX applicano il METODO81+. PALETTE BRAND ESCLUSIVA: nero #05050A, bianco panna, arancione #FF6A1A/#E8501A; ROSSO solo per 'PERICOLO', VERDE per la checklist 'Metodo 81+'. Logo '81+' ben visibile in OGNI vignetta. REGOLA STORIA: SICURIX NON agisce mai da solo - in OGNI vignetta di soluzione si fa AIUTARE dai suoi colleghi EROI (lavoro di squadra, ognuno col suo ruolo). TESTO: didascalie e fumetti MOLTO BREVI (1-4 parole), GRANDI, centrati, in ITALIANO con ORTOGRAFIA PERFETTA, senza parole inventate, lettere doppie errate o testo tagliato. CATTIVI (coerenti col canone): VIBRIX, TAGLIX, SPYIX, IMPROVVISIX, SOTTOVALUTIX, CAOSIX, DOSAGIX, NONDPIX, MULTIX. EROI: FORMIX, BLINKIX, ROBOTIX81, CHEFIX, SICURIX, TRACCIX, CIFRIX, HYGIENIX. NEGATIVE: nessun marchio LEGO reale, nessun personaggio protetto (Asterix ecc.), niente gore/horror, niente claim assoluti ('rischio zero','garantito','zero multe').",Quello che l'ispettore controlla per primo in Agricoltura (e quasi nessuno lo sa),"La differenza tra chi in Agricoltura dorme sereno e chi trema al controllo

In agricoltura gli adempimenti obbligatori non aspettano: Ruolo/RLS, Macchine agricole, Documento, Rumore, Ruolo/Preposto, Ruolo/RSPP, Rintracciabilita, Emergenze/Soccorso, Stress, Formazione specifica. In questa pagina TALES OF SICURIX il PERICOLO prende forma... e il METODO81+ lo rimette in ordine, passo dopo passo. Immagina la scena: prima il caos, poi la checklist che sistema tutto. Mettere ordine ora costa poco. Rimediare dopo costa caro.
👉 Iscriviti al corso: Corso RLS -> https://81plus.net/?corso=corso-rls
▶️ YouTube: youtube.com/@sicurissimo
Contenuto informativo. Prima vedi. Poi sistemi. 81plus.net",Corso RLS,https://81plus.net/?corso=corso-rls,#TalesOfSicurix #SICURIX #Metodo81 #81plus #Sicurissimo #Sicurezza #Privacy #HACCP #SicurezzaSulLavoro,SICURIX_TALES_012200_4_14_22_12_3_5_18_6_11_2.webp,https://drive.google.com/drive/folders/1hICKXdl9JTZBL1pemG19oE_661z-EH_k,IMG_ERR
93.19.91,Altri servizi,S,Privacy+HACCP+Sicurezza,10,Nomina Incaricati/Responsabili | Gestione Allergeni | Procedura Data Breach | Lotta agli Infestanti (Pest Control) | Movimentazione Manuale Carichi | Informativa e Consensi | Addetto Antincendio | Rintracciabilita ed Etichettatura | Corso Alimentarista | Documento Valutazione Rischi (DVR),GDPR art.28-29 | Reg.UE 1169/2011 | GDPR art.33-34 | Reg.CE 852/2004 | D.Lgs81/08 Tit.VI | GDPR art.13 | DM 2/9/2021 | Reg.CE 178/2002 | D.Lgs81/08 art.28,"CHECKIX>PERMISSIONIX, SICURIX>MESCOLIX, FORMIX>CAOSIX, CHEFIX>SPORCKIX, CHECKIX>RISKIX, CHECKIX>IMPROVVISIX, BLINKIX>SEGNALEX, CHECKIX>MESCOLIX, PRIVACIX>IMPROVVISIX, LUXPECTORIX>SEGNALEX","Crea una PAGINA A FUMETTI a STORIA COMPLETA, verticale A4 (1024x1536), QUALITA' EDITORIALE DA STAMPA, stile ufficiale 'SICURIX TALES' IDENTICO alle immagini di riferimento allegate (stessi personaggi a mattoncini 3D, stessa impaginazione, stessi colori, stesse rese): minifigure espressive, ambientazioni ricche e dettagliate del settore, luci morbide, profondita', bordi vignetta netti. IMPAGINAZIONE OBBLIGATORIA: da 10 a 12 VIGNETTE numerate che raccontano UNA STORIA con arco narrativo completo (1 situazione normale -> 2-4 arrivano i pericoli coi cattivi -> 5-6 tensione/conseguenza -> 7-9 arriva SICURIX con gli eroi e applica il METODO81+ passo per passo -> 10-11 risoluzione ordinata -> 12 finale). HEADER in alto: SICURIX (mantello, medaglione arancione '81+', bussola) che presenta in un fumetto; grande titolo 'SICURIX TALES'; sottotitolo 'ALTRI SERVIZI: Pericolo vs Soluzione con Metodo 81+'; legenda 3 voci (verde Sicurezza, rosso Rischio, blu 81+ Soluzione); fila di EROI coi nomi: CHECKIX, SICURIX, FORMIX, CHEFIX, BLINKIX, PRIVACIX. FOOTER in basso: grande 'Prima vedi. Poi sistemi.'; banner scudo verde 'PROTEGGIAMO. PREVENIAMO. MIGLIORIAMO.' e triangolo rosso 'DISATTENZIONE. RISCHI. COSTI. CAOS.'; logo '81+' + '81plus.net'. TRAMA (usa questi eventi come vignette; se sono meno di 10 aggiungi vignette di contesto, dialogo e reazione per arrivare a 10-12): 1) PERMISSIONIX causa il pericolo 'Nomine' (Nomina Incaricati/Responsabili); poi CHECKIX+SICURIX applicano il METODO81+; 2) MESCOLIX causa il pericolo 'Allergeni' (Gestione Allergeni); poi SICURIX+SICURIX applicano il METODO81+; 3) CAOSIX causa il pericolo 'Data breach' (Procedura Data Breach); poi FORMIX+SICURIX applicano il METODO81+; 4) SPORCKIX causa il pericolo 'Infestanti' (Lotta agli Infestanti (Pest Control)); poi CHEFIX+SICURIX applicano il METODO81+; 5) RISKIX causa il pericolo 'MMC' (Movimentazione Manuale Carichi); poi CHECKIX+SICURIX applicano il METODO81+; 6) IMPROVVISIX causa il pericolo 'Documento' (Informativa e Consensi); poi CHECKIX+SICURIX applicano il METODO81+; 7) SEGNALEX causa il pericolo 'Emergenze/Incendio' (Addetto Antincendio); poi BLINKIX+SICURIX applicano il METODO81+; 8) MESCOLIX causa il pericolo 'Rintracciabilita' (Rintracciabilita ed Etichettatura); poi CHECKIX+SICURIX applicano il METODO81+; 9) IMPROVVISIX causa il pericolo 'Corso' (Corso Alimentarista); poi PRIVACIX+SICURIX applicano il METODO81+; 10) SEGNALEX causa il pericolo 'Documento' (Documento Valutazione Rischi (DVR)); poi LUXPECTORIX+SICURIX applicano il METODO81+. PALETTE BRAND ESCLUSIVA: nero #05050A, bianco panna, arancione #FF6A1A/#E8501A; ROSSO solo per 'PERICOLO', VERDE per la checklist 'Metodo 81+'. Logo '81+' ben visibile in OGNI vignetta. REGOLA STORIA: SICURIX NON agisce mai da solo - in OGNI vignetta di soluzione si fa AIUTARE dai suoi colleghi EROI (lavoro di squadra, ognuno col suo ruolo). TESTO: didascalie e fumetti MOLTO BREVI (1-4 parole), GRANDI, centrati, in ITALIANO con ORTOGRAFIA PERFETTA, senza parole inventate, lettere doppie errate o testo tagliato. CATTIVI (coerenti col canone): PERMISSIONIX, MESCOLIX, CAOSIX, SPORCKIX, RISKIX, IMPROVVISIX, SEGNALEX. EROI: CHECKIX, SICURIX, FORMIX, CHEFIX, BLINKIX, PRIVACIX, LUXPECTORIX. NEGATIVE: nessun marchio LEGO reale, nessun personaggio protetto (Asterix ecc.), niente gore/horror, niente claim assoluti ('rischio zero','garantito','zero multe').",La differenza tra chi in Altri servizi dorme sereno e chi trema al controllo,"La differenza tra chi in Altri servizi dorme sereno e chi trema al controllo

In altri servizi gli adempimenti obbligatori non aspettano: Nomine, Allergeni, Data breach, Infestanti, MMC, Documento, Emergenze/Incendio, Rintracciabilita, Corso. In questa pagina TALES OF SICURIX il PERICOLO prende forma... e il METODO81+ lo rimette in ordine, passo dopo passo. Immagina la scena: prima il caos, poi la checklist che sistema tutto. Chi si mette in regola prima, dorme meglio dopo.
👉 Iscriviti al corso: Corso privacy destinato ai lavoratori -> https://81plus.net/?corso=corso-privacy-destinato-ai-lavoratori
▶️ YouTube: youtube.com/@sicurissimo
Contenuto informativo. Prima vedi. Poi sistemi. 81plus.net",Corso privacy destinato ai lavoratori,https://81plus.net/?corso=corso-privacy-destinato-ai-lavoratori,#TalesOfSicurix #SICURIX #Metodo81 #81plus #Sicurissimo #Privacy #HACCP #Sicurezza #SicurezzaSulLavoro,SICURIX_TALES_931991_21_18_23_17_10_19_7_15_13_0.webp,https://drive.google.com/drive/folders/1hICKXdl9JTZBL1pemG19oE_661z-EH_k,IMG_ERR
28.25.00,Manifattura,C,Sicurezza+Privacy+Ambientale+HACCP,10,Movimentazione Manuale Carichi | Registro dei Trattamenti | RSPP / Datore di Lavoro RSPP | Formazione Specifica (rischio alto) | Nomina Incaricati/Responsabili | Formazione Generale Lavoratori | Formazione Ambientale | Stress Lavoro-Correlato | Uso e Formazione DPI | Gestione Allergeni,D.Lgs81/08 Tit.VI | GDPR art.30 | D.Lgs81/08 art.34 | Accordo Stato-Regioni | GDPR art.28-29 | D.Lgs152/06 | D.Lgs81/08 art.28 | D.Lgs81/08 art.77 | Reg.UE 1169/2011,"CONSENSIX>IMPROVVISIX, PRIVACIX>IMPROVVISIX, LUXPECTORIX>CHIMIKIX, PREPOSTIX>FUMIX, CONSENSIX>FRETTIX, DOCUMIX>SEGNALEX, CONSENSIX>MULTIX, DOCUMIX>FRETTIX, SCUDIX>ØTIX, PRIVACIX>MESCOLIX","Crea una PAGINA A FUMETTI a STORIA COMPLETA, verticale A4 (1024x1536), QUALITA' EDITORIALE DA STAMPA, stile ufficiale 'SICURIX TALES' IDENTICO alle immagini di riferimento allegate (stessi personaggi a mattoncini 3D, stessa impaginazione, stessi colori, stesse rese): minifigure espressive, ambientazioni ricche e dettagliate del settore, luci morbide, profondita', bordi vignetta netti. IMPAGINAZIONE OBBLIGATORIA: da 10 a 12 VIGNETTE numerate che raccontano UNA STORIA con arco narrativo completo (1 situazione normale -> 2-4 arrivano i pericoli coi cattivi -> 5-6 tensione/conseguenza -> 7-9 arriva SICURIX con gli eroi e applica il METODO81+ passo per passo -> 10-11 risoluzione ordinata -> 12 finale). HEADER in alto: SICURIX (mantello, medaglione arancione '81+', bussola) che presenta in un fumetto; grande titolo 'SICURIX TALES'; sottotitolo 'MANIFATTURA: Pericolo vs Soluzione con Metodo 81+'; legenda 3 voci (verde Sicurezza, rosso Rischio, blu 81+ Soluzione); fila di EROI coi nomi: CONSENSIX, PRIVACIX, LUXPECTORIX, PREPOSTIX, DOCUMIX, SCUDIX. FOOTER in basso: grande 'Prima vedi. Poi sistemi.'; banner scudo verde 'PROTEGGIAMO. PREVENIAMO. MIGLIORIAMO.' e triangolo rosso 'DISATTENZIONE. RISCHI. COSTI. CAOS.'; logo '81+' + '81plus.net'. TRAMA (usa questi eventi come vignette; se sono meno di 10 aggiungi vignette di contesto, dialogo e reazione per arrivare a 10-12): 1) IMPROVVISIX causa il pericolo 'MMC' (Movimentazione Manuale Carichi); poi CONSENSIX+SICURIX applicano il METODO81+; 2) IMPROVVISIX causa il pericolo 'Registro' (Registro dei Trattamenti); poi PRIVACIX+SICURIX applicano il METODO81+; 3) CHIMIKIX causa il pericolo 'Ruolo/RSPP' (RSPP / Datore di Lavoro RSPP); poi LUXPECTORIX+SICURIX applicano il METODO81+; 4) FUMIX causa il pericolo 'Formazione specifica' (Formazione Specifica (rischio alto)); poi PREPOSTIX+SICURIX applicano il METODO81+; 5) FRETTIX causa il pericolo 'Nomine' (Nomina Incaricati/Responsabili); poi CONSENSIX+SICURIX applicano il METODO81+; 6) SEGNALEX causa il pericolo 'Formazione base' (Formazione Generale Lavoratori); poi DOCUMIX+SICURIX applicano il METODO81+; 7) MULTIX causa il pericolo 'Formazione' (Formazione Ambientale); poi CONSENSIX+SICURIX applicano il METODO81+; 8) FRETTIX causa il pericolo 'Stress' (Stress Lavoro-Correlato); poi DOCUMIX+SICURIX applicano il METODO81+; 9) ØTIX causa il pericolo 'DPI' (Uso e Formazione DPI); poi SCUDIX+SICURIX applicano il METODO81+; 10) MESCOLIX causa il pericolo 'Allergeni' (Gestione Allergeni); poi PRIVACIX+SICURIX applicano il METODO81+. PALETTE BRAND ESCLUSIVA: nero #05050A, bianco panna, arancione #FF6A1A/#E8501A; ROSSO solo per 'PERICOLO', VERDE per la checklist 'Metodo 81+'. Logo '81+' ben visibile in OGNI vignetta. REGOLA STORIA: SICURIX NON agisce mai da solo - in OGNI vignetta di soluzione si fa AIUTARE dai suoi colleghi EROI (lavoro di squadra, ognuno col suo ruolo). TESTO: didascalie e fumetti MOLTO BREVI (1-4 parole), GRANDI, centrati, in ITALIANO con ORTOGRAFIA PERFETTA, senza parole inventate, lettere doppie errate o testo tagliato. CATTIVI (coerenti col canone): IMPROVVISIX, CHIMIKIX, FUMIX, FRETTIX, SEGNALEX, MULTIX, ØTIX, MESCOLIX. EROI: CONSENSIX, PRIVACIX, LUXPECTORIX, PREPOSTIX, DOCUMIX, SCUDIX. NEGATIVE: nessun marchio LEGO reale, nessun personaggio protetto (Asterix ecc.), niente gore/horror, niente claim assoluti ('rischio zero','garantito','zero multe').",In Manifattura c'e' un obbligo che in tanti scoprono solo con la sanzione,"In Manifattura c'e' un obbligo che in tanti scoprono solo con la sanzione

In manifattura gli adempimenti obbligatori non aspettano: MMC, Registro, Ruolo/RSPP, Formazione specifica, Nomine, Formazione base, Formazione, Stress, DPI, Allergeni. In questa pagina TALES OF SICURIX il PERICOLO prende forma... e il METODO81+ lo rimette in ordine, passo dopo passo. Immagina la scena: prima il caos, poi la checklist che sistema tutto. Non e' burocrazia: e' la tua tranquillita.
👉 Iscriviti al corso: Corso RSPP Datore di Lavoro : Movimentazione manuale carichi -> https://81plus.net/?corso=corso-rspp-datore-di-lavoro-movimentazione-manuale-carichi
▶️ YouTube: youtube.com/@sicurissimo
Contenuto informativo. Prima vedi. Poi sistemi. 81plus.net",Corso RSPP Datore di Lavoro : Movimentazione manuale carichi,https://81plus.net/?corso=corso-rspp-datore-di-lavoro-movimentazione-manuale-carichi,#TalesOfSicurix #SICURIX #Metodo81 #81plus #Sicurissimo #Sicurezza #Privacy #Ambientale #HACCP #SicurezzaSulLavoro,SICURIX_TALES_282500_10_22_5_2_23_1_27_11_8_20.webp,https://drive.google.com/drive/folders/1hICKXdl9JTZBL1pemG19oE_661z-EH_k,IMG_ERR
25.63.12,Manifattura,C,Sicurezza+HACCP+Privacy+Ambientale,11,Rappresentante Lavoratori Sicurezza (RLS) | Piano di Sanificazione | Procedura Data Breach | Gestione Rifiuti e Registro | Attrezzature e Macchine | Formazione Specifica (rischio alto) | Rintracciabilita ed Etichettatura | Informativa e Consensi | Movimentazione Manuale Carichi | RSPP / Datore di Lavoro RSPP | Addetto Primo Soccorso,D.Lgs81/08 art.47 | Reg.CE 852/2004 | GDPR art.33-34 | D.Lgs152/06 | D.Lgs81/08 Tit.III | Accordo Stato-Regioni | Reg.CE 178/2002 | GDPR art.13 | D.Lgs81/08 Tit.VI | D.Lgs81/08 art.34 | DM 388/2003,"FORMIX>TAGLIX, SCUDIX>OBLIVIX, SICURIX>CAOSIX, PREPOSTIX>RISKIX, SCUDIX>SEGNALEX, CONSENSIX>CHIMIKIX, LUXPECTORIX>RISKIX, PREPOSTIX>CAOSIX, HYGIENIX>CADUTIX, PREPOSTIX>VIBRIX, TRACCIX>VIBRIX","Crea una PAGINA A FUMETTI a STORIA COMPLETA, verticale A4 (1024x1536), QUALITA' EDITORIALE DA STAMPA, stile ufficiale 'SICURIX TALES' IDENTICO alle immagini di riferimento allegate (stessi personaggi a mattoncini 3D, stessa impaginazione, stessi colori, stesse rese): minifigure espressive, ambientazioni ricche e dettagliate del settore, luci morbide, profondita', bordi vignetta netti. IMPAGINAZIONE OBBLIGATORIA: da 10 a 12 VIGNETTE numerate che raccontano UNA STORIA con arco narrativo completo (1 situazione normale -> 2-4 arrivano i pericoli coi cattivi -> 5-6 tensione/conseguenza -> 7-9 arriva SICURIX con gli eroi e applica il METODO81+ passo per passo -> 10-11 risoluzione ordinata -> 12 finale). HEADER in alto: SICURIX (mantello, medaglione arancione '81+', bussola) che presenta in un fumetto; grande titolo 'SICURIX TALES'; sottotitolo 'MANIFATTURA: Pericolo vs Soluzione con Metodo 81+'; legenda 3 voci (verde Sicurezza, rosso Rischio, blu 81+ Soluzione); fila di EROI coi nomi: FORMIX, SCUDIX, SICURIX, PREPOSTIX, CONSENSIX, LUXPECTORIX. FOOTER in basso: grande 'Prima vedi. Poi sistemi.'; banner scudo verde 'PROTEGGIAMO. PREVENIAMO. MIGLIORIAMO.' e triangolo rosso 'DISATTENZIONE. RISCHI. COSTI. CAOS.'; logo '81+' + '81plus.net'. TRAMA (usa questi eventi come vignette; se sono meno di 10 aggiungi vignette di contesto, dialogo e reazione per arrivare a 10-12): 1) TAGLIX causa il pericolo 'Ruolo/RLS' (Rappresentante Lavoratori Sicurezza (RLS)); poi FORMIX+SICURIX applicano il METODO81+; 2) OBLIVIX causa il pericolo 'Sanificazione' (Piano di Sanificazione); poi SCUDIX+SICURIX applicano il METODO81+; 3) CAOSIX causa il pericolo 'Data breach' (Procedura Data Breach); poi SICURIX+SICURIX applicano il METODO81+; 4) RISKIX causa il pericolo 'Rifiuti' (Gestione Rifiuti e Registro); poi PREPOSTIX+SICURIX applicano il METODO81+; 5) SEGNALEX causa il pericolo 'Attrezzature' (Attrezzature e Macchine); poi SCUDIX+SICURIX applicano il METODO81+; 6) CHIMIKIX causa il pericolo 'Formazione specifica' (Formazione Specifica (rischio alto)); poi CONSENSIX+SICURIX applicano il METODO81+; 7) RISKIX causa il pericolo 'Rintracciabilita' (Rintracciabilita ed Etichettatura); poi LUXPECTORIX+SICURIX applicano il METODO81+; 8) CAOSIX causa il pericolo 'Documento' (Informativa e Consensi); poi PREPOSTIX+SICURIX applicano il METODO81+; 9) CADUTIX causa il pericolo 'MMC' (Movimentazione Manuale Carichi); poi HYGIENIX+SICURIX applicano il METODO81+; 10) VIBRIX causa il pericolo 'Ruolo/RSPP' (RSPP / Datore di Lavoro RSPP); poi PREPOSTIX+SICURIX applicano il METODO81+; 11) VIBRIX causa il pericolo 'Emergenze/Soccorso' (Addetto Primo Soccorso); poi TRACCIX+SICURIX applicano il METODO81+. PALETTE BRAND ESCLUSIVA: nero #05050A, bianco panna, arancione #FF6A1A/#E8501A; ROSSO solo per 'PERICOLO', VERDE per la checklist 'Metodo 81+'. Logo '81+' ben visibile in OGNI vignetta. REGOLA STORIA: SICURIX NON agisce mai da solo - in OGNI vignetta di soluzione si fa AIUTARE dai suoi colleghi EROI (lavoro di squadra, ognuno col suo ruolo). TESTO: didascalie e fumetti MOLTO BREVI (1-4 parole), GRANDI, centrati, in ITALIANO con ORTOGRAFIA PERFETTA, senza parole inventate, lettere doppie errate o testo tagliato. CATTIVI (coerenti col canone): TAGLIX, OBLIVIX, CAOSIX, RISKIX, SEGNALEX, CHIMIKIX, CADUTIX, VIBRIX. EROI: FORMIX, SCUDIX, SICURIX, PREPOSTIX, CONSENSIX, LUXPECTORIX, HYGIENIX, TRACCIX. NEGATIVE: nessun marchio LEGO reale, nessun personaggio protetto (Asterix ecc.), niente gore/horror, niente claim assoluti ('rischio zero','garantito','zero multe').",Quello che l'ispettore controlla per primo in Manifattura (e quasi nessuno lo sa),"Manifattura: 3 minuti oggi o un problema enorme domani. Scegli tu.

In manifattura gli adempimenti obbligatori non aspettano: Ruolo/RLS, Sanificazione, Data breach, Rifiuti, Attrezzature, Formazione specifica, Rintracciabilita, Documento, MMC, Ruolo/RSPP, Emergenze/Soccorso. In questa pagina TALES OF SICURIX il PERICOLO prende forma... e il METODO81+ lo rimette in ordine, passo dopo passo. Immagina la scena: prima il caos, poi la checklist che sistema tutto. La regola c'e' gia': tu falla lavorare per te.
👉 Iscriviti al corso: Corso RLS -> https://81plus.net/?corso=corso-rls
▶️ YouTube: youtube.com/@sicurissimo
Contenuto informativo. Prima vedi. Poi sistemi. 81plus.net",Corso RLS,https://81plus.net/?corso=corso-rls,#TalesOfSicurix #SICURIX #Metodo81 #81plus #Sicurissimo #Sicurezza #HACCP #Privacy #Ambientale #SicurezzaSulLavoro,SICURIX_TALES_256312_4_16_25_26_13_2_17_21_10_5_6.webp,https://drive.google.com/drive/folders/1hICKXdl9JTZBL1pemG19oE_661z-EH_k,IMG_ERR
47.72.11,Commercio,G,Sicurezza+Privacy+HACCP,10,RSPP / Datore di Lavoro RSPP | Videosorveglianza a norma | Documento Valutazione Rischi (DVR) | Uso e Formazione DPI | Registro dei Trattamenti | Sorveglianza Sanitaria / Medico Competente | Informativa e Consensi | Addetto Antincendio | Formazione Specifica (rischio medio) | Lotta agli Infestanti (Pest Control),D.Lgs81/08 art.34 | Provv.Garante | D.Lgs81/08 art.28 | D.Lgs81/08 art.77 | GDPR art.30 | D.Lgs81/08 art.41 | GDPR art.13 | DM 2/9/2021 | Accordo Stato-Regioni | Reg.CE 852/2004,"CONSENSIX>CAOSIX, DOCUMIX>PERMISSIONIX, CHECKIX>ØTIX, CHECKIX>CHIMIKIX, FORMIX>RISKIX, CIFRIX>CADUTIX, SICURIX>RISKIX, LUXPECTORIX>RISKIX, DOCUMIX>VIBRIX, TRACCIX>CAOSIX","Crea una PAGINA A FUMETTI a STORIA COMPLETA, verticale A4 (1024x1536), QUALITA' EDITORIALE DA STAMPA, stile ufficiale 'SICURIX TALES' IDENTICO alle immagini di riferimento allegate (stessi personaggi a mattoncini 3D, stessa impaginazione, stessi colori, stesse rese): minifigure espressive, ambientazioni ricche e dettagliate del settore, luci morbide, profondita', bordi vignetta netti. IMPAGINAZIONE OBBLIGATORIA: da 10 a 12 VIGNETTE numerate che raccontano UNA STORIA con arco narrativo completo (1 situazione normale -> 2-4 arrivano i pericoli coi cattivi -> 5-6 tensione/conseguenza -> 7-9 arriva SICURIX con gli eroi e applica il METODO81+ passo per passo -> 10-11 risoluzione ordinata -> 12 finale). HEADER in alto: SICURIX (mantello, medaglione arancione '81+', bussola) che presenta in un fumetto; grande titolo 'SICURIX TALES'; sottotitolo 'COMMERCIO: Pericolo vs Soluzione con Metodo 81+'; legenda 3 voci (verde Sicurezza, rosso Rischio, blu 81+ Soluzione); fila di EROI coi nomi: CONSENSIX, DOCUMIX, CHECKIX, FORMIX, CIFRIX, SICURIX. FOOTER in basso: grande 'Prima vedi. Poi sistemi.'; banner scudo verde 'PROTEGGIAMO. PREVENIAMO. MIGLIORIAMO.' e triangolo rosso 'DISATTENZIONE. RISCHI. COSTI. CAOS.'; logo '81+' + '81plus.net'. TRAMA (usa questi eventi come vignette; se sono meno di 10 aggiungi vignette di contesto, dialogo e reazione per arrivare a 10-12): 1) CAOSIX causa il pericolo 'Ruolo/RSPP' (RSPP / Datore di Lavoro RSPP); poi CONSENSIX+SICURIX applicano il METODO81+; 2) PERMISSIONIX causa il pericolo 'Videosorveglianza' (Videosorveglianza a norma); poi DOCUMIX+SICURIX applicano il METODO81+; 3) ØTIX causa il pericolo 'Documento' (Documento Valutazione Rischi (DVR)); poi CHECKIX+SICURIX applicano il METODO81+; 4) CHIMIKIX causa il pericolo 'DPI' (Uso e Formazione DPI); poi CHECKIX+SICURIX applicano il METODO81+; 5) RISKIX causa il pericolo 'Registro' (Registro dei Trattamenti); poi FORMIX+SICURIX applicano il METODO81+; 6) CADUTIX causa il pericolo 'Sorveglianza sanitaria' (Sorveglianza Sanitaria / Medico Competente); poi CIFRIX+SICURIX applicano il METODO81+; 7) RISKIX causa il pericolo 'Documento' (Informativa e Consensi); poi SICURIX+SICURIX applicano il METODO81+; 8) RISKIX causa il pericolo 'Emergenze/Incendio' (Addetto Antincendio); poi LUXPECTORIX+SICURIX applicano il METODO81+; 9) VIBRIX causa il pericolo 'Formazione specifica' (Formazione Specifica (rischio medio)); poi DOCUMIX+SICURIX applicano il METODO81+; 10) CAOSIX causa il pericolo 'Infestanti' (Lotta agli Infestanti (Pest Control)); poi TRACCIX+SICURIX applicano il METODO81+. PALETTE BRAND ESCLUSIVA: nero #05050A, bianco panna, arancione #FF6A1A/#E8501A; ROSSO solo per 'PERICOLO', VERDE per la checklist 'Metodo 81+'. Logo '81+' ben visibile in OGNI vignetta. REGOLA STORIA: SICURIX NON agisce mai da solo - in OGNI vignetta di soluzione si fa AIUTARE dai suoi colleghi EROI (lavoro di squadra, ognuno col suo ruolo). TESTO: didascalie e fumetti MOLTO BREVI (1-4 parole), GRANDI, centrati, in ITALIANO con ORTOGRAFIA PERFETTA, senza parole inventate, lettere doppie errate o testo tagliato. CATTIVI (coerenti col canone): CAOSIX, PERMISSIONIX, ØTIX, CHIMIKIX, RISKIX, CADUTIX, VIBRIX. EROI: CONSENSIX, DOCUMIX, CHECKIX, FORMIX, CIFRIX, SICURIX, LUXPECTORIX, TRACCIX. NEGATIVE: nessun marchio LEGO reale, nessun personaggio protetto (Asterix ecc.), niente gore/horror, niente claim assoluti ('rischio zero','garantito','zero multe').",In Commercio c'e' un obbligo che in tanti scoprono solo con la sanzione,"In Commercio c'e' un obbligo che in tanti scoprono solo con la sanzione

In commercio gli adempimenti obbligatori non aspettano: Ruolo/RSPP, Videosorveglianza, Documento, DPI, Registro, Sorveglianza sanitaria, Emergenze/Incendio, Formazione specifica, Infestanti. In questa pagina TALES OF SICURIX il PERICOLO prende forma... e il METODO81+ lo rimette in ordine, passo dopo passo. Immagina la scena: prima il caos, poi la checklist che sistema tutto. La regola c'e' gia': tu falla lavorare per te.
👉 Iscriviti al corso: RSPP Datore di Lavoro modulo 1 e 2 -> https://81plus.net/?corso=rspp-datore-di-lavoro-modulo-1-e-2
▶️ YouTube: youtube.com/@sicurissimo
Contenuto informativo. Prima vedi. Poi sistemi. 81plus.net",RSPP Datore di Lavoro modulo 1 e 2,https://81plus.net/?corso=rspp-datore-di-lavoro-modulo-1-e-2,#TalesOfSicurix #SICURIX #Metodo81 #81plus #Sicurissimo #Sicurezza #Privacy #HACCP #SicurezzaSulLavoro,SICURIX_TALES_477211_5_24_0_8_20_9_19_7_2_17.webp,https://drive.google.com/drive/folders/1hICKXdl9JTZBL1pemG19oE_661z-EH_k,IMG_ERR
66.19.21,Immobiliare,L,Sicurezza+Privacy,11,Documento Valutazione Rischi (DVR) | Formazione Generale Lavoratori | Addetto Antincendio | Formazione Specifica (rischio basso) | Videoterminali (VDT) | Registro dei Trattamenti | Informativa e Consensi | Procedura Data Breach | Uso e Formazione DPI | Formazione GDPR | Addetto Primo Soccorso,D.Lgs81/08 art.28 | Accordo Stato-Regioni | DM 2/9/2021 | D.Lgs81/08 Tit.VII | GDPR art.30 | GDPR art.13 | GDPR art.33-34 | D.Lgs81/08 art.77 | GDPR art.32 | DM 388/2003,"FORMIX>VIBRIX, LUXPECTORIX>RUMORIX, CONSENSIX>MULTIX, PRIVACIX>VOLTIX, CHECKIX>CADUTIX, DOCUMIX>CAOSIX, SICURIX>RISKIX, ROBOTIX81>PERMISSIONIX, CIFRIX>RISKIX, CONSENSIX>SPYIX, DOCUMIX>FUMIX","Crea una PAGINA A FUMETTI a STORIA COMPLETA, verticale A4 (1024x1536), QUALITA' EDITORIALE DA STAMPA, stile ufficiale 'SICURIX TALES' IDENTICO alle immagini di riferimento allegate (stessi personaggi a mattoncini 3D, stessa impaginazione, stessi colori, stesse rese): minifigure espressive, ambientazioni ricche e dettagliate del settore, luci morbide, profondita', bordi vignetta netti. IMPAGINAZIONE OBBLIGATORIA: da 10 a 12 VIGNETTE numerate che raccontano UNA STORIA con arco narrativo completo (1 situazione normale -> 2-4 arrivano i pericoli coi cattivi -> 5-6 tensione/conseguenza -> 7-9 arriva SICURIX con gli eroi e applica il METODO81+ passo per passo -> 10-11 risoluzione ordinata -> 12 finale). HEADER in alto: SICURIX (mantello, medaglione arancione '81+', bussola) che presenta in un fumetto; grande titolo 'SICURIX TALES'; sottotitolo 'IMMOBILIARE: Pericolo vs Soluzione con Metodo 81+'; legenda 3 voci (verde Sicurezza, rosso Rischio, blu 81+ Soluzione); fila di EROI coi nomi: FORMIX, LUXPECTORIX, CONSENSIX, PRIVACIX, CHECKIX, DOCUMIX. FOOTER in basso: grande 'Prima vedi. Poi sistemi.'; banner scudo verde 'PROTEGGIAMO. PREVENIAMO. MIGLIORIAMO.' e triangolo rosso 'DISATTENZIONE. RISCHI. COSTI. CAOS.'; logo '81+' + '81plus.net'. TRAMA (usa questi eventi come vignette; se sono meno di 10 aggiungi vignette di contesto, dialogo e reazione per arrivare a 10-12): 1) VIBRIX causa il pericolo 'Documento' (Documento Valutazione Rischi (DVR)); poi FORMIX+SICURIX applicano il METODO81+; 2) RUMORIX causa il pericolo 'Formazione base' (Formazione Generale Lavoratori); poi LUXPECTORIX+SICURIX applicano il METODO81+; 3) MULTIX causa il pericolo 'Emergenze/Incendio' (Addetto Antincendio); poi CONSENSIX+SICURIX applicano il METODO81+; 4) VOLTIX causa il pericolo 'Formazione specifica' (Formazione Specifica (rischio basso)); poi PRIVACIX+SICURIX applicano il METODO81+; 5) CADUTIX causa il pericolo 'Videoterminali' (Videoterminali (VDT)); poi CHECKIX+SICURIX applicano il METODO81+; 6) CAOSIX causa il pericolo 'Registro' (Registro dei Trattamenti); poi DOCUMIX+SICURIX applicano il METODO81+; 7) RISKIX causa il pericolo 'Documento' (Informativa e Consensi); poi SICURIX+SICURIX applicano il METODO81+; 8) PERMISSIONIX causa il pericolo 'Data breach' (Procedura Data Breach); poi ROBOTIX81+SICURIX applicano il METODO81+; 9) RISKIX causa il pericolo 'DPI' (Uso e Formazione DPI); poi CIFRIX+SICURIX applicano il METODO81+; 10) SPYIX causa il pericolo 'Formazione' (Formazione GDPR); poi CONSENSIX+SICURIX applicano il METODO81+; 11) FUMIX causa il pericolo 'Emergenze/Soccorso' (Addetto Primo Soccorso); poi DOCUMIX+SICURIX applicano il METODO81+. PALETTE BRAND ESCLUSIVA: nero #05050A, bianco panna, arancione #FF6A1A/#E8501A; ROSSO solo per 'PERICOLO', VERDE per la checklist 'Metodo 81+'. Logo '81+' ben visibile in OGNI vignetta. REGOLA STORIA: SICURIX NON agisce mai da solo - in OGNI vignetta di soluzione si fa AIUTARE dai suoi colleghi EROI (lavoro di squadra, ognuno col suo ruolo). TESTO: didascalie e fumetti MOLTO BREVI (1-4 parole), GRANDI, centrati, in ITALIANO con ORTOGRAFIA PERFETTA, senza parole inventate, lettere doppie errate o testo tagliato. CATTIVI (coerenti col canone): VIBRIX, RUMORIX, MULTIX, VOLTIX, CADUTIX, CAOSIX, RISKIX, PERMISSIONIX, SPYIX, FUMIX. EROI: FORMIX, LUXPECTORIX, CONSENSIX, PRIVACIX, CHECKIX, DOCUMIX, SICURIX, ROBOTIX81, CIFRIX. NEGATIVE: nessun marchio LEGO reale, nessun personaggio protetto (Asterix ecc.), niente gore/horror, niente claim assoluti ('rischio zero','garantito','zero multe').",In Immobiliare c'e' un obbligo che in tanti scoprono solo con la sanzione,"Immobiliare: 3 minuti oggi o un problema enorme domani. Scegli tu.

In immobiliare gli adempimenti obbligatori non aspettano: Documento, Formazione base, Emergenze/Incendio, Formazione specifica, Videoterminali, Registro, Data breach, DPI, Formazione, Emergenze/Soccorso. In questa pagina TALES OF SICURIX il PERICOLO prende forma... e il METODO81+ lo rimette in ordine, passo dopo passo. Immagina la scena: prima il caos, poi la checklist che sistema tutto. Mettere ordine ora costa poco. Rimediare dopo costa caro.
👉 Iscriviti al corso: Corso lavoratore parte GENERALE 4 ore -> https://81plus.net/?corso=corso-lavoratore-parte-generale-4-ore
▶️ YouTube: youtube.com/@sicurissimo
Contenuto informativo. Prima vedi. Poi sistemi. 81plus.net",Corso lavoratore parte GENERALE 4 ore,https://81plus.net/?corso=corso-lavoratore-parte-generale-4-ore,#TalesOfSicurix #SICURIX #Metodo81 #81plus #Sicurissimo #Sicurezza #Privacy #SicurezzaSulLavoro,SICURIX_TALES_661921_0_1_7_2_9_11_10_14_8_13_6.webp,https://drive.google.com/drive/folders/1hICKXdl9JTZBL1pemG19oE_661z-EH_k,IMG_ERR
55.20.51,Alloggio/Ristorazione,I,Privacy+Sicurezza+HACCP,12,Registro dei Trattamenti | Informativa e Consensi | Rappresentante Lavoratori Sicurezza (RLS) | Uso e Formazione DPI | Nomina Incaricati/Responsabili | Lotta agli Infestanti (Pest Control) | Formazione Generale Lavoratori | Videosorveglianza a norma | Piano di Sanificazione | Stress Lavoro-Correlato | Movimentazione Manuale Carichi | Documento Valutazione Rischi (DVR),GDPR art.30 | GDPR art.13 | D.Lgs81/08 art.47 | D.Lgs81/08 art.77 | GDPR art.28-29 | Reg.CE 852/2004 | Accordo Stato-Regioni | Provv.Garante | D.Lgs81/08 art.28 | D.Lgs81/08 Tit.VI,"CIFRIX>SPYIX, LUXPECTORIX>CAOSIX, CONSENSIX>SEGNALEX, BLINKIX>CADUTIX, HYGIENIX>OBLIVIX, SICURIX>CAOSIX, SICURIX>CHIMIKIX, CONSENSIX>MULTIX, HYGIENIX>CROSSIX, TRACCIX>CHIMIKIX, LUXPECTORIX>ØTIX, TRACCIX>OBLIVIX","Crea una PAGINA A FUMETTI a STORIA COMPLETA, verticale A4 (1024x1536), QUALITA' EDITORIALE DA STAMPA, stile ufficiale 'SICURIX TALES' IDENTICO alle immagini di riferimento allegate (stessi personaggi a mattoncini 3D, stessa impaginazione, stessi colori, stesse rese): minifigure espressive, ambientazioni ricche e dettagliate del settore, luci morbide, profondita', bordi vignetta netti. IMPAGINAZIONE OBBLIGATORIA: da 10 a 12 VIGNETTE numerate che raccontano UNA STORIA con arco narrativo completo (1 situazione normale -> 2-4 arrivano i pericoli coi cattivi -> 5-6 tensione/conseguenza -> 7-9 arriva SICURIX con gli eroi e applica il METODO81+ passo per passo -> 10-11 risoluzione ordinata -> 12 finale). HEADER in alto: SICURIX (mantello, medaglione arancione '81+', bussola) che presenta in un fumetto; grande titolo 'SICURIX TALES'; sottotitolo 'ALLOGGIO/RISTORAZIONE: Pericolo vs Soluzione con Metodo 81+'; legenda 3 voci (verde Sicurezza, rosso Rischio, blu 81+ Soluzione); fila di EROI coi nomi: CIFRIX, LUXPECTORIX, CONSENSIX, BLINKIX, HYGIENIX, SICURIX. FOOTER in basso: grande 'Prima vedi. Poi sistemi.'; banner scudo verde 'PROTEGGIAMO. PREVENIAMO. MIGLIORIAMO.' e triangolo rosso 'DISATTENZIONE. RISCHI. COSTI. CAOS.'; logo '81+' + '81plus.net'. TRAMA (usa questi eventi come vignette; se sono meno di 10 aggiungi vignette di contesto, dialogo e reazione per arrivare a 10-12): 1) SPYIX causa il pericolo 'Registro' (Registro dei Trattamenti); poi CIFRIX+SICURIX applicano il METODO81+; 2) CAOSIX causa il pericolo 'Documento' (Informativa e Consensi); poi LUXPECTORIX+SICURIX applicano il METODO81+; 3) SEGNALEX causa il pericolo 'Ruolo/RLS' (Rappresentante Lavoratori Sicurezza (RLS)); poi CONSENSIX+SICURIX applicano il METODO81+; 4) CADUTIX causa il pericolo 'DPI' (Uso e Formazione DPI); poi BLINKIX+SICURIX applicano il METODO81+; 5) OBLIVIX causa il pericolo 'Nomine' (Nomina Incaricati/Responsabili); poi HYGIENIX+SICURIX applicano il METODO81+; 6) CAOSIX causa il pericolo 'Infestanti' (Lotta agli Infestanti (Pest Control)); poi SICURIX+SICURIX applicano il METODO81+; 7) CHIMIKIX causa il pericolo 'Formazione base' (Formazione Generale Lavoratori); poi SICURIX+SICURIX applicano il METODO81+; 8) MULTIX causa il pericolo 'Videosorveglianza' (Videosorveglianza a norma); poi CONSENSIX+SICURIX applicano il METODO81+; 9) CROSSIX causa il pericolo 'Sanificazione' (Piano di Sanificazione); poi HYGIENIX+SICURIX applicano il METODO81+; 10) CHIMIKIX causa il pericolo 'Stress' (Stress Lavoro-Correlato); poi TRACCIX+SICURIX applicano il METODO81+; 11) ØTIX causa il pericolo 'MMC' (Movimentazione Manuale Carichi); poi LUXPECTORIX+SICURIX applicano il METODO81+; 12) OBLIVIX causa il pericolo 'Documento' (Documento Valutazione Rischi (DVR)); poi TRACCIX+SICURIX applicano il METODO81+. PALETTE BRAND ESCLUSIVA: nero #05050A, bianco panna, arancione #FF6A1A/#E8501A; ROSSO solo per 'PERICOLO', VERDE per la checklist 'Metodo 81+'. Logo '81+' ben visibile in OGNI vignetta. REGOLA STORIA: SICURIX NON agisce mai da solo - in OGNI vignetta di soluzione si fa AIUTARE dai suoi colleghi EROI (lavoro di squadra, ognuno col suo ruolo). TESTO: didascalie e fumetti MOLTO BREVI (1-4 parole), GRANDI, centrati, in ITALIANO con ORTOGRAFIA PERFETTA, senza parole inventate, lettere doppie errate o testo tagliato. CATTIVI (coerenti col canone): SPYIX, CAOSIX, SEGNALEX, CADUTIX, OBLIVIX, CHIMIKIX, MULTIX, CROSSIX, ØTIX. EROI: CIFRIX, LUXPECTORIX, CONSENSIX, BLINKIX, HYGIENIX, SICURIX, TRACCIX. NEGATIVE: nessun marchio LEGO reale, nessun personaggio protetto (Asterix ecc.), niente gore/horror, niente claim assoluti ('rischio zero','garantito','zero multe').","In Alloggio/Ristorazione non e' 'se' arriva il controllo, e' 'quando'. Sei pronto?","Alloggio/Ristorazione: 3 minuti oggi o un problema enorme domani. Scegli tu.

In alloggio/ristorazione gli adempimenti obbligatori non aspettano: Registro, Documento, Ruolo/RLS, DPI, Nomine, Infestanti, Formazione base, Videosorveglianza, Sanificazione, Stress, MMC. In questa pagina TALES OF SICURIX il PERICOLO prende forma... e il METODO81+ lo rimette in ordine, passo dopo passo. Immagina la scena: prima il caos, poi la checklist che sistema tutto. Chi si mette in regola prima, dorme meglio dopo.
👉 Iscriviti al corso: Corso privacy destinato ai lavoratori -> https://81plus.net/?corso=corso-privacy-destinato-ai-lavoratori
▶️ YouTube: youtube.com/@sicurissimo
Contenuto informativo. Prima vedi. Poi sistemi. 81plus.net",Corso privacy destinato ai lavoratori,https://81plus.net/?corso=corso-privacy-destinato-ai-lavoratori,#TalesOfSicurix #SICURIX #Metodo81 #81plus #Sicurissimo #Privacy #Sicurezza #HACCP #SicurezzaSulLavoro,SICURIX_TALES_552051_20_19_4_8_21_17_1_24_14_11_10_0.webp,https://drive.google.com/drive/folders/1hICKXdl9JTZBL1pemG19oE_661z-EH_k,IMG_ERR
24.33.02,Manifattura,C,Sicurezza+Privacy+HACCP,10,Formazione Generale Lavoratori | Documento Valutazione Rischi (DVR) | Movimentazione Manuale Carichi | Formazione Specifica (rischio alto) | Formazione GDPR | Rintracciabilita ed Etichettatura | RSPP / Datore di Lavoro RSPP | Registro dei Trattamenti | Addetto Antincendio | Rappresentante Lavoratori Sicurezza (RLS),Accordo Stato-Regioni | D.Lgs81/08 art.28 | D.Lgs81/08 Tit.VI | GDPR art.32 | Reg.CE 178/2002 | D.Lgs81/08 art.34 | GDPR art.30 | DM 2/9/2021 | D.Lgs81/08 art.47,"BLINKIX>IMPROVVISIX, CIFRIX>IMPROVVISIX, TRACCIX>CADUTIX, CHEFIX>NONDPIX, DOCUMIX>IMPROVVISIX, ROBOTIX81>MESCOLIX, PREPOSTIX>CHIMIKIX, BLINKIX>SPYIX, SCUDIX>SCIVOLIX, ROBOTIX81>SCHIACCIX","Crea una PAGINA A FUMETTI a STORIA COMPLETA, verticale A4 (1024x1536), QUALITA' EDITORIALE DA STAMPA, stile ufficiale 'SICURIX TALES' IDENTICO alle immagini di riferimento allegate (stessi personaggi a mattoncini 3D, stessa impaginazione, stessi colori, stesse rese): minifigure espressive, ambientazioni ricche e dettagliate del settore, luci morbide, profondita', bordi vignetta netti. IMPAGINAZIONE OBBLIGATORIA: da 10 a 12 VIGNETTE numerate che raccontano UNA STORIA con arco narrativo completo (1 situazione normale -> 2-4 arrivano i pericoli coi cattivi -> 5-6 tensione/conseguenza -> 7-9 arriva SICURIX con gli eroi e applica il METODO81+ passo per passo -> 10-11 risoluzione ordinata -> 12 finale). HEADER in alto: SICURIX (mantello, medaglione arancione '81+', bussola) che presenta in un fumetto; grande titolo 'SICURIX TALES'; sottotitolo 'MANIFATTURA: Pericolo vs Soluzione con Metodo 81+'; legenda 3 voci (verde Sicurezza, rosso Rischio, blu 81+ Soluzione); fila di EROI coi nomi: BLINKIX, CIFRIX, TRACCIX, CHEFIX, DOCUMIX, ROBOTIX81. FOOTER in basso: grande 'Prima vedi. Poi sistemi.'; banner scudo verde 'PROTEGGIAMO. PREVENIAMO. MIGLIORIAMO.' e triangolo rosso 'DISATTENZIONE. RISCHI. COSTI. CAOS.'; logo '81+' + '81plus.net'. TRAMA (usa questi eventi come vignette; se sono meno di 10 aggiungi vignette di contesto, dialogo e reazione per arrivare a 10-12): 1) IMPROVVISIX causa il pericolo 'Formazione base' (Formazione Generale Lavoratori); poi BLINKIX+SICURIX applicano il METODO81+; 2) IMPROVVISIX causa il pericolo 'Documento' (Documento Valutazione Rischi (DVR)); poi CIFRIX+SICURIX applicano il METODO81+; 3) CADUTIX causa il pericolo 'MMC' (Movimentazione Manuale Carichi); poi TRACCIX+SICURIX applicano il METODO81+; 4) NONDPIX causa il pericolo 'Formazione specifica' (Formazione Specifica (rischio alto)); poi CHEFIX+SICURIX applicano il METODO81+; 5) IMPROVVISIX causa il pericolo 'Formazione' (Formazione GDPR); poi DOCUMIX+SICURIX applicano il METODO81+; 6) MESCOLIX causa il pericolo 'Rintracciabilita' (Rintracciabilita ed Etichettatura); poi ROBOTIX81+SICURIX applicano il METODO81+; 7) CHIMIKIX causa il pericolo 'Ruolo/RSPP' (RSPP / Datore di Lavoro RSPP); poi PREPOSTIX+SICURIX applicano il METODO81+; 8) SPYIX causa il pericolo 'Registro' (Registro dei Trattamenti); poi BLINKIX+SICURIX applicano il METODO81+; 9) SCIVOLIX causa il pericolo 'Emergenze/Incendio' (Addetto Antincendio); poi SCUDIX+SICURIX applicano il METODO81+; 10) SCHIACCIX causa il pericolo 'Ruolo/RLS' (Rappresentante Lavoratori Sicurezza (RLS)); poi ROBOTIX81+SICURIX applicano il METODO81+. PALETTE BRAND ESCLUSIVA: nero #05050A, bianco panna, arancione #FF6A1A/#E8501A; ROSSO solo per 'PERICOLO', VERDE per la checklist 'Metodo 81+'. Logo '81+' ben visibile in OGNI vignetta. REGOLA STORIA: SICURIX NON agisce mai da solo - in OGNI vignetta di soluzione si fa AIUTARE dai suoi colleghi EROI (lavoro di squadra, ognuno col suo ruolo). TESTO: didascalie e fumetti MOLTO BREVI (1-4 parole), GRANDI, centrati, in ITALIANO con ORTOGRAFIA PERFETTA, senza parole inventate, lettere doppie errate o testo tagliato. CATTIVI (coerenti col canone): IMPROVVISIX, CADUTIX, NONDPIX, MESCOLIX, CHIMIKIX, SPYIX, SCIVOLIX, SCHIACCIX. EROI: BLINKIX, CIFRIX, TRACCIX, CHEFIX, DOCUMIX, ROBOTIX81, PREPOSTIX, SCUDIX. NEGATIVE: nessun marchio LEGO reale, nessun personaggio protetto (Asterix ecc.), niente gore/horror, niente claim assoluti ('rischio zero','garantito','zero multe').",Manifattura: 3 minuti oggi o un problema enorme domani. Scegli tu.,"Quello che l'ispettore controlla per primo in Manifattura (e quasi nessuno lo sa)

In manifattura gli adempimenti obbligatori non aspettano: Formazione base, Documento, MMC, Formazione specifica, Formazione, Rintracciabilita, Ruolo/RSPP, Registro, Emergenze/Incendio, Ruolo/RLS. In questa pagina TALES OF SICURIX il PERICOLO prende forma... e il METODO81+ lo rimette in ordine, passo dopo passo. Immagina la scena: prima il caos, poi la checklist che sistema tutto. Mettere ordine ora costa poco. Rimediare dopo costa caro.
👉 Iscriviti al corso: Corso lavoratore parte GENERALE 4 ore -> https://81plus.net/?corso=corso-lavoratore-parte-generale-4-ore
▶️ YouTube: youtube.com/@sicurissimo
Contenuto informativo. Prima vedi. Poi sistemi. 81plus.net",Corso lavoratore parte GENERALE 4 ore,https://81plus.net/?corso=corso-lavoratore-parte-generale-4-ore,#TalesOfSicurix #SICURIX #Metodo81 #81plus #Sicurissimo #Sicurezza #Privacy #HACCP #SicurezzaSulLavoro,SICURIX_TALES_243302_1_0_10_2_24_17_5_22_7_4.webp,https://drive.google.com/drive/folders/1hICKXdl9JTZBL1pemG19oE_661z-EH_k,IMG_ERR
49.32.01,Trasporti/Magazzino,H,Privacy+Ambientale+Sicurezza,10,Registro dei Trattamenti | Formazione Ambientale | Rappresentante Lavoratori Sicurezza (RLS) | Documento Valutazione Rischi (DVR) | Addetto Primo Soccorso | Rischio Rumore | Informativa e Consensi | RSPP / Datore di Lavoro RSPP | Addetto Antincendio | Gestione Rifiuti e Registro,GDPR art.30 | D.Lgs152/06 | D.Lgs81/08 art.47 | D.Lgs81/08 art.28 | DM 388/2003 | D.Lgs81/08 Tit.VIII | GDPR art.13 | D.Lgs81/08 art.34 | DM 2/9/2021,"CHECKIX>RISKIX, CHECKIX>CAOSIX, CONSENSIX>SEGNALEX, PRIVACIX>SCIVOLIX, PREPOSTIX>NONDPIX, SICURIX>RISKIX, HYGIENIX>LEAKIX, ROBOTIX81>CAOSIX, SCUDIX>SOTTOVALUTIX, ROBOTIX81>CAOSIX","Crea una PAGINA A FUMETTI a STORIA COMPLETA, verticale A4 (1024x1536), QUALITA' EDITORIALE DA STAMPA, stile ufficiale 'SICURIX TALES' IDENTICO alle immagini di riferimento allegate (stessi personaggi a mattoncini 3D, stessa impaginazione, stessi colori, stesse rese): minifigure espressive, ambientazioni ricche e dettagliate del settore, luci morbide, profondita', bordi vignetta netti. IMPAGINAZIONE OBBLIGATORIA: da 10 a 12 VIGNETTE numerate che raccontano UNA STORIA con arco narrativo completo (1 situazione normale -> 2-4 arrivano i pericoli coi cattivi -> 5-6 tensione/conseguenza -> 7-9 arriva SICURIX con gli eroi e applica il METODO81+ passo per passo -> 10-11 risoluzione ordinata -> 12 finale). HEADER in alto: SICURIX (mantello, medaglione arancione '81+', bussola) che presenta in un fumetto; grande titolo 'SICURIX TALES'; sottotitolo 'TRASPORTI/MAGAZZINO: Pericolo vs Soluzione con Metodo 81+'; legenda 3 voci (verde Sicurezza, rosso Rischio, blu 81+ Soluzione); fila di EROI coi nomi: CHECKIX, CONSENSIX, PRIVACIX, PREPOSTIX, SICURIX, HYGIENIX. FOOTER in basso: grande 'Prima vedi. Poi sistemi.'; banner scudo verde 'PROTEGGIAMO. PREVENIAMO. MIGLIORIAMO.' e triangolo rosso 'DISATTENZIONE. RISCHI. COSTI. CAOS.'; logo '81+' + '81plus.net'. TRAMA (usa questi eventi come vignette; se sono meno di 10 aggiungi vignette di contesto, dialogo e reazione per arrivare a 10-12): 1) RISKIX causa il pericolo 'Registro' (Registro dei Trattamenti); poi CHECKIX+SICURIX applicano il METODO81+; 2) CAOSIX causa il pericolo 'Formazione' (Formazione Ambientale); poi CHECKIX+SICURIX applicano il METODO81+; 3) SEGNALEX causa il pericolo 'Ruolo/RLS' (Rappresentante Lavoratori Sicurezza (RLS)); poi CONSENSIX+SICURIX applicano il METODO81+; 4) SCIVOLIX causa il pericolo 'Documento' (Documento Valutazione Rischi (DVR)); poi PRIVACIX+SICURIX applicano il METODO81+; 5) NONDPIX causa il pericolo 'Emergenze/Soccorso' (Addetto Primo Soccorso); poi PREPOSTIX+SICURIX applicano il METODO81+; 6) RISKIX causa il pericolo 'Rumore' (Rischio Rumore); poi SICURIX+SICURIX applicano il METODO81+; 7) LEAKIX causa il pericolo 'Documento' (Informativa e Consensi); poi HYGIENIX+SICURIX applicano il METODO81+; 8) CAOSIX causa il pericolo 'Ruolo/RSPP' (RSPP / Datore di Lavoro RSPP); poi ROBOTIX81+SICURIX applicano il METODO81+; 9) SOTTOVALUTIX causa il pericolo 'Emergenze/Incendio' (Addetto Antincendio); poi SCUDIX+SICURIX applicano il METODO81+; 10) CAOSIX causa il pericolo 'Rifiuti' (Gestione Rifiuti e Registro); poi ROBOTIX81+SICURIX applicano il METODO81+. PALETTE BRAND ESCLUSIVA: nero #05050A, bianco panna, arancione #FF6A1A/#E8501A; ROSSO solo per 'PERICOLO', VERDE per la checklist 'Metodo 81+'. Logo '81+' ben visibile in OGNI vignetta. REGOLA STORIA: SICURIX NON agisce mai da solo - in OGNI vignetta di soluzione si fa AIUTARE dai suoi colleghi EROI (lavoro di squadra, ognuno col suo ruolo). TESTO: didascalie e fumetti MOLTO BREVI (1-4 parole), GRANDI, centrati, in ITALIANO con ORTOGRAFIA PERFETTA, senza parole inventate, lettere doppie errate o testo tagliato. CATTIVI (coerenti col canone): RISKIX, CAOSIX, SEGNALEX, SCIVOLIX, NONDPIX, LEAKIX, SOTTOVALUTIX. EROI: CHECKIX, CONSENSIX, PRIVACIX, PREPOSTIX, SICURIX, HYGIENIX, ROBOTIX81, SCUDIX. NEGATIVE: nessun marchio LEGO reale, nessun personaggio protetto (Asterix ecc.), niente gore/horror, niente claim assoluti ('rischio zero','garantito','zero multe').",Trasporti/Magazzino: 3 minuti oggi o un problema enorme domani. Scegli tu.,"Quello che l'ispettore controlla per primo in Trasporti/Magazzino (e quasi nessuno lo sa)

In trasporti/magazzino gli adempimenti obbligatori non aspettano: Registro, Formazione, Ruolo/RLS, Documento, Emergenze/Soccorso, Rumore, Ruolo/RSPP, Emergenze/Incendio, Rifiuti. In questa pagina TALES OF SICURIX il PERICOLO prende forma... e il METODO81+ lo rimette in ordine, passo dopo passo. Immagina la scena: prima il caos, poi la checklist che sistema tutto. La regola c'e' gia': tu falla lavorare per te.
👉 Iscriviti al corso: Corso privacy destinato ai lavoratori -> https://81plus.net/?corso=corso-privacy-destinato-ai-lavoratori
▶️ YouTube: youtube.com/@sicurissimo
Contenuto informativo. Prima vedi. Poi sistemi. 81plus.net",Corso privacy destinato ai lavoratori,https://81plus.net/?corso=corso-privacy-destinato-ai-lavoratori,#TalesOfSicurix #SICURIX #Metodo81 #81plus #Sicurissimo #Privacy #Ambientale #Sicurezza #SicurezzaSulLavoro,SICURIX_TALES_493201_16_21_4_0_6_12_15_5_7_20.webp,https://drive.google.com/drive/folders/1hICKXdl9JTZBL1pemG19oE_661z-EH_k,IMG_ERR
28.99.93,Manifattura,C,Sicurezza+HACCP+Privacy+Ambientale,10,Documento Valutazione Rischi (DVR) | Formazione Generale Lavoratori | Controllo Temperature e Celle | Piano di Sanificazione | RSPP / Datore di Lavoro RSPP | Movimentazione Manuale Carichi | Formazione Specifica (rischio alto) | Gestione Allergeni | Formazione GDPR | Formazione Ambientale,D.Lgs81/08 art.28 | Accordo Stato-Regioni | Reg.CE 852/2004 | D.Lgs81/08 art.34 | D.Lgs81/08 Tit.VI | Reg.UE 1169/2011 | GDPR art.32 | D.Lgs152/06,"CONSENSIX>BIOXIX, BLINKIX>RISKIX, TRACCIX>MESCOLIX, SICURIX>MESCOLIX, CIFRIX>RUMORIX, TRACCIX>FRETTIX, TRACCIX>RISKIX, TRACCIX>MESCOLIX, HYGIENIX>OBLIVIX, PREPOSTIX>RISKIX","Crea una PAGINA A FUMETTI a STORIA COMPLETA, verticale A4 (1024x1536), QUALITA' EDITORIALE DA STAMPA, stile ufficiale 'SICURIX TALES' IDENTICO alle immagini di riferimento allegate (stessi personaggi a mattoncini 3D, stessa impaginazione, stessi colori, stesse rese): minifigure espressive, ambientazioni ricche e dettagliate del settore, luci morbide, profondita', bordi vignetta netti. IMPAGINAZIONE OBBLIGATORIA: da 10 a 12 VIGNETTE numerate che raccontano UNA STORIA con arco narrativo completo (1 situazione normale -> 2-4 arrivano i pericoli coi cattivi -> 5-6 tensione/conseguenza -> 7-9 arriva SICURIX con gli eroi e applica il METODO81+ passo per passo -> 10-11 risoluzione ordinata -> 12 finale). HEADER in alto: SICURIX (mantello, medaglione arancione '81+', bussola) che presenta in un fumetto; grande titolo 'SICURIX TALES'; sottotitolo 'MANIFATTURA: Pericolo vs Soluzione con Metodo 81+'; legenda 3 voci (verde Sicurezza, rosso Rischio, blu 81+ Soluzione); fila di EROI coi nomi: CONSENSIX, BLINKIX, TRACCIX, SICURIX, CIFRIX, HYGIENIX. FOOTER in basso: grande 'Prima vedi. Poi sistemi.'; banner scudo verde 'PROTEGGIAMO. PREVENIAMO. MIGLIORIAMO.' e triangolo rosso 'DISATTENZIONE. RISCHI. COSTI. CAOS.'; logo '81+' + '81plus.net'. TRAMA (usa questi eventi come vignette; se sono meno di 10 aggiungi vignette di contesto, dialogo e reazione per arrivare a 10-12): 1) BIOXIX causa il pericolo 'Documento' (Documento Valutazione Rischi (DVR)); poi CONSENSIX+SICURIX applicano il METODO81+; 2) RISKIX causa il pericolo 'Formazione base' (Formazione Generale Lavoratori); poi BLINKIX+SICURIX applicano il METODO81+; 3) MESCOLIX causa il pericolo 'Temperature' (Controllo Temperature e Celle); poi TRACCIX+SICURIX applicano il METODO81+; 4) MESCOLIX causa il pericolo 'Sanificazione' (Piano di Sanificazione); poi SICURIX+SICURIX applicano il METODO81+; 5) RUMORIX causa il pericolo 'Ruolo/RSPP' (RSPP / Datore di Lavoro RSPP); poi CIFRIX+SICURIX applicano il METODO81+; 6) FRETTIX causa il pericolo 'MMC' (Movimentazione Manuale Carichi); poi TRACCIX+SICURIX applicano il METODO81+; 7) RISKIX causa il pericolo 'Formazione specifica' (Formazione Specifica (rischio alto)); poi TRACCIX+SICURIX applicano il METODO81+; 8) MESCOLIX causa il pericolo 'Allergeni' (Gestione Allergeni); poi TRACCIX+SICURIX applicano il METODO81+; 9) OBLIVIX causa il pericolo 'Formazione' (Formazione GDPR); poi HYGIENIX+SICURIX applicano il METODO81+; 10) RISKIX causa il pericolo 'Formazione' (Formazione Ambientale); poi PREPOSTIX+SICURIX applicano il METODO81+. PALETTE BRAND ESCLUSIVA: nero #05050A, bianco panna, arancione #FF6A1A/#E8501A; ROSSO solo per 'PERICOLO', VERDE per la checklist 'Metodo 81+'. Logo '81+' ben visibile in OGNI vignetta. REGOLA STORIA: SICURIX NON agisce mai da solo - in OGNI vignetta di soluzione si fa AIUTARE dai suoi colleghi EROI (lavoro di squadra, ognuno col suo ruolo). TESTO: didascalie e fumetti MOLTO BREVI (1-4 parole), GRANDI, centrati, in ITALIANO con ORTOGRAFIA PERFETTA, senza parole inventate, lettere doppie errate o testo tagliato. CATTIVI (coerenti col canone): BIOXIX, RISKIX, MESCOLIX, RUMORIX, FRETTIX, OBLIVIX. EROI: CONSENSIX, BLINKIX, TRACCIX, SICURIX, CIFRIX, HYGIENIX, PREPOSTIX. NEGATIVE: nessun marchio LEGO reale, nessun personaggio protetto (Asterix ecc.), niente gore/horror, niente claim assoluti ('rischio zero','garantito','zero multe').",Manifattura: 3 minuti oggi o un problema enorme domani. Scegli tu.,"In Manifattura c'e' un obbligo che in tanti scoprono solo con la sanzione

In manifattura gli adempimenti obbligatori non aspettano: Documento, Formazione base, Temperature, Sanificazione, Ruolo/RSPP, MMC, Formazione specifica, Allergeni, Formazione. In questa pagina TALES OF SICURIX il PERICOLO prende forma... e il METODO81+ lo rimette in ordine, passo dopo passo. Immagina la scena: prima il caos, poi la checklist che sistema tutto. La regola c'e' gia': tu falla lavorare per te.
👉 Iscriviti al corso: Corso lavoratore parte GENERALE 4 ore -> https://81plus.net/?corso=corso-lavoratore-parte-generale-4-ore
▶️ YouTube: youtube.com/@sicurissimo
Contenuto informativo. Prima vedi. Poi sistemi. 81plus.net",Corso lavoratore parte GENERALE 4 ore,https://81plus.net/?corso=corso-lavoratore-parte-generale-4-ore,#TalesOfSicurix #SICURIX #Metodo81 #81plus #Sicurissimo #Sicurezza #HACCP #Privacy #Ambientale #SicurezzaSulLavoro,SICURIX_TALES_289993_0_1_18_16_5_10_2_20_24_27.webp,https://drive.google.com/drive/folders/1hICKXdl9JTZBL1pemG19oE_661z-EH_k,IMG_ERR
63.10.21,Finanza/Assicurazioni,K,Sicurezza+Privacy,11,Addetto Primo Soccorso | Registro dei Trattamenti | RSPP / Datore di Lavoro RSPP | Documento Valutazione Rischi (DVR) | Uso e Formazione DPI | Formazione GDPR | Formazione Specifica (rischio basso) | Nomina Incaricati/Responsabili | Rappresentante Lavoratori Sicurezza (RLS) | Addetto Antincendio | Informativa e Consensi,DM 388/2003 | GDPR art.30 | D.Lgs81/08 art.34 | D.Lgs81/08 art.28 | D.Lgs81/08 art.77 | GDPR art.32 | Accordo Stato-Regioni | GDPR art.28-29 | D.Lgs81/08 art.47 | DM 2/9/2021 | GDPR art.13,"TRACCIX>SEGNALEX, BLINKIX>IMPROVVISIX, CIFRIX>ØTIX, CONSENSIX>SEGNALEX, CIFRIX>NONDPIX, HYGIENIX>IMPROVVISIX, CHECKIX>NONDPIX, CONSENSIX>SPYIX, CHECKIX>IMPROVVISIX, FORMIX>RISKIX, HYGIENIX>CANCELIX","Crea una PAGINA A FUMETTI a STORIA COMPLETA, verticale A4 (1024x1536), QUALITA' EDITORIALE DA STAMPA, stile ufficiale 'SICURIX TALES' IDENTICO alle immagini di riferimento allegate (stessi personaggi a mattoncini 3D, stessa impaginazione, stessi colori, stesse rese): minifigure espressive, ambientazioni ricche e dettagliate del settore, luci morbide, profondita', bordi vignetta netti. IMPAGINAZIONE OBBLIGATORIA: da 10 a 12 VIGNETTE numerate che raccontano UNA STORIA con arco narrativo completo (1 situazione normale -> 2-4 arrivano i pericoli coi cattivi -> 5-6 tensione/conseguenza -> 7-9 arriva SICURIX con gli eroi e applica il METODO81+ passo per passo -> 10-11 risoluzione ordinata -> 12 finale). HEADER in alto: SICURIX (mantello, medaglione arancione '81+', bussola) che presenta in un fumetto; grande titolo 'SICURIX TALES'; sottotitolo 'FINANZA/ASSICURAZIONI: Pericolo vs Soluzione con Metodo 81+'; legenda 3 voci (verde Sicurezza, rosso Rischio, blu 81+ Soluzione); fila di EROI coi nomi: TRACCIX, BLINKIX, CIFRIX, CONSENSIX, HYGIENIX, CHECKIX. FOOTER in basso: grande 'Prima vedi. Poi sistemi.'; banner scudo verde 'PROTEGGIAMO. PREVENIAMO. MIGLIORIAMO.' e triangolo rosso 'DISATTENZIONE. RISCHI. COSTI. CAOS.'; logo '81+' + '81plus.net'. TRAMA (usa questi eventi come vignette; se sono meno di 10 aggiungi vignette di contesto, dialogo e reazione per arrivare a 10-12): 1) SEGNALEX causa il pericolo 'Emergenze/Soccorso' (Addetto Primo Soccorso); poi TRACCIX+SICURIX applicano il METODO81+; 2) IMPROVVISIX causa il pericolo 'Registro' (Registro dei Trattamenti); poi BLINKIX+SICURIX applicano il METODO81+; 3) ØTIX causa il pericolo 'Ruolo/RSPP' (RSPP / Datore di Lavoro RSPP); poi CIFRIX+SICURIX applicano il METODO81+; 4) SEGNALEX causa il pericolo 'Documento' (Documento Valutazione Rischi (DVR)); poi CONSENSIX+SICURIX applicano il METODO81+; 5) NONDPIX causa il pericolo 'DPI' (Uso e Formazione DPI); poi CIFRIX+SICURIX applicano il METODO81+; 6) IMPROVVISIX causa il pericolo 'Formazione' (Formazione GDPR); poi HYGIENIX+SICURIX applicano il METODO81+; 7) NONDPIX causa il pericolo 'Formazione specifica' (Formazione Specifica (rischio basso)); poi CHECKIX+SICURIX applicano il METODO81+; 8) SPYIX causa il pericolo 'Nomine' (Nomina Incaricati/Responsabili); poi CONSENSIX+SICURIX applicano il METODO81+; 9) IMPROVVISIX causa il pericolo 'Ruolo/RLS' (Rappresentante Lavoratori Sicurezza (RLS)); poi CHECKIX+SICURIX applicano il METODO81+; 10) RISKIX causa il pericolo 'Emergenze/Incendio' (Addetto Antincendio); poi FORMIX+SICURIX applicano il METODO81+; 11) CANCELIX causa il pericolo 'Documento' (Informativa e Consensi); poi HYGIENIX+SICURIX applicano il METODO81+. PALETTE BRAND ESCLUSIVA: nero #05050A, bianco panna, arancione #FF6A1A/#E8501A; ROSSO solo per 'PERICOLO', VERDE per la checklist 'Metodo 81+'. Logo '81+' ben visibile in OGNI vignetta. REGOLA STORIA: SICURIX NON agisce mai da solo - in OGNI vignetta di soluzione si fa AIUTARE dai suoi colleghi EROI (lavoro di squadra, ognuno col suo ruolo). TESTO: didascalie e fumetti MOLTO BREVI (1-4 parole), GRANDI, centrati, in ITALIANO con ORTOGRAFIA PERFETTA, senza parole inventate, lettere doppie errate o testo tagliato. CATTIVI (coerenti col canone): SEGNALEX, IMPROVVISIX, ØTIX, NONDPIX, SPYIX, RISKIX, CANCELIX. EROI: TRACCIX, BLINKIX, CIFRIX, CONSENSIX, HYGIENIX, CHECKIX, FORMIX. NEGATIVE: nessun marchio LEGO reale, nessun personaggio protetto (Asterix ecc.), niente gore/horror, niente claim assoluti ('rischio zero','garantito','zero multe').",In Finanza/Assicurazioni c'e' un obbligo che in tanti scoprono solo con la sanzione,"In Finanza/Assicurazioni c'e' un obbligo che in tanti scoprono solo con la sanzione

In finanza/assicurazioni gli adempimenti obbligatori non aspettano: Emergenze/Soccorso, Registro, Ruolo/RSPP, Documento, DPI, Formazione, Formazione specifica, Nomine, Ruolo/RLS, Emergenze/Incendio. In questa pagina TALES OF SICURIX il PERICOLO prende forma... e il METODO81+ lo rimette in ordine, passo dopo passo. Immagina la scena: prima il caos, poi la checklist che sistema tutto. Mettere ordine ora costa poco. Rimediare dopo costa caro.
👉 Iscriviti al corso: Corso Primo Soccorso (A-B-C) -> https://81plus.net/?corso=corso-primo-soccorso-a-b-c
▶️ YouTube: youtube.com/@sicurissimo
Contenuto informativo. Prima vedi. Poi sistemi. 81plus.net",Corso Primo Soccorso (A-B-C),https://81plus.net/?corso=corso-primo-soccorso-a-b-c,#TalesOfSicurix #SICURIX #Metodo81 #81plus #Sicurissimo #Sicurezza #Privacy #SicurezzaSulLavoro,SICURIX_TALES_631021_6_11_5_0_8_13_2_12_4_7_10.webp,https://drive.google.com/drive/folders/1hICKXdl9JTZBL1pemG19oE_661z-EH_k,IMG_ERR
43.12.01,Costruzioni,F,Sicurezza+Privacy+Ambientale,12,Addetto Primo Soccorso | Stress Lavoro-Correlato | Formazione Preposto | Rischio Rumore | Informativa e Consensi | Attrezzature e Macchine | Formazione GDPR | Formazione Specifica (rischio alto) | Registro dei Trattamenti | Nomina Incaricati/Responsabili | Formazione Generale Lavoratori | Gestione Rifiuti e Registro,DM 388/2003 | D.Lgs81/08 art.28 | D.Lgs81/08 art.37 | D.Lgs81/08 Tit.VIII | GDPR art.13 | D.Lgs81/08 Tit.III | GDPR art.32 | Accordo Stato-Regioni | GDPR art.30 | GDPR art.28-29 | D.Lgs152/06,"TRACCIX>TAGLIX, ROBOTIX81>SCIVOLIX, SICURIX>FUMIX, FORMIX>SOTTOVALUTIX, SCUDIX>IMPROVVISIX, SICURIX>BIOXIX, PRIVACIX>LEAKIX, CHECKIX>FRETTIX, TRACCIX>MULTIX, CONSENSIX>FRETTIX, PREPOSTIX>FRETTIX, PRIVACIX>FRETTIX","Crea una PAGINA A FUMETTI a STORIA COMPLETA, verticale A4 (1024x1536), QUALITA' EDITORIALE DA STAMPA, stile ufficiale 'SICURIX TALES' IDENTICO alle immagini di riferimento allegate (stessi personaggi a mattoncini 3D, stessa impaginazione, stessi colori, stesse rese): minifigure espressive, ambientazioni ricche e dettagliate del settore, luci morbide, profondita', bordi vignetta netti. IMPAGINAZIONE OBBLIGATORIA: da 10 a 12 VIGNETTE numerate che raccontano UNA STORIA con arco narrativo completo (1 situazione normale -> 2-4 arrivano i pericoli coi cattivi -> 5-6 tensione/conseguenza -> 7-9 arriva SICURIX con gli eroi e applica il METODO81+ passo per passo -> 10-11 risoluzione ordinata -> 12 finale). HEADER in alto: SICURIX (mantello, medaglione arancione '81+', bussola) che presenta in un fumetto; grande titolo 'SICURIX TALES'; sottotitolo 'COSTRUZIONI: Pericolo vs Soluzione con Metodo 81+'; legenda 3 voci (verde Sicurezza, rosso Rischio, blu 81+ Soluzione); fila di EROI coi nomi: TRACCIX, ROBOTIX81, SICURIX, FORMIX, SCUDIX, PRIVACIX. FOOTER in basso: grande 'Prima vedi. Poi sistemi.'; banner scudo verde 'PROTEGGIAMO. PREVENIAMO. MIGLIORIAMO.' e triangolo rosso 'DISATTENZIONE. RISCHI. COSTI. CAOS.'; logo '81+' + '81plus.net'. TRAMA (usa questi eventi come vignette; se sono meno di 10 aggiungi vignette di contesto, dialogo e reazione per arrivare a 10-12): 1) TAGLIX causa il pericolo 'Emergenze/Soccorso' (Addetto Primo Soccorso); poi TRACCIX+SICURIX applicano il METODO81+; 2) SCIVOLIX causa il pericolo 'Stress' (Stress Lavoro-Correlato); poi ROBOTIX81+SICURIX applicano il METODO81+; 3) FUMIX causa il pericolo 'Ruolo/Preposto' (Formazione Preposto); poi SICURIX+SICURIX applicano il METODO81+; 4) SOTTOVALUTIX causa il pericolo 'Rumore' (Rischio Rumore); poi FORMIX+SICURIX applicano il METODO81+; 5) IMPROVVISIX causa il pericolo 'Documento' (Informativa e Consensi); poi SCUDIX+SICURIX applicano il METODO81+; 6) BIOXIX causa il pericolo 'Attrezzature' (Attrezzature e Macchine); poi SICURIX+SICURIX applicano il METODO81+; 7) LEAKIX causa il pericolo 'Formazione' (Formazione GDPR); poi PRIVACIX+SICURIX applicano il METODO81+; 8) FRETTIX causa il pericolo 'Formazione specifica' (Formazione Specifica (rischio alto)); poi CHECKIX+SICURIX applicano il METODO81+; 9) MULTIX causa il pericolo 'Registro' (Registro dei Trattamenti); poi TRACCIX+SICURIX applicano il METODO81+; 10) FRETTIX causa il pericolo 'Nomine' (Nomina Incaricati/Responsabili); poi CONSENSIX+SICURIX applicano il METODO81+; 11) FRETTIX causa il pericolo 'Formazione base' (Formazione Generale Lavoratori); poi PREPOSTIX+SICURIX applicano il METODO81+; 12) FRETTIX causa il pericolo 'Rifiuti' (Gestione Rifiuti e Registro); poi PRIVACIX+SICURIX applicano il METODO81+. PALETTE BRAND ESCLUSIVA: nero #05050A, bianco panna, arancione #FF6A1A/#E8501A; ROSSO solo per 'PERICOLO', VERDE per la checklist 'Metodo 81+'. Logo '81+' ben visibile in OGNI vignetta. REGOLA STORIA: SICURIX NON agisce mai da solo - in OGNI vignetta di soluzione si fa AIUTARE dai suoi colleghi EROI (lavoro di squadra, ognuno col suo ruolo). TESTO: didascalie e fumetti MOLTO BREVI (1-4 parole), GRANDI, centrati, in ITALIANO con ORTOGRAFIA PERFETTA, senza parole inventate, lettere doppie errate o testo tagliato. CATTIVI (coerenti col canone): TAGLIX, SCIVOLIX, FUMIX, SOTTOVALUTIX, IMPROVVISIX, BIOXIX, LEAKIX, FRETTIX, MULTIX. EROI: TRACCIX, ROBOTIX81, SICURIX, FORMIX, SCUDIX, PRIVACIX, CHECKIX, CONSENSIX, PREPOSTIX. NEGATIVE: nessun marchio LEGO reale, nessun personaggio protetto (Asterix ecc.), niente gore/horror, niente claim assoluti ('rischio zero','garantito','zero multe').",Costruzioni: 3 minuti oggi o un problema enorme domani. Scegli tu.,"La differenza tra chi in Costruzioni dorme sereno e chi trema al controllo

In costruzioni gli adempimenti obbligatori non aspettano: Emergenze/Soccorso, Stress, Ruolo/Preposto, Rumore, Documento, Attrezzature, Formazione, Formazione specifica, Registro, Nomine, Formazione base, Rifiuti. In questa pagina TALES OF SICURIX il PERICOLO prende forma... e il METODO81+ lo rimette in ordine, passo dopo passo. Immagina la scena: prima il caos, poi la checklist che sistema tutto. Non e' burocrazia: e' la tua tranquillita.
👉 Iscriviti al corso: Corso Primo Soccorso (A-B-C) -> https://81plus.net/?corso=corso-primo-soccorso-a-b-c
▶️ YouTube: youtube.com/@sicurissimo
Contenuto informativo. Prima vedi. Poi sistemi. 81plus.net",Corso Primo Soccorso (A-B-C),https://81plus.net/?corso=corso-primo-soccorso-a-b-c,#TalesOfSicurix #SICURIX #Metodo81 #81plus #Sicurissimo #Sicurezza #Privacy #Ambientale #SicurezzaSulLavoro,SICURIX_TALES_431201_6_11_3_12_14_13_17_2_15_16_1_19.webp,https://drive.google.com/drive/folders/1hICKXdl9JTZBL1pemG19oE_661z-EH_k,IMG_ERR
10.83.02,Manifattura,C,Sicurezza+Privacy,10,Sorveglianza Sanitaria / Medico Competente | Formazione Preposto | Nomina Incaricati/Responsabili | Formazione Specifica (rischio alto) | Formazione GDPR | Procedura Data Breach | Documento Valutazione Rischi (DVR) | Informativa e Consensi | Movimentazione Manuale Carichi | Registro dei Trattamenti,D.Lgs81/08 art.41 | D.Lgs81/08 art.37 | GDPR art.28-29 | Accordo Stato-Regioni | GDPR art.32 | GDPR art.33-34 | D.Lgs81/08 art.28 | GDPR art.13 | D.Lgs81/08 Tit.VI | GDPR art.30,"SICURIX>IMPROVVISIX, SICURIX>POLVERIX, PRIVACIX>PHISHIX, SICURIX>BIOXIX, FORMIX>PHISHIX, DOCUMIX>CANCELIX, CHEFIX>BIOXIX, CIFRIX>HACKIX, PREPOSTIX>IMPROVVISIX, HYGIENIX>MULTIX","Crea una PAGINA A FUMETTI a STORIA COMPLETA, verticale A4 (1024x1536), QUALITA' EDITORIALE DA STAMPA, stile ufficiale 'SICURIX TALES' IDENTICO alle immagini di riferimento allegate (stessi personaggi a mattoncini 3D, stessa impaginazione, stessi colori, stesse rese): minifigure espressive, ambientazioni ricche e dettagliate del settore, luci morbide, profondita', bordi vignetta netti. IMPAGINAZIONE OBBLIGATORIA: da 10 a 12 VIGNETTE numerate che raccontano UNA STORIA con arco narrativo completo (1 situazione normale -> 2-4 arrivano i pericoli coi cattivi -> 5-6 tensione/conseguenza -> 7-9 arriva SICURIX con gli eroi e applica il METODO81+ passo per passo -> 10-11 risoluzione ordinata -> 12 finale). HEADER in alto: SICURIX (mantello, medaglione arancione '81+', bussola) che presenta in un fumetto; grande titolo 'SICURIX TALES'; sottotitolo 'MANIFATTURA: Pericolo vs Soluzione con Metodo 81+'; legenda 3 voci (verde Sicurezza, rosso Rischio, blu 81+ Soluzione); fila di EROI coi nomi: SICURIX, PRIVACIX, FORMIX, DOCUMIX, CHEFIX, CIFRIX. FOOTER in basso: grande 'Prima vedi. Poi sistemi.'; banner scudo verde 'PROTEGGIAMO. PREVENIAMO. MIGLIORIAMO.' e triangolo rosso 'DISATTENZIONE. RISCHI. COSTI. CAOS.'; logo '81+' + '81plus.net'. TRAMA (usa questi eventi come vignette; se sono meno di 10 aggiungi vignette di contesto, dialogo e reazione per arrivare a 10-12): 1) IMPROVVISIX causa il pericolo 'Sorveglianza sanitaria' (Sorveglianza Sanitaria / Medico Competente); poi SICURIX+SICURIX applicano il METODO81+; 2) POLVERIX causa il pericolo 'Ruolo/Preposto' (Formazione Preposto); poi SICURIX+SICURIX applicano il METODO81+; 3) PHISHIX causa il pericolo 'Nomine' (Nomina Incaricati/Responsabili); poi PRIVACIX+SICURIX applicano il METODO81+; 4) BIOXIX causa il pericolo 'Formazione specifica' (Formazione Specifica (rischio alto)); poi SICURIX+SICURIX applicano il METODO81+; 5) PHISHIX causa il pericolo 'Formazione' (Formazione GDPR); poi FORMIX+SICURIX applicano il METODO81+; 6) CANCELIX causa il pericolo 'Data breach' (Procedura Data Breach); poi DOCUMIX+SICURIX applicano il METODO81+; 7) BIOXIX causa il pericolo 'Documento' (Documento Valutazione Rischi (DVR)); poi CHEFIX+SICURIX applicano il METODO81+; 8) HACKIX causa il pericolo 'Documento' (Informativa e Consensi); poi CIFRIX+SICURIX applicano il METODO81+; 9) IMPROVVISIX causa il pericolo 'MMC' (Movimentazione Manuale Carichi); poi PREPOSTIX+SICURIX applicano il METODO81+; 10) MULTIX causa il pericolo 'Registro' (Registro dei Trattamenti); poi HYGIENIX+SICURIX applicano il METODO81+. PALETTE BRAND ESCLUSIVA: nero #05050A, bianco panna, arancione #FF6A1A/#E8501A; ROSSO solo per 'PERICOLO', VERDE per la checklist 'Metodo 81+'. Logo '81+' ben visibile in OGNI vignetta. REGOLA STORIA: SICURIX NON agisce mai da solo - in OGNI vignetta di soluzione si fa AIUTARE dai suoi colleghi EROI (lavoro di squadra, ognuno col suo ruolo). TESTO: didascalie e fumetti MOLTO BREVI (1-4 parole), GRANDI, centrati, in ITALIANO con ORTOGRAFIA PERFETTA, senza parole inventate, lettere doppie errate o testo tagliato. CATTIVI (coerenti col canone): IMPROVVISIX, POLVERIX, PHISHIX, BIOXIX, CANCELIX, HACKIX, MULTIX. EROI: SICURIX, PRIVACIX, FORMIX, DOCUMIX, CHEFIX, CIFRIX, PREPOSTIX, HYGIENIX. NEGATIVE: nessun marchio LEGO reale, nessun personaggio protetto (Asterix ecc.), niente gore/horror, niente claim assoluti ('rischio zero','garantito','zero multe').",Manifattura: 3 minuti oggi o un problema enorme domani. Scegli tu.,"In Manifattura non e' 'se' arriva il controllo, e' 'quando'. Sei pronto?

In manifattura gli adempimenti obbligatori non aspettano: Sorveglianza sanitaria, Ruolo/Preposto, Nomine, Formazione specifica, Formazione, Data breach, Documento, MMC, Registro. In questa pagina TALES OF SICURIX il PERICOLO prende forma... e il METODO81+ lo rimette in ordine, passo dopo passo. Immagina la scena: prima il caos, poi la checklist che sistema tutto. Chi si mette in regola prima, dorme meglio dopo.
👉 Iscriviti al corso: Corso lavoratore parte GENERALE 4 ore -> https://81plus.net/?corso=corso-lavoratore-parte-generale-4-ore
▶️ YouTube: youtube.com/@sicurissimo
Contenuto informativo. Prima vedi. Poi sistemi. 81plus.net",Corso lavoratore parte GENERALE 4 ore,https://81plus.net/?corso=corso-lavoratore-parte-generale-4-ore,#TalesOfSicurix #SICURIX #Metodo81 #81plus #Sicurissimo #Sicurezza #Privacy #SicurezzaSulLavoro,SICURIX_TALES_108302_9_3_23_2_24_25_0_21_10_22.webp,https://drive.google.com/drive/folders/1hICKXdl9JTZBL1pemG19oE_661z-EH_k,IMG_ERR
28.96.00,Manifattura,C,Sicurezza+HACCP+Privacy,12,Rischio Rumore | Formazione Preposto | Stress Lavoro-Correlato | Rintracciabilita ed Etichettatura | Addetto Antincendio | Rappresentante Lavoratori Sicurezza (RLS) | Procedura Data Breach | Sorveglianza Sanitaria / Medico Competente | Documento Valutazione Rischi (DVR) | Nomina Incaricati/Responsabili | Lotta agli Infestanti (Pest Control) | Manuale HACCP di Autocontrollo,D.Lgs81/08 Tit.VIII | D.Lgs81/08 art.37 | D.Lgs81/08 art.28 | Reg.CE 178/2002 | DM 2/9/2021 | D.Lgs81/08 art.47 | GDPR art.33-34 | D.Lgs81/08 art.41 | GDPR art.28-29 | Reg.CE 852/2004,"DOCUMIX>SEGNALEX, CONSENSIX>SCHIACCIX, SICURIX>SOTTOVALUTIX, CHECKIX>SPORCKIX, DOCUMIX>VOLTIX, SCUDIX>BIOXIX, TRACCIX>RISKIX, CHEFIX>SCHIACCIX, PREPOSTIX>RISKIX, DOCUMIX>FRETTIX, PRIVACIX>CROSSIX, SCUDIX>IMPROVVISIX","Crea una PAGINA A FUMETTI a STORIA COMPLETA, verticale A4 (1024x1536), QUALITA' EDITORIALE DA STAMPA, stile ufficiale 'SICURIX TALES' IDENTICO alle immagini di riferimento allegate (stessi personaggi a mattoncini 3D, stessa impaginazione, stessi colori, stesse rese): minifigure espressive, ambientazioni ricche e dettagliate del settore, luci morbide, profondita', bordi vignetta netti. IMPAGINAZIONE OBBLIGATORIA: da 10 a 12 VIGNETTE numerate che raccontano UNA STORIA con arco narrativo completo (1 situazione normale -> 2-4 arrivano i pericoli coi cattivi -> 5-6 tensione/conseguenza -> 7-9 arriva SICURIX con gli eroi e applica il METODO81+ passo per passo -> 10-11 risoluzione ordinata -> 12 finale). HEADER in alto: SICURIX (mantello, medaglione arancione '81+', bussola) che presenta in un fumetto; grande titolo 'SICURIX TALES'; sottotitolo 'MANIFATTURA: Pericolo vs Soluzione con Metodo 81+'; legenda 3 voci (verde Sicurezza, rosso Rischio, blu 81+ Soluzione); fila di EROI coi nomi: DOCUMIX, CONSENSIX, SICURIX, CHECKIX, SCUDIX, TRACCIX. FOOTER in basso: grande 'Prima vedi. Poi sistemi.'; banner scudo verde 'PROTEGGIAMO. PREVENIAMO. MIGLIORIAMO.' e triangolo rosso 'DISATTENZIONE. RISCHI. COSTI. CAOS.'; logo '81+' + '81plus.net'. TRAMA (usa questi eventi come vignette; se sono meno di 10 aggiungi vignette di contesto, dialogo e reazione per arrivare a 10-12): 1) SEGNALEX causa il pericolo 'Rumore' (Rischio Rumore); poi DOCUMIX+SICURIX applicano il METODO81+; 2) SCHIACCIX causa il pericolo 'Ruolo/Preposto' (Formazione Preposto); poi CONSENSIX+SICURIX applicano il METODO81+; 3) SOTTOVALUTIX causa il pericolo 'Stress' (Stress Lavoro-Correlato); poi SICURIX+SICURIX applicano il METODO81+; 4) SPORCKIX causa il pericolo 'Rintracciabilita' (Rintracciabilita ed Etichettatura); poi CHECKIX+SICURIX applicano il METODO81+; 5) VOLTIX causa il pericolo 'Emergenze/Incendio' (Addetto Antincendio); poi DOCUMIX+SICURIX applicano il METODO81+; 6) BIOXIX causa il pericolo 'Ruolo/RLS' (Rappresentante Lavoratori Sicurezza (RLS)); poi SCUDIX+SICURIX applicano il METODO81+; 7) RISKIX causa il pericolo 'Data breach' (Procedura Data Breach); poi TRACCIX+SICURIX applicano il METODO81+; 8) SCHIACCIX causa il pericolo 'Sorveglianza sanitaria' (Sorveglianza Sanitaria / Medico Competente); poi CHEFIX+SICURIX applicano il METODO81+; 9) RISKIX causa il pericolo 'Documento' (Documento Valutazione Rischi (DVR)); poi PREPOSTIX+SICURIX applicano il METODO81+; 10) FRETTIX causa il pericolo 'Nomine' (Nomina Incaricati/Responsabili); poi DOCUMIX+SICURIX applicano il METODO81+; 11) CROSSIX causa il pericolo 'Infestanti' (Lotta agli Infestanti (Pest Control)); poi PRIVACIX+SICURIX applicano il METODO81+; 12) IMPROVVISIX causa il pericolo 'Documento' (Manuale HACCP di Autocontrollo); poi SCUDIX+SICURIX applicano il METODO81+. PALETTE BRAND ESCLUSIVA: nero #05050A, bianco panna, arancione #FF6A1A/#E8501A; ROSSO solo per 'PERICOLO', VERDE per la checklist 'Metodo 81+'. Logo '81+' ben visibile in OGNI vignetta. REGOLA STORIA: SICURIX NON agisce mai da solo - in OGNI vignetta di soluzione si fa AIUTARE dai suoi colleghi EROI (lavoro di squadra, ognuno col suo ruolo). TESTO: didascalie e fumetti MOLTO BREVI (1-4 parole), GRANDI, centrati, in ITALIANO con ORTOGRAFIA PERFETTA, senza parole inventate, lettere doppie errate o testo tagliato. CATTIVI (coerenti col canone): SEGNALEX, SCHIACCIX, SOTTOVALUTIX, SPORCKIX, VOLTIX, BIOXIX, RISKIX, FRETTIX, CROSSIX, IMPROVVISIX. EROI: DOCUMIX, CONSENSIX, SICURIX, CHECKIX, SCUDIX, TRACCIX, CHEFIX, PREPOSTIX, PRIVACIX. NEGATIVE: nessun marchio LEGO reale, nessun personaggio protetto (Asterix ecc.), niente gore/horror, niente claim assoluti ('rischio zero','garantito','zero multe').",Manifattura: 3 minuti oggi o un problema enorme domani. Scegli tu.,"In Manifattura non e' 'se' arriva il controllo, e' 'quando'. Sei pronto?

In manifattura gli adempimenti obbligatori non aspettano: Rumore, Ruolo/Preposto, Stress, Rintracciabilita, Emergenze/Incendio, Ruolo/RLS, Data breach, Sorveglianza sanitaria, Documento, Nomine, Infestanti. In questa pagina TALES OF SICURIX il PERICOLO prende forma... e il METODO81+ lo rimette in ordine, passo dopo passo. Immagina la scena: prima il caos, poi la checklist che sistema tutto. Mettere ordine ora costa poco. Rimediare dopo costa caro.
👉 Iscriviti al corso: Corso RSPP Datore di Lavoro : rischio rumore -> https://81plus.net/?corso=corso-rspp-datore-di-lavoro-rischio-rumore
▶️ YouTube: youtube.com/@sicurissimo
Contenuto informativo. Prima vedi. Poi sistemi. 81plus.net",Corso RSPP Datore di Lavoro : rischio rumore,https://81plus.net/?corso=corso-rspp-datore-di-lavoro-rischio-rumore,#TalesOfSicurix #SICURIX #Metodo81 #81plus #Sicurissimo #Sicurezza #HACCP #Privacy #SicurezzaSulLavoro,SICURIX_TALES_289600_12_3_11_18_7_4_26_9_0_24_20_15.webp,https://drive.google.com/drive/folders/1hICKXdl9JTZBL1pemG19oE_661z-EH_k,IMG_ERR
43.13.00,Costruzioni,F,Sicurezza+Privacy+Ambientale,11,Addetto Primo Soccorso | Rappresentante Lavoratori Sicurezza (RLS) | Registro dei Trattamenti | Movimentazione Manuale Carichi | Gestione Rifiuti e Registro | Formazione Generale Lavoratori | RSPP / Datore di Lavoro RSPP | Formazione GDPR | Procedura Data Breach | Documento Valutazione Rischi (DVR) | Nomina Incaricati/Responsabili,DM 388/2003 | D.Lgs81/08 art.47 | GDPR art.30 | D.Lgs81/08 Tit.VI | D.Lgs152/06 | Accordo Stato-Regioni | D.Lgs81/08 art.34 | GDPR art.32 | GDPR art.33-34 | D.Lgs81/08 art.28 | GDPR art.28-29,"DOCUMIX>RUMORIX, CIFRIX>MULTIX, FORMIX>IMPROVVISIX, PREPOSTIX>OBLIVIX, PREPOSTIX>FRETTIX, FORMIX>SCHIACCIX, PREPOSTIX>VIBRIX, SCUDIX>MULTIX, TRACCIX>FRETTIX, CHECKIX>FRETTIX, SICURIX>IMPROVVISIX","Crea una PAGINA A FUMETTI a STORIA COMPLETA, verticale A4 (1024x1536), QUALITA' EDITORIALE DA STAMPA, stile ufficiale 'SICURIX TALES' IDENTICO alle immagini di riferimento allegate (stessi personaggi a mattoncini 3D, stessa impaginazione, stessi colori, stesse rese): minifigure espressive, ambientazioni ricche e dettagliate del settore, luci morbide, profondita', bordi vignetta netti. IMPAGINAZIONE OBBLIGATORIA: da 10 a 12 VIGNETTE numerate che raccontano UNA STORIA con arco narrativo completo (1 situazione normale -> 2-4 arrivano i pericoli coi cattivi -> 5-6 tensione/conseguenza -> 7-9 arriva SICURIX con gli eroi e applica il METODO81+ passo per passo -> 10-11 risoluzione ordinata -> 12 finale). HEADER in alto: SICURIX (mantello, medaglione arancione '81+', bussola) che presenta in un fumetto; grande titolo 'SICURIX TALES'; sottotitolo 'COSTRUZIONI: Pericolo vs Soluzione con Metodo 81+'; legenda 3 voci (verde Sicurezza, rosso Rischio, blu 81+ Soluzione); fila di EROI coi nomi: DOCUMIX, CIFRIX, FORMIX, PREPOSTIX, SCUDIX, TRACCIX. FOOTER in basso: grande 'Prima vedi. Poi sistemi.'; banner scudo verde 'PROTEGGIAMO. PREVENIAMO. MIGLIORIAMO.' e triangolo rosso 'DISATTENZIONE. RISCHI. COSTI. CAOS.'; logo '81+' + '81plus.net'. TRAMA (usa questi eventi come vignette; se sono meno di 10 aggiungi vignette di contesto, dialogo e reazione per arrivare a 10-12): 1) RUMORIX causa il pericolo 'Emergenze/Soccorso' (Addetto Primo Soccorso); poi DOCUMIX+SICURIX applicano il METODO81+; 2) MULTIX causa il pericolo 'Ruolo/RLS' (Rappresentante Lavoratori Sicurezza (RLS)); poi CIFRIX+SICURIX applicano il METODO81+; 3) IMPROVVISIX causa il pericolo 'Registro' (Registro dei Trattamenti); poi FORMIX+SICURIX applicano il METODO81+; 4) OBLIVIX causa il pericolo 'MMC' (Movimentazione Manuale Carichi); poi PREPOSTIX+SICURIX applicano il METODO81+; 5) FRETTIX causa il pericolo 'Rifiuti' (Gestione Rifiuti e Registro); poi PREPOSTIX+SICURIX applicano il METODO81+; 6) SCHIACCIX causa il pericolo 'Formazione base' (Formazione Generale Lavoratori); poi FORMIX+SICURIX applicano il METODO81+; 7) VIBRIX causa il pericolo 'Ruolo/RSPP' (RSPP / Datore di Lavoro RSPP); poi PREPOSTIX+SICURIX applicano il METODO81+; 8) MULTIX causa il pericolo 'Formazione' (Formazione GDPR); poi SCUDIX+SICURIX applicano il METODO81+; 9) FRETTIX causa il pericolo 'Data breach' (Procedura Data Breach); poi TRACCIX+SICURIX applicano il METODO81+; 10) FRETTIX causa il pericolo 'Documento' (Documento Valutazione Rischi (DVR)); poi CHECKIX+SICURIX applicano il METODO81+; 11) IMPROVVISIX causa il pericolo 'Nomine' (Nomina Incaricati/Responsabili); poi SICURIX+SICURIX applicano il METODO81+. PALETTE BRAND ESCLUSIVA: nero #05050A, bianco panna, arancione #FF6A1A/#E8501A; ROSSO solo per 'PERICOLO', VERDE per la checklist 'Metodo 81+'. Logo '81+' ben visibile in OGNI vignetta. REGOLA STORIA: SICURIX NON agisce mai da solo - in OGNI vignetta di soluzione si fa AIUTARE dai suoi colleghi EROI (lavoro di squadra, ognuno col suo ruolo). TESTO: didascalie e fumetti MOLTO BREVI (1-4 parole), GRANDI, centrati, in ITALIANO con ORTOGRAFIA PERFETTA, senza parole inventate, lettere doppie errate o testo tagliato. CATTIVI (coerenti col canone): RUMORIX, MULTIX, IMPROVVISIX, OBLIVIX, FRETTIX, SCHIACCIX, VIBRIX. EROI: DOCUMIX, CIFRIX, FORMIX, PREPOSTIX, SCUDIX, TRACCIX, CHECKIX, SICURIX. NEGATIVE: nessun marchio LEGO reale, nessun personaggio protetto (Asterix ecc.), niente gore/horror, niente claim assoluti ('rischio zero','garantito','zero multe').",La differenza tra chi in Costruzioni dorme sereno e chi trema al controllo,"In Costruzioni non e' 'se' arriva il controllo, e' 'quando'. Sei pronto?

In costruzioni gli adempimenti obbligatori non aspettano: Emergenze/Soccorso, Ruolo/RLS, Registro, MMC, Rifiuti, Formazione base, Ruolo/RSPP, Formazione, Data breach, Documento, Nomine. In questa pagina TALES OF SICURIX il PERICOLO prende forma... e il METODO81+ lo rimette in ordine, passo dopo passo. Immagina la scena: prima il caos, poi la checklist che sistema tutto. Non e' burocrazia: e' la tua tranquillita.
👉 Iscriviti al corso: Corso Primo Soccorso (A-B-C) -> https://81plus.net/?corso=corso-primo-soccorso-a-b-c
▶️ YouTube: youtube.com/@sicurissimo
Contenuto informativo. Prima vedi. Poi sistemi. 81plus.net",Corso Primo Soccorso (A-B-C),https://81plus.net/?corso=corso-primo-soccorso-a-b-c,#TalesOfSicurix #SICURIX #Metodo81 #81plus #Sicurissimo #Sicurezza #Privacy #Ambientale #SicurezzaSulLavoro,SICURIX_TALES_431300_6_4_15_10_19_1_5_17_18_0_16.webp,https://drive.google.com/drive/folders/1hICKXdl9JTZBL1pemG19oE_661z-EH_k,IMG_ERR
77.35.00,PA,O,Privacy+Sicurezza,11,Nomina Incaricati/Responsabili | Uso e Formazione DPI | Documento Valutazione Rischi (DVR) | RSPP / Datore di Lavoro RSPP | Valutazione d'Impatto (DPIA) | Registro dei Trattamenti | Movimentazione Manuale Carichi | Addetto Primo Soccorso | Stress Lavoro-Correlato | Formazione Generale Lavoratori | Informativa e Consensi,GDPR art.28-29 | D.Lgs81/08 art.77 | D.Lgs81/08 art.28 | D.Lgs81/08 art.34 | GDPR art.35 | GDPR art.30 | D.Lgs81/08 Tit.VI | DM 388/2003 | Accordo Stato-Regioni | GDPR art.13,"BLINKIX>PERMISSIONIX, CHECKIX>FRETTIX, CONSENSIX>ØTIX, CIFRIX>RISKIX, SICURIX>PERMISSIONIX, SCUDIX>FRETTIX, CHEFIX>FRETTIX, CIFRIX>CAOSIX, SCUDIX>OBLIVIX, HYGIENIX>SEGNALEX, LUXPECTORIX>CAOSIX","Crea una PAGINA A FUMETTI a STORIA COMPLETA, verticale A4 (1024x1536), QUALITA' EDITORIALE DA STAMPA, stile ufficiale 'SICURIX TALES' IDENTICO alle immagini di riferimento allegate (stessi personaggi a mattoncini 3D, stessa impaginazione, stessi colori, stesse rese): minifigure espressive, ambientazioni ricche e dettagliate del settore, luci morbide, profondita', bordi vignetta netti. IMPAGINAZIONE OBBLIGATORIA: da 10 a 12 VIGNETTE numerate che raccontano UNA STORIA con arco narrativo completo (1 situazione normale -> 2-4 arrivano i pericoli coi cattivi -> 5-6 tensione/conseguenza -> 7-9 arriva SICURIX con gli eroi e applica il METODO81+ passo per passo -> 10-11 risoluzione ordinata -> 12 finale). HEADER in alto: SICURIX (mantello, medaglione arancione '81+', bussola) che presenta in un fumetto; grande titolo 'SICURIX TALES'; sottotitolo 'PA: Pericolo vs Soluzione con Metodo 81+'; legenda 3 voci (verde Sicurezza, rosso Rischio, blu 81+ Soluzione); fila di EROI coi nomi: BLINKIX, CHECKIX, CONSENSIX, CIFRIX, SICURIX, SCUDIX. FOOTER in basso: grande 'Prima vedi. Poi sistemi.'; banner scudo verde 'PROTEGGIAMO. PREVENIAMO. MIGLIORIAMO.' e triangolo rosso 'DISATTENZIONE. RISCHI. COSTI. CAOS.'; logo '81+' + '81plus.net'. TRAMA (usa questi eventi come vignette; se sono meno di 10 aggiungi vignette di contesto, dialogo e reazione per arrivare a 10-12): 1) PERMISSIONIX causa il pericolo 'Nomine' (Nomina Incaricati/Responsabili); poi BLINKIX+SICURIX applicano il METODO81+; 2) FRETTIX causa il pericolo 'DPI' (Uso e Formazione DPI); poi CHECKIX+SICURIX applicano il METODO81+; 3) ØTIX causa il pericolo 'Documento' (Documento Valutazione Rischi (DVR)); poi CONSENSIX+SICURIX applicano il METODO81+; 4) RISKIX causa il pericolo 'Ruolo/RSPP' (RSPP / Datore di Lavoro RSPP); poi CIFRIX+SICURIX applicano il METODO81+; 5) PERMISSIONIX causa il pericolo 'DPIA' (Valutazione d'Impatto (DPIA)); poi SICURIX+SICURIX applicano il METODO81+; 6) FRETTIX causa il pericolo 'Registro' (Registro dei Trattamenti); poi SCUDIX+SICURIX applicano il METODO81+; 7) FRETTIX causa il pericolo 'MMC' (Movimentazione Manuale Carichi); poi CHEFIX+SICURIX applicano il METODO81+; 8) CAOSIX causa il pericolo 'Emergenze/Soccorso' (Addetto Primo Soccorso); poi CIFRIX+SICURIX applicano il METODO81+; 9) OBLIVIX causa il pericolo 'Stress' (Stress Lavoro-Correlato); poi SCUDIX+SICURIX applicano il METODO81+; 10) SEGNALEX causa il pericolo 'Formazione base' (Formazione Generale Lavoratori); poi HYGIENIX+SICURIX applicano il METODO81+; 11) CAOSIX causa il pericolo 'Documento' (Informativa e Consensi); poi LUXPECTORIX+SICURIX applicano il METODO81+. PALETTE BRAND ESCLUSIVA: nero #05050A, bianco panna, arancione #FF6A1A/#E8501A; ROSSO solo per 'PERICOLO', VERDE per la checklist 'Metodo 81+'. Logo '81+' ben visibile in OGNI vignetta. REGOLA STORIA: SICURIX NON agisce mai da solo - in OGNI vignetta di soluzione si fa AIUTARE dai suoi colleghi EROI (lavoro di squadra, ognuno col suo ruolo). TESTO: didascalie e fumetti MOLTO BREVI (1-4 parole), GRANDI, centrati, in ITALIANO con ORTOGRAFIA PERFETTA, senza parole inventate, lettere doppie errate o testo tagliato. CATTIVI (coerenti col canone): PERMISSIONIX, FRETTIX, ØTIX, RISKIX, CAOSIX, OBLIVIX, SEGNALEX. EROI: BLINKIX, CHECKIX, CONSENSIX, CIFRIX, SICURIX, SCUDIX, CHEFIX, HYGIENIX, LUXPECTORIX. NEGATIVE: nessun marchio LEGO reale, nessun personaggio protetto (Asterix ecc.), niente gore/horror, niente claim assoluti ('rischio zero','garantito','zero multe').","In PA non e' 'se' arriva il controllo, e' 'quando'. Sei pronto?","Quello che l'ispettore controlla per primo in PA (e quasi nessuno lo sa)

In pa gli adempimenti obbligatori non aspettano: Nomine, DPI, Documento, Ruolo/RSPP, DPIA, Registro, MMC, Emergenze/Soccorso, Stress, Formazione base. In questa pagina TALES OF SICURIX il PERICOLO prende forma... e il METODO81+ lo rimette in ordine, passo dopo passo. Immagina la scena: prima il caos, poi la checklist che sistema tutto. Chi si mette in regola prima, dorme meglio dopo.
👉 Iscriviti al corso: Corso privacy destinato ai lavoratori -> https://81plus.net/?corso=corso-privacy-destinato-ai-lavoratori
▶️ YouTube: youtube.com/@sicurissimo
Contenuto informativo. Prima vedi. Poi sistemi. 81plus.net",Corso privacy destinato ai lavoratori,https://81plus.net/?corso=corso-privacy-destinato-ai-lavoratori,#TalesOfSicurix #SICURIX #Metodo81 #81plus #Sicurissimo #Privacy #Sicurezza #SicurezzaSulLavoro,SICURIX_TALES_773500_14_8_0_5_18_13_10_6_11_1_12.webp,https://drive.google.com/drive/folders/1hICKXdl9JTZBL1pemG19oE_661z-EH_k,IMG_ERR
74.30.00,Servizi alle imprese,N,Sicurezza+Privacy,11,Uso e Formazione DPI | Addetto Primo Soccorso | Registro dei Trattamenti | Formazione Preposto | Informativa e Consensi | Addetto Antincendio | Documento Valutazione Rischi (DVR) | Formazione Specifica (rischio basso) | Formazione Generale Lavoratori | Rappresentante Lavoratori Sicurezza (RLS) | Nomina Incaricati/Responsabili,D.Lgs81/08 art.77 | DM 388/2003 | GDPR art.30 | D.Lgs81/08 art.37 | GDPR art.13 | DM 2/9/2021 | D.Lgs81/08 art.28 | Accordo Stato-Regioni | D.Lgs81/08 art.47 | GDPR art.28-29,"SCUDIX>FRETTIX, BLINKIX>RUMORIX, TRACCIX>RISKIX, CIFRIX>ØTIX, CHEFIX>CAOSIX, TRACCIX>SEGNALEX, SICURIX>RUMORIX, LUXPECTORIX>CHIMIKIX, TRACCIX>BIOXIX, BLINKIX>CADUTIX, DOCUMIX>RISKIX","Crea una PAGINA A FUMETTI a STORIA COMPLETA, verticale A4 (1024x1536), QUALITA' EDITORIALE DA STAMPA, stile ufficiale 'SICURIX TALES' IDENTICO alle immagini di riferimento allegate (stessi personaggi a mattoncini 3D, stessa impaginazione, stessi colori, stesse rese): minifigure espressive, ambientazioni ricche e dettagliate del settore, luci morbide, profondita', bordi vignetta netti. IMPAGINAZIONE OBBLIGATORIA: da 10 a 12 VIGNETTE numerate che raccontano UNA STORIA con arco narrativo completo (1 situazione normale -> 2-4 arrivano i pericoli coi cattivi -> 5-6 tensione/conseguenza -> 7-9 arriva SICURIX con gli eroi e applica il METODO81+ passo per passo -> 10-11 risoluzione ordinata -> 12 finale). HEADER in alto: SICURIX (mantello, medaglione arancione '81+', bussola) che presenta in un fumetto; grande titolo 'SICURIX TALES'; sottotitolo 'SERVIZI ALLE IMPRESE: Pericolo vs Soluzione con Metodo 81+'; legenda 3 voci (verde Sicurezza, rosso Rischio, blu 81+ Soluzione); fila di EROI coi nomi: SCUDIX, BLINKIX, TRACCIX, CIFRIX, CHEFIX, SICURIX. FOOTER in basso: grande 'Prima vedi. Poi sistemi.'; banner scudo verde 'PROTEGGIAMO. PREVENIAMO. MIGLIORIAMO.' e triangolo rosso 'DISATTENZIONE. RISCHI. COSTI. CAOS.'; logo '81+' + '81plus.net'. TRAMA (usa questi eventi come vignette; se sono meno di 10 aggiungi vignette di contesto, dialogo e reazione per arrivare a 10-12): 1) FRETTIX causa il pericolo 'DPI' (Uso e Formazione DPI); poi SCUDIX+SICURIX applicano il METODO81+; 2) RUMORIX causa il pericolo 'Emergenze/Soccorso' (Addetto Primo Soccorso); poi BLINKIX+SICURIX applicano il METODO81+; 3) RISKIX causa il pericolo 'Registro' (Registro dei Trattamenti); poi TRACCIX+SICURIX applicano il METODO81+; 4) ØTIX causa il pericolo 'Ruolo/Preposto' (Formazione Preposto); poi CIFRIX+SICURIX applicano il METODO81+; 5) CAOSIX causa il pericolo 'Documento' (Informativa e Consensi); poi CHEFIX+SICURIX applicano il METODO81+; 6) SEGNALEX causa il pericolo 'Emergenze/Incendio' (Addetto Antincendio); poi TRACCIX+SICURIX applicano il METODO81+; 7) RUMORIX causa il pericolo 'Documento' (Documento Valutazione Rischi (DVR)); poi SICURIX+SICURIX applicano il METODO81+; 8) CHIMIKIX causa il pericolo 'Formazione specifica' (Formazione Specifica (rischio basso)); poi LUXPECTORIX+SICURIX applicano il METODO81+; 9) BIOXIX causa il pericolo 'Formazione base' (Formazione Generale Lavoratori); poi TRACCIX+SICURIX applicano il METODO81+; 10) CADUTIX causa il pericolo 'Ruolo/RLS' (Rappresentante Lavoratori Sicurezza (RLS)); poi BLINKIX+SICURIX applicano il METODO81+; 11) RISKIX causa il pericolo 'Nomine' (Nomina Incaricati/Responsabili); poi DOCUMIX+SICURIX applicano il METODO81+. PALETTE BRAND ESCLUSIVA: nero #05050A, bianco panna, arancione #FF6A1A/#E8501A; ROSSO solo per 'PERICOLO', VERDE per la checklist 'Metodo 81+'. Logo '81+' ben visibile in OGNI vignetta. REGOLA STORIA: SICURIX NON agisce mai da solo - in OGNI vignetta di soluzione si fa AIUTARE dai suoi colleghi EROI (lavoro di squadra, ognuno col suo ruolo). TESTO: didascalie e fumetti MOLTO BREVI (1-4 parole), GRANDI, centrati, in ITALIANO con ORTOGRAFIA PERFETTA, senza parole inventate, lettere doppie errate o testo tagliato. CATTIVI (coerenti col canone): FRETTIX, RUMORIX, RISKIX, ØTIX, CAOSIX, SEGNALEX, CHIMIKIX, BIOXIX, CADUTIX. EROI: SCUDIX, BLINKIX, TRACCIX, CIFRIX, CHEFIX, SICURIX, LUXPECTORIX, DOCUMIX. NEGATIVE: nessun marchio LEGO reale, nessun personaggio protetto (Asterix ecc.), niente gore/horror, niente claim assoluti ('rischio zero','garantito','zero multe').","In Servizi alle imprese non e' 'se' arriva il controllo, e' 'quando'. Sei pronto?","Servizi alle imprese: 3 minuti oggi o un problema enorme domani. Scegli tu.

In servizi alle imprese gli adempimenti obbligatori non aspettano: DPI, Emergenze/Soccorso, Registro, Ruolo/Preposto, Documento, Emergenze/Incendio, Formazione specifica, Formazione base, Ruolo/RLS, Nomine. In questa pagina TALES OF SICURIX il PERICOLO prende forma... e il METODO81+ lo rimette in ordine, passo dopo passo. Immagina la scena: prima il caos, poi la checklist che sistema tutto. Mettere ordine ora costa poco. Rimediare dopo costa caro.
👉 Iscriviti al corso: Corso Lavori in Quota e DPI Anticaduta -> https://81plus.net/?corso=corso-lavori-in-quota-e-dpi-anticaduta
▶️ YouTube: youtube.com/@sicurissimo
Contenuto informativo. Prima vedi. Poi sistemi. 81plus.net",Corso Lavori in Quota e DPI Anticaduta,https://81plus.net/?corso=corso-lavori-in-quota-e-dpi-anticaduta,#TalesOfSicurix #SICURIX #Metodo81 #81plus #Sicurissimo #Sicurezza #Privacy #SicurezzaSulLavoro,SICURIX_TALES_743000_8_6_10_3_9_7_0_2_1_4_11.webp,https://drive.google.com/drive/folders/1hICKXdl9JTZBL1pemG19oE_661z-EH_k,IMG_ERR
56.12.02,Alloggio/Ristorazione,I,Sicurezza+HACCP+Privacy,11,Addetto Primo Soccorso | Piano di Sanificazione | Corso Alimentarista | Videosorveglianza a norma | Movimentazione Manuale Carichi | Registro dei Trattamenti | Addetto Antincendio | Manuale HACCP di Autocontrollo | Sorveglianza Sanitaria / Medico Competente | RSPP / Datore di Lavoro RSPP | Controllo Temperature e Celle,DM 388/2003 | Reg.CE 852/2004 | Provv.Garante | D.Lgs81/08 Tit.VI | GDPR art.30 | DM 2/9/2021 | D.Lgs81/08 art.41 | D.Lgs81/08 art.34,"CIFRIX>MULTIX, CIFRIX>MESCOLIX, CIFRIX>TEMPORIX, HYGIENIX>FRETTIX, TRACCIX>BIOXIX, HYGIENIX>LEAKIX, FORMIX>FRETTIX, CONSENSIX>TEMPORIX, TRACCIX>RISKIX, CONSENSIX>SCIVOLIX, DOCUMIX>SCADUTIX","Crea una PAGINA A FUMETTI a STORIA COMPLETA, verticale A4 (1024x1536), QUALITA' EDITORIALE DA STAMPA, stile ufficiale 'SICURIX TALES' IDENTICO alle immagini di riferimento allegate (stessi personaggi a mattoncini 3D, stessa impaginazione, stessi colori, stesse rese): minifigure espressive, ambientazioni ricche e dettagliate del settore, luci morbide, profondita', bordi vignetta netti. IMPAGINAZIONE OBBLIGATORIA: da 10 a 12 VIGNETTE numerate che raccontano UNA STORIA con arco narrativo completo (1 situazione normale -> 2-4 arrivano i pericoli coi cattivi -> 5-6 tensione/conseguenza -> 7-9 arriva SICURIX con gli eroi e applica il METODO81+ passo per passo -> 10-11 risoluzione ordinata -> 12 finale). HEADER in alto: SICURIX (mantello, medaglione arancione '81+', bussola) che presenta in un fumetto; grande titolo 'SICURIX TALES'; sottotitolo 'ALLOGGIO/RISTORAZIONE: Pericolo vs Soluzione con Metodo 81+'; legenda 3 voci (verde Sicurezza, rosso Rischio, blu 81+ Soluzione); fila di EROI coi nomi: CIFRIX, HYGIENIX, TRACCIX, FORMIX, CONSENSIX, DOCUMIX. FOOTER in basso: grande 'Prima vedi. Poi sistemi.'; banner scudo verde 'PROTEGGIAMO. PREVENIAMO. MIGLIORIAMO.' e triangolo rosso 'DISATTENZIONE. RISCHI. COSTI. CAOS.'; logo '81+' + '81plus.net'. TRAMA (usa questi eventi come vignette; se sono meno di 10 aggiungi vignette di contesto, dialogo e reazione per arrivare a 10-12): 1) MULTIX causa il pericolo 'Emergenze/Soccorso' (Addetto Primo Soccorso); poi CIFRIX+SICURIX applicano il METODO81+; 2) MESCOLIX causa il pericolo 'Sanificazione' (Piano di Sanificazione); poi CIFRIX+SICURIX applicano il METODO81+; 3) TEMPORIX causa il pericolo 'Corso' (Corso Alimentarista); poi CIFRIX+SICURIX applicano il METODO81+; 4) FRETTIX causa il pericolo 'Videosorveglianza' (Videosorveglianza a norma); poi HYGIENIX+SICURIX applicano il METODO81+; 5) BIOXIX causa il pericolo 'MMC' (Movimentazione Manuale Carichi); poi TRACCIX+SICURIX applicano il METODO81+; 6) LEAKIX causa il pericolo 'Registro' (Registro dei Trattamenti); poi HYGIENIX+SICURIX applicano il METODO81+; 7) FRETTIX causa il pericolo 'Emergenze/Incendio' (Addetto Antincendio); poi FORMIX+SICURIX applicano il METODO81+; 8) TEMPORIX causa il pericolo 'Documento' (Manuale HACCP di Autocontrollo); poi CONSENSIX+SICURIX applicano il METODO81+; 9) RISKIX causa il pericolo 'Sorveglianza sanitaria' (Sorveglianza Sanitaria / Medico Competente); poi TRACCIX+SICURIX applicano il METODO81+; 10) SCIVOLIX causa il pericolo 'Ruolo/RSPP' (RSPP / Datore di Lavoro RSPP); poi CONSENSIX+SICURIX applicano il METODO81+; 11) SCADUTIX causa il pericolo 'Temperature' (Controllo Temperature e Celle); poi DOCUMIX+SICURIX applicano il METODO81+. PALETTE BRAND ESCLUSIVA: nero #05050A, bianco panna, arancione #FF6A1A/#E8501A; ROSSO solo per 'PERICOLO', VERDE per la checklist 'Metodo 81+'. Logo '81+' ben visibile in OGNI vignetta. REGOLA STORIA: SICURIX NON agisce mai da solo - in OGNI vignetta di soluzione si fa AIUTARE dai suoi colleghi EROI (lavoro di squadra, ognuno col suo ruolo). TESTO: didascalie e fumetti MOLTO BREVI (1-4 parole), GRANDI, centrati, in ITALIANO con ORTOGRAFIA PERFETTA, senza parole inventate, lettere doppie errate o testo tagliato. CATTIVI (coerenti col canone): MULTIX, MESCOLIX, TEMPORIX, FRETTIX, BIOXIX, LEAKIX, RISKIX, SCIVOLIX, SCADUTIX. EROI: CIFRIX, HYGIENIX, TRACCIX, FORMIX, CONSENSIX, DOCUMIX. NEGATIVE: nessun marchio LEGO reale, nessun personaggio protetto (Asterix ecc.), niente gore/horror, niente claim assoluti ('rischio zero','garantito','zero multe').",Alloggio/Ristorazione: 3 minuti oggi o un problema enorme domani. Scegli tu.,"In Alloggio/Ristorazione non e' 'se' arriva il controllo, e' 'quando'. Sei pronto?

In alloggio/ristorazione gli adempimenti obbligatori non aspettano: Emergenze/Soccorso, Sanificazione, Corso, Videosorveglianza, MMC, Registro, Emergenze/Incendio, Documento, Sorveglianza sanitaria, Ruolo/RSPP, Temperature. In questa pagina TALES OF SICURIX il PERICOLO prende forma... e il METODO81+ lo rimette in ordine, passo dopo passo. Immagina la scena: prima il caos, poi la checklist che sistema tutto. La regola c'e' gia': tu falla lavorare per te.
👉 Iscriviti al corso: Corso Primo Soccorso (A-B-C) -> https://81plus.net/?corso=corso-primo-soccorso-a-b-c
▶️ YouTube: youtube.com/@sicurissimo
Contenuto informativo. Prima vedi. Poi sistemi. 81plus.net",Corso Primo Soccorso (A-B-C),https://81plus.net/?corso=corso-primo-soccorso-a-b-c,#TalesOfSicurix #SICURIX #Metodo81 #81plus #Sicurissimo #Sicurezza #HACCP #Privacy #SicurezzaSulLavoro,SICURIX_TALES_561202_6_14_13_24_10_20_7_12_9_5_16.webp,https://drive.google.com/drive/folders/1hICKXdl9JTZBL1pemG19oE_661z-EH_k,IMG_ERR
33.20.02,Manifattura,C,Sicurezza+Privacy+HACCP,11,Addetto Antincendio | Addetto Primo Soccorso | Procedura Data Breach | RSPP / Datore di Lavoro RSPP | Movimentazione Manuale Carichi | Formazione GDPR | Registro dei Trattamenti | Attrezzature e Macchine | Stress Lavoro-Correlato | Formazione Specifica (rischio alto) | Lotta agli Infestanti (Pest Control),DM 2/9/2021 | DM 388/2003 | GDPR art.33-34 | D.Lgs81/08 art.34 | D.Lgs81/08 Tit.VI | GDPR art.32 | GDPR art.30 | D.Lgs81/08 Tit.III | D.Lgs81/08 art.28 | Accordo Stato-Regioni | Reg.CE 852/2004,"PRIVACIX>MULTIX, SICURIX>VOLTIX, SICURIX>RISKIX, CHEFIX>VIBRIX, LUXPECTORIX>OBLIVIX, ROBOTIX81>SPYIX, TRACCIX>PERMISSIONIX, FORMIX>FUMIX, CHEFIX>VOLTIX, CHEFIX>SEGNALEX, LUXPECTORIX>FRETTIX","Crea una PAGINA A FUMETTI a STORIA COMPLETA, verticale A4 (1024x1536), QUALITA' EDITORIALE DA STAMPA, stile ufficiale 'SICURIX TALES' IDENTICO alle immagini di riferimento allegate (stessi personaggi a mattoncini 3D, stessa impaginazione, stessi colori, stesse rese): minifigure espressive, ambientazioni ricche e dettagliate del settore, luci morbide, profondita', bordi vignetta netti. IMPAGINAZIONE OBBLIGATORIA: da 10 a 12 VIGNETTE numerate che raccontano UNA STORIA con arco narrativo completo (1 situazione normale -> 2-4 arrivano i pericoli coi cattivi -> 5-6 tensione/conseguenza -> 7-9 arriva SICURIX con gli eroi e applica il METODO81+ passo per passo -> 10-11 risoluzione ordinata -> 12 finale). HEADER in alto: SICURIX (mantello, medaglione arancione '81+', bussola) che presenta in un fumetto; grande titolo 'SICURIX TALES'; sottotitolo 'MANIFATTURA: Pericolo vs Soluzione con Metodo 81+'; legenda 3 voci (verde Sicurezza, rosso Rischio, blu 81+ Soluzione); fila di EROI coi nomi: PRIVACIX, SICURIX, CHEFIX, LUXPECTORIX, ROBOTIX81, TRACCIX. FOOTER in basso: grande 'Prima vedi. Poi sistemi.'; banner scudo verde 'PROTEGGIAMO. PREVENIAMO. MIGLIORIAMO.' e triangolo rosso 'DISATTENZIONE. RISCHI. COSTI. CAOS.'; logo '81+' + '81plus.net'. TRAMA (usa questi eventi come vignette; se sono meno di 10 aggiungi vignette di contesto, dialogo e reazione per arrivare a 10-12): 1) MULTIX causa il pericolo 'Emergenze/Incendio' (Addetto Antincendio); poi PRIVACIX+SICURIX applicano il METODO81+; 2) VOLTIX causa il pericolo 'Emergenze/Soccorso' (Addetto Primo Soccorso); poi SICURIX+SICURIX applicano il METODO81+; 3) RISKIX causa il pericolo 'Data breach' (Procedura Data Breach); poi SICURIX+SICURIX applicano il METODO81+; 4) VIBRIX causa il pericolo 'Ruolo/RSPP' (RSPP / Datore di Lavoro RSPP); poi CHEFIX+SICURIX applicano il METODO81+; 5) OBLIVIX causa il pericolo 'MMC' (Movimentazione Manuale Carichi); poi LUXPECTORIX+SICURIX applicano il METODO81+; 6) SPYIX causa il pericolo 'Formazione' (Formazione GDPR); poi ROBOTIX81+SICURIX applicano il METODO81+; 7) PERMISSIONIX causa il pericolo 'Registro' (Registro dei Trattamenti); poi TRACCIX+SICURIX applicano il METODO81+; 8) FUMIX causa il pericolo 'Attrezzature' (Attrezzature e Macchine); poi FORMIX+SICURIX applicano il METODO81+; 9) VOLTIX causa il pericolo 'Stress' (Stress Lavoro-Correlato); poi CHEFIX+SICURIX applicano il METODO81+; 10) SEGNALEX causa il pericolo 'Formazione specifica' (Formazione Specifica (rischio alto)); poi CHEFIX+SICURIX applicano il METODO81+; 11) FRETTIX causa il pericolo 'Infestanti' (Lotta agli Infestanti (Pest Control)); poi LUXPECTORIX+SICURIX applicano il METODO81+. PALETTE BRAND ESCLUSIVA: nero #05050A, bianco panna, arancione #FF6A1A/#E8501A; ROSSO solo per 'PERICOLO', VERDE per la checklist 'Metodo 81+'. Logo '81+' ben visibile in OGNI vignetta. REGOLA STORIA: SICURIX NON agisce mai da solo - in OGNI vignetta di soluzione si fa AIUTARE dai suoi colleghi EROI (lavoro di squadra, ognuno col suo ruolo). TESTO: didascalie e fumetti MOLTO BREVI (1-4 parole), GRANDI, centrati, in ITALIANO con ORTOGRAFIA PERFETTA, senza parole inventate, lettere doppie errate o testo tagliato. CATTIVI (coerenti col canone): MULTIX, VOLTIX, RISKIX, VIBRIX, OBLIVIX, SPYIX, PERMISSIONIX, FUMIX, SEGNALEX, FRETTIX. EROI: PRIVACIX, SICURIX, CHEFIX, LUXPECTORIX, ROBOTIX81, TRACCIX, FORMIX. NEGATIVE: nessun marchio LEGO reale, nessun personaggio protetto (Asterix ecc.), niente gore/horror, niente claim assoluti ('rischio zero','garantito','zero multe').",Manifattura: 3 minuti oggi o un problema enorme domani. Scegli tu.,"Quello che l'ispettore controlla per primo in Manifattura (e quasi nessuno lo sa)

In manifattura gli adempimenti obbligatori non aspettano: Emergenze/Incendio, Emergenze/Soccorso, Data breach, Ruolo/RSPP, MMC, Formazione, Registro, Attrezzature, Stress, Formazione specifica, Infestanti. In questa pagina TALES OF SICURIX il PERICOLO prende forma... e il METODO81+ lo rimette in ordine, passo dopo passo. Immagina la scena: prima il caos, poi la checklist che sistema tutto. Mettere ordine ora costa poco. Rimediare dopo costa caro.
👉 Iscriviti al corso: Corso antincendio livello 1 -> https://81plus.net/?corso=corso-antincendio-livello-1
▶️ YouTube: youtube.com/@sicurissimo
Contenuto informativo. Prima vedi. Poi sistemi. 81plus.net",Corso antincendio livello 1,https://81plus.net/?corso=corso-antincendio-livello-1,#TalesOfSicurix #SICURIX #Metodo81 #81plus #Sicurissimo #Sicurezza #Privacy #HACCP #SicurezzaSulLavoro,SICURIX_TALES_332002_7_6_25_5_10_24_22_13_11_2_19.webp,https://drive.google.com/drive/folders/1hICKXdl9JTZBL1pemG19oE_661z-EH_k,IMG_ERR
01.43.00,Agricoltura,A,Privacy+Sicurezza+HACCP,10,Formazione GDPR | Movimentazione Manuale Carichi | Gestione Allergeni | Registro dei Trattamenti | Formazione Preposto | Rappresentante Lavoratori Sicurezza (RLS) | Formazione Generale Lavoratori | Attrezzature e Macchine | Lotta agli Infestanti (Pest Control) | Sorveglianza Sanitaria / Medico Competente,GDPR art.32 | D.Lgs81/08 Tit.VI | Reg.UE 1169/2011 | GDPR art.30 | D.Lgs81/08 art.37 | D.Lgs81/08 art.47 | Accordo Stato-Regioni | D.Lgs81/08 Tit.III | Reg.CE 852/2004 | D.Lgs81/08 art.41,"CONSENSIX>RISKIX, ROBOTIX81>IMPROVVISIX, DOCUMIX>TEMPORIX, DOCUMIX>CAOSIX, SCUDIX>SCHIACCIX, SICURIX>NONDPIX, PRIVACIX>CHIMIKIX, LUXPECTORIX>POLVERIX, ROBOTIX81>FRETTIX, CONSENSIX>OBLIVIX","Crea una PAGINA A FUMETTI a STORIA COMPLETA, verticale A4 (1024x1536), QUALITA' EDITORIALE DA STAMPA, stile ufficiale 'SICURIX TALES' IDENTICO alle immagini di riferimento allegate (stessi personaggi a mattoncini 3D, stessa impaginazione, stessi colori, stesse rese): minifigure espressive, ambientazioni ricche e dettagliate del settore, luci morbide, profondita', bordi vignetta netti. IMPAGINAZIONE OBBLIGATORIA: da 10 a 12 VIGNETTE numerate che raccontano UNA STORIA con arco narrativo completo (1 situazione normale -> 2-4 arrivano i pericoli coi cattivi -> 5-6 tensione/conseguenza -> 7-9 arriva SICURIX con gli eroi e applica il METODO81+ passo per passo -> 10-11 risoluzione ordinata -> 12 finale). HEADER in alto: SICURIX (mantello, medaglione arancione '81+', bussola) che presenta in un fumetto; grande titolo 'SICURIX TALES'; sottotitolo 'AGRICOLTURA: Pericolo vs Soluzione con Metodo 81+'; legenda 3 voci (verde Sicurezza, rosso Rischio, blu 81+ Soluzione); fila di EROI coi nomi: CONSENSIX, ROBOTIX81, DOCUMIX, SCUDIX, SICURIX, PRIVACIX. FOOTER in basso: grande 'Prima vedi. Poi sistemi.'; banner scudo verde 'PROTEGGIAMO. PREVENIAMO. MIGLIORIAMO.' e triangolo rosso 'DISATTENZIONE. RISCHI. COSTI. CAOS.'; logo '81+' + '81plus.net'. TRAMA (usa questi eventi come vignette; se sono meno di 10 aggiungi vignette di contesto, dialogo e reazione per arrivare a 10-12): 1) RISKIX causa il pericolo 'Formazione' (Formazione GDPR); poi CONSENSIX+SICURIX applicano il METODO81+; 2) IMPROVVISIX causa il pericolo 'MMC' (Movimentazione Manuale Carichi); poi ROBOTIX81+SICURIX applicano il METODO81+; 3) TEMPORIX causa il pericolo 'Allergeni' (Gestione Allergeni); poi DOCUMIX+SICURIX applicano il METODO81+; 4) CAOSIX causa il pericolo 'Registro' (Registro dei Trattamenti); poi DOCUMIX+SICURIX applicano il METODO81+; 5) SCHIACCIX causa il pericolo 'Ruolo/Preposto' (Formazione Preposto); poi SCUDIX+SICURIX applicano il METODO81+; 6) NONDPIX causa il pericolo 'Ruolo/RLS' (Rappresentante Lavoratori Sicurezza (RLS)); poi SICURIX+SICURIX applicano il METODO81+; 7) CHIMIKIX causa il pericolo 'Formazione base' (Formazione Generale Lavoratori); poi PRIVACIX+SICURIX applicano il METODO81+; 8) POLVERIX causa il pericolo 'Attrezzature' (Attrezzature e Macchine); poi LUXPECTORIX+SICURIX applicano il METODO81+; 9) FRETTIX causa il pericolo 'Infestanti' (Lotta agli Infestanti (Pest Control)); poi ROBOTIX81+SICURIX applicano il METODO81+; 10) OBLIVIX causa il pericolo 'Sorveglianza sanitaria' (Sorveglianza Sanitaria / Medico Competente); poi CONSENSIX+SICURIX applicano il METODO81+. PALETTE BRAND ESCLUSIVA: nero #05050A, bianco panna, arancione #FF6A1A/#E8501A; ROSSO solo per 'PERICOLO', VERDE per la checklist 'Metodo 81+'. Logo '81+' ben visibile in OGNI vignetta. REGOLA STORIA: SICURIX NON agisce mai da solo - in OGNI vignetta di soluzione si fa AIUTARE dai suoi colleghi EROI (lavoro di squadra, ognuno col suo ruolo). TESTO: didascalie e fumetti MOLTO BREVI (1-4 parole), GRANDI, centrati, in ITALIANO con ORTOGRAFIA PERFETTA, senza parole inventate, lettere doppie errate o testo tagliato. CATTIVI (coerenti col canone): RISKIX, IMPROVVISIX, TEMPORIX, CAOSIX, SCHIACCIX, NONDPIX, CHIMIKIX, POLVERIX, FRETTIX, OBLIVIX. EROI: CONSENSIX, ROBOTIX81, DOCUMIX, SCUDIX, SICURIX, PRIVACIX, LUXPECTORIX. NEGATIVE: nessun marchio LEGO reale, nessun personaggio protetto (Asterix ecc.), niente gore/horror, niente claim assoluti ('rischio zero','garantito','zero multe').",Quello che l'ispettore controlla per primo in Agricoltura (e quasi nessuno lo sa),"In Agricoltura non e' 'se' arriva il controllo, e' 'quando'. Sei pronto?

In agricoltura gli adempimenti obbligatori non aspettano: Formazione, MMC, Allergeni, Registro, Ruolo/Preposto, Ruolo/RLS, Formazione base, Attrezzature, Infestanti, Sorveglianza sanitaria. In questa pagina TALES OF SICURIX il PERICOLO prende forma... e il METODO81+ lo rimette in ordine, passo dopo passo. Immagina la scena: prima il caos, poi la checklist che sistema tutto. Non e' burocrazia: e' la tua tranquillita.
👉 Iscriviti al corso: GDPR 2016/679: privacy e trattamento dei dati personali -> https://81plus.net/?corso=gdpr-2016-679-privacy-e-trattamento-dei-dati-personali
▶️ YouTube: youtube.com/@sicurissimo
Contenuto informativo. Prima vedi. Poi sistemi. 81plus.net",GDPR 2016/679: privacy e trattamento dei dati personali,https://81plus.net/?corso=gdpr-2016-679-privacy-e-trattamento-dei-dati-personali,#TalesOfSicurix #SICURIX #Metodo81 #81plus #Sicurissimo #Privacy #Sicurezza #HACCP #SicurezzaSulLavoro,SICURIX_TALES_014300_25_10_21_23_3_4_1_13_20_9.webp,https://drive.google.com/drive/folders/1hICKXdl9JTZBL1pemG19oE_661z-EH_k,IMG_ERR
46.86.10,Commercio,G,HACCP+Privacy+Sicurezza,10,Controllo Temperature e Celle | Procedura Data Breach | Formazione Generale Lavoratori | Sorveglianza Sanitaria / Medico Competente | Documento Valutazione Rischi (DVR) | RSPP / Datore di Lavoro RSPP | Videosorveglianza a norma | Rintracciabilita ed Etichettatura | Addetto Primo Soccorso | Nomina Incaricati/Responsabili,Reg.CE 852/2004 | GDPR art.33-34 | Accordo Stato-Regioni | D.Lgs81/08 art.41 | D.Lgs81/08 art.28 | D.Lgs81/08 art.34 | Provv.Garante | Reg.CE 178/2002 | DM 388/2003 | GDPR art.28-29,"LUXPECTORIX>MULTIX, PRIVACIX>IMPROVVISIX, CHECKIX>NONDPIX, LUXPECTORIX>NONDPIX, SICURIX>SEGNALEX, ROBOTIX81>SOTTOVALUTIX, PRIVACIX>FRETTIX, DOCUMIX>CROSSIX, CHEFIX>CADUTIX, SICURIX>PERMISSIONIX","Crea una PAGINA A FUMETTI a STORIA COMPLETA, verticale A4 (1024x1536), QUALITA' EDITORIALE DA STAMPA, stile ufficiale 'SICURIX TALES' IDENTICO alle immagini di riferimento allegate (stessi personaggi a mattoncini 3D, stessa impaginazione, stessi colori, stesse rese): minifigure espressive, ambientazioni ricche e dettagliate del settore, luci morbide, profondita', bordi vignetta netti. IMPAGINAZIONE OBBLIGATORIA: da 10 a 12 VIGNETTE numerate che raccontano UNA STORIA con arco narrativo completo (1 situazione normale -> 2-4 arrivano i pericoli coi cattivi -> 5-6 tensione/conseguenza -> 7-9 arriva SICURIX con gli eroi e applica il METODO81+ passo per passo -> 10-11 risoluzione ordinata -> 12 finale). HEADER in alto: SICURIX (mantello, medaglione arancione '81+', bussola) che presenta in un fumetto; grande titolo 'SICURIX TALES'; sottotitolo 'COMMERCIO: Pericolo vs Soluzione con Metodo 81+'; legenda 3 voci (verde Sicurezza, rosso Rischio, blu 81+ Soluzione); fila di EROI coi nomi: LUXPECTORIX, PRIVACIX, CHECKIX, SICURIX, ROBOTIX81, DOCUMIX. FOOTER in basso: grande 'Prima vedi. Poi sistemi.'; banner scudo verde 'PROTEGGIAMO. PREVENIAMO. MIGLIORIAMO.' e triangolo rosso 'DISATTENZIONE. RISCHI. COSTI. CAOS.'; logo '81+' + '81plus.net'. TRAMA (usa questi eventi come vignette; se sono meno di 10 aggiungi vignette di contesto, dialogo e reazione per arrivare a 10-12): 1) MULTIX causa il pericolo 'Temperature' (Controllo Temperature e Celle); poi LUXPECTORIX+SICURIX applicano il METODO81+; 2) IMPROVVISIX causa il pericolo 'Data breach' (Procedura Data Breach); poi PRIVACIX+SICURIX applicano il METODO81+; 3) NONDPIX causa il pericolo 'Formazione base' (Formazione Generale Lavoratori); poi CHECKIX+SICURIX applicano il METODO81+; 4) NONDPIX causa il pericolo 'Sorveglianza sanitaria' (Sorveglianza Sanitaria / Medico Competente); poi LUXPECTORIX+SICURIX applicano il METODO81+; 5) SEGNALEX causa il pericolo 'Documento' (Documento Valutazione Rischi (DVR)); poi SICURIX+SICURIX applicano il METODO81+; 6) SOTTOVALUTIX causa il pericolo 'Ruolo/RSPP' (RSPP / Datore di Lavoro RSPP); poi ROBOTIX81+SICURIX applicano il METODO81+; 7) FRETTIX causa il pericolo 'Videosorveglianza' (Videosorveglianza a norma); poi PRIVACIX+SICURIX applicano il METODO81+; 8) CROSSIX causa il pericolo 'Rintracciabilita' (Rintracciabilita ed Etichettatura); poi DOCUMIX+SICURIX applicano il METODO81+; 9) CADUTIX causa il pericolo 'Emergenze/Soccorso' (Addetto Primo Soccorso); poi CHEFIX+SICURIX applicano il METODO81+; 10) PERMISSIONIX causa il pericolo 'Nomine' (Nomina Incaricati/Responsabili); poi SICURIX+SICURIX applicano il METODO81+. PALETTE BRAND ESCLUSIVA: nero #05050A, bianco panna, arancione #FF6A1A/#E8501A; ROSSO solo per 'PERICOLO', VERDE per la checklist 'Metodo 81+'. Logo '81+' ben visibile in OGNI vignetta. REGOLA STORIA: SICURIX NON agisce mai da solo - in OGNI vignetta di soluzione si fa AIUTARE dai suoi colleghi EROI (lavoro di squadra, ognuno col suo ruolo). TESTO: didascalie e fumetti MOLTO BREVI (1-4 parole), GRANDI, centrati, in ITALIANO con ORTOGRAFIA PERFETTA, senza parole inventate, lettere doppie errate o testo tagliato. CATTIVI (coerenti col canone): MULTIX, IMPROVVISIX, NONDPIX, SEGNALEX, SOTTOVALUTIX, FRETTIX, CROSSIX, CADUTIX, PERMISSIONIX. EROI: LUXPECTORIX, PRIVACIX, CHECKIX, SICURIX, ROBOTIX81, DOCUMIX, CHEFIX. NEGATIVE: nessun marchio LEGO reale, nessun personaggio protetto (Asterix ecc.), niente gore/horror, niente claim assoluti ('rischio zero','garantito','zero multe').","In Commercio non e' 'se' arriva il controllo, e' 'quando'. Sei pronto?","Commercio: 3 minuti oggi o un problema enorme domani. Scegli tu.

In commercio gli adempimenti obbligatori non aspettano: Temperature, Data breach, Formazione base, Sorveglianza sanitaria, Documento, Ruolo/RSPP, Videosorveglianza, Rintracciabilita, Emergenze/Soccorso, Nomine. In questa pagina TALES OF SICURIX il PERICOLO prende forma... e il METODO81+ lo rimette in ordine, passo dopo passo. Immagina la scena: prima il caos, poi la checklist che sistema tutto. Chi si mette in regola prima, dorme meglio dopo.
👉 Iscriviti al corso: Le esecuzioni civili, le procedure concorsuali e i servizi di cancelleria -> https://81plus.net/?corso=le-esecuzioni-civili-le-procedure-concorsuali-e-i-servizi-di
▶️ YouTube: youtube.com/@sicurissimo
Contenuto informativo. Prima vedi. Poi sistemi. 81plus.net","Le esecuzioni civili, le procedure concorsuali e i servizi di cancelleria",https://81plus.net/?corso=le-esecuzioni-civili-le-procedure-concorsuali-e-i-servizi-di,#TalesOfSicurix #SICURIX #Metodo81 #81plus #Sicurissimo #HACCP #Privacy #Sicurezza #SicurezzaSulLavoro,SICURIX_TALES_468610_16_23_1_9_0_5_24_15_6_21.webp,https://drive.google.com/drive/folders/1hICKXdl9JTZBL1pemG19oE_661z-EH_k,IMG_ERR
43.41.00,Costruzioni,F,Sicurezza+Ambientale+Privacy,11,Movimentazione Manuale Carichi | Formazione Ambientale | Formazione GDPR | Formazione Generale Lavoratori | Stress Lavoro-Correlato | Attrezzature e Macchine | Sorveglianza Sanitaria / Medico Competente | Lavori in Quota e Ponteggi | RSPP / Datore di Lavoro RSPP | Documento Valutazione Rischi (DVR) | Uso e Formazione DPI,D.Lgs81/08 Tit.VI | D.Lgs152/06 | GDPR art.32 | Accordo Stato-Regioni | D.Lgs81/08 art.28 | D.Lgs81/08 Tit.III | D.Lgs81/08 art.41 | D.Lgs81/08 Tit.IV | D.Lgs81/08 art.34 | D.Lgs81/08 art.77,"CHECKIX>NONDPIX, SCUDIX>MULTIX, CONSENSIX>CANCELIX, CHECKIX>BIOXIX, ROBOTIX81>MULTIX, FORMIX>SCHIACCIX, CONSENSIX>SCIVOLIX, TRACCIX>POLVERIX, PRIVACIX>IMPROVVISIX, LUXPECTORIX>POLVERIX, SICURIX>OBLIVIX","Crea una PAGINA A FUMETTI a STORIA COMPLETA, verticale A4 (1024x1536), QUALITA' EDITORIALE DA STAMPA, stile ufficiale 'SICURIX TALES' IDENTICO alle immagini di riferimento allegate (stessi personaggi a mattoncini 3D, stessa impaginazione, stessi colori, stesse rese): minifigure espressive, ambientazioni ricche e dettagliate del settore, luci morbide, profondita', bordi vignetta netti. IMPAGINAZIONE OBBLIGATORIA: da 10 a 12 VIGNETTE numerate che raccontano UNA STORIA con arco narrativo completo (1 situazione normale -> 2-4 arrivano i pericoli coi cattivi -> 5-6 tensione/conseguenza -> 7-9 arriva SICURIX con gli eroi e applica il METODO81+ passo per passo -> 10-11 risoluzione ordinata -> 12 finale). HEADER in alto: SICURIX (mantello, medaglione arancione '81+', bussola) che presenta in un fumetto; grande titolo 'SICURIX TALES'; sottotitolo 'COSTRUZIONI: Pericolo vs Soluzione con Metodo 81+'; legenda 3 voci (verde Sicurezza, rosso Rischio, blu 81+ Soluzione); fila di EROI coi nomi: CHECKIX, SCUDIX, CONSENSIX, ROBOTIX81, FORMIX, TRACCIX. FOOTER in basso: grande 'Prima vedi. Poi sistemi.'; banner scudo verde 'PROTEGGIAMO. PREVENIAMO. MIGLIORIAMO.' e triangolo rosso 'DISATTENZIONE. RISCHI. COSTI. CAOS.'; logo '81+' + '81plus.net'. TRAMA (usa questi eventi come vignette; se sono meno di 10 aggiungi vignette di contesto, dialogo e reazione per arrivare a 10-12): 1) NONDPIX causa il pericolo 'MMC' (Movimentazione Manuale Carichi); poi CHECKIX+SICURIX applicano il METODO81+; 2) MULTIX causa il pericolo 'Formazione' (Formazione Ambientale); poi SCUDIX+SICURIX applicano il METODO81+; 3) CANCELIX causa il pericolo 'Formazione' (Formazione GDPR); poi CONSENSIX+SICURIX applicano il METODO81+; 4) BIOXIX causa il pericolo 'Formazione base' (Formazione Generale Lavoratori); poi CHECKIX+SICURIX applicano il METODO81+; 5) MULTIX causa il pericolo 'Stress' (Stress Lavoro-Correlato); poi ROBOTIX81+SICURIX applicano il METODO81+; 6) SCHIACCIX causa il pericolo 'Attrezzature' (Attrezzature e Macchine); poi FORMIX+SICURIX applicano il METODO81+; 7) SCIVOLIX causa il pericolo 'Sorveglianza sanitaria' (Sorveglianza Sanitaria / Medico Competente); poi CONSENSIX+SICURIX applicano il METODO81+; 8) POLVERIX causa il pericolo 'Lavori in quota' (Lavori in Quota e Ponteggi); poi TRACCIX+SICURIX applicano il METODO81+; 9) IMPROVVISIX causa il pericolo 'Ruolo/RSPP' (RSPP / Datore di Lavoro RSPP); poi PRIVACIX+SICURIX applicano il METODO81+; 10) POLVERIX causa il pericolo 'Documento' (Documento Valutazione Rischi (DVR)); poi LUXPECTORIX+SICURIX applicano il METODO81+; 11) OBLIVIX causa il pericolo 'DPI' (Uso e Formazione DPI); poi SICURIX+SICURIX applicano il METODO81+. PALETTE BRAND ESCLUSIVA: nero #05050A, bianco panna, arancione #FF6A1A/#E8501A; ROSSO solo per 'PERICOLO', VERDE per la checklist 'Metodo 81+'. Logo '81+' ben visibile in OGNI vignetta. REGOLA STORIA: SICURIX NON agisce mai da solo - in OGNI vignetta di soluzione si fa AIUTARE dai suoi colleghi EROI (lavoro di squadra, ognuno col suo ruolo). TESTO: didascalie e fumetti MOLTO BREVI (1-4 parole), GRANDI, centrati, in ITALIANO con ORTOGRAFIA PERFETTA, senza parole inventate, lettere doppie errate o testo tagliato. CATTIVI (coerenti col canone): NONDPIX, MULTIX, CANCELIX, BIOXIX, SCHIACCIX, SCIVOLIX, POLVERIX, IMPROVVISIX, OBLIVIX. EROI: CHECKIX, SCUDIX, CONSENSIX, ROBOTIX81, FORMIX, TRACCIX, PRIVACIX, LUXPECTORIX, SICURIX. NEGATIVE: nessun marchio LEGO reale, nessun personaggio protetto (Asterix ecc.), niente gore/horror, niente claim assoluti ('rischio zero','garantito','zero multe').",Quello che l'ispettore controlla per primo in Costruzioni (e quasi nessuno lo sa),"In Costruzioni c'e' un obbligo che in tanti scoprono solo con la sanzione

In costruzioni gli adempimenti obbligatori non aspettano: MMC, Formazione, Formazione base, Stress, Attrezzature, Sorveglianza sanitaria, Lavori in quota, Ruolo/RSPP, Documento, DPI. In questa pagina TALES OF SICURIX il PERICOLO prende forma... e il METODO81+ lo rimette in ordine, passo dopo passo. Immagina la scena: prima il caos, poi la checklist che sistema tutto. Non e' burocrazia: e' la tua tranquillita.
👉 Iscriviti al corso: Corso RSPP Datore di Lavoro : Movimentazione manuale carichi -> https://81plus.net/?corso=corso-rspp-datore-di-lavoro-movimentazione-manuale-carichi
▶️ YouTube: youtube.com/@sicurissimo
Contenuto informativo. Prima vedi. Poi sistemi. 81plus.net",Corso RSPP Datore di Lavoro : Movimentazione manuale carichi,https://81plus.net/?corso=corso-rspp-datore-di-lavoro-movimentazione-manuale-carichi,#TalesOfSicurix #SICURIX #Metodo81 #81plus #Sicurissimo #Sicurezza #Ambientale #Privacy #SicurezzaSulLavoro,SICURIX_TALES_434100_10_21_18_1_11_13_9_14_5_0_8.webp,https://drive.google.com/drive/folders/1hICKXdl9JTZBL1pemG19oE_661z-EH_k,IMG_ERR
16.25.00,Manifattura,C,Sicurezza+Privacy+HACCP+Ambientale,12,Rappresentante Lavoratori Sicurezza (RLS) | Registro dei Trattamenti | Rintracciabilita ed Etichettatura | Formazione Ambientale | Piano di Sanificazione | Manuale HACCP di Autocontrollo | Sorveglianza Sanitaria / Medico Competente | Formazione GDPR | Gestione Rifiuti e Registro | Attrezzature e Macchine | Corso Alimentarista | Formazione Specifica (rischio alto),D.Lgs81/08 art.47 | GDPR art.30 | Reg.CE 178/2002 | D.Lgs152/06 | Reg.CE 852/2004 | D.Lgs81/08 art.41 | GDPR art.32 | D.Lgs81/08 Tit.III | Accordo Stato-Regioni,"BLINKIX>SOTTOVALUTIX, FORMIX>LEAKIX, CIFRIX>FRETTIX, DOCUMIX>OBLIVIX, LUXPECTORIX>SCADUTIX, FORMIX>MESCOLIX, ROBOTIX81>FRETTIX, CONSENSIX>CANCELIX, LUXPECTORIX>FRETTIX, CHECKIX>NONDPIX, SCUDIX>RISKIX, PREPOSTIX>CAOSIX","Crea una PAGINA A FUMETTI a STORIA COMPLETA, verticale A4 (1024x1536), QUALITA' EDITORIALE DA STAMPA, stile ufficiale 'SICURIX TALES' IDENTICO alle immagini di riferimento allegate (stessi personaggi a mattoncini 3D, stessa impaginazione, stessi colori, stesse rese): minifigure espressive, ambientazioni ricche e dettagliate del settore, luci morbide, profondita', bordi vignetta netti. IMPAGINAZIONE OBBLIGATORIA: da 10 a 12 VIGNETTE numerate che raccontano UNA STORIA con arco narrativo completo (1 situazione normale -> 2-4 arrivano i pericoli coi cattivi -> 5-6 tensione/conseguenza -> 7-9 arriva SICURIX con gli eroi e applica il METODO81+ passo per passo -> 10-11 risoluzione ordinata -> 12 finale). HEADER in alto: SICURIX (mantello, medaglione arancione '81+', bussola) che presenta in un fumetto; grande titolo 'SICURIX TALES'; sottotitolo 'MANIFATTURA: Pericolo vs Soluzione con Metodo 81+'; legenda 3 voci (verde Sicurezza, rosso Rischio, blu 81+ Soluzione); fila di EROI coi nomi: BLINKIX, FORMIX, CIFRIX, DOCUMIX, LUXPECTORIX, ROBOTIX81. FOOTER in basso: grande 'Prima vedi. Poi sistemi.'; banner scudo verde 'PROTEGGIAMO. PREVENIAMO. MIGLIORIAMO.' e triangolo rosso 'DISATTENZIONE. RISCHI. COSTI. CAOS.'; logo '81+' + '81plus.net'. TRAMA (usa questi eventi come vignette; se sono meno di 10 aggiungi vignette di contesto, dialogo e reazione per arrivare a 10-12): 1) SOTTOVALUTIX causa il pericolo 'Ruolo/RLS' (Rappresentante Lavoratori Sicurezza (RLS)); poi BLINKIX+SICURIX applicano il METODO81+; 2) LEAKIX causa il pericolo 'Registro' (Registro dei Trattamenti); poi FORMIX+SICURIX applicano il METODO81+; 3) FRETTIX causa il pericolo 'Rintracciabilita' (Rintracciabilita ed Etichettatura); poi CIFRIX+SICURIX applicano il METODO81+; 4) OBLIVIX causa il pericolo 'Formazione' (Formazione Ambientale); poi DOCUMIX+SICURIX applicano il METODO81+; 5) SCADUTIX causa il pericolo 'Sanificazione' (Piano di Sanificazione); poi LUXPECTORIX+SICURIX applicano il METODO81+; 6) MESCOLIX causa il pericolo 'Documento' (Manuale HACCP di Autocontrollo); poi FORMIX+SICURIX applicano il METODO81+; 7) FRETTIX causa il pericolo 'Sorveglianza sanitaria' (Sorveglianza Sanitaria / Medico Competente); poi ROBOTIX81+SICURIX applicano il METODO81+; 8) CANCELIX causa il pericolo 'Formazione' (Formazione GDPR); poi CONSENSIX+SICURIX applicano il METODO81+; 9) FRETTIX causa il pericolo 'Rifiuti' (Gestione Rifiuti e Registro); poi LUXPECTORIX+SICURIX applicano il METODO81+; 10) NONDPIX causa il pericolo 'Attrezzature' (Attrezzature e Macchine); poi CHECKIX+SICURIX applicano il METODO81+; 11) RISKIX causa il pericolo 'Corso' (Corso Alimentarista); poi SCUDIX+SICURIX applicano il METODO81+; 12) CAOSIX causa il pericolo 'Formazione specifica' (Formazione Specifica (rischio alto)); poi PREPOSTIX+SICURIX applicano il METODO81+. PALETTE BRAND ESCLUSIVA: nero #05050A, bianco panna, arancione #FF6A1A/#E8501A; ROSSO solo per 'PERICOLO', VERDE per la checklist 'Metodo 81+'. Logo '81+' ben visibile in OGNI vignetta. REGOLA STORIA: SICURIX NON agisce mai da solo - in OGNI vignetta di soluzione si fa AIUTARE dai suoi colleghi EROI (lavoro di squadra, ognuno col suo ruolo). TESTO: didascalie e fumetti MOLTO BREVI (1-4 parole), GRANDI, centrati, in ITALIANO con ORTOGRAFIA PERFETTA, senza parole inventate, lettere doppie errate o testo tagliato. CATTIVI (coerenti col canone): SOTTOVALUTIX, LEAKIX, FRETTIX, OBLIVIX, SCADUTIX, MESCOLIX, CANCELIX, NONDPIX, RISKIX, CAOSIX. EROI: BLINKIX, FORMIX, CIFRIX, DOCUMIX, LUXPECTORIX, ROBOTIX81, CONSENSIX, CHECKIX, SCUDIX, PREPOSTIX. NEGATIVE: nessun marchio LEGO reale, nessun personaggio protetto (Asterix ecc.), niente gore/horror, niente claim assoluti ('rischio zero','garantito','zero multe').","In Manifattura non e' 'se' arriva il controllo, e' 'quando'. Sei pronto?","In Manifattura c'e' un obbligo che in tanti scoprono solo con la sanzione

In manifattura gli adempimenti obbligatori non aspettano: Ruolo/RLS, Registro, Rintracciabilita, Formazione, Sanificazione, Documento, Sorveglianza sanitaria, Rifiuti, Attrezzature, Corso, Formazione specifica. In questa pagina TALES OF SICURIX il PERICOLO prende forma... e il METODO81+ lo rimette in ordine, passo dopo passo. Immagina la scena: prima il caos, poi la checklist che sistema tutto. La regola c'e' gia': tu falla lavorare per te.
👉 Iscriviti al corso: Corso RLS -> https://81plus.net/?corso=corso-rls
▶️ YouTube: youtube.com/@sicurissimo
Contenuto informativo. Prima vedi. Poi sistemi. 81plus.net",Corso RLS,https://81plus.net/?corso=corso-rls,#TalesOfSicurix #SICURIX #Metodo81 #81plus #Sicurissimo #Sicurezza #Privacy #HACCP #Ambientale #SicurezzaSulLavoro,SICURIX_TALES_162500_4_22_17_27_16_14_9_24_26_13_15_2.webp,https://drive.google.com/drive/folders/1hICKXdl9JTZBL1pemG19oE_661z-EH_k,IMG_ERR
91.30.02,Altri servizi,S,HACCP+Privacy+Sicurezza,11,Gestione Allergeni | Procedura Data Breach | Corso Alimentarista | Uso e Formazione DPI | Informativa e Consensi | Stress Lavoro-Correlato | RSPP / Datore di Lavoro RSPP | Rappresentante Lavoratori Sicurezza (RLS) | Registro dei Trattamenti | Controllo Temperature e Celle | Addetto Antincendio,Reg.UE 1169/2011 | GDPR art.33-34 | Reg.CE 852/2004 | D.Lgs81/08 art.77 | GDPR art.13 | D.Lgs81/08 art.28 | D.Lgs81/08 art.34 | D.Lgs81/08 art.47 | GDPR art.30 | DM 2/9/2021,"CONSENSIX>SCADUTIX, PRIVACIX>PHISHIX, SCUDIX>SPORCKIX, CIFRIX>CHIMIKIX, TRACCIX>FRETTIX, PREPOSTIX>SEGNALEX, PRIVACIX>VOLTIX, TRACCIX>CHIMIKIX, HYGIENIX>OBLIVIX, SICURIX>FRETTIX, DOCUMIX>FUMIX","Crea una PAGINA A FUMETTI a STORIA COMPLETA, verticale A4 (1024x1536), QUALITA' EDITORIALE DA STAMPA, stile ufficiale 'SICURIX TALES' IDENTICO alle immagini di riferimento allegate (stessi personaggi a mattoncini 3D, stessa impaginazione, stessi colori, stesse rese): minifigure espressive, ambientazioni ricche e dettagliate del settore, luci morbide, profondita', bordi vignetta netti. IMPAGINAZIONE OBBLIGATORIA: da 10 a 12 VIGNETTE numerate che raccontano UNA STORIA con arco narrativo completo (1 situazione normale -> 2-4 arrivano i pericoli coi cattivi -> 5-6 tensione/conseguenza -> 7-9 arriva SICURIX con gli eroi e applica il METODO81+ passo per passo -> 10-11 risoluzione ordinata -> 12 finale). HEADER in alto: SICURIX (mantello, medaglione arancione '81+', bussola) che presenta in un fumetto; grande titolo 'SICURIX TALES'; sottotitolo 'ALTRI SERVIZI: Pericolo vs Soluzione con Metodo 81+'; legenda 3 voci (verde Sicurezza, rosso Rischio, blu 81+ Soluzione); fila di EROI coi nomi: CONSENSIX, PRIVACIX, SCUDIX, CIFRIX, TRACCIX, PREPOSTIX. FOOTER in basso: grande 'Prima vedi. Poi sistemi.'; banner scudo verde 'PROTEGGIAMO. PREVENIAMO. MIGLIORIAMO.' e triangolo rosso 'DISATTENZIONE. RISCHI. COSTI. CAOS.'; logo '81+' + '81plus.net'. TRAMA (usa questi eventi come vignette; se sono meno di 10 aggiungi vignette di contesto, dialogo e reazione per arrivare a 10-12): 1) SCADUTIX causa il pericolo 'Allergeni' (Gestione Allergeni); poi CONSENSIX+SICURIX applicano il METODO81+; 2) PHISHIX causa il pericolo 'Data breach' (Procedura Data Breach); poi PRIVACIX+SICURIX applicano il METODO81+; 3) SPORCKIX causa il pericolo 'Corso' (Corso Alimentarista); poi SCUDIX+SICURIX applicano il METODO81+; 4) CHIMIKIX causa il pericolo 'DPI' (Uso e Formazione DPI); poi CIFRIX+SICURIX applicano il METODO81+; 5) FRETTIX causa il pericolo 'Documento' (Informativa e Consensi); poi TRACCIX+SICURIX applicano il METODO81+; 6) SEGNALEX causa il pericolo 'Stress' (Stress Lavoro-Correlato); poi PREPOSTIX+SICURIX applicano il METODO81+; 7) VOLTIX causa il pericolo 'Ruolo/RSPP' (RSPP / Datore di Lavoro RSPP); poi PRIVACIX+SICURIX applicano il METODO81+; 8) CHIMIKIX causa il pericolo 'Ruolo/RLS' (Rappresentante Lavoratori Sicurezza (RLS)); poi TRACCIX+SICURIX applicano il METODO81+; 9) OBLIVIX causa il pericolo 'Registro' (Registro dei Trattamenti); poi HYGIENIX+SICURIX applicano il METODO81+; 10) FRETTIX causa il pericolo 'Temperature' (Controllo Temperature e Celle); poi SICURIX+SICURIX applicano il METODO81+; 11) FUMIX causa il pericolo 'Emergenze/Incendio' (Addetto Antincendio); poi DOCUMIX+SICURIX applicano il METODO81+. PALETTE BRAND ESCLUSIVA: nero #05050A, bianco panna, arancione #FF6A1A/#E8501A; ROSSO solo per 'PERICOLO', VERDE per la checklist 'Metodo 81+'. Logo '81+' ben visibile in OGNI vignetta. REGOLA STORIA: SICURIX NON agisce mai da solo - in OGNI vignetta di soluzione si fa AIUTARE dai suoi colleghi EROI (lavoro di squadra, ognuno col suo ruolo). TESTO: didascalie e fumetti MOLTO BREVI (1-4 parole), GRANDI, centrati, in ITALIANO con ORTOGRAFIA PERFETTA, senza parole inventate, lettere doppie errate o testo tagliato. CATTIVI (coerenti col canone): SCADUTIX, PHISHIX, SPORCKIX, CHIMIKIX, FRETTIX, SEGNALEX, VOLTIX, OBLIVIX, FUMIX. EROI: CONSENSIX, PRIVACIX, SCUDIX, CIFRIX, TRACCIX, PREPOSTIX, HYGIENIX, SICURIX, DOCUMIX. NEGATIVE: nessun marchio LEGO reale, nessun personaggio protetto (Asterix ecc.), niente gore/horror, niente claim assoluti ('rischio zero','garantito','zero multe').",In Altri servizi c'e' un obbligo che in tanti scoprono solo con la sanzione,"In Altri servizi c'e' un obbligo che in tanti scoprono solo con la sanzione

In altri servizi gli adempimenti obbligatori non aspettano: Allergeni, Data breach, Corso, DPI, Documento, Stress, Ruolo/RSPP, Ruolo/RLS, Registro, Temperature, Emergenze/Incendio. In questa pagina TALES OF SICURIX il PERICOLO prende forma... e il METODO81+ lo rimette in ordine, passo dopo passo. Immagina la scena: prima il caos, poi la checklist che sistema tutto. La regola c'e' gia': tu falla lavorare per te.
👉 Iscriviti al corso: Haccp - Corso responsabile industria alimentare -> https://81plus.net/?corso=haccp-corso-responsabile-industria-alimentare
▶️ YouTube: youtube.com/@sicurissimo
Contenuto informativo. Prima vedi. Poi sistemi. 81plus.net",Haccp - Corso responsabile industria alimentare,https://81plus.net/?corso=haccp-corso-responsabile-industria-alimentare,#TalesOfSicurix #SICURIX #Metodo81 #81plus #Sicurissimo #HACCP #Privacy #Sicurezza #SicurezzaSulLavoro,SICURIX_TALES_913002_18_23_13_8_19_11_5_4_20_16_7.webp,https://drive.google.com/drive/folders/1hICKXdl9JTZBL1pemG19oE_661z-EH_k,IMG_ERR
16.21.00,Manifattura,C,Sicurezza+HACCP+Privacy,12,Addetto Primo Soccorso | Documento Valutazione Rischi (DVR) | Corso Alimentarista | Lotta agli Infestanti (Pest Control) | Rischio Rumore | Stress Lavoro-Correlato | Sorveglianza Sanitaria / Medico Competente | Registro dei Trattamenti | Formazione Generale Lavoratori | Attrezzature e Macchine | Gestione Allergeni | Movimentazione Manuale Carichi,DM 388/2003 | D.Lgs81/08 art.28 | Reg.CE 852/2004 | D.Lgs81/08 Tit.VIII | D.Lgs81/08 art.41 | GDPR art.30 | Accordo Stato-Regioni | D.Lgs81/08 Tit.III | Reg.UE 1169/2011 | D.Lgs81/08 Tit.VI,"TRACCIX>CADUTIX, PRIVACIX>FRETTIX, BLINKIX>CROSSIX, CIFRIX>SCADUTIX, CHECKIX>RUMORIX, FORMIX>FUMIX, LUXPECTORIX>RUMORIX, CONSENSIX>PERMISSIONIX, BLINKIX>IMPROVVISIX, LUXPECTORIX>SEGNALEX, BLINKIX>CAOSIX, PRIVACIX>IMPROVVISIX","Crea una PAGINA A FUMETTI a STORIA COMPLETA, verticale A4 (1024x1536), QUALITA' EDITORIALE DA STAMPA, stile ufficiale 'SICURIX TALES' IDENTICO alle immagini di riferimento allegate (stessi personaggi a mattoncini 3D, stessa impaginazione, stessi colori, stesse rese): minifigure espressive, ambientazioni ricche e dettagliate del settore, luci morbide, profondita', bordi vignetta netti. IMPAGINAZIONE OBBLIGATORIA: da 10 a 12 VIGNETTE numerate che raccontano UNA STORIA con arco narrativo completo (1 situazione normale -> 2-4 arrivano i pericoli coi cattivi -> 5-6 tensione/conseguenza -> 7-9 arriva SICURIX con gli eroi e applica il METODO81+ passo per passo -> 10-11 risoluzione ordinata -> 12 finale). HEADER in alto: SICURIX (mantello, medaglione arancione '81+', bussola) che presenta in un fumetto; grande titolo 'SICURIX TALES'; sottotitolo 'MANIFATTURA: Pericolo vs Soluzione con Metodo 81+'; legenda 3 voci (verde Sicurezza, rosso Rischio, blu 81+ Soluzione); fila di EROI coi nomi: TRACCIX, PRIVACIX, BLINKIX, CIFRIX, CHECKIX, FORMIX. FOOTER in basso: grande 'Prima vedi. Poi sistemi.'; banner scudo verde 'PROTEGGIAMO. PREVENIAMO. MIGLIORIAMO.' e triangolo rosso 'DISATTENZIONE. RISCHI. COSTI. CAOS.'; logo '81+' + '81plus.net'. TRAMA (usa questi eventi come vignette; se sono meno di 10 aggiungi vignette di contesto, dialogo e reazione per arrivare a 10-12): 1) CADUTIX causa il pericolo 'Emergenze/Soccorso' (Addetto Primo Soccorso); poi TRACCIX+SICURIX applicano il METODO81+; 2) FRETTIX causa il pericolo 'Documento' (Documento Valutazione Rischi (DVR)); poi PRIVACIX+SICURIX applicano il METODO81+; 3) CROSSIX causa il pericolo 'Corso' (Corso Alimentarista); poi BLINKIX+SICURIX applicano il METODO81+; 4) SCADUTIX causa il pericolo 'Infestanti' (Lotta agli Infestanti (Pest Control)); poi CIFRIX+SICURIX applicano il METODO81+; 5) RUMORIX causa il pericolo 'Rumore' (Rischio Rumore); poi CHECKIX+SICURIX applicano il METODO81+; 6) FUMIX causa il pericolo 'Stress' (Stress Lavoro-Correlato); poi FORMIX+SICURIX applicano il METODO81+; 7) RUMORIX causa il pericolo 'Sorveglianza sanitaria' (Sorveglianza Sanitaria / Medico Competente); poi LUXPECTORIX+SICURIX applicano il METODO81+; 8) PERMISSIONIX causa il pericolo 'Registro' (Registro dei Trattamenti); poi CONSENSIX+SICURIX applicano il METODO81+; 9) IMPROVVISIX causa il pericolo 'Formazione base' (Formazione Generale Lavoratori); poi BLINKIX+SICURIX applicano il METODO81+; 10) SEGNALEX causa il pericolo 'Attrezzature' (Attrezzature e Macchine); poi LUXPECTORIX+SICURIX applicano il METODO81+; 11) CAOSIX causa il pericolo 'Allergeni' (Gestione Allergeni); poi BLINKIX+SICURIX applicano il METODO81+; 12) IMPROVVISIX causa il pericolo 'MMC' (Movimentazione Manuale Carichi); poi PRIVACIX+SICURIX applicano il METODO81+. PALETTE BRAND ESCLUSIVA: nero #05050A, bianco panna, arancione #FF6A1A/#E8501A; ROSSO solo per 'PERICOLO', VERDE per la checklist 'Metodo 81+'. Logo '81+' ben visibile in OGNI vignetta. REGOLA STORIA: SICURIX NON agisce mai da solo - in OGNI vignetta di soluzione si fa AIUTARE dai suoi colleghi EROI (lavoro di squadra, ognuno col suo ruolo). TESTO: didascalie e fumetti MOLTO BREVI (1-4 parole), GRANDI, centrati, in ITALIANO con ORTOGRAFIA PERFETTA, senza parole inventate, lettere doppie errate o testo tagliato. CATTIVI (coerenti col canone): CADUTIX, FRETTIX, CROSSIX, SCADUTIX, RUMORIX, FUMIX, PERMISSIONIX, IMPROVVISIX, SEGNALEX, CAOSIX. EROI: TRACCIX, PRIVACIX, BLINKIX, CIFRIX, CHECKIX, FORMIX, LUXPECTORIX, CONSENSIX. NEGATIVE: nessun marchio LEGO reale, nessun personaggio protetto (Asterix ecc.), niente gore/horror, niente claim assoluti ('rischio zero','garantito','zero multe').",Manifattura: 3 minuti oggi o un problema enorme domani. Scegli tu.,"La differenza tra chi in Manifattura dorme sereno e chi trema al controllo

In manifattura gli adempimenti obbligatori non aspettano: Emergenze/Soccorso, Documento, Corso, Infestanti, Rumore, Stress, Sorveglianza sanitaria, Registro, Formazione base, Attrezzature, Allergeni, MMC. In questa pagina TALES OF SICURIX il PERICOLO prende forma... e il METODO81+ lo rimette in ordine, passo dopo passo. Immagina la scena: prima il caos, poi la checklist che sistema tutto. Non e' burocrazia: e' la tua tranquillita.
👉 Iscriviti al corso: Corso Primo Soccorso (A-B-C) -> https://81plus.net/?corso=corso-primo-soccorso-a-b-c
▶️ YouTube: youtube.com/@sicurissimo
Contenuto informativo. Prima vedi. Poi sistemi. 81plus.net",Corso Primo Soccorso (A-B-C),https://81plus.net/?corso=corso-primo-soccorso-a-b-c,#TalesOfSicurix #SICURIX #Metodo81 #81plus #Sicurissimo #Sicurezza #HACCP #Privacy #SicurezzaSulLavoro,SICURIX_TALES_162100_6_0_15_19_12_11_9_22_1_13_20_10.webp,https://drive.google.com/drive/folders/1hICKXdl9JTZBL1pemG19oE_661z-EH_k,IMG_ERR
84.12.30,Istruzione,P,Sicurezza+Privacy,12,Addetto Primo Soccorso | Formazione Specifica (rischio medio) | Registro dei Trattamenti | Uso e Formazione DPI | Stress Lavoro-Correlato | Rappresentante Lavoratori Sicurezza (RLS) | RSPP / Datore di Lavoro RSPP | Sorveglianza Sanitaria / Medico Competente | Formazione Preposto | Formazione Generale Lavoratori | Addetto Antincendio | Procedura Data Breach,DM 388/2003 | Accordo Stato-Regioni | GDPR art.30 | D.Lgs81/08 art.77 | D.Lgs81/08 art.28 | D.Lgs81/08 art.47 | D.Lgs81/08 art.34 | D.Lgs81/08 art.41 | D.Lgs81/08 art.37 | DM 2/9/2021 | GDPR art.33-34,"PRIVACIX>SCIVOLIX, FORMIX>RISKIX, HYGIENIX>OBLIVIX, FORMIX>OBLIVIX, CONSENSIX>VIBRIX, CIFRIX>BIOXIX, BLINKIX>OBLIVIX, HYGIENIX>RUMORIX, PREPOSTIX>VOLTIX, ROBOTIX81>VIBRIX, LUXPECTORIX>SOTTOVALUTIX, ROBOTIX81>SPYIX","Crea una PAGINA A FUMETTI a STORIA COMPLETA, verticale A4 (1024x1536), QUALITA' EDITORIALE DA STAMPA, stile ufficiale 'SICURIX TALES' IDENTICO alle immagini di riferimento allegate (stessi personaggi a mattoncini 3D, stessa impaginazione, stessi colori, stesse rese): minifigure espressive, ambientazioni ricche e dettagliate del settore, luci morbide, profondita', bordi vignetta netti. IMPAGINAZIONE OBBLIGATORIA: da 10 a 12 VIGNETTE numerate che raccontano UNA STORIA con arco narrativo completo (1 situazione normale -> 2-4 arrivano i pericoli coi cattivi -> 5-6 tensione/conseguenza -> 7-9 arriva SICURIX con gli eroi e applica il METODO81+ passo per passo -> 10-11 risoluzione ordinata -> 12 finale). HEADER in alto: SICURIX (mantello, medaglione arancione '81+', bussola) che presenta in un fumetto; grande titolo 'SICURIX TALES'; sottotitolo 'ISTRUZIONE: Pericolo vs Soluzione con Metodo 81+'; legenda 3 voci (verde Sicurezza, rosso Rischio, blu 81+ Soluzione); fila di EROI coi nomi: PRIVACIX, FORMIX, HYGIENIX, CONSENSIX, CIFRIX, BLINKIX. FOOTER in basso: grande 'Prima vedi. Poi sistemi.'; banner scudo verde 'PROTEGGIAMO. PREVENIAMO. MIGLIORIAMO.' e triangolo rosso 'DISATTENZIONE. RISCHI. COSTI. CAOS.'; logo '81+' + '81plus.net'. TRAMA (usa questi eventi come vignette; se sono meno di 10 aggiungi vignette di contesto, dialogo e reazione per arrivare a 10-12): 1) SCIVOLIX causa il pericolo 'Emergenze/Soccorso' (Addetto Primo Soccorso); poi PRIVACIX+SICURIX applicano il METODO81+; 2) RISKIX causa il pericolo 'Formazione specifica' (Formazione Specifica (rischio medio)); poi FORMIX+SICURIX applicano il METODO81+; 3) OBLIVIX causa il pericolo 'Registro' (Registro dei Trattamenti); poi HYGIENIX+SICURIX applicano il METODO81+; 4) OBLIVIX causa il pericolo 'DPI' (Uso e Formazione DPI); poi FORMIX+SICURIX applicano il METODO81+; 5) VIBRIX causa il pericolo 'Stress' (Stress Lavoro-Correlato); poi CONSENSIX+SICURIX applicano il METODO81+; 6) BIOXIX causa il pericolo 'Ruolo/RLS' (Rappresentante Lavoratori Sicurezza (RLS)); poi CIFRIX+SICURIX applicano il METODO81+; 7) OBLIVIX causa il pericolo 'Ruolo/RSPP' (RSPP / Datore di Lavoro RSPP); poi BLINKIX+SICURIX applicano il METODO81+; 8) RUMORIX causa il pericolo 'Sorveglianza sanitaria' (Sorveglianza Sanitaria / Medico Competente); poi HYGIENIX+SICURIX applicano il METODO81+; 9) VOLTIX causa il pericolo 'Ruolo/Preposto' (Formazione Preposto); poi PREPOSTIX+SICURIX applicano il METODO81+; 10) VIBRIX causa il pericolo 'Formazione base' (Formazione Generale Lavoratori); poi ROBOTIX81+SICURIX applicano il METODO81+; 11) SOTTOVALUTIX causa il pericolo 'Emergenze/Incendio' (Addetto Antincendio); poi LUXPECTORIX+SICURIX applicano il METODO81+; 12) SPYIX causa il pericolo 'Data breach' (Procedura Data Breach); poi ROBOTIX81+SICURIX applicano il METODO81+. PALETTE BRAND ESCLUSIVA: nero #05050A, bianco panna, arancione #FF6A1A/#E8501A; ROSSO solo per 'PERICOLO', VERDE per la checklist 'Metodo 81+'. Logo '81+' ben visibile in OGNI vignetta. REGOLA STORIA: SICURIX NON agisce mai da solo - in OGNI vignetta di soluzione si fa AIUTARE dai suoi colleghi EROI (lavoro di squadra, ognuno col suo ruolo). TESTO: didascalie e fumetti MOLTO BREVI (1-4 parole), GRANDI, centrati, in ITALIANO con ORTOGRAFIA PERFETTA, senza parole inventate, lettere doppie errate o testo tagliato. CATTIVI (coerenti col canone): SCIVOLIX, RISKIX, OBLIVIX, VIBRIX, BIOXIX, RUMORIX, VOLTIX, SOTTOVALUTIX, SPYIX. EROI: PRIVACIX, FORMIX, HYGIENIX, CONSENSIX, CIFRIX, BLINKIX, PREPOSTIX, ROBOTIX81, LUXPECTORIX. NEGATIVE: nessun marchio LEGO reale, nessun personaggio protetto (Asterix ecc.), niente gore/horror, niente claim assoluti ('rischio zero','garantito','zero multe').",La differenza tra chi in Istruzione dorme sereno e chi trema al controllo,"Istruzione: 3 minuti oggi o un problema enorme domani. Scegli tu.

In istruzione gli adempimenti obbligatori non aspettano: Emergenze/Soccorso, Formazione specifica, Registro, DPI, Stress, Ruolo/RLS, Ruolo/RSPP, Sorveglianza sanitaria, Ruolo/Preposto, Formazione base, Emergenze/Incendio, Data breach. In questa pagina TALES OF SICURIX il PERICOLO prende forma... e il METODO81+ lo rimette in ordine, passo dopo passo. Immagina la scena: prima il caos, poi la checklist che sistema tutto. Chi si mette in regola prima, dorme meglio dopo.
👉 Iscriviti al corso: Corso Primo Soccorso (A-B-C) -> https://81plus.net/?corso=corso-primo-soccorso-a-b-c
▶️ YouTube: youtube.com/@sicurissimo
Contenuto informativo. Prima vedi. Poi sistemi. 81plus.net",Corso Primo Soccorso (A-B-C),https://81plus.net/?corso=corso-primo-soccorso-a-b-c,#TalesOfSicurix #SICURIX #Metodo81 #81plus #Sicurissimo #Sicurezza #Privacy #SicurezzaSulLavoro,SICURIX_TALES_841230_6_2_13_8_11_4_5_9_3_1_7_16.webp,https://drive.google.com/drive/folders/1hICKXdl9JTZBL1pemG19oE_661z-EH_k,IMG_ERR
81.23.99,PA,O,Sicurezza+Privacy,11,Sorveglianza Sanitaria / Medico Competente | Informativa e Consensi | Formazione Generale Lavoratori | Formazione Specifica (rischio medio) | Valutazione d'Impatto (DPIA) | Procedura Data Breach | Uso e Formazione DPI | Nomina Incaricati/Responsabili | Addetto Primo Soccorso | Stress Lavoro-Correlato | Movimentazione Manuale Carichi,D.Lgs81/08 art.41 | GDPR art.13 | Accordo Stato-Regioni | GDPR art.35 | GDPR art.33-34 | D.Lgs81/08 art.77 | GDPR art.28-29 | DM 388/2003 | D.Lgs81/08 art.28 | D.Lgs81/08 Tit.VI,"PREPOSTIX>VIBRIX, PRIVACIX>MULTIX, CIFRIX>MULTIX, HYGIENIX>BIOXIX, SICURIX>HACKIX, PREPOSTIX>FRETTIX, HYGIENIX>BIOXIX, CHECKIX>SPYIX, PREPOSTIX>SEGNALEX, CONSENSIX>RUMORIX, CIFRIX>TAGLIX","Crea una PAGINA A FUMETTI a STORIA COMPLETA, verticale A4 (1024x1536), QUALITA' EDITORIALE DA STAMPA, stile ufficiale 'SICURIX TALES' IDENTICO alle immagini di riferimento allegate (stessi personaggi a mattoncini 3D, stessa impaginazione, stessi colori, stesse rese): minifigure espressive, ambientazioni ricche e dettagliate del settore, luci morbide, profondita', bordi vignetta netti. IMPAGINAZIONE OBBLIGATORIA: da 10 a 12 VIGNETTE numerate che raccontano UNA STORIA con arco narrativo completo (1 situazione normale -> 2-4 arrivano i pericoli coi cattivi -> 5-6 tensione/conseguenza -> 7-9 arriva SICURIX con gli eroi e applica il METODO81+ passo per passo -> 10-11 risoluzione ordinata -> 12 finale). HEADER in alto: SICURIX (mantello, medaglione arancione '81+', bussola) che presenta in un fumetto; grande titolo 'SICURIX TALES'; sottotitolo 'PA: Pericolo vs Soluzione con Metodo 81+'; legenda 3 voci (verde Sicurezza, rosso Rischio, blu 81+ Soluzione); fila di EROI coi nomi: PREPOSTIX, PRIVACIX, CIFRIX, HYGIENIX, SICURIX, CHECKIX. FOOTER in basso: grande 'Prima vedi. Poi sistemi.'; banner scudo verde 'PROTEGGIAMO. PREVENIAMO. MIGLIORIAMO.' e triangolo rosso 'DISATTENZIONE. RISCHI. COSTI. CAOS.'; logo '81+' + '81plus.net'. TRAMA (usa questi eventi come vignette; se sono meno di 10 aggiungi vignette di contesto, dialogo e reazione per arrivare a 10-12): 1) VIBRIX causa il pericolo 'Sorveglianza sanitaria' (Sorveglianza Sanitaria / Medico Competente); poi PREPOSTIX+SICURIX applicano il METODO81+; 2) MULTIX causa il pericolo 'Documento' (Informativa e Consensi); poi PRIVACIX+SICURIX applicano il METODO81+; 3) MULTIX causa il pericolo 'Formazione base' (Formazione Generale Lavoratori); poi CIFRIX+SICURIX applicano il METODO81+; 4) BIOXIX causa il pericolo 'Formazione specifica' (Formazione Specifica (rischio medio)); poi HYGIENIX+SICURIX applicano il METODO81+; 5) HACKIX causa il pericolo 'DPIA' (Valutazione d'Impatto (DPIA)); poi SICURIX+SICURIX applicano il METODO81+; 6) FRETTIX causa il pericolo 'Data breach' (Procedura Data Breach); poi PREPOSTIX+SICURIX applicano il METODO81+; 7) BIOXIX causa il pericolo 'DPI' (Uso e Formazione DPI); poi HYGIENIX+SICURIX applicano il METODO81+; 8) SPYIX causa il pericolo 'Nomine' (Nomina Incaricati/Responsabili); poi CHECKIX+SICURIX applicano il METODO81+; 9) SEGNALEX causa il pericolo 'Emergenze/Soccorso' (Addetto Primo Soccorso); poi PREPOSTIX+SICURIX applicano il METODO81+; 10) RUMORIX causa il pericolo 'Stress' (Stress Lavoro-Correlato); poi CONSENSIX+SICURIX applicano il METODO81+; 11) TAGLIX causa il pericolo 'MMC' (Movimentazione Manuale Carichi); poi CIFRIX+SICURIX applicano il METODO81+. PALETTE BRAND ESCLUSIVA: nero #05050A, bianco panna, arancione #FF6A1A/#E8501A; ROSSO solo per 'PERICOLO', VERDE per la checklist 'Metodo 81+'. Logo '81+' ben visibile in OGNI vignetta. REGOLA STORIA: SICURIX NON agisce mai da solo - in OGNI vignetta di soluzione si fa AIUTARE dai suoi colleghi EROI (lavoro di squadra, ognuno col suo ruolo). TESTO: didascalie e fumetti MOLTO BREVI (1-4 parole), GRANDI, centrati, in ITALIANO con ORTOGRAFIA PERFETTA, senza parole inventate, lettere doppie errate o testo tagliato. CATTIVI (coerenti col canone): VIBRIX, MULTIX, BIOXIX, HACKIX, FRETTIX, SPYIX, SEGNALEX, RUMORIX, TAGLIX. EROI: PREPOSTIX, PRIVACIX, CIFRIX, HYGIENIX, SICURIX, CHECKIX, CONSENSIX. NEGATIVE: nessun marchio LEGO reale, nessun personaggio protetto (Asterix ecc.), niente gore/horror, niente claim assoluti ('rischio zero','garantito','zero multe').",Quello che l'ispettore controlla per primo in PA (e quasi nessuno lo sa),"La differenza tra chi in PA dorme sereno e chi trema al controllo

In pa gli adempimenti obbligatori non aspettano: Sorveglianza sanitaria, Documento, Formazione base, Formazione specifica, DPIA, Data breach, DPI, Nomine, Emergenze/Soccorso, Stress, MMC. In questa pagina TALES OF SICURIX il PERICOLO prende forma... e il METODO81+ lo rimette in ordine, passo dopo passo. Immagina la scena: prima il caos, poi la checklist che sistema tutto. Non e' burocrazia: e' la tua tranquillita.
👉 Iscriviti al corso: Corso lavoratore parte GENERALE 4 ore -> https://81plus.net/?corso=corso-lavoratore-parte-generale-4-ore
▶️ YouTube: youtube.com/@sicurissimo
Contenuto informativo. Prima vedi. Poi sistemi. 81plus.net",Corso lavoratore parte GENERALE 4 ore,https://81plus.net/?corso=corso-lavoratore-parte-generale-4-ore,#TalesOfSicurix #SICURIX #Metodo81 #81plus #Sicurissimo #Sicurezza #Privacy #SicurezzaSulLavoro,SICURIX_TALES_812399_9_12_1_2_18_16_8_14_6_11_10.webp,https://drive.google.com/drive/folders/1hICKXdl9JTZBL1pemG19oE_661z-EH_k,IMG_ERR
46.81.00,Commercio,G,Sicurezza+HACCP+Privacy,12,Uso e Formazione DPI | Rintracciabilita ed Etichettatura | Informativa e Consensi | Nomina Incaricati/Responsabili | Rappresentante Lavoratori Sicurezza (RLS) | Formazione Specifica (rischio medio) | Movimentazione Manuale Carichi | Controllo Temperature e Celle | Videosorveglianza a norma | Procedura Data Breach | Formazione Generale Lavoratori | Lotta agli Infestanti (Pest Control),D.Lgs81/08 art.77 | Reg.CE 178/2002 | GDPR art.13 | GDPR art.28-29 | D.Lgs81/08 art.47 | Accordo Stato-Regioni | D.Lgs81/08 Tit.VI | Reg.CE 852/2004 | Provv.Garante | GDPR art.33-34,"CHEFIX>CAOSIX, CHECKIX>MESCOLIX, CHECKIX>SPYIX, PRIVACIX>MULTIX, CHEFIX>POLVERIX, BLINKIX>ØTIX, SCUDIX>SCHIACCIX, PREPOSTIX>OBLIVIX, LUXPECTORIX>CAOSIX, CIFRIX>RISKIX, PRIVACIX>CADUTIX, PRIVACIX>SPORCKIX","Crea una PAGINA A FUMETTI a STORIA COMPLETA, verticale A4 (1024x1536), QUALITA' EDITORIALE DA STAMPA, stile ufficiale 'SICURIX TALES' IDENTICO alle immagini di riferimento allegate (stessi personaggi a mattoncini 3D, stessa impaginazione, stessi colori, stesse rese): minifigure espressive, ambientazioni ricche e dettagliate del settore, luci morbide, profondita', bordi vignetta netti. IMPAGINAZIONE OBBLIGATORIA: da 10 a 12 VIGNETTE numerate che raccontano UNA STORIA con arco narrativo completo (1 situazione normale -> 2-4 arrivano i pericoli coi cattivi -> 5-6 tensione/conseguenza -> 7-9 arriva SICURIX con gli eroi e applica il METODO81+ passo per passo -> 10-11 risoluzione ordinata -> 12 finale). HEADER in alto: SICURIX (mantello, medaglione arancione '81+', bussola) che presenta in un fumetto; grande titolo 'SICURIX TALES'; sottotitolo 'COMMERCIO: Pericolo vs Soluzione con Metodo 81+'; legenda 3 voci (verde Sicurezza, rosso Rischio, blu 81+ Soluzione); fila di EROI coi nomi: CHEFIX, CHECKIX, PRIVACIX, BLINKIX, SCUDIX, PREPOSTIX. FOOTER in basso: grande 'Prima vedi. Poi sistemi.'; banner scudo verde 'PROTEGGIAMO. PREVENIAMO. MIGLIORIAMO.' e triangolo rosso 'DISATTENZIONE. RISCHI. COSTI. CAOS.'; logo '81+' + '81plus.net'. TRAMA (usa questi eventi come vignette; se sono meno di 10 aggiungi vignette di contesto, dialogo e reazione per arrivare a 10-12): 1) CAOSIX causa il pericolo 'DPI' (Uso e Formazione DPI); poi CHEFIX+SICURIX applicano il METODO81+; 2) MESCOLIX causa il pericolo 'Rintracciabilita' (Rintracciabilita ed Etichettatura); poi CHECKIX+SICURIX applicano il METODO81+; 3) SPYIX causa il pericolo 'Documento' (Informativa e Consensi); poi CHECKIX+SICURIX applicano il METODO81+; 4) MULTIX causa il pericolo 'Nomine' (Nomina Incaricati/Responsabili); poi PRIVACIX+SICURIX applicano il METODO81+; 5) POLVERIX causa il pericolo 'Ruolo/RLS' (Rappresentante Lavoratori Sicurezza (RLS)); poi CHEFIX+SICURIX applicano il METODO81+; 6) ØTIX causa il pericolo 'Formazione specifica' (Formazione Specifica (rischio medio)); poi BLINKIX+SICURIX applicano il METODO81+; 7) SCHIACCIX causa il pericolo 'MMC' (Movimentazione Manuale Carichi); poi SCUDIX+SICURIX applicano il METODO81+; 8) OBLIVIX causa il pericolo 'Temperature' (Controllo Temperature e Celle); poi PREPOSTIX+SICURIX applicano il METODO81+; 9) CAOSIX causa il pericolo 'Videosorveglianza' (Videosorveglianza a norma); poi LUXPECTORIX+SICURIX applicano il METODO81+; 10) RISKIX causa il pericolo 'Data breach' (Procedura Data Breach); poi CIFRIX+SICURIX applicano il METODO81+; 11) CADUTIX causa il pericolo 'Formazione base' (Formazione Generale Lavoratori); poi PRIVACIX+SICURIX applicano il METODO81+; 12) SPORCKIX causa il pericolo 'Infestanti' (Lotta agli Infestanti (Pest Control)); poi PRIVACIX+SICURIX applicano il METODO81+. PALETTE BRAND ESCLUSIVA: nero #05050A, bianco panna, arancione #FF6A1A/#E8501A; ROSSO solo per 'PERICOLO', VERDE per la checklist 'Metodo 81+'. Logo '81+' ben visibile in OGNI vignetta. REGOLA STORIA: SICURIX NON agisce mai da solo - in OGNI vignetta di soluzione si fa AIUTARE dai suoi colleghi EROI (lavoro di squadra, ognuno col suo ruolo). TESTO: didascalie e fumetti MOLTO BREVI (1-4 parole), GRANDI, centrati, in ITALIANO con ORTOGRAFIA PERFETTA, senza parole inventate, lettere doppie errate o testo tagliato. CATTIVI (coerenti col canone): CAOSIX, MESCOLIX, SPYIX, MULTIX, POLVERIX, ØTIX, SCHIACCIX, OBLIVIX, RISKIX, CADUTIX, SPORCKIX. EROI: CHEFIX, CHECKIX, PRIVACIX, BLINKIX, SCUDIX, PREPOSTIX, LUXPECTORIX, CIFRIX. NEGATIVE: nessun marchio LEGO reale, nessun personaggio protetto (Asterix ecc.), niente gore/horror, niente claim assoluti ('rischio zero','garantito','zero multe').",In Commercio c'e' un obbligo che in tanti scoprono solo con la sanzione,"Commercio: 3 minuti oggi o un problema enorme domani. Scegli tu.

In commercio gli adempimenti obbligatori non aspettano: DPI, Rintracciabilita, Documento, Nomine, Ruolo/RLS, Formazione specifica, MMC, Temperature, Videosorveglianza, Data breach, Formazione base, Infestanti. In questa pagina TALES OF SICURIX il PERICOLO prende forma... e il METODO81+ lo rimette in ordine, passo dopo passo. Immagina la scena: prima il caos, poi la checklist che sistema tutto. Chi si mette in regola prima, dorme meglio dopo.
👉 Iscriviti al corso: Corso Lavori in Quota e DPI Anticaduta -> https://81plus.net/?corso=corso-lavori-in-quota-e-dpi-anticaduta
▶️ YouTube: youtube.com/@sicurissimo
Contenuto informativo. Prima vedi. Poi sistemi. 81plus.net",Corso Lavori in Quota e DPI Anticaduta,https://81plus.net/?corso=corso-lavori-in-quota-e-dpi-anticaduta,#TalesOfSicurix #SICURIX #Metodo81 #81plus #Sicurissimo #Sicurezza #HACCP #Privacy #SicurezzaSulLavoro,SICURIX_TALES_468100_8_15_19_21_4_2_10_16_24_23_1_17.webp,https://drive.google.com/drive/folders/1hICKXdl9JTZBL1pemG19oE_661z-EH_k,IMG_ERR
20.41.10,Manifattura,C,Sicurezza+Privacy+HACCP,11,Addetto Antincendio | Informativa e Consensi | Attrezzature e Macchine | Manuale HACCP di Autocontrollo | Corso Alimentarista | Formazione Generale Lavoratori | Movimentazione Manuale Carichi | Documento Valutazione Rischi (DVR) | Registro dei Trattamenti | Nomina Incaricati/Responsabili | Gestione Allergeni,DM 2/9/2021 | GDPR art.13 | D.Lgs81/08 Tit.III | Reg.CE 852/2004 | Accordo Stato-Regioni | D.Lgs81/08 Tit.VI | D.Lgs81/08 art.28 | GDPR art.30 | GDPR art.28-29 | Reg.UE 1169/2011,"CONSENSIX>RISKIX, SCUDIX>FRETTIX, SCUDIX>NONDPIX, CONSENSIX>ACQUAIX, DOCUMIX>DOSAGIX, HYGIENIX>OBLIVIX, ROBOTIX81>FRETTIX, HYGIENIX>SCIVOLIX, CIFRIX>CANCELIX, FORMIX>HACKIX, CHECKIX>CROSSIX","Crea una PAGINA A FUMETTI a STORIA COMPLETA, verticale A4 (1024x1536), QUALITA' EDITORIALE DA STAMPA, stile ufficiale 'SICURIX TALES' IDENTICO alle immagini di riferimento allegate (stessi personaggi a mattoncini 3D, stessa impaginazione, stessi colori, stesse rese): minifigure espressive, ambientazioni ricche e dettagliate del settore, luci morbide, profondita', bordi vignetta netti. IMPAGINAZIONE OBBLIGATORIA: da 10 a 12 VIGNETTE numerate che raccontano UNA STORIA con arco narrativo completo (1 situazione normale -> 2-4 arrivano i pericoli coi cattivi -> 5-6 tensione/conseguenza -> 7-9 arriva SICURIX con gli eroi e applica il METODO81+ passo per passo -> 10-11 risoluzione ordinata -> 12 finale). HEADER in alto: SICURIX (mantello, medaglione arancione '81+', bussola) che presenta in un fumetto; grande titolo 'SICURIX TALES'; sottotitolo 'MANIFATTURA: Pericolo vs Soluzione con Metodo 81+'; legenda 3 voci (verde Sicurezza, rosso Rischio, blu 81+ Soluzione); fila di EROI coi nomi: CONSENSIX, SCUDIX, DOCUMIX, HYGIENIX, ROBOTIX81, CIFRIX. FOOTER in basso: grande 'Prima vedi. Poi sistemi.'; banner scudo verde 'PROTEGGIAMO. PREVENIAMO. MIGLIORIAMO.' e triangolo rosso 'DISATTENZIONE. RISCHI. COSTI. CAOS.'; logo '81+' + '81plus.net'. TRAMA (usa questi eventi come vignette; se sono meno di 10 aggiungi vignette di contesto, dialogo e reazione per arrivare a 10-12): 1) RISKIX causa il pericolo 'Emergenze/Incendio' (Addetto Antincendio); poi CONSENSIX+SICURIX applicano il METODO81+; 2) FRETTIX causa il pericolo 'Documento' (Informativa e Consensi); poi SCUDIX+SICURIX applicano il METODO81+; 3) NONDPIX causa il pericolo 'Attrezzature' (Attrezzature e Macchine); poi SCUDIX+SICURIX applicano il METODO81+; 4) ACQUAIX causa il pericolo 'Documento' (Manuale HACCP di Autocontrollo); poi CONSENSIX+SICURIX applicano il METODO81+; 5) DOSAGIX causa il pericolo 'Corso' (Corso Alimentarista); poi DOCUMIX+SICURIX applicano il METODO81+; 6) OBLIVIX causa il pericolo 'Formazione base' (Formazione Generale Lavoratori); poi HYGIENIX+SICURIX applicano il METODO81+; 7) FRETTIX causa il pericolo 'MMC' (Movimentazione Manuale Carichi); poi ROBOTIX81+SICURIX applicano il METODO81+; 8) SCIVOLIX causa il pericolo 'Documento' (Documento Valutazione Rischi (DVR)); poi HYGIENIX+SICURIX applicano il METODO81+; 9) CANCELIX causa il pericolo 'Registro' (Registro dei Trattamenti); poi CIFRIX+SICURIX applicano il METODO81+; 10) HACKIX causa il pericolo 'Nomine' (Nomina Incaricati/Responsabili); poi FORMIX+SICURIX applicano il METODO81+; 11) CROSSIX causa il pericolo 'Allergeni' (Gestione Allergeni); poi CHECKIX+SICURIX applicano il METODO81+. PALETTE BRAND ESCLUSIVA: nero #05050A, bianco panna, arancione #FF6A1A/#E8501A; ROSSO solo per 'PERICOLO', VERDE per la checklist 'Metodo 81+'. Logo '81+' ben visibile in OGNI vignetta. REGOLA STORIA: SICURIX NON agisce mai da solo - in OGNI vignetta di soluzione si fa AIUTARE dai suoi colleghi EROI (lavoro di squadra, ognuno col suo ruolo). TESTO: didascalie e fumetti MOLTO BREVI (1-4 parole), GRANDI, centrati, in ITALIANO con ORTOGRAFIA PERFETTA, senza parole inventate, lettere doppie errate o testo tagliato. CATTIVI (coerenti col canone): RISKIX, FRETTIX, NONDPIX, ACQUAIX, DOSAGIX, OBLIVIX, SCIVOLIX, CANCELIX, HACKIX, CROSSIX. EROI: CONSENSIX, SCUDIX, DOCUMIX, HYGIENIX, ROBOTIX81, CIFRIX, FORMIX, CHECKIX. NEGATIVE: nessun marchio LEGO reale, nessun personaggio protetto (Asterix ecc.), niente gore/horror, niente claim assoluti ('rischio zero','garantito','zero multe').","In Manifattura non e' 'se' arriva il controllo, e' 'quando'. Sei pronto?","Quello che l'ispettore controlla per primo in Manifattura (e quasi nessuno lo sa)

In manifattura gli adempimenti obbligatori non aspettano: Emergenze/Incendio, Documento, Attrezzature, Corso, Formazione base, MMC, Registro, Nomine, Allergeni. In questa pagina TALES OF SICURIX il PERICOLO prende forma... e il METODO81+ lo rimette in ordine, passo dopo passo. Immagina la scena: prima il caos, poi la checklist che sistema tutto. Non e' burocrazia: e' la tua tranquillita.
👉 Iscriviti al corso: Corso antincendio livello 1 -> https://81plus.net/?corso=corso-antincendio-livello-1
▶️ YouTube: youtube.com/@sicurissimo
Contenuto informativo. Prima vedi. Poi sistemi. 81plus.net",Corso antincendio livello 1,https://81plus.net/?corso=corso-antincendio-livello-1,#TalesOfSicurix #SICURIX #Metodo81 #81plus #Sicurissimo #Sicurezza #Privacy #HACCP #SicurezzaSulLavoro,SICURIX_TALES_204110_7_21_13_14_15_1_10_0_22_23_20.webp,https://drive.google.com/drive/folders/1hICKXdl9JTZBL1pemG19oE_661z-EH_k,IMG_ERR
70.10.00,Servizi alle imprese,N,Sicurezza+Privacy,10,Addetto Antincendio | Rappresentante Lavoratori Sicurezza (RLS) | Uso e Formazione DPI | RSPP / Datore di Lavoro RSPP | Nomina Incaricati/Responsabili | Formazione GDPR | Documento Valutazione Rischi (DVR) | Registro dei Trattamenti | Procedura Data Breach | Addetto Primo Soccorso,DM 2/9/2021 | D.Lgs81/08 art.47 | D.Lgs81/08 art.77 | D.Lgs81/08 art.34 | GDPR art.28-29 | GDPR art.32 | D.Lgs81/08 art.28 | GDPR art.30 | GDPR art.33-34 | DM 388/2003,"TRACCIX>IMPROVVISIX, ROBOTIX81>POLVERIX, PREPOSTIX>ØTIX, PRIVACIX>SOTTOVALUTIX, PRIVACIX>LEAKIX, PRIVACIX>IMPROVVISIX, PREPOSTIX>CADUTIX, PRIVACIX>RISKIX, PRIVACIX>HACKIX, ROBOTIX81>SCIVOLIX","Crea una PAGINA A FUMETTI a STORIA COMPLETA, verticale A4 (1024x1536), QUALITA' EDITORIALE DA STAMPA, stile ufficiale 'SICURIX TALES' IDENTICO alle immagini di riferimento allegate (stessi personaggi a mattoncini 3D, stessa impaginazione, stessi colori, stesse rese): minifigure espressive, ambientazioni ricche e dettagliate del settore, luci morbide, profondita', bordi vignetta netti. IMPAGINAZIONE OBBLIGATORIA: da 10 a 12 VIGNETTE numerate che raccontano UNA STORIA con arco narrativo completo (1 situazione normale -> 2-4 arrivano i pericoli coi cattivi -> 5-6 tensione/conseguenza -> 7-9 arriva SICURIX con gli eroi e applica il METODO81+ passo per passo -> 10-11 risoluzione ordinata -> 12 finale). HEADER in alto: SICURIX (mantello, medaglione arancione '81+', bussola) che presenta in un fumetto; grande titolo 'SICURIX TALES'; sottotitolo 'SERVIZI ALLE IMPRESE: Pericolo vs Soluzione con Metodo 81+'; legenda 3 voci (verde Sicurezza, rosso Rischio, blu 81+ Soluzione); fila di EROI coi nomi: TRACCIX, ROBOTIX81, PREPOSTIX, PRIVACIX. FOOTER in basso: grande 'Prima vedi. Poi sistemi.'; banner scudo verde 'PROTEGGIAMO. PREVENIAMO. MIGLIORIAMO.' e triangolo rosso 'DISATTENZIONE. RISCHI. COSTI. CAOS.'; logo '81+' + '81plus.net'. TRAMA (usa questi eventi come vignette; se sono meno di 10 aggiungi vignette di contesto, dialogo e reazione per arrivare a 10-12): 1) IMPROVVISIX causa il pericolo 'Emergenze/Incendio' (Addetto Antincendio); poi TRACCIX+SICURIX applicano il METODO81+; 2) POLVERIX causa il pericolo 'Ruolo/RLS' (Rappresentante Lavoratori Sicurezza (RLS)); poi ROBOTIX81+SICURIX applicano il METODO81+; 3) ØTIX causa il pericolo 'DPI' (Uso e Formazione DPI); poi PREPOSTIX+SICURIX applicano il METODO81+; 4) SOTTOVALUTIX causa il pericolo 'Ruolo/RSPP' (RSPP / Datore di Lavoro RSPP); poi PRIVACIX+SICURIX applicano il METODO81+; 5) LEAKIX causa il pericolo 'Nomine' (Nomina Incaricati/Responsabili); poi PRIVACIX+SICURIX applicano il METODO81+; 6) IMPROVVISIX causa il pericolo 'Formazione' (Formazione GDPR); poi PRIVACIX+SICURIX applicano il METODO81+; 7) CADUTIX causa il pericolo 'Documento' (Documento Valutazione Rischi (DVR)); poi PREPOSTIX+SICURIX applicano il METODO81+; 8) RISKIX causa il pericolo 'Registro' (Registro dei Trattamenti); poi PRIVACIX+SICURIX applicano il METODO81+; 9) HACKIX causa il pericolo 'Data breach' (Procedura Data Breach); poi PRIVACIX+SICURIX applicano il METODO81+; 10) SCIVOLIX causa il pericolo 'Emergenze/Soccorso' (Addetto Primo Soccorso); poi ROBOTIX81+SICURIX applicano il METODO81+. PALETTE BRAND ESCLUSIVA: nero #05050A, bianco panna, arancione #FF6A1A/#E8501A; ROSSO solo per 'PERICOLO', VERDE per la checklist 'Metodo 81+'. Logo '81+' ben visibile in OGNI vignetta. REGOLA STORIA: SICURIX NON agisce mai da solo - in OGNI vignetta di soluzione si fa AIUTARE dai suoi colleghi EROI (lavoro di squadra, ognuno col suo ruolo). TESTO: didascalie e fumetti MOLTO BREVI (1-4 parole), GRANDI, centrati, in ITALIANO con ORTOGRAFIA PERFETTA, senza parole inventate, lettere doppie errate o testo tagliato. CATTIVI (coerenti col canone): IMPROVVISIX, POLVERIX, ØTIX, SOTTOVALUTIX, LEAKIX, CADUTIX, RISKIX, HACKIX, SCIVOLIX. EROI: TRACCIX, ROBOTIX81, PREPOSTIX, PRIVACIX. NEGATIVE: nessun marchio LEGO reale, nessun personaggio protetto (Asterix ecc.), niente gore/horror, niente claim assoluti ('rischio zero','garantito','zero multe').","In Servizi alle imprese non e' 'se' arriva il controllo, e' 'quando'. Sei pronto?","La differenza tra chi in Servizi alle imprese dorme sereno e chi trema al controllo

In servizi alle imprese gli adempimenti obbligatori non aspettano: Emergenze/Incendio, Ruolo/RLS, DPI, Ruolo/RSPP, Nomine, Formazione, Documento, Registro, Data breach, Emergenze/Soccorso. In questa pagina TALES OF SICURIX il PERICOLO prende forma... e il METODO81+ lo rimette in ordine, passo dopo passo. Immagina la scena: prima il caos, poi la checklist che sistema tutto. La regola c'e' gia': tu falla lavorare per te.
👉 Iscriviti al corso: Corso antincendio livello 1 -> https://81plus.net/?corso=corso-antincendio-livello-1
▶️ YouTube: youtube.com/@sicurissimo
Contenuto informativo. Prima vedi. Poi sistemi. 81plus.net",Corso antincendio livello 1,https://81plus.net/?corso=corso-antincendio-livello-1,#TalesOfSicurix #SICURIX #Metodo81 #81plus #Sicurissimo #Sicurezza #Privacy #SicurezzaSulLavoro,SICURIX_TALES_701000_7_4_8_5_11_12_0_10_13_6.webp,https://drive.google.com/drive/folders/1hICKXdl9JTZBL1pemG19oE_661z-EH_k,IMG_ERR
47.69.11,Commercio,G,Sicurezza+HACCP+Privacy,10,Addetto Primo Soccorso | Corso Alimentarista | Documento Valutazione Rischi (DVR) | Manuale HACCP di Autocontrollo | Lotta agli Infestanti (Pest Control) | Formazione GDPR | Nomina Incaricati/Responsabili | Formazione Preposto | Formazione Generale Lavoratori | Formazione Specifica (rischio medio),DM 388/2003 | Reg.CE 852/2004 | D.Lgs81/08 art.28 | GDPR art.32 | GDPR art.28-29 | D.Lgs81/08 art.37 | Accordo Stato-Regioni,"SICURIX>SEGNALEX, SCUDIX>RISKIX, BLINKIX>SOTTOVALUTIX, DOCUMIX>MULTIX, FORMIX>ACQUAIX, CHECKIX>OBLIVIX, DOCUMIX>PHISHIX, CHEFIX>OBLIVIX, SICURIX>MULTIX, SICURIX>BIOXIX","Crea una PAGINA A FUMETTI a STORIA COMPLETA, verticale A4 (1024x1536), QUALITA' EDITORIALE DA STAMPA, stile ufficiale 'SICURIX TALES' IDENTICO alle immagini di riferimento allegate (stessi personaggi a mattoncini 3D, stessa impaginazione, stessi colori, stesse rese): minifigure espressive, ambientazioni ricche e dettagliate del settore, luci morbide, profondita', bordi vignetta netti. IMPAGINAZIONE OBBLIGATORIA: da 10 a 12 VIGNETTE numerate che raccontano UNA STORIA con arco narrativo completo (1 situazione normale -> 2-4 arrivano i pericoli coi cattivi -> 5-6 tensione/conseguenza -> 7-9 arriva SICURIX con gli eroi e applica il METODO81+ passo per passo -> 10-11 risoluzione ordinata -> 12 finale). HEADER in alto: SICURIX (mantello, medaglione arancione '81+', bussola) che presenta in un fumetto; grande titolo 'SICURIX TALES'; sottotitolo 'COMMERCIO: Pericolo vs Soluzione con Metodo 81+'; legenda 3 voci (verde Sicurezza, rosso Rischio, blu 81+ Soluzione); fila di EROI coi nomi: SICURIX, SCUDIX, BLINKIX, DOCUMIX, FORMIX, CHECKIX. FOOTER in basso: grande 'Prima vedi. Poi sistemi.'; banner scudo verde 'PROTEGGIAMO. PREVENIAMO. MIGLIORIAMO.' e triangolo rosso 'DISATTENZIONE. RISCHI. COSTI. CAOS.'; logo '81+' + '81plus.net'. TRAMA (usa questi eventi come vignette; se sono meno di 10 aggiungi vignette di contesto, dialogo e reazione per arrivare a 10-12): 1) SEGNALEX causa il pericolo 'Emergenze/Soccorso' (Addetto Primo Soccorso); poi SICURIX+SICURIX applicano il METODO81+; 2) RISKIX causa il pericolo 'Corso' (Corso Alimentarista); poi SCUDIX+SICURIX applicano il METODO81+; 3) SOTTOVALUTIX causa il pericolo 'Documento' (Documento Valutazione Rischi (DVR)); poi BLINKIX+SICURIX applicano il METODO81+; 4) MULTIX causa il pericolo 'Documento' (Manuale HACCP di Autocontrollo); poi DOCUMIX+SICURIX applicano il METODO81+; 5) ACQUAIX causa il pericolo 'Infestanti' (Lotta agli Infestanti (Pest Control)); poi FORMIX+SICURIX applicano il METODO81+; 6) OBLIVIX causa il pericolo 'Formazione' (Formazione GDPR); poi CHECKIX+SICURIX applicano il METODO81+; 7) PHISHIX causa il pericolo 'Nomine' (Nomina Incaricati/Responsabili); poi DOCUMIX+SICURIX applicano il METODO81+; 8) OBLIVIX causa il pericolo 'Ruolo/Preposto' (Formazione Preposto); poi CHEFIX+SICURIX applicano il METODO81+; 9) MULTIX causa il pericolo 'Formazione base' (Formazione Generale Lavoratori); poi SICURIX+SICURIX applicano il METODO81+; 10) BIOXIX causa il pericolo 'Formazione specifica' (Formazione Specifica (rischio medio)); poi SICURIX+SICURIX applicano il METODO81+. PALETTE BRAND ESCLUSIVA: nero #05050A, bianco panna, arancione #FF6A1A/#E8501A; ROSSO solo per 'PERICOLO', VERDE per la checklist 'Metodo 81+'. Logo '81+' ben visibile in OGNI vignetta. REGOLA STORIA: SICURIX NON agisce mai da solo - in OGNI vignetta di soluzione si fa AIUTARE dai suoi colleghi EROI (lavoro di squadra, ognuno col suo ruolo). TESTO: didascalie e fumetti MOLTO BREVI (1-4 parole), GRANDI, centrati, in ITALIANO con ORTOGRAFIA PERFETTA, senza parole inventate, lettere doppie errate o testo tagliato. CATTIVI (coerenti col canone): SEGNALEX, RISKIX, SOTTOVALUTIX, MULTIX, ACQUAIX, OBLIVIX, PHISHIX, BIOXIX. EROI: SICURIX, SCUDIX, BLINKIX, DOCUMIX, FORMIX, CHECKIX, CHEFIX. NEGATIVE: nessun marchio LEGO reale, nessun personaggio protetto (Asterix ecc.), niente gore/horror, niente claim assoluti ('rischio zero','garantito','zero multe').",Quello che l'ispettore controlla per primo in Commercio (e quasi nessuno lo sa),"Quello che l'ispettore controlla per primo in Commercio (e quasi nessuno lo sa)

In commercio gli adempimenti obbligatori non aspettano: Emergenze/Soccorso, Corso, Documento, Infestanti, Formazione, Nomine, Ruolo/Preposto, Formazione base, Formazione specifica. In questa pagina TALES OF SICURIX il PERICOLO prende forma... e il METODO81+ lo rimette in ordine, passo dopo passo. Immagina la scena: prima il caos, poi la checklist che sistema tutto. Mettere ordine ora costa poco. Rimediare dopo costa caro.
👉 Iscriviti al corso: Corso Primo Soccorso (A-B-C) -> https://81plus.net/?corso=corso-primo-soccorso-a-b-c
▶️ YouTube: youtube.com/@sicurissimo
Contenuto informativo. Prima vedi. Poi sistemi. 81plus.net",Corso Primo Soccorso (A-B-C),https://81plus.net/?corso=corso-primo-soccorso-a-b-c,#TalesOfSicurix #SICURIX #Metodo81 #81plus #Sicurissimo #Sicurezza #HACCP #Privacy #SicurezzaSulLavoro,SICURIX_TALES_476911_6_13_0_12_17_22_21_3_1_2.webp,https://drive.google.com/drive/folders/1hICKXdl9JTZBL1pemG19oE_661z-EH_k,IMG_ERR
93.11.90,Altri servizi,S,Sicurezza+HACCP+Privacy,10,Uso e Formazione DPI | Rintracciabilita ed Etichettatura | Documento Valutazione Rischi (DVR) | Lotta agli Infestanti (Pest Control) | Sorveglianza Sanitaria / Medico Competente | Addetto Primo Soccorso | Formazione Generale Lavoratori | Informativa e Consensi | RSPP / Datore di Lavoro RSPP | Corso Alimentarista,D.Lgs81/08 art.77 | Reg.CE 178/2002 | D.Lgs81/08 art.28 | Reg.CE 852/2004 | D.Lgs81/08 art.41 | DM 388/2003 | Accordo Stato-Regioni | GDPR art.13 | D.Lgs81/08 art.34,"PREPOSTIX>SEGNALEX, ROBOTIX81>CROSSIX, FORMIX>BIOXIX, DOCUMIX>IMPROVVISIX, HYGIENIX>ØTIX, PRIVACIX>OBLIVIX, LUXPECTORIX>RISKIX, FORMIX>SPYIX, PREPOSTIX>BIOXIX, FORMIX>ACQUAIX","Crea una PAGINA A FUMETTI a STORIA COMPLETA, verticale A4 (1024x1536), QUALITA' EDITORIALE DA STAMPA, stile ufficiale 'SICURIX TALES' IDENTICO alle immagini di riferimento allegate (stessi personaggi a mattoncini 3D, stessa impaginazione, stessi colori, stesse rese): minifigure espressive, ambientazioni ricche e dettagliate del settore, luci morbide, profondita', bordi vignetta netti. IMPAGINAZIONE OBBLIGATORIA: da 10 a 12 VIGNETTE numerate che raccontano UNA STORIA con arco narrativo completo (1 situazione normale -> 2-4 arrivano i pericoli coi cattivi -> 5-6 tensione/conseguenza -> 7-9 arriva SICURIX con gli eroi e applica il METODO81+ passo per passo -> 10-11 risoluzione ordinata -> 12 finale). HEADER in alto: SICURIX (mantello, medaglione arancione '81+', bussola) che presenta in un fumetto; grande titolo 'SICURIX TALES'; sottotitolo 'ALTRI SERVIZI: Pericolo vs Soluzione con Metodo 81+'; legenda 3 voci (verde Sicurezza, rosso Rischio, blu 81+ Soluzione); fila di EROI coi nomi: PREPOSTIX, ROBOTIX81, FORMIX, DOCUMIX, HYGIENIX, PRIVACIX. FOOTER in basso: grande 'Prima vedi. Poi sistemi.'; banner scudo verde 'PROTEGGIAMO. PREVENIAMO. MIGLIORIAMO.' e triangolo rosso 'DISATTENZIONE. RISCHI. COSTI. CAOS.'; logo '81+' + '81plus.net'. TRAMA (usa questi eventi come vignette; se sono meno di 10 aggiungi vignette di contesto, dialogo e reazione per arrivare a 10-12): 1) SEGNALEX causa il pericolo 'DPI' (Uso e Formazione DPI); poi PREPOSTIX+SICURIX applicano il METODO81+; 2) CROSSIX causa il pericolo 'Rintracciabilita' (Rintracciabilita ed Etichettatura); poi ROBOTIX81+SICURIX applicano il METODO81+; 3) BIOXIX causa il pericolo 'Documento' (Documento Valutazione Rischi (DVR)); poi FORMIX+SICURIX applicano il METODO81+; 4) IMPROVVISIX causa il pericolo 'Infestanti' (Lotta agli Infestanti (Pest Control)); poi DOCUMIX+SICURIX applicano il METODO81+; 5) ØTIX causa il pericolo 'Sorveglianza sanitaria' (Sorveglianza Sanitaria / Medico Competente); poi HYGIENIX+SICURIX applicano il METODO81+; 6) OBLIVIX causa il pericolo 'Emergenze/Soccorso' (Addetto Primo Soccorso); poi PRIVACIX+SICURIX applicano il METODO81+; 7) RISKIX causa il pericolo 'Formazione base' (Formazione Generale Lavoratori); poi LUXPECTORIX+SICURIX applicano il METODO81+; 8) SPYIX causa il pericolo 'Documento' (Informativa e Consensi); poi FORMIX+SICURIX applicano il METODO81+; 9) BIOXIX causa il pericolo 'Ruolo/RSPP' (RSPP / Datore di Lavoro RSPP); poi PREPOSTIX+SICURIX applicano il METODO81+; 10) ACQUAIX causa il pericolo 'Corso' (Corso Alimentarista); poi FORMIX+SICURIX applicano il METODO81+. PALETTE BRAND ESCLUSIVA: nero #05050A, bianco panna, arancione #FF6A1A/#E8501A; ROSSO solo per 'PERICOLO', VERDE per la checklist 'Metodo 81+'. Logo '81+' ben visibile in OGNI vignetta. REGOLA STORIA: SICURIX NON agisce mai da solo - in OGNI vignetta di soluzione si fa AIUTARE dai suoi colleghi EROI (lavoro di squadra, ognuno col suo ruolo). TESTO: didascalie e fumetti MOLTO BREVI (1-4 parole), GRANDI, centrati, in ITALIANO con ORTOGRAFIA PERFETTA, senza parole inventate, lettere doppie errate o testo tagliato. CATTIVI (coerenti col canone): SEGNALEX, CROSSIX, BIOXIX, IMPROVVISIX, ØTIX, OBLIVIX, RISKIX, SPYIX, ACQUAIX. EROI: PREPOSTIX, ROBOTIX81, FORMIX, DOCUMIX, HYGIENIX, PRIVACIX, LUXPECTORIX. NEGATIVE: nessun marchio LEGO reale, nessun personaggio protetto (Asterix ecc.), niente gore/horror, niente claim assoluti ('rischio zero','garantito','zero multe').",Altri servizi: 3 minuti oggi o un problema enorme domani. Scegli tu.,"In Altri servizi non e' 'se' arriva il controllo, e' 'quando'. Sei pronto?

In altri servizi gli adempimenti obbligatori non aspettano: DPI, Rintracciabilita, Documento, Infestanti, Sorveglianza sanitaria, Emergenze/Soccorso, Formazione base, Ruolo/RSPP, Corso. In questa pagina TALES OF SICURIX il PERICOLO prende forma... e il METODO81+ lo rimette in ordine, passo dopo passo. Immagina la scena: prima il caos, poi la checklist che sistema tutto. Non e' burocrazia: e' la tua tranquillita.
👉 Iscriviti al corso: Corso Lavori in Quota e DPI Anticaduta -> https://81plus.net/?corso=corso-lavori-in-quota-e-dpi-anticaduta
▶️ YouTube: youtube.com/@sicurissimo
Contenuto informativo. Prima vedi. Poi sistemi. 81plus.net",Corso Lavori in Quota e DPI Anticaduta,https://81plus.net/?corso=corso-lavori-in-quota-e-dpi-anticaduta,#TalesOfSicurix #SICURIX #Metodo81 #81plus #Sicurissimo #Sicurezza #HACCP #Privacy #SicurezzaSulLavoro,SICURIX_TALES_931190_8_15_0_17_9_6_1_19_5_13.webp,https://drive.google.com/drive/folders/1hICKXdl9JTZBL1pemG19oE_661z-EH_k,IMG_ERR
03.21.09,Agricoltura,A,Sicurezza+HACCP+Privacy,10,Formazione Preposto | Addetto Primo Soccorso | RSPP / Datore di Lavoro RSPP | Piano di Sanificazione | Uso e Formazione DPI | Procedura Data Breach | Rintracciabilita ed Etichettatura | Nomina Incaricati/Responsabili | Controllo Temperature e Celle | Addetto Antincendio,D.Lgs81/08 art.37 | DM 388/2003 | D.Lgs81/08 art.34 | Reg.CE 852/2004 | D.Lgs81/08 art.77 | GDPR art.33-34 | Reg.CE 178/2002 | GDPR art.28-29 | DM 2/9/2021,"HYGIENIX>SEGNALEX, PREPOSTIX>CADUTIX, TRACCIX>SCHIACCIX, CONSENSIX>RISKIX, TRACCIX>RUMORIX, PRIVACIX>FRETTIX, SCUDIX>IMPROVVISIX, SICURIX>HACKIX, CIFRIX>SPORCKIX, LUXPECTORIX>FUMIX","Crea una PAGINA A FUMETTI a STORIA COMPLETA, verticale A4 (1024x1536), QUALITA' EDITORIALE DA STAMPA, stile ufficiale 'SICURIX TALES' IDENTICO alle immagini di riferimento allegate (stessi personaggi a mattoncini 3D, stessa impaginazione, stessi colori, stesse rese): minifigure espressive, ambientazioni ricche e dettagliate del settore, luci morbide, profondita', bordi vignetta netti. IMPAGINAZIONE OBBLIGATORIA: da 10 a 12 VIGNETTE numerate che raccontano UNA STORIA con arco narrativo completo (1 situazione normale -> 2-4 arrivano i pericoli coi cattivi -> 5-6 tensione/conseguenza -> 7-9 arriva SICURIX con gli eroi e applica il METODO81+ passo per passo -> 10-11 risoluzione ordinata -> 12 finale). HEADER in alto: SICURIX (mantello, medaglione arancione '81+', bussola) che presenta in un fumetto; grande titolo 'SICURIX TALES'; sottotitolo 'AGRICOLTURA: Pericolo vs Soluzione con Metodo 81+'; legenda 3 voci (verde Sicurezza, rosso Rischio, blu 81+ Soluzione); fila di EROI coi nomi: HYGIENIX, PREPOSTIX, TRACCIX, CONSENSIX, PRIVACIX, SCUDIX. FOOTER in basso: grande 'Prima vedi. Poi sistemi.'; banner scudo verde 'PROTEGGIAMO. PREVENIAMO. MIGLIORIAMO.' e triangolo rosso 'DISATTENZIONE. RISCHI. COSTI. CAOS.'; logo '81+' + '81plus.net'. TRAMA (usa questi eventi come vignette; se sono meno di 10 aggiungi vignette di contesto, dialogo e reazione per arrivare a 10-12): 1) SEGNALEX causa il pericolo 'Ruolo/Preposto' (Formazione Preposto); poi HYGIENIX+SICURIX applicano il METODO81+; 2) CADUTIX causa il pericolo 'Emergenze/Soccorso' (Addetto Primo Soccorso); poi PREPOSTIX+SICURIX applicano il METODO81+; 3) SCHIACCIX causa il pericolo 'Ruolo/RSPP' (RSPP / Datore di Lavoro RSPP); poi TRACCIX+SICURIX applicano il METODO81+; 4) RISKIX causa il pericolo 'Sanificazione' (Piano di Sanificazione); poi CONSENSIX+SICURIX applicano il METODO81+; 5) RUMORIX causa il pericolo 'DPI' (Uso e Formazione DPI); poi TRACCIX+SICURIX applicano il METODO81+; 6) FRETTIX causa il pericolo 'Data breach' (Procedura Data Breach); poi PRIVACIX+SICURIX applicano il METODO81+; 7) IMPROVVISIX causa il pericolo 'Rintracciabilita' (Rintracciabilita ed Etichettatura); poi SCUDIX+SICURIX applicano il METODO81+; 8) HACKIX causa il pericolo 'Nomine' (Nomina Incaricati/Responsabili); poi SICURIX+SICURIX applicano il METODO81+; 9) SPORCKIX causa il pericolo 'Temperature' (Controllo Temperature e Celle); poi CIFRIX+SICURIX applicano il METODO81+; 10) FUMIX causa il pericolo 'Emergenze/Incendio' (Addetto Antincendio); poi LUXPECTORIX+SICURIX applicano il METODO81+. PALETTE BRAND ESCLUSIVA: nero #05050A, bianco panna, arancione #FF6A1A/#E8501A; ROSSO solo per 'PERICOLO', VERDE per la checklist 'Metodo 81+'. Logo '81+' ben visibile in OGNI vignetta. REGOLA STORIA: SICURIX NON agisce mai da solo - in OGNI vignetta di soluzione si fa AIUTARE dai suoi colleghi EROI (lavoro di squadra, ognuno col suo ruolo). TESTO: didascalie e fumetti MOLTO BREVI (1-4 parole), GRANDI, centrati, in ITALIANO con ORTOGRAFIA PERFETTA, senza parole inventate, lettere doppie errate o testo tagliato. CATTIVI (coerenti col canone): SEGNALEX, CADUTIX, SCHIACCIX, RISKIX, RUMORIX, FRETTIX, IMPROVVISIX, HACKIX, SPORCKIX, FUMIX. EROI: HYGIENIX, PREPOSTIX, TRACCIX, CONSENSIX, PRIVACIX, SCUDIX, SICURIX, CIFRIX, LUXPECTORIX. NEGATIVE: nessun marchio LEGO reale, nessun personaggio protetto (Asterix ecc.), niente gore/horror, niente claim assoluti ('rischio zero','garantito','zero multe').",La differenza tra chi in Agricoltura dorme sereno e chi trema al controllo,"Quello che l'ispettore controlla per primo in Agricoltura (e quasi nessuno lo sa)

In agricoltura gli adempimenti obbligatori non aspettano: Ruolo/Preposto, Emergenze/Soccorso, Ruolo/RSPP, Sanificazione, DPI, Data breach, Rintracciabilita, Nomine, Temperature, Emergenze/Incendio. In questa pagina TALES OF SICURIX il PERICOLO prende forma... e il METODO81+ lo rimette in ordine, passo dopo passo. Immagina la scena: prima il caos, poi la checklist che sistema tutto. Chi si mette in regola prima, dorme meglio dopo.
👉 Iscriviti al corso: Corso per Preposto -> https://81plus.net/?corso=corso-per-preposto
▶️ YouTube: youtube.com/@sicurissimo
Contenuto informativo. Prima vedi. Poi sistemi. 81plus.net",Corso per Preposto,https://81plus.net/?corso=corso-per-preposto,#TalesOfSicurix #SICURIX #Metodo81 #81plus #Sicurissimo #Sicurezza #HACCP #Privacy #SicurezzaSulLavoro,SICURIX_TALES_032109_3_6_5_16_8_25_17_23_18_7.webp,https://drive.google.com/drive/folders/1hICKXdl9JTZBL1pemG19oE_661z-EH_k,IMG_ERR
46.73.10,Commercio,G,Sicurezza+Privacy+HACCP,11,Movimentazione Manuale Carichi | Uso e Formazione DPI | Rappresentante Lavoratori Sicurezza (RLS) | Stress Lavoro-Correlato | Formazione GDPR | Registro dei Trattamenti | Sorveglianza Sanitaria / Medico Competente | Lotta agli Infestanti (Pest Control) | Controllo Temperature e Celle | Gestione Allergeni | Rintracciabilita ed Etichettatura,D.Lgs81/08 Tit.VI | D.Lgs81/08 art.77 | D.Lgs81/08 art.47 | D.Lgs81/08 art.28 | GDPR art.32 | GDPR art.30 | D.Lgs81/08 art.41 | Reg.CE 852/2004 | Reg.UE 1169/2011 | Reg.CE 178/2002,"CHEFIX>CADUTIX, FORMIX>SCIVOLIX, BLINKIX>SCIVOLIX, LUXPECTORIX>CAOSIX, SCUDIX>CAOSIX, PREPOSTIX>IMPROVVISIX, CONSENSIX>IMPROVVISIX, CIFRIX>MESCOLIX, BLINKIX>SPORCKIX, PRIVACIX>CROSSIX, PREPOSTIX>DOSAGIX","Crea una PAGINA A FUMETTI a STORIA COMPLETA, verticale A4 (1024x1536), QUALITA' EDITORIALE DA STAMPA, stile ufficiale 'SICURIX TALES' IDENTICO alle immagini di riferimento allegate (stessi personaggi a mattoncini 3D, stessa impaginazione, stessi colori, stesse rese): minifigure espressive, ambientazioni ricche e dettagliate del settore, luci morbide, profondita', bordi vignetta netti. IMPAGINAZIONE OBBLIGATORIA: da 10 a 12 VIGNETTE numerate che raccontano UNA STORIA con arco narrativo completo (1 situazione normale -> 2-4 arrivano i pericoli coi cattivi -> 5-6 tensione/conseguenza -> 7-9 arriva SICURIX con gli eroi e applica il METODO81+ passo per passo -> 10-11 risoluzione ordinata -> 12 finale). HEADER in alto: SICURIX (mantello, medaglione arancione '81+', bussola) che presenta in un fumetto; grande titolo 'SICURIX TALES'; sottotitolo 'COMMERCIO: Pericolo vs Soluzione con Metodo 81+'; legenda 3 voci (verde Sicurezza, rosso Rischio, blu 81+ Soluzione); fila di EROI coi nomi: CHEFIX, FORMIX, BLINKIX, LUXPECTORIX, SCUDIX, PREPOSTIX. FOOTER in basso: grande 'Prima vedi. Poi sistemi.'; banner scudo verde 'PROTEGGIAMO. PREVENIAMO. MIGLIORIAMO.' e triangolo rosso 'DISATTENZIONE. RISCHI. COSTI. CAOS.'; logo '81+' + '81plus.net'. TRAMA (usa questi eventi come vignette; se sono meno di 10 aggiungi vignette di contesto, dialogo e reazione per arrivare a 10-12): 1) CADUTIX causa il pericolo 'MMC' (Movimentazione Manuale Carichi); poi CHEFIX+SICURIX applicano il METODO81+; 2) SCIVOLIX causa il pericolo 'DPI' (Uso e Formazione DPI); poi FORMIX+SICURIX applicano il METODO81+; 3) SCIVOLIX causa il pericolo 'Ruolo/RLS' (Rappresentante Lavoratori Sicurezza (RLS)); poi BLINKIX+SICURIX applicano il METODO81+; 4) CAOSIX causa il pericolo 'Stress' (Stress Lavoro-Correlato); poi LUXPECTORIX+SICURIX applicano il METODO81+; 5) CAOSIX causa il pericolo 'Formazione' (Formazione GDPR); poi SCUDIX+SICURIX applicano il METODO81+; 6) IMPROVVISIX causa il pericolo 'Registro' (Registro dei Trattamenti); poi PREPOSTIX+SICURIX applicano il METODO81+; 7) IMPROVVISIX causa il pericolo 'Sorveglianza sanitaria' (Sorveglianza Sanitaria / Medico Competente); poi CONSENSIX+SICURIX applicano il METODO81+; 8) MESCOLIX causa il pericolo 'Infestanti' (Lotta agli Infestanti (Pest Control)); poi CIFRIX+SICURIX applicano il METODO81+; 9) SPORCKIX causa il pericolo 'Temperature' (Controllo Temperature e Celle); poi BLINKIX+SICURIX applicano il METODO81+; 10) CROSSIX causa il pericolo 'Allergeni' (Gestione Allergeni); poi PRIVACIX+SICURIX applicano il METODO81+; 11) DOSAGIX causa il pericolo 'Rintracciabilita' (Rintracciabilita ed Etichettatura); poi PREPOSTIX+SICURIX applicano il METODO81+. PALETTE BRAND ESCLUSIVA: nero #05050A, bianco panna, arancione #FF6A1A/#E8501A; ROSSO solo per 'PERICOLO', VERDE per la checklist 'Metodo 81+'. Logo '81+' ben visibile in OGNI vignetta. REGOLA STORIA: SICURIX NON agisce mai da solo - in OGNI vignetta di soluzione si fa AIUTARE dai suoi colleghi EROI (lavoro di squadra, ognuno col suo ruolo). TESTO: didascalie e fumetti MOLTO BREVI (1-4 parole), GRANDI, centrati, in ITALIANO con ORTOGRAFIA PERFETTA, senza parole inventate, lettere doppie errate o testo tagliato. CATTIVI (coerenti col canone): CADUTIX, SCIVOLIX, CAOSIX, IMPROVVISIX, MESCOLIX, SPORCKIX, CROSSIX, DOSAGIX. EROI: CHEFIX, FORMIX, BLINKIX, LUXPECTORIX, SCUDIX, PREPOSTIX, CONSENSIX, CIFRIX, PRIVACIX. NEGATIVE: nessun marchio LEGO reale, nessun personaggio protetto (Asterix ecc.), niente gore/horror, niente claim assoluti ('rischio zero','garantito','zero multe').",La differenza tra chi in Commercio dorme sereno e chi trema al controllo,"La differenza tra chi in Commercio dorme sereno e chi trema al controllo

In commercio gli adempimenti obbligatori non aspettano: MMC, DPI, Ruolo/RLS, Stress, Formazione, Registro, Sorveglianza sanitaria, Infestanti, Temperature, Allergeni, Rintracciabilita. In questa pagina TALES OF SICURIX il PERICOLO prende forma... e il METODO81+ lo rimette in ordine, passo dopo passo. Immagina la scena: prima il caos, poi la checklist che sistema tutto. La regola c'e' gia': tu falla lavorare per te.
👉 Iscriviti al corso: Corso RSPP Datore di Lavoro : Movimentazione manuale carichi -> https://81plus.net/?corso=corso-rspp-datore-di-lavoro-movimentazione-manuale-carichi
▶️ YouTube: youtube.com/@sicurissimo
Contenuto informativo. Prima vedi. Poi sistemi. 81plus.net",Corso RSPP Datore di Lavoro : Movimentazione manuale carichi,https://81plus.net/?corso=corso-rspp-datore-di-lavoro-movimentazione-manuale-carichi,#TalesOfSicurix #SICURIX #Metodo81 #81plus #Sicurissimo #Sicurezza #Privacy #HACCP #SicurezzaSulLavoro,SICURIX_TALES_467310_10_8_4_11_22_20_9_17_16_18_15.webp,https://drive.google.com/drive/folders/1hICKXdl9JTZBL1pemG19oE_661z-EH_k,IMG_ERR
81.22.09,PA,O,Sicurezza+Privacy,11,Formazione Specifica (rischio medio) | Documento Valutazione Rischi (DVR) | Nomina Incaricati/Responsabili | Movimentazione Manuale Carichi | Informativa e Consensi | Formazione Generale Lavoratori | RSPP / Datore di Lavoro RSPP | Procedura Data Breach | Addetto Primo Soccorso | Uso e Formazione DPI | Formazione GDPR,Accordo Stato-Regioni | D.Lgs81/08 art.28 | GDPR art.28-29 | D.Lgs81/08 Tit.VI | GDPR art.13 | D.Lgs81/08 art.34 | GDPR art.33-34 | DM 388/2003 | D.Lgs81/08 art.77 | GDPR art.32,"FORMIX>VIBRIX, CHECKIX>OBLIVIX, DOCUMIX>SPYIX, PRIVACIX>NONDPIX, CHECKIX>IMPROVVISIX, LUXPECTORIX>SCHIACCIX, CONSENSIX>SCHIACCIX, SICURIX>OBLIVIX, TRACCIX>OBLIVIX, FORMIX>SEGNALEX, CHECKIX>MULTIX","Crea una PAGINA A FUMETTI a STORIA COMPLETA, verticale A4 (1024x1536), QUALITA' EDITORIALE DA STAMPA, stile ufficiale 'SICURIX TALES' IDENTICO alle immagini di riferimento allegate (stessi personaggi a mattoncini 3D, stessa impaginazione, stessi colori, stesse rese): minifigure espressive, ambientazioni ricche e dettagliate del settore, luci morbide, profondita', bordi vignetta netti. IMPAGINAZIONE OBBLIGATORIA: da 10 a 12 VIGNETTE numerate che raccontano UNA STORIA con arco narrativo completo (1 situazione normale -> 2-4 arrivano i pericoli coi cattivi -> 5-6 tensione/conseguenza -> 7-9 arriva SICURIX con gli eroi e applica il METODO81+ passo per passo -> 10-11 risoluzione ordinata -> 12 finale). HEADER in alto: SICURIX (mantello, medaglione arancione '81+', bussola) che presenta in un fumetto; grande titolo 'SICURIX TALES'; sottotitolo 'PA: Pericolo vs Soluzione con Metodo 81+'; legenda 3 voci (verde Sicurezza, rosso Rischio, blu 81+ Soluzione); fila di EROI coi nomi: FORMIX, CHECKIX, DOCUMIX, PRIVACIX, LUXPECTORIX, CONSENSIX. FOOTER in basso: grande 'Prima vedi. Poi sistemi.'; banner scudo verde 'PROTEGGIAMO. PREVENIAMO. MIGLIORIAMO.' e triangolo rosso 'DISATTENZIONE. RISCHI. COSTI. CAOS.'; logo '81+' + '81plus.net'. TRAMA (usa questi eventi come vignette; se sono meno di 10 aggiungi vignette di contesto, dialogo e reazione per arrivare a 10-12): 1) VIBRIX causa il pericolo 'Formazione specifica' (Formazione Specifica (rischio medio)); poi FORMIX+SICURIX applicano il METODO81+; 2) OBLIVIX causa il pericolo 'Documento' (Documento Valutazione Rischi (DVR)); poi CHECKIX+SICURIX applicano il METODO81+; 3) SPYIX causa il pericolo 'Nomine' (Nomina Incaricati/Responsabili); poi DOCUMIX+SICURIX applicano il METODO81+; 4) NONDPIX causa il pericolo 'MMC' (Movimentazione Manuale Carichi); poi PRIVACIX+SICURIX applicano il METODO81+; 5) IMPROVVISIX causa il pericolo 'Documento' (Informativa e Consensi); poi CHECKIX+SICURIX applicano il METODO81+; 6) SCHIACCIX causa il pericolo 'Formazione base' (Formazione Generale Lavoratori); poi LUXPECTORIX+SICURIX applicano il METODO81+; 7) SCHIACCIX causa il pericolo 'Ruolo/RSPP' (RSPP / Datore di Lavoro RSPP); poi CONSENSIX+SICURIX applicano il METODO81+; 8) OBLIVIX causa il pericolo 'Data breach' (Procedura Data Breach); poi SICURIX+SICURIX applicano il METODO81+; 9) OBLIVIX causa il pericolo 'Emergenze/Soccorso' (Addetto Primo Soccorso); poi TRACCIX+SICURIX applicano il METODO81+; 10) SEGNALEX causa il pericolo 'DPI' (Uso e Formazione DPI); poi FORMIX+SICURIX applicano il METODO81+; 11) MULTIX causa il pericolo 'Formazione' (Formazione GDPR); poi CHECKIX+SICURIX applicano il METODO81+. PALETTE BRAND ESCLUSIVA: nero #05050A, bianco panna, arancione #FF6A1A/#E8501A; ROSSO solo per 'PERICOLO', VERDE per la checklist 'Metodo 81+'. Logo '81+' ben visibile in OGNI vignetta. REGOLA STORIA: SICURIX NON agisce mai da solo - in OGNI vignetta di soluzione si fa AIUTARE dai suoi colleghi EROI (lavoro di squadra, ognuno col suo ruolo). TESTO: didascalie e fumetti MOLTO BREVI (1-4 parole), GRANDI, centrati, in ITALIANO con ORTOGRAFIA PERFETTA, senza parole inventate, lettere doppie errate o testo tagliato. CATTIVI (coerenti col canone): VIBRIX, OBLIVIX, SPYIX, NONDPIX, IMPROVVISIX, SCHIACCIX, SEGNALEX, MULTIX. EROI: FORMIX, CHECKIX, DOCUMIX, PRIVACIX, LUXPECTORIX, CONSENSIX, SICURIX, TRACCIX. NEGATIVE: nessun marchio LEGO reale, nessun personaggio protetto (Asterix ecc.), niente gore/horror, niente claim assoluti ('rischio zero','garantito','zero multe').",La differenza tra chi in PA dorme sereno e chi trema al controllo,"PA: 3 minuti oggi o un problema enorme domani. Scegli tu.

In pa gli adempimenti obbligatori non aspettano: Formazione specifica, Documento, Nomine, MMC, Formazione base, Ruolo/RSPP, Data breach, Emergenze/Soccorso, DPI, Formazione. In questa pagina TALES OF SICURIX il PERICOLO prende forma... e il METODO81+ lo rimette in ordine, passo dopo passo. Immagina la scena: prima il caos, poi la checklist che sistema tutto. Chi si mette in regola prima, dorme meglio dopo.
👉 Iscriviti al corso: Corso lavoratore parte GENERALE 4 ore -> https://81plus.net/?corso=corso-lavoratore-parte-generale-4-ore
▶️ YouTube: youtube.com/@sicurissimo
Contenuto informativo. Prima vedi. Poi sistemi. 81plus.net",Corso lavoratore parte GENERALE 4 ore,https://81plus.net/?corso=corso-lavoratore-parte-generale-4-ore,#TalesOfSicurix #SICURIX #Metodo81 #81plus #Sicurissimo #Sicurezza #Privacy #SicurezzaSulLavoro,SICURIX_TALES_812209_2_0_14_10_12_1_5_16_6_8_15.webp,https://drive.google.com/drive/folders/1hICKXdl9JTZBL1pemG19oE_661z-EH_k,IMG_ERR
46.44.40,Commercio,G,HACCP+Sicurezza+Privacy,11,Gestione Allergeni | Addetto Primo Soccorso | Uso e Formazione DPI | Manuale HACCP di Autocontrollo | Formazione Generale Lavoratori | RSPP / Datore di Lavoro RSPP | Rintracciabilita ed Etichettatura | Piano di Sanificazione | Formazione Specifica (rischio medio) | Informativa e Consensi | Addetto Antincendio,Reg.UE 1169/2011 | DM 388/2003 | D.Lgs81/08 art.77 | Reg.CE 852/2004 | Accordo Stato-Regioni | D.Lgs81/08 art.34 | Reg.CE 178/2002 | GDPR art.13 | DM 2/9/2021,"TRACCIX>SCADUTIX, BLINKIX>TAGLIX, TRACCIX>ØTIX, BLINKIX>MESCOLIX, CONSENSIX>SCIVOLIX, CONSENSIX>FUMIX, FORMIX>ACQUAIX, SICURIX>CROSSIX, CHEFIX>FRETTIX, HYGIENIX>LEAKIX, SICURIX>MULTIX","Crea una PAGINA A FUMETTI a STORIA COMPLETA, verticale A4 (1024x1536), QUALITA' EDITORIALE DA STAMPA, stile ufficiale 'SICURIX TALES' IDENTICO alle immagini di riferimento allegate (stessi personaggi a mattoncini 3D, stessa impaginazione, stessi colori, stesse rese): minifigure espressive, ambientazioni ricche e dettagliate del settore, luci morbide, profondita', bordi vignetta netti. IMPAGINAZIONE OBBLIGATORIA: da 10 a 12 VIGNETTE numerate che raccontano UNA STORIA con arco narrativo completo (1 situazione normale -> 2-4 arrivano i pericoli coi cattivi -> 5-6 tensione/conseguenza -> 7-9 arriva SICURIX con gli eroi e applica il METODO81+ passo per passo -> 10-11 risoluzione ordinata -> 12 finale). HEADER in alto: SICURIX (mantello, medaglione arancione '81+', bussola) che presenta in un fumetto; grande titolo 'SICURIX TALES'; sottotitolo 'COMMERCIO: Pericolo vs Soluzione con Metodo 81+'; legenda 3 voci (verde Sicurezza, rosso Rischio, blu 81+ Soluzione); fila di EROI coi nomi: TRACCIX, BLINKIX, CONSENSIX, FORMIX, SICURIX, CHEFIX. FOOTER in basso: grande 'Prima vedi. Poi sistemi.'; banner scudo verde 'PROTEGGIAMO. PREVENIAMO. MIGLIORIAMO.' e triangolo rosso 'DISATTENZIONE. RISCHI. COSTI. CAOS.'; logo '81+' + '81plus.net'. TRAMA (usa questi eventi come vignette; se sono meno di 10 aggiungi vignette di contesto, dialogo e reazione per arrivare a 10-12): 1) SCADUTIX causa il pericolo 'Allergeni' (Gestione Allergeni); poi TRACCIX+SICURIX applicano il METODO81+; 2) TAGLIX causa il pericolo 'Emergenze/Soccorso' (Addetto Primo Soccorso); poi BLINKIX+SICURIX applicano il METODO81+; 3) ØTIX causa il pericolo 'DPI' (Uso e Formazione DPI); poi TRACCIX+SICURIX applicano il METODO81+; 4) MESCOLIX causa il pericolo 'Documento' (Manuale HACCP di Autocontrollo); poi BLINKIX+SICURIX applicano il METODO81+; 5) SCIVOLIX causa il pericolo 'Formazione base' (Formazione Generale Lavoratori); poi CONSENSIX+SICURIX applicano il METODO81+; 6) FUMIX causa il pericolo 'Ruolo/RSPP' (RSPP / Datore di Lavoro RSPP); poi CONSENSIX+SICURIX applicano il METODO81+; 7) ACQUAIX causa il pericolo 'Rintracciabilita' (Rintracciabilita ed Etichettatura); poi FORMIX+SICURIX applicano il METODO81+; 8) CROSSIX causa il pericolo 'Sanificazione' (Piano di Sanificazione); poi SICURIX+SICURIX applicano il METODO81+; 9) FRETTIX causa il pericolo 'Formazione specifica' (Formazione Specifica (rischio medio)); poi CHEFIX+SICURIX applicano il METODO81+; 10) LEAKIX causa il pericolo 'Documento' (Informativa e Consensi); poi HYGIENIX+SICURIX applicano il METODO81+; 11) MULTIX causa il pericolo 'Emergenze/Incendio' (Addetto Antincendio); poi SICURIX+SICURIX applicano il METODO81+. PALETTE BRAND ESCLUSIVA: nero #05050A, bianco panna, arancione #FF6A1A/#E8501A; ROSSO solo per 'PERICOLO', VERDE per la checklist 'Metodo 81+'. Logo '81+' ben visibile in OGNI vignetta. REGOLA STORIA: SICURIX NON agisce mai da solo - in OGNI vignetta di soluzione si fa AIUTARE dai suoi colleghi EROI (lavoro di squadra, ognuno col suo ruolo). TESTO: didascalie e fumetti MOLTO BREVI (1-4 parole), GRANDI, centrati, in ITALIANO con ORTOGRAFIA PERFETTA, senza parole inventate, lettere doppie errate o testo tagliato. CATTIVI (coerenti col canone): SCADUTIX, TAGLIX, ØTIX, MESCOLIX, SCIVOLIX, FUMIX, ACQUAIX, CROSSIX, FRETTIX, LEAKIX, MULTIX. EROI: TRACCIX, BLINKIX, CONSENSIX, FORMIX, SICURIX, CHEFIX, HYGIENIX. NEGATIVE: nessun marchio LEGO reale, nessun personaggio protetto (Asterix ecc.), niente gore/horror, niente claim assoluti ('rischio zero','garantito','zero multe').",Quello che l'ispettore controlla per primo in Commercio (e quasi nessuno lo sa),"In Commercio non e' 'se' arriva il controllo, e' 'quando'. Sei pronto?

In commercio gli adempimenti obbligatori non aspettano: Allergeni, Emergenze/Soccorso, DPI, Documento, Formazione base, Ruolo/RSPP, Rintracciabilita, Sanificazione, Formazione specifica, Emergenze/Incendio. In questa pagina TALES OF SICURIX il PERICOLO prende forma... e il METODO81+ lo rimette in ordine, passo dopo passo. Immagina la scena: prima il caos, poi la checklist che sistema tutto. Chi si mette in regola prima, dorme meglio dopo.
👉 Iscriviti al corso: Haccp - Corso responsabile industria alimentare -> https://81plus.net/?corso=haccp-corso-responsabile-industria-alimentare
▶️ YouTube: youtube.com/@sicurissimo
Contenuto informativo. Prima vedi. Poi sistemi. 81plus.net",Haccp - Corso responsabile industria alimentare,https://81plus.net/?corso=haccp-corso-responsabile-industria-alimentare,#TalesOfSicurix #SICURIX #Metodo81 #81plus #Sicurissimo #HACCP #Sicurezza #Privacy #SicurezzaSulLavoro,SICURIX_TALES_464440_18_6_8_12_1_5_15_14_2_19_7.webp,https://drive.google.com/drive/folders/1hICKXdl9JTZBL1pemG19oE_661z-EH_k,IMG_ERR
17.23.09,Manifattura,C,Privacy+Sicurezza+HACCP,10,Formazione GDPR | Rischio Rumore | Attrezzature e Macchine | Nomina Incaricati/Responsabili | Registro dei Trattamenti | Movimentazione Manuale Carichi | Manuale HACCP di Autocontrollo | Formazione Generale Lavoratori | Formazione Specifica (rischio alto) | Informativa e Consensi,GDPR art.32 | D.Lgs81/08 Tit.VIII | D.Lgs81/08 Tit.III | GDPR art.28-29 | GDPR art.30 | D.Lgs81/08 Tit.VI | Reg.CE 852/2004 | Accordo Stato-Regioni | GDPR art.13,"CHEFIX>OBLIVIX, PRIVACIX>SCHIACCIX, LUXPECTORIX>NONDPIX, TRACCIX>OBLIVIX, PREPOSTIX>SPYIX, HYGIENIX>SEGNALEX, CIFRIX>DOSAGIX, DOCUMIX>VIBRIX, LUXPECTORIX>RISKIX, CONSENSIX>SPYIX","Crea una PAGINA A FUMETTI a STORIA COMPLETA, verticale A4 (1024x1536), QUALITA' EDITORIALE DA STAMPA, stile ufficiale 'SICURIX TALES' IDENTICO alle immagini di riferimento allegate (stessi personaggi a mattoncini 3D, stessa impaginazione, stessi colori, stesse rese): minifigure espressive, ambientazioni ricche e dettagliate del settore, luci morbide, profondita', bordi vignetta netti. IMPAGINAZIONE OBBLIGATORIA: da 10 a 12 VIGNETTE numerate che raccontano UNA STORIA con arco narrativo completo (1 situazione normale -> 2-4 arrivano i pericoli coi cattivi -> 5-6 tensione/conseguenza -> 7-9 arriva SICURIX con gli eroi e applica il METODO81+ passo per passo -> 10-11 risoluzione ordinata -> 12 finale). HEADER in alto: SICURIX (mantello, medaglione arancione '81+', bussola) che presenta in un fumetto; grande titolo 'SICURIX TALES'; sottotitolo 'MANIFATTURA: Pericolo vs Soluzione con Metodo 81+'; legenda 3 voci (verde Sicurezza, rosso Rischio, blu 81+ Soluzione); fila di EROI coi nomi: CHEFIX, PRIVACIX, LUXPECTORIX, TRACCIX, PREPOSTIX, HYGIENIX. FOOTER in basso: grande 'Prima vedi. Poi sistemi.'; banner scudo verde 'PROTEGGIAMO. PREVENIAMO. MIGLIORIAMO.' e triangolo rosso 'DISATTENZIONE. RISCHI. COSTI. CAOS.'; logo '81+' + '81plus.net'. TRAMA (usa questi eventi come vignette; se sono meno di 10 aggiungi vignette di contesto, dialogo e reazione per arrivare a 10-12): 1) OBLIVIX causa il pericolo 'Formazione' (Formazione GDPR); poi CHEFIX+SICURIX applicano il METODO81+; 2) SCHIACCIX causa il pericolo 'Rumore' (Rischio Rumore); poi PRIVACIX+SICURIX applicano il METODO81+; 3) NONDPIX causa il pericolo 'Attrezzature' (Attrezzature e Macchine); poi LUXPECTORIX+SICURIX applicano il METODO81+; 4) OBLIVIX causa il pericolo 'Nomine' (Nomina Incaricati/Responsabili); poi TRACCIX+SICURIX applicano il METODO81+; 5) SPYIX causa il pericolo 'Registro' (Registro dei Trattamenti); poi PREPOSTIX+SICURIX applicano il METODO81+; 6) SEGNALEX causa il pericolo 'MMC' (Movimentazione Manuale Carichi); poi HYGIENIX+SICURIX applicano il METODO81+; 7) DOSAGIX causa il pericolo 'Documento' (Manuale HACCP di Autocontrollo); poi CIFRIX+SICURIX applicano il METODO81+; 8) VIBRIX causa il pericolo 'Formazione base' (Formazione Generale Lavoratori); poi DOCUMIX+SICURIX applicano il METODO81+; 9) RISKIX causa il pericolo 'Formazione specifica' (Formazione Specifica (rischio alto)); poi LUXPECTORIX+SICURIX applicano il METODO81+; 10) SPYIX causa il pericolo 'Documento' (Informativa e Consensi); poi CONSENSIX+SICURIX applicano il METODO81+. PALETTE BRAND ESCLUSIVA: nero #05050A, bianco panna, arancione #FF6A1A/#E8501A; ROSSO solo per 'PERICOLO', VERDE per la checklist 'Metodo 81+'. Logo '81+' ben visibile in OGNI vignetta. REGOLA STORIA: SICURIX NON agisce mai da solo - in OGNI vignetta di soluzione si fa AIUTARE dai suoi colleghi EROI (lavoro di squadra, ognuno col suo ruolo). TESTO: didascalie e fumetti MOLTO BREVI (1-4 parole), GRANDI, centrati, in ITALIANO con ORTOGRAFIA PERFETTA, senza parole inventate, lettere doppie errate o testo tagliato. CATTIVI (coerenti col canone): OBLIVIX, SCHIACCIX, NONDPIX, SPYIX, SEGNALEX, DOSAGIX, VIBRIX, RISKIX. EROI: CHEFIX, PRIVACIX, LUXPECTORIX, TRACCIX, PREPOSTIX, HYGIENIX, CIFRIX, DOCUMIX, CONSENSIX. NEGATIVE: nessun marchio LEGO reale, nessun personaggio protetto (Asterix ecc.), niente gore/horror, niente claim assoluti ('rischio zero','garantito','zero multe').",Manifattura: 3 minuti oggi o un problema enorme domani. Scegli tu.,"In Manifattura non e' 'se' arriva il controllo, e' 'quando'. Sei pronto?

In manifattura gli adempimenti obbligatori non aspettano: Formazione, Rumore, Attrezzature, Nomine, Registro, MMC, Documento, Formazione base, Formazione specifica. In questa pagina TALES OF SICURIX il PERICOLO prende forma... e il METODO81+ lo rimette in ordine, passo dopo passo. Immagina la scena: prima il caos, poi la checklist che sistema tutto. La regola c'e' gia': tu falla lavorare per te.
👉 Iscriviti al corso: GDPR 2016/679: privacy e trattamento dei dati personali -> https://81plus.net/?corso=gdpr-2016-679-privacy-e-trattamento-dei-dati-personali
▶️ YouTube: youtube.com/@sicurissimo
Contenuto informativo. Prima vedi. Poi sistemi. 81plus.net",GDPR 2016/679: privacy e trattamento dei dati personali,https://81plus.net/?corso=gdpr-2016-679-privacy-e-trattamento-dei-dati-personali,#TalesOfSicurix #SICURIX #Metodo81 #81plus #Sicurissimo #Privacy #Sicurezza #HACCP #SicurezzaSulLavoro,SICURIX_TALES_172309_24_12_13_23_22_10_14_1_2_21.webp,https://drive.google.com/drive/folders/1hICKXdl9JTZBL1pemG19oE_661z-EH_k,IMG_ERR
96.99.99,Famiglie datori,T,Privacy+Sicurezza,12,Formazione GDPR | RSPP / Datore di Lavoro RSPP | Formazione Generale Lavoratori | Formazione Specifica (rischio basso) | Documento Valutazione Rischi (DVR) | Addetto Antincendio | Registro dei Trattamenti | Rappresentante Lavoratori Sicurezza (RLS) | Uso e Formazione DPI | Procedura Data Breach | Addetto Primo Soccorso | Formazione Preposto,GDPR art.32 | D.Lgs81/08 art.34 | Accordo Stato-Regioni | D.Lgs81/08 art.28 | DM 2/9/2021 | GDPR art.30 | D.Lgs81/08 art.47 | D.Lgs81/08 art.77 | GDPR art.33-34 | DM 388/2003 | D.Lgs81/08 art.37,"CIFRIX>PHISHIX, PREPOSTIX>FUMIX, BLINKIX>MULTIX, CHECKIX>BIOXIX, FORMIX>BIOXIX, CONSENSIX>RISKIX, HYGIENIX>PERMISSIONIX, BLINKIX>FRETTIX, HYGIENIX>VOLTIX, LUXPECTORIX>OBLIVIX, FORMIX>RISKIX, FORMIX>FUMIX","Crea una PAGINA A FUMETTI a STORIA COMPLETA, verticale A4 (1024x1536), QUALITA' EDITORIALE DA STAMPA, stile ufficiale 'SICURIX TALES' IDENTICO alle immagini di riferimento allegate (stessi personaggi a mattoncini 3D, stessa impaginazione, stessi colori, stesse rese): minifigure espressive, ambientazioni ricche e dettagliate del settore, luci morbide, profondita', bordi vignetta netti. IMPAGINAZIONE OBBLIGATORIA: da 10 a 12 VIGNETTE numerate che raccontano UNA STORIA con arco narrativo completo (1 situazione normale -> 2-4 arrivano i pericoli coi cattivi -> 5-6 tensione/conseguenza -> 7-9 arriva SICURIX con gli eroi e applica il METODO81+ passo per passo -> 10-11 risoluzione ordinata -> 12 finale). HEADER in alto: SICURIX (mantello, medaglione arancione '81+', bussola) che presenta in un fumetto; grande titolo 'SICURIX TALES'; sottotitolo 'FAMIGLIE DATORI: Pericolo vs Soluzione con Metodo 81+'; legenda 3 voci (verde Sicurezza, rosso Rischio, blu 81+ Soluzione); fila di EROI coi nomi: CIFRIX, PREPOSTIX, BLINKIX, CHECKIX, FORMIX, CONSENSIX. FOOTER in basso: grande 'Prima vedi. Poi sistemi.'; banner scudo verde 'PROTEGGIAMO. PREVENIAMO. MIGLIORIAMO.' e triangolo rosso 'DISATTENZIONE. RISCHI. COSTI. CAOS.'; logo '81+' + '81plus.net'. TRAMA (usa questi eventi come vignette; se sono meno di 10 aggiungi vignette di contesto, dialogo e reazione per arrivare a 10-12): 1) PHISHIX causa il pericolo 'Formazione' (Formazione GDPR); poi CIFRIX+SICURIX applicano il METODO81+; 2) FUMIX causa il pericolo 'Ruolo/RSPP' (RSPP / Datore di Lavoro RSPP); poi PREPOSTIX+SICURIX applicano il METODO81+; 3) MULTIX causa il pericolo 'Formazione base' (Formazione Generale Lavoratori); poi BLINKIX+SICURIX applicano il METODO81+; 4) BIOXIX causa il pericolo 'Formazione specifica' (Formazione Specifica (rischio basso)); poi CHECKIX+SICURIX applicano il METODO81+; 5) BIOXIX causa il pericolo 'Documento' (Documento Valutazione Rischi (DVR)); poi FORMIX+SICURIX applicano il METODO81+; 6) RISKIX causa il pericolo 'Emergenze/Incendio' (Addetto Antincendio); poi CONSENSIX+SICURIX applicano il METODO81+; 7) PERMISSIONIX causa il pericolo 'Registro' (Registro dei Trattamenti); poi HYGIENIX+SICURIX applicano il METODO81+; 8) FRETTIX causa il pericolo 'Ruolo/RLS' (Rappresentante Lavoratori Sicurezza (RLS)); poi BLINKIX+SICURIX applicano il METODO81+; 9) VOLTIX causa il pericolo 'DPI' (Uso e Formazione DPI); poi HYGIENIX+SICURIX applicano il METODO81+; 10) OBLIVIX causa il pericolo 'Data breach' (Procedura Data Breach); poi LUXPECTORIX+SICURIX applicano il METODO81+; 11) RISKIX causa il pericolo 'Emergenze/Soccorso' (Addetto Primo Soccorso); poi FORMIX+SICURIX applicano il METODO81+; 12) FUMIX causa il pericolo 'Ruolo/Preposto' (Formazione Preposto); poi FORMIX+SICURIX applicano il METODO81+. PALETTE BRAND ESCLUSIVA: nero #05050A, bianco panna, arancione #FF6A1A/#E8501A; ROSSO solo per 'PERICOLO', VERDE per la checklist 'Metodo 81+'. Logo '81+' ben visibile in OGNI vignetta. REGOLA STORIA: SICURIX NON agisce mai da solo - in OGNI vignetta di soluzione si fa AIUTARE dai suoi colleghi EROI (lavoro di squadra, ognuno col suo ruolo). TESTO: didascalie e fumetti MOLTO BREVI (1-4 parole), GRANDI, centrati, in ITALIANO con ORTOGRAFIA PERFETTA, senza parole inventate, lettere doppie errate o testo tagliato. CATTIVI (coerenti col canone): PHISHIX, FUMIX, MULTIX, BIOXIX, RISKIX, PERMISSIONIX, FRETTIX, VOLTIX, OBLIVIX. EROI: CIFRIX, PREPOSTIX, BLINKIX, CHECKIX, FORMIX, CONSENSIX, HYGIENIX, LUXPECTORIX. NEGATIVE: nessun marchio LEGO reale, nessun personaggio protetto (Asterix ecc.), niente gore/horror, niente claim assoluti ('rischio zero','garantito','zero multe').",La differenza tra chi in Famiglie datori dorme sereno e chi trema al controllo,"Quello che l'ispettore controlla per primo in Famiglie datori (e quasi nessuno lo sa)

In famiglie datori gli adempimenti obbligatori non aspettano: Formazione, Ruolo/RSPP, Formazione base, Formazione specifica, Documento, Emergenze/Incendio, Registro, Ruolo/RLS, DPI, Data breach, Emergenze/Soccorso, Ruolo/Preposto. In questa pagina TALES OF SICURIX il PERICOLO prende forma... e il METODO81+ lo rimette in ordine, passo dopo passo. Immagina la scena: prima il caos, poi la checklist che sistema tutto. Mettere ordine ora costa poco. Rimediare dopo costa caro.
👉 Iscriviti al corso: GDPR 2016/679: privacy e trattamento dei dati personali -> https://81plus.net/?corso=gdpr-2016-679-privacy-e-trattamento-dei-dati-personali
▶️ YouTube: youtube.com/@sicurissimo
Contenuto informativo. Prima vedi. Poi sistemi. 81plus.net",GDPR 2016/679: privacy e trattamento dei dati personali,https://81plus.net/?corso=gdpr-2016-679-privacy-e-trattamento-dei-dati-personali,#TalesOfSicurix #SICURIX #Metodo81 #81plus #Sicurissimo #Privacy #Sicurezza #SicurezzaSulLavoro,SICURIX_TALES_969999_12_5_1_2_0_7_10_4_8_13_6_3.webp,https://drive.google.com/drive/folders/1hICKXdl9JTZBL1pemG19oE_661z-EH_k,IMG_ERR
87.30.00,Arte/Sport,R,Sicurezza+HACCP+Privacy,11,Rappresentante Lavoratori Sicurezza (RLS) | Formazione Preposto | Rintracciabilita ed Etichettatura | RSPP / Datore di Lavoro RSPP | Uso e Formazione DPI | Formazione Specifica (rischio medio) | Registro dei Trattamenti | Nomina Incaricati/Responsabili | Movimentazione Manuale Carichi | Informativa e Consensi | Addetto Antincendio,D.Lgs81/08 art.47 | D.Lgs81/08 art.37 | Reg.CE 178/2002 | D.Lgs81/08 art.34 | D.Lgs81/08 art.77 | Accordo Stato-Regioni | GDPR art.30 | GDPR art.28-29 | D.Lgs81/08 Tit.VI | GDPR art.13 | DM 2/9/2021,"LUXPECTORIX>RUMORIX, PREPOSTIX>VOLTIX, SICURIX>CROSSIX, ROBOTIX81>OBLIVIX, CONSENSIX>SEGNALEX, CIFRIX>CADUTIX, LUXPECTORIX>OBLIVIX, CONSENSIX>MULTIX, SCUDIX>RUMORIX, CHECKIX>PERMISSIONIX, ROBOTIX81>RUMORIX","Crea una PAGINA A FUMETTI a STORIA COMPLETA, verticale A4 (1024x1536), QUALITA' EDITORIALE DA STAMPA, stile ufficiale 'SICURIX TALES' IDENTICO alle immagini di riferimento allegate (stessi personaggi a mattoncini 3D, stessa impaginazione, stessi colori, stesse rese): minifigure espressive, ambientazioni ricche e dettagliate del settore, luci morbide, profondita', bordi vignetta netti. IMPAGINAZIONE OBBLIGATORIA: da 10 a 12 VIGNETTE numerate che raccontano UNA STORIA con arco narrativo completo (1 situazione normale -> 2-4 arrivano i pericoli coi cattivi -> 5-6 tensione/conseguenza -> 7-9 arriva SICURIX con gli eroi e applica il METODO81+ passo per passo -> 10-11 risoluzione ordinata -> 12 finale). HEADER in alto: SICURIX (mantello, medaglione arancione '81+', bussola) che presenta in un fumetto; grande titolo 'SICURIX TALES'; sottotitolo 'ARTE/SPORT: Pericolo vs Soluzione con Metodo 81+'; legenda 3 voci (verde Sicurezza, rosso Rischio, blu 81+ Soluzione); fila di EROI coi nomi: LUXPECTORIX, PREPOSTIX, SICURIX, ROBOTIX81, CONSENSIX, CIFRIX. FOOTER in basso: grande 'Prima vedi. Poi sistemi.'; banner scudo verde 'PROTEGGIAMO. PREVENIAMO. MIGLIORIAMO.' e triangolo rosso 'DISATTENZIONE. RISCHI. COSTI. CAOS.'; logo '81+' + '81plus.net'. TRAMA (usa questi eventi come vignette; se sono meno di 10 aggiungi vignette di contesto, dialogo e reazione per arrivare a 10-12): 1) RUMORIX causa il pericolo 'Ruolo/RLS' (Rappresentante Lavoratori Sicurezza (RLS)); poi LUXPECTORIX+SICURIX applicano il METODO81+; 2) VOLTIX causa il pericolo 'Ruolo/Preposto' (Formazione Preposto); poi PREPOSTIX+SICURIX applicano il METODO81+; 3) CROSSIX causa il pericolo 'Rintracciabilita' (Rintracciabilita ed Etichettatura); poi SICURIX+SICURIX applicano il METODO81+; 4) OBLIVIX causa il pericolo 'Ruolo/RSPP' (RSPP / Datore di Lavoro RSPP); poi ROBOTIX81+SICURIX applicano il METODO81+; 5) SEGNALEX causa il pericolo 'DPI' (Uso e Formazione DPI); poi CONSENSIX+SICURIX applicano il METODO81+; 6) CADUTIX causa il pericolo 'Formazione specifica' (Formazione Specifica (rischio medio)); poi CIFRIX+SICURIX applicano il METODO81+; 7) OBLIVIX causa il pericolo 'Registro' (Registro dei Trattamenti); poi LUXPECTORIX+SICURIX applicano il METODO81+; 8) MULTIX causa il pericolo 'Nomine' (Nomina Incaricati/Responsabili); poi CONSENSIX+SICURIX applicano il METODO81+; 9) RUMORIX causa il pericolo 'MMC' (Movimentazione Manuale Carichi); poi SCUDIX+SICURIX applicano il METODO81+; 10) PERMISSIONIX causa il pericolo 'Documento' (Informativa e Consensi); poi CHECKIX+SICURIX applicano il METODO81+; 11) RUMORIX causa il pericolo 'Emergenze/Incendio' (Addetto Antincendio); poi ROBOTIX81+SICURIX applicano il METODO81+. PALETTE BRAND ESCLUSIVA: nero #05050A, bianco panna, arancione #FF6A1A/#E8501A; ROSSO solo per 'PERICOLO', VERDE per la checklist 'Metodo 81+'. Logo '81+' ben visibile in OGNI vignetta. REGOLA STORIA: SICURIX NON agisce mai da solo - in OGNI vignetta di soluzione si fa AIUTARE dai suoi colleghi EROI (lavoro di squadra, ognuno col suo ruolo). TESTO: didascalie e fumetti MOLTO BREVI (1-4 parole), GRANDI, centrati, in ITALIANO con ORTOGRAFIA PERFETTA, senza parole inventate, lettere doppie errate o testo tagliato. CATTIVI (coerenti col canone): RUMORIX, VOLTIX, CROSSIX, OBLIVIX, SEGNALEX, CADUTIX, MULTIX, PERMISSIONIX. EROI: LUXPECTORIX, PREPOSTIX, SICURIX, ROBOTIX81, CONSENSIX, CIFRIX, SCUDIX, CHECKIX. NEGATIVE: nessun marchio LEGO reale, nessun personaggio protetto (Asterix ecc.), niente gore/horror, niente claim assoluti ('rischio zero','garantito','zero multe').",Quello che l'ispettore controlla per primo in Arte/Sport (e quasi nessuno lo sa),"In Arte/Sport c'e' un obbligo che in tanti scoprono solo con la sanzione

In arte/sport gli adempimenti obbligatori non aspettano: Ruolo/RLS, Ruolo/Preposto, Rintracciabilita, Ruolo/RSPP, DPI, Formazione specifica, Registro, Nomine, MMC, Documento, Emergenze/Incendio. In questa pagina TALES OF SICURIX il PERICOLO prende forma... e il METODO81+ lo rimette in ordine, passo dopo passo. Immagina la scena: prima il caos, poi la checklist che sistema tutto. Non e' burocrazia: e' la tua tranquillita.
👉 Iscriviti al corso: Corso RLS -> https://81plus.net/?corso=corso-rls
▶️ YouTube: youtube.com/@sicurissimo
Contenuto informativo. Prima vedi. Poi sistemi. 81plus.net",Corso RLS,https://81plus.net/?corso=corso-rls,#TalesOfSicurix #SICURIX #Metodo81 #81plus #Sicurissimo #Sicurezza #HACCP #Privacy #SicurezzaSulLavoro,SICURIX_TALES_873000_4_3_15_5_8_2_20_21_10_19_7.webp,https://drive.google.com/drive/folders/1hICKXdl9JTZBL1pemG19oE_661z-EH_k,IMG_ERR
46.14.03,Commercio,G,Sicurezza+Privacy+HACCP,10,Addetto Antincendio | RSPP / Datore di Lavoro RSPP | Registro dei Trattamenti | Gestione Allergeni | Formazione Preposto | Formazione GDPR | Lotta agli Infestanti (Pest Control) | Uso e Formazione DPI | Manuale HACCP di Autocontrollo | Sorveglianza Sanitaria / Medico Competente,DM 2/9/2021 | D.Lgs81/08 art.34 | GDPR art.30 | Reg.UE 1169/2011 | D.Lgs81/08 art.37 | GDPR art.32 | Reg.CE 852/2004 | D.Lgs81/08 art.77 | D.Lgs81/08 art.41,"SCUDIX>POLVERIX, CHEFIX>SCIVOLIX, CHEFIX>PHISHIX, BLINKIX>IMPROVVISIX, PREPOSTIX>SEGNALEX, CHECKIX>PERMISSIONIX, BLINKIX>ACQUAIX, FORMIX>RUMORIX, CONSENSIX>FRETTIX, TRACCIX>BIOXIX","Crea una PAGINA A FUMETTI a STORIA COMPLETA, verticale A4 (1024x1536), QUALITA' EDITORIALE DA STAMPA, stile ufficiale 'SICURIX TALES' IDENTICO alle immagini di riferimento allegate (stessi personaggi a mattoncini 3D, stessa impaginazione, stessi colori, stesse rese): minifigure espressive, ambientazioni ricche e dettagliate del settore, luci morbide, profondita', bordi vignetta netti. IMPAGINAZIONE OBBLIGATORIA: da 10 a 12 VIGNETTE numerate che raccontano UNA STORIA con arco narrativo completo (1 situazione normale -> 2-4 arrivano i pericoli coi cattivi -> 5-6 tensione/conseguenza -> 7-9 arriva SICURIX con gli eroi e applica il METODO81+ passo per passo -> 10-11 risoluzione ordinata -> 12 finale). HEADER in alto: SICURIX (mantello, medaglione arancione '81+', bussola) che presenta in un fumetto; grande titolo 'SICURIX TALES'; sottotitolo 'COMMERCIO: Pericolo vs Soluzione con Metodo 81+'; legenda 3 voci (verde Sicurezza, rosso Rischio, blu 81+ Soluzione); fila di EROI coi nomi: SCUDIX, CHEFIX, BLINKIX, PREPOSTIX, CHECKIX, FORMIX. FOOTER in basso: grande 'Prima vedi. Poi sistemi.'; banner scudo verde 'PROTEGGIAMO. PREVENIAMO. MIGLIORIAMO.' e triangolo rosso 'DISATTENZIONE. RISCHI. COSTI. CAOS.'; logo '81+' + '81plus.net'. TRAMA (usa questi eventi come vignette; se sono meno di 10 aggiungi vignette di contesto, dialogo e reazione per arrivare a 10-12): 1) POLVERIX causa il pericolo 'Emergenze/Incendio' (Addetto Antincendio); poi SCUDIX+SICURIX applicano il METODO81+; 2) SCIVOLIX causa il pericolo 'Ruolo/RSPP' (RSPP / Datore di Lavoro RSPP); poi CHEFIX+SICURIX applicano il METODO81+; 3) PHISHIX causa il pericolo 'Registro' (Registro dei Trattamenti); poi CHEFIX+SICURIX applicano il METODO81+; 4) IMPROVVISIX causa il pericolo 'Allergeni' (Gestione Allergeni); poi BLINKIX+SICURIX applicano il METODO81+; 5) SEGNALEX causa il pericolo 'Ruolo/Preposto' (Formazione Preposto); poi PREPOSTIX+SICURIX applicano il METODO81+; 6) PERMISSIONIX causa il pericolo 'Formazione' (Formazione GDPR); poi CHECKIX+SICURIX applicano il METODO81+; 7) ACQUAIX causa il pericolo 'Infestanti' (Lotta agli Infestanti (Pest Control)); poi BLINKIX+SICURIX applicano il METODO81+; 8) RUMORIX causa il pericolo 'DPI' (Uso e Formazione DPI); poi FORMIX+SICURIX applicano il METODO81+; 9) FRETTIX causa il pericolo 'Documento' (Manuale HACCP di Autocontrollo); poi CONSENSIX+SICURIX applicano il METODO81+; 10) BIOXIX causa il pericolo 'Sorveglianza sanitaria' (Sorveglianza Sanitaria / Medico Competente); poi TRACCIX+SICURIX applicano il METODO81+. PALETTE BRAND ESCLUSIVA: nero #05050A, bianco panna, arancione #FF6A1A/#E8501A; ROSSO solo per 'PERICOLO', VERDE per la checklist 'Metodo 81+'. Logo '81+' ben visibile in OGNI vignetta. REGOLA STORIA: SICURIX NON agisce mai da solo - in OGNI vignetta di soluzione si fa AIUTARE dai suoi colleghi EROI (lavoro di squadra, ognuno col suo ruolo). TESTO: didascalie e fumetti MOLTO BREVI (1-4 parole), GRANDI, centrati, in ITALIANO con ORTOGRAFIA PERFETTA, senza parole inventate, lettere doppie errate o testo tagliato. CATTIVI (coerenti col canone): POLVERIX, SCIVOLIX, PHISHIX, IMPROVVISIX, SEGNALEX, PERMISSIONIX, ACQUAIX, RUMORIX, FRETTIX, BIOXIX. EROI: SCUDIX, CHEFIX, BLINKIX, PREPOSTIX, CHECKIX, FORMIX, CONSENSIX, TRACCIX. NEGATIVE: nessun marchio LEGO reale, nessun personaggio protetto (Asterix ecc.), niente gore/horror, niente claim assoluti ('rischio zero','garantito','zero multe').",La differenza tra chi in Commercio dorme sereno e chi trema al controllo,"Commercio: 3 minuti oggi o un problema enorme domani. Scegli tu.

In commercio gli adempimenti obbligatori non aspettano: Emergenze/Incendio, Ruolo/RSPP, Registro, Allergeni, Ruolo/Preposto, Formazione, Infestanti, DPI, Documento, Sorveglianza sanitaria. In questa pagina TALES OF SICURIX il PERICOLO prende forma... e il METODO81+ lo rimette in ordine, passo dopo passo. Immagina la scena: prima il caos, poi la checklist che sistema tutto. Chi si mette in regola prima, dorme meglio dopo.
👉 Iscriviti al corso: Corso antincendio livello 1 -> https://81plus.net/?corso=corso-antincendio-livello-1
▶️ YouTube: youtube.com/@sicurissimo
Contenuto informativo. Prima vedi. Poi sistemi. 81plus.net",Corso antincendio livello 1,https://81plus.net/?corso=corso-antincendio-livello-1,#TalesOfSicurix #SICURIX #Metodo81 #81plus #Sicurissimo #Sicurezza #Privacy #HACCP #SicurezzaSulLavoro,SICURIX_TALES_461403_7_5_21_19_3_23_18_8_13_9.webp,https://drive.google.com/drive/folders/1hICKXdl9JTZBL1pemG19oE_661z-EH_k,IMG_ERR
18.11.00,Manifattura,C,Sicurezza+HACCP+Ambientale+Privacy,12,Stress Lavoro-Correlato | Controllo Temperature e Celle | Documento Valutazione Rischi (DVR) | Formazione Preposto | Gestione Rifiuti e Registro | Nomina Incaricati/Responsabili | Addetto Antincendio | Formazione GDPR | Addetto Primo Soccorso | Formazione Specifica (rischio alto) | Procedura Data Breach | Gestione Allergeni,D.Lgs81/08 art.28 | Reg.CE 852/2004 | D.Lgs81/08 art.37 | D.Lgs152/06 | GDPR art.28-29 | DM 2/9/2021 | GDPR art.32 | DM 388/2003 | Accordo Stato-Regioni | GDPR art.33-34 | Reg.UE 1169/2011,"LUXPECTORIX>VOLTIX, BLINKIX>OBLIVIX, ROBOTIX81>RISKIX, SCUDIX>VOLTIX, FORMIX>OBLIVIX, PREPOSTIX>CANCELIX, PREPOSTIX>CHIMIKIX, PRIVACIX>CANCELIX, DOCUMIX>SEGNALEX, TRACCIX>TAGLIX, BLINKIX>OBLIVIX, SCUDIX>TEMPORIX","Crea una PAGINA A FUMETTI a STORIA COMPLETA, verticale A4 (1024x1536), QUALITA' EDITORIALE DA STAMPA, stile ufficiale 'SICURIX TALES' IDENTICO alle immagini di riferimento allegate (stessi personaggi a mattoncini 3D, stessa impaginazione, stessi colori, stesse rese): minifigure espressive, ambientazioni ricche e dettagliate del settore, luci morbide, profondita', bordi vignetta netti. IMPAGINAZIONE OBBLIGATORIA: da 10 a 12 VIGNETTE numerate che raccontano UNA STORIA con arco narrativo completo (1 situazione normale -> 2-4 arrivano i pericoli coi cattivi -> 5-6 tensione/conseguenza -> 7-9 arriva SICURIX con gli eroi e applica il METODO81+ passo per passo -> 10-11 risoluzione ordinata -> 12 finale). HEADER in alto: SICURIX (mantello, medaglione arancione '81+', bussola) che presenta in un fumetto; grande titolo 'SICURIX TALES'; sottotitolo 'MANIFATTURA: Pericolo vs Soluzione con Metodo 81+'; legenda 3 voci (verde Sicurezza, rosso Rischio, blu 81+ Soluzione); fila di EROI coi nomi: LUXPECTORIX, BLINKIX, ROBOTIX81, SCUDIX, FORMIX, PREPOSTIX. FOOTER in basso: grande 'Prima vedi. Poi sistemi.'; banner scudo verde 'PROTEGGIAMO. PREVENIAMO. MIGLIORIAMO.' e triangolo rosso 'DISATTENZIONE. RISCHI. COSTI. CAOS.'; logo '81+' + '81plus.net'. TRAMA (usa questi eventi come vignette; se sono meno di 10 aggiungi vignette di contesto, dialogo e reazione per arrivare a 10-12): 1) VOLTIX causa il pericolo 'Stress' (Stress Lavoro-Correlato); poi LUXPECTORIX+SICURIX applicano il METODO81+; 2) OBLIVIX causa il pericolo 'Temperature' (Controllo Temperature e Celle); poi BLINKIX+SICURIX applicano il METODO81+; 3) RISKIX causa il pericolo 'Documento' (Documento Valutazione Rischi (DVR)); poi ROBOTIX81+SICURIX applicano il METODO81+; 4) VOLTIX causa il pericolo 'Ruolo/Preposto' (Formazione Preposto); poi SCUDIX+SICURIX applicano il METODO81+; 5) OBLIVIX causa il pericolo 'Rifiuti' (Gestione Rifiuti e Registro); poi FORMIX+SICURIX applicano il METODO81+; 6) CANCELIX causa il pericolo 'Nomine' (Nomina Incaricati/Responsabili); poi PREPOSTIX+SICURIX applicano il METODO81+; 7) CHIMIKIX causa il pericolo 'Emergenze/Incendio' (Addetto Antincendio); poi PREPOSTIX+SICURIX applicano il METODO81+; 8) CANCELIX causa il pericolo 'Formazione' (Formazione GDPR); poi PRIVACIX+SICURIX applicano il METODO81+; 9) SEGNALEX causa il pericolo 'Emergenze/Soccorso' (Addetto Primo Soccorso); poi DOCUMIX+SICURIX applicano il METODO81+; 10) TAGLIX causa il pericolo 'Formazione specifica' (Formazione Specifica (rischio alto)); poi TRACCIX+SICURIX applicano il METODO81+; 11) OBLIVIX causa il pericolo 'Data breach' (Procedura Data Breach); poi BLINKIX+SICURIX applicano il METODO81+; 12) TEMPORIX causa il pericolo 'Allergeni' (Gestione Allergeni); poi SCUDIX+SICURIX applicano il METODO81+. PALETTE BRAND ESCLUSIVA: nero #05050A, bianco panna, arancione #FF6A1A/#E8501A; ROSSO solo per 'PERICOLO', VERDE per la checklist 'Metodo 81+'. Logo '81+' ben visibile in OGNI vignetta. REGOLA STORIA: SICURIX NON agisce mai da solo - in OGNI vignetta di soluzione si fa AIUTARE dai suoi colleghi EROI (lavoro di squadra, ognuno col suo ruolo). TESTO: didascalie e fumetti MOLTO BREVI (1-4 parole), GRANDI, centrati, in ITALIANO con ORTOGRAFIA PERFETTA, senza parole inventate, lettere doppie errate o testo tagliato. CATTIVI (coerenti col canone): VOLTIX, OBLIVIX, RISKIX, CANCELIX, CHIMIKIX, SEGNALEX, TAGLIX, TEMPORIX. EROI: LUXPECTORIX, BLINKIX, ROBOTIX81, SCUDIX, FORMIX, PREPOSTIX, PRIVACIX, DOCUMIX, TRACCIX. NEGATIVE: nessun marchio LEGO reale, nessun personaggio protetto (Asterix ecc.), niente gore/horror, niente claim assoluti ('rischio zero','garantito','zero multe').",In Manifattura c'e' un obbligo che in tanti scoprono solo con la sanzione,"In Manifattura c'e' un obbligo che in tanti scoprono solo con la sanzione

In manifattura gli adempimenti obbligatori non aspettano: Stress, Temperature, Documento, Ruolo/Preposto, Rifiuti, Nomine, Emergenze/Incendio, Formazione, Emergenze/Soccorso, Formazione specifica, Data breach, Allergeni. In questa pagina TALES OF SICURIX il PERICOLO prende forma... e il METODO81+ lo rimette in ordine, passo dopo passo. Immagina la scena: prima il caos, poi la checklist che sistema tutto. La regola c'e' gia': tu falla lavorare per te.
👉 Iscriviti al corso: Rischio stress lavoro correlato -> https://81plus.net/?corso=rischio-stress-lavoro-correlato
▶️ YouTube: youtube.com/@sicurissimo
Contenuto informativo. Prima vedi. Poi sistemi. 81plus.net",Rischio stress lavoro correlato,https://81plus.net/?corso=rischio-stress-lavoro-correlato,#TalesOfSicurix #SICURIX #Metodo81 #81plus #Sicurissimo #Sicurezza #HACCP #Ambientale #Privacy #SicurezzaSulLavoro,SICURIX_TALES_181100_11_18_0_3_26_23_7_24_6_2_25_20.webp,https://drive.google.com/drive/folders/1hICKXdl9JTZBL1pemG19oE_661z-EH_k,IMG_ERR
46.15.01,Commercio,G,HACCP+Privacy+Sicurezza,10,Lotta agli Infestanti (Pest Control) | Manuale HACCP di Autocontrollo | Procedura Data Breach | Nomina Incaricati/Responsabili | Gestione Allergeni | Informativa e Consensi | Sorveglianza Sanitaria / Medico Competente | Registro dei Trattamenti | Rappresentante Lavoratori Sicurezza (RLS) | Corso Alimentarista,Reg.CE 852/2004 | GDPR art.33-34 | GDPR art.28-29 | Reg.UE 1169/2011 | GDPR art.13 | D.Lgs81/08 art.41 | GDPR art.30 | D.Lgs81/08 art.47,"CHECKIX>IMPROVVISIX, TRACCIX>IMPROVVISIX, FORMIX>IMPROVVISIX, ROBOTIX81>HACKIX, ROBOTIX81>MULTIX, CHECKIX>HACKIX, BLINKIX>OBLIVIX, HYGIENIX>SPYIX, HYGIENIX>VOLTIX, CHECKIX>OBLIVIX","Crea una PAGINA A FUMETTI a STORIA COMPLETA, verticale A4 (1024x1536), QUALITA' EDITORIALE DA STAMPA, stile ufficiale 'SICURIX TALES' IDENTICO alle immagini di riferimento allegate (stessi personaggi a mattoncini 3D, stessa impaginazione, stessi colori, stesse rese): minifigure espressive, ambientazioni ricche e dettagliate del settore, luci morbide, profondita', bordi vignetta netti. IMPAGINAZIONE OBBLIGATORIA: da 10 a 12 VIGNETTE numerate che raccontano UNA STORIA con arco narrativo completo (1 situazione normale -> 2-4 arrivano i pericoli coi cattivi -> 5-6 tensione/conseguenza -> 7-9 arriva SICURIX con gli eroi e applica il METODO81+ passo per passo -> 10-11 risoluzione ordinata -> 12 finale). HEADER in alto: SICURIX (mantello, medaglione arancione '81+', bussola) che presenta in un fumetto; grande titolo 'SICURIX TALES'; sottotitolo 'COMMERCIO: Pericolo vs Soluzione con Metodo 81+'; legenda 3 voci (verde Sicurezza, rosso Rischio, blu 81+ Soluzione); fila di EROI coi nomi: CHECKIX, TRACCIX, FORMIX, ROBOTIX81, BLINKIX, HYGIENIX. FOOTER in basso: grande 'Prima vedi. Poi sistemi.'; banner scudo verde 'PROTEGGIAMO. PREVENIAMO. MIGLIORIAMO.' e triangolo rosso 'DISATTENZIONE. RISCHI. COSTI. CAOS.'; logo '81+' + '81plus.net'. TRAMA (usa questi eventi come vignette; se sono meno di 10 aggiungi vignette di contesto, dialogo e reazione per arrivare a 10-12): 1) IMPROVVISIX causa il pericolo 'Infestanti' (Lotta agli Infestanti (Pest Control)); poi CHECKIX+SICURIX applicano il METODO81+; 2) IMPROVVISIX causa il pericolo 'Documento' (Manuale HACCP di Autocontrollo); poi TRACCIX+SICURIX applicano il METODO81+; 3) IMPROVVISIX causa il pericolo 'Data breach' (Procedura Data Breach); poi FORMIX+SICURIX applicano il METODO81+; 4) HACKIX causa il pericolo 'Nomine' (Nomina Incaricati/Responsabili); poi ROBOTIX81+SICURIX applicano il METODO81+; 5) MULTIX causa il pericolo 'Allergeni' (Gestione Allergeni); poi ROBOTIX81+SICURIX applicano il METODO81+; 6) HACKIX causa il pericolo 'Documento' (Informativa e Consensi); poi CHECKIX+SICURIX applicano il METODO81+; 7) OBLIVIX causa il pericolo 'Sorveglianza sanitaria' (Sorveglianza Sanitaria / Medico Competente); poi BLINKIX+SICURIX applicano il METODO81+; 8) SPYIX causa il pericolo 'Registro' (Registro dei Trattamenti); poi HYGIENIX+SICURIX applicano il METODO81+; 9) VOLTIX causa il pericolo 'Ruolo/RLS' (Rappresentante Lavoratori Sicurezza (RLS)); poi HYGIENIX+SICURIX applicano il METODO81+; 10) OBLIVIX causa il pericolo 'Corso' (Corso Alimentarista); poi CHECKIX+SICURIX applicano il METODO81+. PALETTE BRAND ESCLUSIVA: nero #05050A, bianco panna, arancione #FF6A1A/#E8501A; ROSSO solo per 'PERICOLO', VERDE per la checklist 'Metodo 81+'. Logo '81+' ben visibile in OGNI vignetta. REGOLA STORIA: SICURIX NON agisce mai da solo - in OGNI vignetta di soluzione si fa AIUTARE dai suoi colleghi EROI (lavoro di squadra, ognuno col suo ruolo). TESTO: didascalie e fumetti MOLTO BREVI (1-4 parole), GRANDI, centrati, in ITALIANO con ORTOGRAFIA PERFETTA, senza parole inventate, lettere doppie errate o testo tagliato. CATTIVI (coerenti col canone): IMPROVVISIX, HACKIX, MULTIX, OBLIVIX, SPYIX, VOLTIX. EROI: CHECKIX, TRACCIX, FORMIX, ROBOTIX81, BLINKIX, HYGIENIX. NEGATIVE: nessun marchio LEGO reale, nessun personaggio protetto (Asterix ecc.), niente gore/horror, niente claim assoluti ('rischio zero','garantito','zero multe').",La differenza tra chi in Commercio dorme sereno e chi trema al controllo,"In Commercio c'e' un obbligo che in tanti scoprono solo con la sanzione

In commercio gli adempimenti obbligatori non aspettano: Infestanti, Documento, Data breach, Nomine, Allergeni, Sorveglianza sanitaria, Registro, Ruolo/RLS, Corso. In questa pagina TALES OF SICURIX il PERICOLO prende forma... e il METODO81+ lo rimette in ordine, passo dopo passo. Immagina la scena: prima il caos, poi la checklist che sistema tutto. Chi si mette in regola prima, dorme meglio dopo.
👉 Iscriviti al corso: Haccp - Corso responsabile industria alimentare -> https://81plus.net/?corso=haccp-corso-responsabile-industria-alimentare
▶️ YouTube: youtube.com/@sicurissimo
Contenuto informativo. Prima vedi. Poi sistemi. 81plus.net",Haccp - Corso responsabile industria alimentare,https://81plus.net/?corso=haccp-corso-responsabile-industria-alimentare,#TalesOfSicurix #SICURIX #Metodo81 #81plus #Sicurissimo #HACCP #Privacy #Sicurezza #SicurezzaSulLavoro,SICURIX_TALES_461501_17_12_23_21_18_19_9_20_4_13.webp,https://drive.google.com/drive/folders/1hICKXdl9JTZBL1pemG19oE_661z-EH_k,IMG_ERR
88.99.04,Arte/Sport,R,Privacy+Sicurezza+HACCP,11,Formazione GDPR | Registro dei Trattamenti | Sorveglianza Sanitaria / Medico Competente | Documento Valutazione Rischi (DVR) | Piano di Sanificazione | Nomina Incaricati/Responsabili | Uso e Formazione DPI | Rappresentante Lavoratori Sicurezza (RLS) | Lotta agli Infestanti (Pest Control) | Controllo Temperature e Celle | Addetto Primo Soccorso,GDPR art.32 | GDPR art.30 | D.Lgs81/08 art.41 | D.Lgs81/08 art.28 | Reg.CE 852/2004 | GDPR art.28-29 | D.Lgs81/08 art.77 | D.Lgs81/08 art.47 | DM 388/2003,"TRACCIX>PHISHIX, DOCUMIX>PERMISSIONIX, DOCUMIX>FUMIX, CHEFIX>TAGLIX, BLINKIX>OBLIVIX, LUXPECTORIX>RISKIX, CONSENSIX>IMPROVVISIX, FORMIX>SOTTOVALUTIX, FORMIX>OBLIVIX, FORMIX>CROSSIX, CONSENSIX>FUMIX","Crea una PAGINA A FUMETTI a STORIA COMPLETA, verticale A4 (1024x1536), QUALITA' EDITORIALE DA STAMPA, stile ufficiale 'SICURIX TALES' IDENTICO alle immagini di riferimento allegate (stessi personaggi a mattoncini 3D, stessa impaginazione, stessi colori, stesse rese): minifigure espressive, ambientazioni ricche e dettagliate del settore, luci morbide, profondita', bordi vignetta netti. IMPAGINAZIONE OBBLIGATORIA: da 10 a 12 VIGNETTE numerate che raccontano UNA STORIA con arco narrativo completo (1 situazione normale -> 2-4 arrivano i pericoli coi cattivi -> 5-6 tensione/conseguenza -> 7-9 arriva SICURIX con gli eroi e applica il METODO81+ passo per passo -> 10-11 risoluzione ordinata -> 12 finale). HEADER in alto: SICURIX (mantello, medaglione arancione '81+', bussola) che presenta in un fumetto; grande titolo 'SICURIX TALES'; sottotitolo 'ARTE/SPORT: Pericolo vs Soluzione con Metodo 81+'; legenda 3 voci (verde Sicurezza, rosso Rischio, blu 81+ Soluzione); fila di EROI coi nomi: TRACCIX, DOCUMIX, CHEFIX, BLINKIX, LUXPECTORIX, CONSENSIX. FOOTER in basso: grande 'Prima vedi. Poi sistemi.'; banner scudo verde 'PROTEGGIAMO. PREVENIAMO. MIGLIORIAMO.' e triangolo rosso 'DISATTENZIONE. RISCHI. COSTI. CAOS.'; logo '81+' + '81plus.net'. TRAMA (usa questi eventi come vignette; se sono meno di 10 aggiungi vignette di contesto, dialogo e reazione per arrivare a 10-12): 1) PHISHIX causa il pericolo 'Formazione' (Formazione GDPR); poi TRACCIX+SICURIX applicano il METODO81+; 2) PERMISSIONIX causa il pericolo 'Registro' (Registro dei Trattamenti); poi DOCUMIX+SICURIX applicano il METODO81+; 3) FUMIX causa il pericolo 'Sorveglianza sanitaria' (Sorveglianza Sanitaria / Medico Competente); poi DOCUMIX+SICURIX applicano il METODO81+; 4) TAGLIX causa il pericolo 'Documento' (Documento Valutazione Rischi (DVR)); poi CHEFIX+SICURIX applicano il METODO81+; 5) OBLIVIX causa il pericolo 'Sanificazione' (Piano di Sanificazione); poi BLINKIX+SICURIX applicano il METODO81+; 6) RISKIX causa il pericolo 'Nomine' (Nomina Incaricati/Responsabili); poi LUXPECTORIX+SICURIX applicano il METODO81+; 7) IMPROVVISIX causa il pericolo 'DPI' (Uso e Formazione DPI); poi CONSENSIX+SICURIX applicano il METODO81+; 8) SOTTOVALUTIX causa il pericolo 'Ruolo/RLS' (Rappresentante Lavoratori Sicurezza (RLS)); poi FORMIX+SICURIX applicano il METODO81+; 9) OBLIVIX causa il pericolo 'Infestanti' (Lotta agli Infestanti (Pest Control)); poi FORMIX+SICURIX applicano il METODO81+; 10) CROSSIX causa il pericolo 'Temperature' (Controllo Temperature e Celle); poi FORMIX+SICURIX applicano il METODO81+; 11) FUMIX causa il pericolo 'Emergenze/Soccorso' (Addetto Primo Soccorso); poi CONSENSIX+SICURIX applicano il METODO81+. PALETTE BRAND ESCLUSIVA: nero #05050A, bianco panna, arancione #FF6A1A/#E8501A; ROSSO solo per 'PERICOLO', VERDE per la checklist 'Metodo 81+'. Logo '81+' ben visibile in OGNI vignetta. REGOLA STORIA: SICURIX NON agisce mai da solo - in OGNI vignetta di soluzione si fa AIUTARE dai suoi colleghi EROI (lavoro di squadra, ognuno col suo ruolo). TESTO: didascalie e fumetti MOLTO BREVI (1-4 parole), GRANDI, centrati, in ITALIANO con ORTOGRAFIA PERFETTA, senza parole inventate, lettere doppie errate o testo tagliato. CATTIVI (coerenti col canone): PHISHIX, PERMISSIONIX, FUMIX, TAGLIX, OBLIVIX, RISKIX, IMPROVVISIX, SOTTOVALUTIX, CROSSIX. EROI: TRACCIX, DOCUMIX, CHEFIX, BLINKIX, LUXPECTORIX, CONSENSIX, FORMIX. NEGATIVE: nessun marchio LEGO reale, nessun personaggio protetto (Asterix ecc.), niente gore/horror, niente claim assoluti ('rischio zero','garantito','zero multe').",La differenza tra chi in Arte/Sport dorme sereno e chi trema al controllo,"Arte/Sport: 3 minuti oggi o un problema enorme domani. Scegli tu.

In arte/sport gli adempimenti obbligatori non aspettano: Formazione, Registro, Sorveglianza sanitaria, Documento, Sanificazione, Nomine, DPI, Ruolo/RLS, Infestanti, Temperature, Emergenze/Soccorso. In questa pagina TALES OF SICURIX il PERICOLO prende forma... e il METODO81+ lo rimette in ordine, passo dopo passo. Immagina la scena: prima il caos, poi la checklist che sistema tutto. La regola c'e' gia': tu falla lavorare per te.
👉 Iscriviti al corso: GDPR 2016/679: privacy e trattamento dei dati personali -> https://81plus.net/?corso=gdpr-2016-679-privacy-e-trattamento-dei-dati-personali
▶️ YouTube: youtube.com/@sicurissimo
Contenuto informativo. Prima vedi. Poi sistemi. 81plus.net",GDPR 2016/679: privacy e trattamento dei dati personali,https://81plus.net/?corso=gdpr-2016-679-privacy-e-trattamento-dei-dati-personali,#TalesOfSicurix #SICURIX #Metodo81 #81plus #Sicurissimo #Privacy #Sicurezza #HACCP #SicurezzaSulLavoro,SICURIX_TALES_889904_22_20_9_0_14_21_8_4_17_16_6.webp,https://drive.google.com/drive/folders/1hICKXdl9JTZBL1pemG19oE_661z-EH_k,IMG_ERR
64.19.10,Immobiliare,L,Sicurezza+Privacy,12,RSPP / Datore di Lavoro RSPP | Formazione GDPR | Formazione Preposto | Formazione Specifica (rischio basso) | Addetto Antincendio | Documento Valutazione Rischi (DVR) | Procedura Data Breach | Rappresentante Lavoratori Sicurezza (RLS) | Addetto Primo Soccorso | Nomina Incaricati/Responsabili | Uso e Formazione DPI | Informativa e Consensi,D.Lgs81/08 art.34 | GDPR art.32 | D.Lgs81/08 art.37 | Accordo Stato-Regioni | DM 2/9/2021 | D.Lgs81/08 art.28 | GDPR art.33-34 | D.Lgs81/08 art.47 | DM 388/2003 | GDPR art.28-29 | D.Lgs81/08 art.77 | GDPR art.13,"CONSENSIX>RISKIX, CHECKIX>MULTIX, DOCUMIX>ØTIX, SICURIX>RUMORIX, CONSENSIX>TAGLIX, SCUDIX>VOLTIX, CIFRIX>MULTIX, LUXPECTORIX>CAOSIX, LUXPECTORIX>TAGLIX, HYGIENIX>CAOSIX, BLINKIX>SEGNALEX, CIFRIX>IMPROVVISIX","Crea una PAGINA A FUMETTI a STORIA COMPLETA, verticale A4 (1024x1536), QUALITA' EDITORIALE DA STAMPA, stile ufficiale 'SICURIX TALES' IDENTICO alle immagini di riferimento allegate (stessi personaggi a mattoncini 3D, stessa impaginazione, stessi colori, stesse rese): minifigure espressive, ambientazioni ricche e dettagliate del settore, luci morbide, profondita', bordi vignetta netti. IMPAGINAZIONE OBBLIGATORIA: da 10 a 12 VIGNETTE numerate che raccontano UNA STORIA con arco narrativo completo (1 situazione normale -> 2-4 arrivano i pericoli coi cattivi -> 5-6 tensione/conseguenza -> 7-9 arriva SICURIX con gli eroi e applica il METODO81+ passo per passo -> 10-11 risoluzione ordinata -> 12 finale). HEADER in alto: SICURIX (mantello, medaglione arancione '81+', bussola) che presenta in un fumetto; grande titolo 'SICURIX TALES'; sottotitolo 'IMMOBILIARE: Pericolo vs Soluzione con Metodo 81+'; legenda 3 voci (verde Sicurezza, rosso Rischio, blu 81+ Soluzione); fila di EROI coi nomi: CONSENSIX, CHECKIX, DOCUMIX, SICURIX, SCUDIX, CIFRIX. FOOTER in basso: grande 'Prima vedi. Poi sistemi.'; banner scudo verde 'PROTEGGIAMO. PREVENIAMO. MIGLIORIAMO.' e triangolo rosso 'DISATTENZIONE. RISCHI. COSTI. CAOS.'; logo '81+' + '81plus.net'. TRAMA (usa questi eventi come vignette; se sono meno di 10 aggiungi vignette di contesto, dialogo e reazione per arrivare a 10-12): 1) RISKIX causa il pericolo 'Ruolo/RSPP' (RSPP / Datore di Lavoro RSPP); poi CONSENSIX+SICURIX applicano il METODO81+; 2) MULTIX causa il pericolo 'Formazione' (Formazione GDPR); poi CHECKIX+SICURIX applicano il METODO81+; 3) ØTIX causa il pericolo 'Ruolo/Preposto' (Formazione Preposto); poi DOCUMIX+SICURIX applicano il METODO81+; 4) RUMORIX causa il pericolo 'Formazione specifica' (Formazione Specifica (rischio basso)); poi SICURIX+SICURIX applicano il METODO81+; 5) TAGLIX causa il pericolo 'Emergenze/Incendio' (Addetto Antincendio); poi CONSENSIX+SICURIX applicano il METODO81+; 6) VOLTIX causa il pericolo 'Documento' (Documento Valutazione Rischi (DVR)); poi SCUDIX+SICURIX applicano il METODO81+; 7) MULTIX causa il pericolo 'Data breach' (Procedura Data Breach); poi CIFRIX+SICURIX applicano il METODO81+; 8) CAOSIX causa il pericolo 'Ruolo/RLS' (Rappresentante Lavoratori Sicurezza (RLS)); poi LUXPECTORIX+SICURIX applicano il METODO81+; 9) TAGLIX causa il pericolo 'Emergenze/Soccorso' (Addetto Primo Soccorso); poi LUXPECTORIX+SICURIX applicano il METODO81+; 10) CAOSIX causa il pericolo 'Nomine' (Nomina Incaricati/Responsabili); poi HYGIENIX+SICURIX applicano il METODO81+; 11) SEGNALEX causa il pericolo 'DPI' (Uso e Formazione DPI); poi BLINKIX+SICURIX applicano il METODO81+; 12) IMPROVVISIX causa il pericolo 'Documento' (Informativa e Consensi); poi CIFRIX+SICURIX applicano il METODO81+. PALETTE BRAND ESCLUSIVA: nero #05050A, bianco panna, arancione #FF6A1A/#E8501A; ROSSO solo per 'PERICOLO', VERDE per la checklist 'Metodo 81+'. Logo '81+' ben visibile in OGNI vignetta. REGOLA STORIA: SICURIX NON agisce mai da solo - in OGNI vignetta di soluzione si fa AIUTARE dai suoi colleghi EROI (lavoro di squadra, ognuno col suo ruolo). TESTO: didascalie e fumetti MOLTO BREVI (1-4 parole), GRANDI, centrati, in ITALIANO con ORTOGRAFIA PERFETTA, senza parole inventate, lettere doppie errate o testo tagliato. CATTIVI (coerenti col canone): RISKIX, MULTIX, ØTIX, RUMORIX, TAGLIX, VOLTIX, CAOSIX, SEGNALEX, IMPROVVISIX. EROI: CONSENSIX, CHECKIX, DOCUMIX, SICURIX, SCUDIX, CIFRIX, LUXPECTORIX, HYGIENIX, BLINKIX. NEGATIVE: nessun marchio LEGO reale, nessun personaggio protetto (Asterix ecc.), niente gore/horror, niente claim assoluti ('rischio zero','garantito','zero multe').","In Immobiliare non e' 'se' arriva il controllo, e' 'quando'. Sei pronto?","In Immobiliare c'e' un obbligo che in tanti scoprono solo con la sanzione

In immobiliare gli adempimenti obbligatori non aspettano: Ruolo/RSPP, Formazione, Ruolo/Preposto, Formazione specifica, Emergenze/Incendio, Documento, Data breach, Ruolo/RLS, Emergenze/Soccorso, Nomine, DPI. In questa pagina TALES OF SICURIX il PERICOLO prende forma... e il METODO81+ lo rimette in ordine, passo dopo passo. Immagina la scena: prima il caos, poi la checklist che sistema tutto. Non e' burocrazia: e' la tua tranquillita.
👉 Iscriviti al corso: RSPP Datore di Lavoro modulo 1 e 2 -> https://81plus.net/?corso=rspp-datore-di-lavoro-modulo-1-e-2
▶️ YouTube: youtube.com/@sicurissimo
Contenuto informativo. Prima vedi. Poi sistemi. 81plus.net",RSPP Datore di Lavoro modulo 1 e 2,https://81plus.net/?corso=rspp-datore-di-lavoro-modulo-1-e-2,#TalesOfSicurix #SICURIX #Metodo81 #81plus #Sicurissimo #Sicurezza #Privacy #SicurezzaSulLavoro,SICURIX_TALES_641910_5_12_3_2_7_0_13_4_6_11_8_9.webp,https://drive.google.com/drive/folders/1hICKXdl9JTZBL1pemG19oE_661z-EH_k,IMG_ERR
46.71.10,Commercio,G,Sicurezza+Privacy+HACCP,11,Uso e Formazione DPI | Informativa e Consensi | Addetto Primo Soccorso | Manuale HACCP di Autocontrollo | Sorveglianza Sanitaria / Medico Competente | Rintracciabilita ed Etichettatura | Nomina Incaricati/Responsabili | Registro dei Trattamenti | Stress Lavoro-Correlato | Movimentazione Manuale Carichi | Procedura Data Breach,D.Lgs81/08 art.77 | GDPR art.13 | DM 388/2003 | Reg.CE 852/2004 | D.Lgs81/08 art.41 | Reg.CE 178/2002 | GDPR art.28-29 | GDPR art.30 | D.Lgs81/08 art.28 | D.Lgs81/08 Tit.VI | GDPR art.33-34,"PREPOSTIX>SOTTOVALUTIX, FORMIX>OBLIVIX, SICURIX>POLVERIX, CIFRIX>ACQUAIX, SCUDIX>CHIMIKIX, CHECKIX>FRETTIX, DOCUMIX>SPYIX, PRIVACIX>CANCELIX, TRACCIX>VIBRIX, SCUDIX>SOTTOVALUTIX, TRACCIX>OBLIVIX","Crea una PAGINA A FUMETTI a STORIA COMPLETA, verticale A4 (1024x1536), QUALITA' EDITORIALE DA STAMPA, stile ufficiale 'SICURIX TALES' IDENTICO alle immagini di riferimento allegate (stessi personaggi a mattoncini 3D, stessa impaginazione, stessi colori, stesse rese): minifigure espressive, ambientazioni ricche e dettagliate del settore, luci morbide, profondita', bordi vignetta netti. IMPAGINAZIONE OBBLIGATORIA: da 10 a 12 VIGNETTE numerate che raccontano UNA STORIA con arco narrativo completo (1 situazione normale -> 2-4 arrivano i pericoli coi cattivi -> 5-6 tensione/conseguenza -> 7-9 arriva SICURIX con gli eroi e applica il METODO81+ passo per passo -> 10-11 risoluzione ordinata -> 12 finale). HEADER in alto: SICURIX (mantello, medaglione arancione '81+', bussola) che presenta in un fumetto; grande titolo 'SICURIX TALES'; sottotitolo 'COMMERCIO: Pericolo vs Soluzione con Metodo 81+'; legenda 3 voci (verde Sicurezza, rosso Rischio, blu 81+ Soluzione); fila di EROI coi nomi: PREPOSTIX, FORMIX, SICURIX, CIFRIX, SCUDIX, CHECKIX. FOOTER in basso: grande 'Prima vedi. Poi sistemi.'; banner scudo verde 'PROTEGGIAMO. PREVENIAMO. MIGLIORIAMO.' e triangolo rosso 'DISATTENZIONE. RISCHI. COSTI. CAOS.'; logo '81+' + '81plus.net'. TRAMA (usa questi eventi come vignette; se sono meno di 10 aggiungi vignette di contesto, dialogo e reazione per arrivare a 10-12): 1) SOTTOVALUTIX causa il pericolo 'DPI' (Uso e Formazione DPI); poi PREPOSTIX+SICURIX applicano il METODO81+; 2) OBLIVIX causa il pericolo 'Documento' (Informativa e Consensi); poi FORMIX+SICURIX applicano il METODO81+; 3) POLVERIX causa il pericolo 'Emergenze/Soccorso' (Addetto Primo Soccorso); poi SICURIX+SICURIX applicano il METODO81+; 4) ACQUAIX causa il pericolo 'Documento' (Manuale HACCP di Autocontrollo); poi CIFRIX+SICURIX applicano il METODO81+; 5) CHIMIKIX causa il pericolo 'Sorveglianza sanitaria' (Sorveglianza Sanitaria / Medico Competente); poi SCUDIX+SICURIX applicano il METODO81+; 6) FRETTIX causa il pericolo 'Rintracciabilita' (Rintracciabilita ed Etichettatura); poi CHECKIX+SICURIX applicano il METODO81+; 7) SPYIX causa il pericolo 'Nomine' (Nomina Incaricati/Responsabili); poi DOCUMIX+SICURIX applicano il METODO81+; 8) CANCELIX causa il pericolo 'Registro' (Registro dei Trattamenti); poi PRIVACIX+SICURIX applicano il METODO81+; 9) VIBRIX causa il pericolo 'Stress' (Stress Lavoro-Correlato); poi TRACCIX+SICURIX applicano il METODO81+; 10) SOTTOVALUTIX causa il pericolo 'MMC' (Movimentazione Manuale Carichi); poi SCUDIX+SICURIX applicano il METODO81+; 11) OBLIVIX causa il pericolo 'Data breach' (Procedura Data Breach); poi TRACCIX+SICURIX applicano il METODO81+. PALETTE BRAND ESCLUSIVA: nero #05050A, bianco panna, arancione #FF6A1A/#E8501A; ROSSO solo per 'PERICOLO', VERDE per la checklist 'Metodo 81+'. Logo '81+' ben visibile in OGNI vignetta. REGOLA STORIA: SICURIX NON agisce mai da solo - in OGNI vignetta di soluzione si fa AIUTARE dai suoi colleghi EROI (lavoro di squadra, ognuno col suo ruolo). TESTO: didascalie e fumetti MOLTO BREVI (1-4 parole), GRANDI, centrati, in ITALIANO con ORTOGRAFIA PERFETTA, senza parole inventate, lettere doppie errate o testo tagliato. CATTIVI (coerenti col canone): SOTTOVALUTIX, OBLIVIX, POLVERIX, ACQUAIX, CHIMIKIX, FRETTIX, SPYIX, CANCELIX, VIBRIX. EROI: PREPOSTIX, FORMIX, SICURIX, CIFRIX, SCUDIX, CHECKIX, DOCUMIX, PRIVACIX, TRACCIX. NEGATIVE: nessun marchio LEGO reale, nessun personaggio protetto (Asterix ecc.), niente gore/horror, niente claim assoluti ('rischio zero','garantito','zero multe').",Quello che l'ispettore controlla per primo in Commercio (e quasi nessuno lo sa),"La differenza tra chi in Commercio dorme sereno e chi trema al controllo

In commercio gli adempimenti obbligatori non aspettano: DPI, Documento, Emergenze/Soccorso, Sorveglianza sanitaria, Rintracciabilita, Nomine, Registro, Stress, MMC, Data breach. In questa pagina TALES OF SICURIX il PERICOLO prende forma... e il METODO81+ lo rimette in ordine, passo dopo passo. Immagina la scena: prima il caos, poi la checklist che sistema tutto. La regola c'e' gia': tu falla lavorare per te.
👉 Iscriviti al corso: Corso Lavori in Quota e DPI Anticaduta -> https://81plus.net/?corso=corso-lavori-in-quota-e-dpi-anticaduta
▶️ YouTube: youtube.com/@sicurissimo
Contenuto informativo. Prima vedi. Poi sistemi. 81plus.net",Corso Lavori in Quota e DPI Anticaduta,https://81plus.net/?corso=corso-lavori-in-quota-e-dpi-anticaduta,#TalesOfSicurix #SICURIX #Metodo81 #81plus #Sicurissimo #Sicurezza #Privacy #HACCP #SicurezzaSulLavoro,SICURIX_TALES_467110_8_19_6_12_9_15_21_20_11_10_23.webp,https://drive.google.com/drive/folders/1hICKXdl9JTZBL1pemG19oE_661z-EH_k,IMG_ERR
