codice_ateco,settore,sezione,area_mix,n_vignette,adempimenti,fonti,cast_personaggi,image_prompt,titolo_clickbait,corpo_post,cta_prodotto,cta_url,hashtag,nome_file_webp,drive_folder,stato
31.00.35,Manifattura,C,Sicurezza+HACCP+Privacy+Ambientale,12,Rappresentante Lavoratori Sicurezza (RLS) | Piano di Sanificazione | Formazione GDPR | Nomina Incaricati/Responsabili | Registro dei Trattamenti | RSPP / Datore di Lavoro RSPP | Stress Lavoro-Correlato | Lotta agli Infestanti (Pest Control) | Gestione Allergeni | Gestione Rifiuti e Registro | Movimentazione Manuale Carichi | Rischio Rumore,D.Lgs81/08 art.47 | Reg.CE 852/2004 | GDPR art.32 | GDPR art.28-29 | GDPR art.30 | D.Lgs81/08 art.34 | D.Lgs81/08 art.28 | Reg.UE 1169/2011 | D.Lgs152/06 | D.Lgs81/08 Tit.VI | D.Lgs81/08 Tit.VIII,"PRIVACIX>IMPROVVISIX, LUXPECTORIX>SPORCKIX, CHECKIX>SPYIX, HYGIENIX>MULTIX, CHEFIX>CANCELIX, CHEFIX>NONDPIX, FORMIX>RUMORIX, PRIVACIX>ACQUAIX, DOCUMIX>MESCOLIX, SCUDIX>CAOSIX, PREPOSTIX>CAOSIX, HYGIENIX>NONDPIX","Crea una PAGINA A FUMETTI a STORIA COMPLETA, verticale A4 (1024x1536), QUALITA' EDITORIALE DA STAMPA, stile ufficiale 'SICURIX TALES' IDENTICO alle immagini di riferimento allegate (stessi personaggi a mattoncini 3D, stessa impaginazione, stessi colori, stesse rese): minifigure espressive, ambientazioni ricche e dettagliate del settore, luci morbide, profondita', bordi vignetta netti. IMPAGINAZIONE OBBLIGATORIA: da 10 a 12 VIGNETTE numerate che raccontano UNA STORIA con arco narrativo completo (1 situazione normale -> 2-4 arrivano i pericoli coi cattivi -> 5-6 tensione/conseguenza -> 7-9 arriva SICURIX con gli eroi e applica il METODO81+ passo per passo -> 10-11 risoluzione ordinata -> 12 finale). HEADER in alto: SICURIX (mantello, medaglione arancione '81+', bussola) che presenta in un fumetto; grande titolo 'SICURIX TALES'; sottotitolo 'MANIFATTURA: Pericolo vs Soluzione con Metodo 81+'; legenda 3 voci (verde Sicurezza, rosso Rischio, blu 81+ Soluzione); fila di EROI coi nomi: PRIVACIX, LUXPECTORIX, CHECKIX, HYGIENIX, CHEFIX, FORMIX. FOOTER in basso: grande 'Prima vedi. Poi sistemi.'; banner scudo verde 'PROTEGGIAMO. PREVENIAMO. MIGLIORIAMO.' e triangolo rosso 'DISATTENZIONE. RISCHI. COSTI. CAOS.'; logo '81+' + '81plus.net'. TRAMA (usa questi eventi come vignette; se sono meno di 10 aggiungi vignette di contesto, dialogo e reazione per arrivare a 10-12): 1) IMPROVVISIX causa il pericolo 'Ruolo/RLS' (Rappresentante Lavoratori Sicurezza (RLS)); poi PRIVACIX+SICURIX applicano il METODO81+; 2) SPORCKIX causa il pericolo 'Sanificazione' (Piano di Sanificazione); poi LUXPECTORIX+SICURIX applicano il METODO81+; 3) SPYIX causa il pericolo 'Formazione' (Formazione GDPR); poi CHECKIX+SICURIX applicano il METODO81+; 4) MULTIX causa il pericolo 'Nomine' (Nomina Incaricati/Responsabili); poi HYGIENIX+SICURIX applicano il METODO81+; 5) CANCELIX causa il pericolo 'Registro' (Registro dei Trattamenti); poi CHEFIX+SICURIX applicano il METODO81+; 6) NONDPIX causa il pericolo 'Ruolo/RSPP' (RSPP / Datore di Lavoro RSPP); poi CHEFIX+SICURIX applicano il METODO81+; 7) RUMORIX causa il pericolo 'Stress' (Stress Lavoro-Correlato); poi FORMIX+SICURIX applicano il METODO81+; 8) ACQUAIX causa il pericolo 'Infestanti' (Lotta agli Infestanti (Pest Control)); poi PRIVACIX+SICURIX applicano il METODO81+; 9) MESCOLIX causa il pericolo 'Allergeni' (Gestione Allergeni); poi DOCUMIX+SICURIX applicano il METODO81+; 10) CAOSIX causa il pericolo 'Rifiuti' (Gestione Rifiuti e Registro); poi SCUDIX+SICURIX applicano il METODO81+; 11) CAOSIX causa il pericolo 'MMC' (Movimentazione Manuale Carichi); poi PREPOSTIX+SICURIX applicano il METODO81+; 12) NONDPIX causa il pericolo 'Rumore' (Rischio Rumore); poi HYGIENIX+SICURIX applicano il METODO81+. PALETTE BRAND ESCLUSIVA: nero #05050A, bianco panna, arancione #FF6A1A/#E8501A; ROSSO solo per 'PERICOLO', VERDE per la checklist 'Metodo 81+'. Logo '81+' ben visibile in OGNI vignetta. REGOLA STORIA: SICURIX NON agisce mai da solo - in OGNI vignetta di soluzione si fa AIUTARE dai suoi colleghi EROI (lavoro di squadra, ognuno col suo ruolo). TESTO: didascalie e fumetti MOLTO BREVI (1-4 parole), GRANDI, centrati, in ITALIANO con ORTOGRAFIA PERFETTA, senza parole inventate, lettere doppie errate o testo tagliato. CATTIVI (coerenti col canone): IMPROVVISIX, SPORCKIX, SPYIX, MULTIX, CANCELIX, NONDPIX, RUMORIX, ACQUAIX, MESCOLIX, CAOSIX. EROI: PRIVACIX, LUXPECTORIX, CHECKIX, HYGIENIX, CHEFIX, FORMIX, DOCUMIX, SCUDIX, PREPOSTIX. NEGATIVE: nessun marchio LEGO reale, nessun personaggio protetto (Asterix ecc.), niente gore/horror, niente claim assoluti ('rischio zero','garantito','zero multe').",In Manifattura c'e' un obbligo che in tanti scoprono solo con la sanzione,"Quello che l'ispettore controlla per primo in Manifattura (e quasi nessuno lo sa)

In manifattura gli adempimenti obbligatori non aspettano: Ruolo/RLS, Sanificazione, Formazione, Nomine, Registro, Ruolo/RSPP, Stress, Infestanti, Allergeni, Rifiuti, MMC, Rumore. In questa pagina TALES OF SICURIX il PERICOLO prende forma... e il METODO81+ lo rimette in ordine, passo dopo passo. Immagina la scena: prima il caos, poi la checklist che sistema tutto. Chi si mette in regola prima, dorme meglio dopo.
👉 Iscriviti al corso: Corso RLS -> https://81plus.net/?corso=corso-rls
▶️ YouTube: youtube.com/@sicurissimo
Contenuto informativo. Prima vedi. Poi sistemi. 81plus.net",Corso RLS,https://81plus.net/?corso=corso-rls,#TalesOfSicurix #SICURIX #Metodo81 #81plus #Sicurissimo #Sicurezza #HACCP #Privacy #Ambientale #SicurezzaSulLavoro,SICURIX_TALES_310035_4_16_24_23_22_5_11_19_20_26_10_12.webp,https://drive.google.com/drive/folders/1hICKXdl9JTZBL1pemG19oE_661z-EH_k,IMG_ERR
49.31.01,Trasporti/Magazzino,H,Sicurezza+Privacy+Ambientale,11,Rischio Rumore | Registro dei Trattamenti | Attrezzature e Macchine | Formazione Specifica (rischio alto) | Gestione Rifiuti e Registro | Documento Valutazione Rischi (DVR) | Formazione Generale Lavoratori | Addetto Antincendio | Informativa e Consensi | Nomina Incaricati/Responsabili | Addetto Primo Soccorso,D.Lgs81/08 Tit.VIII | GDPR art.30 | D.Lgs81/08 Tit.III | Accordo Stato-Regioni | D.Lgs152/06 | D.Lgs81/08 art.28 | DM 2/9/2021 | GDPR art.13 | GDPR art.28-29 | DM 388/2003,"FORMIX>OBLIVIX, PREPOSTIX>CAOSIX, DOCUMIX>VOLTIX, HYGIENIX>RUMORIX, PRIVACIX>OBLIVIX, PREPOSTIX>IMPROVVISIX, CHECKIX>MULTIX, PRIVACIX>FUMIX, CHEFIX>PERMISSIONIX, SICURIX>PHISHIX, SCUDIX>MULTIX","Crea una PAGINA A FUMETTI a STORIA COMPLETA, verticale A4 (1024x1536), QUALITA' EDITORIALE DA STAMPA, stile ufficiale 'SICURIX TALES' IDENTICO alle immagini di riferimento allegate (stessi personaggi a mattoncini 3D, stessa impaginazione, stessi colori, stesse rese): minifigure espressive, ambientazioni ricche e dettagliate del settore, luci morbide, profondita', bordi vignetta netti. IMPAGINAZIONE OBBLIGATORIA: da 10 a 12 VIGNETTE numerate che raccontano UNA STORIA con arco narrativo completo (1 situazione normale -> 2-4 arrivano i pericoli coi cattivi -> 5-6 tensione/conseguenza -> 7-9 arriva SICURIX con gli eroi e applica il METODO81+ passo per passo -> 10-11 risoluzione ordinata -> 12 finale). HEADER in alto: SICURIX (mantello, medaglione arancione '81+', bussola) che presenta in un fumetto; grande titolo 'SICURIX TALES'; sottotitolo 'TRASPORTI/MAGAZZINO: Pericolo vs Soluzione con Metodo 81+'; legenda 3 voci (verde Sicurezza, rosso Rischio, blu 81+ Soluzione); fila di EROI coi nomi: FORMIX, PREPOSTIX, DOCUMIX, HYGIENIX, PRIVACIX, CHECKIX. FOOTER in basso: grande 'Prima vedi. Poi sistemi.'; banner scudo verde 'PROTEGGIAMO. PREVENIAMO. MIGLIORIAMO.' e triangolo rosso 'DISATTENZIONE. RISCHI. COSTI. CAOS.'; logo '81+' + '81plus.net'. TRAMA (usa questi eventi come vignette; se sono meno di 10 aggiungi vignette di contesto, dialogo e reazione per arrivare a 10-12): 1) OBLIVIX causa il pericolo 'Rumore' (Rischio Rumore); poi FORMIX+SICURIX applicano il METODO81+; 2) CAOSIX causa il pericolo 'Registro' (Registro dei Trattamenti); poi PREPOSTIX+SICURIX applicano il METODO81+; 3) VOLTIX causa il pericolo 'Attrezzature' (Attrezzature e Macchine); poi DOCUMIX+SICURIX applicano il METODO81+; 4) RUMORIX causa il pericolo 'Formazione specifica' (Formazione Specifica (rischio alto)); poi HYGIENIX+SICURIX applicano il METODO81+; 5) OBLIVIX causa il pericolo 'Rifiuti' (Gestione Rifiuti e Registro); poi PRIVACIX+SICURIX applicano il METODO81+; 6) IMPROVVISIX causa il pericolo 'Documento' (Documento Valutazione Rischi (DVR)); poi PREPOSTIX+SICURIX applicano il METODO81+; 7) MULTIX causa il pericolo 'Formazione base' (Formazione Generale Lavoratori); poi CHECKIX+SICURIX applicano il METODO81+; 8) FUMIX causa il pericolo 'Emergenze/Incendio' (Addetto Antincendio); poi PRIVACIX+SICURIX applicano il METODO81+; 9) PERMISSIONIX causa il pericolo 'Documento' (Informativa e Consensi); poi CHEFIX+SICURIX applicano il METODO81+; 10) PHISHIX causa il pericolo 'Nomine' (Nomina Incaricati/Responsabili); poi SICURIX+SICURIX applicano il METODO81+; 11) MULTIX causa il pericolo 'Emergenze/Soccorso' (Addetto Primo Soccorso); poi SCUDIX+SICURIX applicano il METODO81+. PALETTE BRAND ESCLUSIVA: nero #05050A, bianco panna, arancione #FF6A1A/#E8501A; ROSSO solo per 'PERICOLO', VERDE per la checklist 'Metodo 81+'. Logo '81+' ben visibile in OGNI vignetta. REGOLA STORIA: SICURIX NON agisce mai da solo - in OGNI vignetta di soluzione si fa AIUTARE dai suoi colleghi EROI (lavoro di squadra, ognuno col suo ruolo). TESTO: didascalie e fumetti MOLTO BREVI (1-4 parole), GRANDI, centrati, in ITALIANO con ORTOGRAFIA PERFETTA, senza parole inventate, lettere doppie errate o testo tagliato. CATTIVI (coerenti col canone): OBLIVIX, CAOSIX, VOLTIX, RUMORIX, IMPROVVISIX, MULTIX, FUMIX, PERMISSIONIX, PHISHIX. EROI: FORMIX, PREPOSTIX, DOCUMIX, HYGIENIX, PRIVACIX, CHECKIX, CHEFIX, SICURIX, SCUDIX. NEGATIVE: nessun marchio LEGO reale, nessun personaggio protetto (Asterix ecc.), niente gore/horror, niente claim assoluti ('rischio zero','garantito','zero multe').",La differenza tra chi in Trasporti/Magazzino dorme sereno e chi trema al controllo,"Quello che l'ispettore controlla per primo in Trasporti/Magazzino (e quasi nessuno lo sa)

In trasporti/magazzino gli adempimenti obbligatori non aspettano: Rumore, Registro, Attrezzature, Formazione specifica, Rifiuti, Documento, Formazione base, Emergenze/Incendio, Nomine, Emergenze/Soccorso. In questa pagina TALES OF SICURIX il PERICOLO prende forma... e il METODO81+ lo rimette in ordine, passo dopo passo. Immagina la scena: prima il caos, poi la checklist che sistema tutto. Chi si mette in regola prima, dorme meglio dopo.
👉 Iscriviti al corso: Corso RSPP Datore di Lavoro : rischio rumore -> https://81plus.net/?corso=corso-rspp-datore-di-lavoro-rischio-rumore
▶️ YouTube: youtube.com/@sicurissimo
Contenuto informativo. Prima vedi. Poi sistemi. 81plus.net",Corso RSPP Datore di Lavoro : rischio rumore,https://81plus.net/?corso=corso-rspp-datore-di-lavoro-rischio-rumore,#TalesOfSicurix #SICURIX #Metodo81 #81plus #Sicurissimo #Sicurezza #Privacy #Ambientale #SicurezzaSulLavoro,SICURIX_TALES_493101_12_16_13_2_20_0_1_7_15_17_6.webp,https://drive.google.com/drive/folders/1hICKXdl9JTZBL1pemG19oE_661z-EH_k,IMG_ERR
16.23.01,Manifattura,C,Ambientale+Sicurezza+HACCP+Privacy,12,Formazione Ambientale | Formazione Generale Lavoratori | Piano di Sanificazione | Controllo Temperature e Celle | Gestione Rifiuti e Registro | Formazione GDPR | Uso e Formazione DPI | Sorveglianza Sanitaria / Medico Competente | RSPP / Datore di Lavoro RSPP | Rintracciabilita ed Etichettatura | Movimentazione Manuale Carichi | Rappresentante Lavoratori Sicurezza (RLS),D.Lgs152/06 | Accordo Stato-Regioni | Reg.CE 852/2004 | GDPR art.32 | D.Lgs81/08 art.77 | D.Lgs81/08 art.41 | D.Lgs81/08 art.34 | Reg.CE 178/2002 | D.Lgs81/08 Tit.VI | D.Lgs81/08 art.47,"SICURIX>OBLIVIX, PREPOSTIX>FRETTIX, PRIVACIX>TEMPORIX, CHECKIX>ACQUAIX, CONSENSIX>CAOSIX, FORMIX>HACKIX, CHEFIX>SEGNALEX, TRACCIX>BIOXIX, BLINKIX>SOTTOVALUTIX, HYGIENIX>MESCOLIX, BLINKIX>IMPROVVISIX, CONSENSIX>FRETTIX","Crea una PAGINA A FUMETTI a STORIA COMPLETA, verticale A4 (1024x1536), QUALITA' EDITORIALE DA STAMPA, stile ufficiale 'SICURIX TALES' IDENTICO alle immagini di riferimento allegate (stessi personaggi a mattoncini 3D, stessa impaginazione, stessi colori, stesse rese): minifigure espressive, ambientazioni ricche e dettagliate del settore, luci morbide, profondita', bordi vignetta netti. IMPAGINAZIONE OBBLIGATORIA: da 10 a 12 VIGNETTE numerate che raccontano UNA STORIA con arco narrativo completo (1 situazione normale -> 2-4 arrivano i pericoli coi cattivi -> 5-6 tensione/conseguenza -> 7-9 arriva SICURIX con gli eroi e applica il METODO81+ passo per passo -> 10-11 risoluzione ordinata -> 12 finale). HEADER in alto: SICURIX (mantello, medaglione arancione '81+', bussola) che presenta in un fumetto; grande titolo 'SICURIX TALES'; sottotitolo 'MANIFATTURA: Pericolo vs Soluzione con Metodo 81+'; legenda 3 voci (verde Sicurezza, rosso Rischio, blu 81+ Soluzione); fila di EROI coi nomi: SICURIX, PREPOSTIX, PRIVACIX, CHECKIX, CONSENSIX, FORMIX. FOOTER in basso: grande 'Prima vedi. Poi sistemi.'; banner scudo verde 'PROTEGGIAMO. PREVENIAMO. MIGLIORIAMO.' e triangolo rosso 'DISATTENZIONE. RISCHI. COSTI. CAOS.'; logo '81+' + '81plus.net'. TRAMA (usa questi eventi come vignette; se sono meno di 10 aggiungi vignette di contesto, dialogo e reazione per arrivare a 10-12): 1) OBLIVIX causa il pericolo 'Formazione' (Formazione Ambientale); poi SICURIX+SICURIX applicano il METODO81+; 2) FRETTIX causa il pericolo 'Formazione base' (Formazione Generale Lavoratori); poi PREPOSTIX+SICURIX applicano il METODO81+; 3) TEMPORIX causa il pericolo 'Sanificazione' (Piano di Sanificazione); poi PRIVACIX+SICURIX applicano il METODO81+; 4) ACQUAIX causa il pericolo 'Temperature' (Controllo Temperature e Celle); poi CHECKIX+SICURIX applicano il METODO81+; 5) CAOSIX causa il pericolo 'Rifiuti' (Gestione Rifiuti e Registro); poi CONSENSIX+SICURIX applicano il METODO81+; 6) HACKIX causa il pericolo 'Formazione' (Formazione GDPR); poi FORMIX+SICURIX applicano il METODO81+; 7) SEGNALEX causa il pericolo 'DPI' (Uso e Formazione DPI); poi CHEFIX+SICURIX applicano il METODO81+; 8) BIOXIX causa il pericolo 'Sorveglianza sanitaria' (Sorveglianza Sanitaria / Medico Competente); poi TRACCIX+SICURIX applicano il METODO81+; 9) SOTTOVALUTIX causa il pericolo 'Ruolo/RSPP' (RSPP / Datore di Lavoro RSPP); poi BLINKIX+SICURIX applicano il METODO81+; 10) MESCOLIX causa il pericolo 'Rintracciabilita' (Rintracciabilita ed Etichettatura); poi HYGIENIX+SICURIX applicano il METODO81+; 11) IMPROVVISIX causa il pericolo 'MMC' (Movimentazione Manuale Carichi); poi BLINKIX+SICURIX applicano il METODO81+; 12) FRETTIX causa il pericolo 'Ruolo/RLS' (Rappresentante Lavoratori Sicurezza (RLS)); poi CONSENSIX+SICURIX applicano il METODO81+. PALETTE BRAND ESCLUSIVA: nero #05050A, bianco panna, arancione #FF6A1A/#E8501A; ROSSO solo per 'PERICOLO', VERDE per la checklist 'Metodo 81+'. Logo '81+' ben visibile in OGNI vignetta. REGOLA STORIA: SICURIX NON agisce mai da solo - in OGNI vignetta di soluzione si fa AIUTARE dai suoi colleghi EROI (lavoro di squadra, ognuno col suo ruolo). TESTO: didascalie e fumetti MOLTO BREVI (1-4 parole), GRANDI, centrati, in ITALIANO con ORTOGRAFIA PERFETTA, senza parole inventate, lettere doppie errate o testo tagliato. CATTIVI (coerenti col canone): OBLIVIX, FRETTIX, TEMPORIX, ACQUAIX, CAOSIX, HACKIX, SEGNALEX, BIOXIX, SOTTOVALUTIX, MESCOLIX, IMPROVVISIX. EROI: SICURIX, PREPOSTIX, PRIVACIX, CHECKIX, CONSENSIX, FORMIX, CHEFIX, TRACCIX, BLINKIX, HYGIENIX. NEGATIVE: nessun marchio LEGO reale, nessun personaggio protetto (Asterix ecc.), niente gore/horror, niente claim assoluti ('rischio zero','garantito','zero multe').",Manifattura: 3 minuti oggi o un problema enorme domani. Scegli tu.,"In Manifattura c'e' un obbligo che in tanti scoprono solo con la sanzione

In manifattura gli adempimenti obbligatori non aspettano: Formazione, Formazione base, Sanificazione, Temperature, Rifiuti, DPI, Sorveglianza sanitaria, Ruolo/RSPP, Rintracciabilita, MMC, Ruolo/RLS. In questa pagina TALES OF SICURIX il PERICOLO prende forma... e il METODO81+ lo rimette in ordine, passo dopo passo. Immagina la scena: prima il caos, poi la checklist che sistema tutto. La regola c'e' gia': tu falla lavorare per te.
👉 Iscriviti al corso: Preposto incaricato alla gestione ambientale nei cantieri - 16 ore -> https://81plus.net/?corso=preposto-incaricato-alla-gestione-ambientale-nei-cantieri-16
▶️ YouTube: youtube.com/@sicurissimo
Contenuto informativo. Prima vedi. Poi sistemi. 81plus.net",Preposto incaricato alla gestione ambientale nei cantieri - 16 ore,https://81plus.net/?corso=preposto-incaricato-alla-gestione-ambientale-nei-cantieri-16,#TalesOfSicurix #SICURIX #Metodo81 #81plus #Sicurissimo #Ambientale #Sicurezza #HACCP #Privacy #SicurezzaSulLavoro,SICURIX_TALES_162301_27_1_16_18_26_24_8_9_5_17_10_4.webp,https://drive.google.com/drive/folders/1hICKXdl9JTZBL1pemG19oE_661z-EH_k,IMG_ERR
21.20.09,Manifattura,C,HACCP+Sicurezza+Ambientale,10,Controllo Temperature e Celle | Lotta agli Infestanti (Pest Control) | RSPP / Datore di Lavoro RSPP | Formazione Generale Lavoratori | Rischio Chimico | Documento Valutazione Rischi (DVR) | Attrezzature e Macchine | Uso e Formazione DPI | Movimentazione Manuale Carichi | Gestione Rifiuti e Registro,Reg.CE 852/2004 | D.Lgs81/08 art.34 | Accordo Stato-Regioni | D.Lgs81/08 Tit.IX | D.Lgs81/08 art.28 | D.Lgs81/08 Tit.III | D.Lgs81/08 art.77 | D.Lgs81/08 Tit.VI | D.Lgs152/06,"CHEFIX>CAOSIX, CHEFIX>FRETTIX, BLINKIX>SEGNALEX, BLINKIX>RUMORIX, CHECKIX>VOLTIX, CIFRIX>FRETTIX, BLINKIX>NONDPIX, SICURIX>SOTTOVALUTIX, CHEFIX>SOTTOVALUTIX, ROBOTIX81>IMPROVVISIX","Crea una PAGINA A FUMETTI a STORIA COMPLETA, verticale A4 (1024x1536), QUALITA' EDITORIALE DA STAMPA, stile ufficiale 'SICURIX TALES' IDENTICO alle immagini di riferimento allegate (stessi personaggi a mattoncini 3D, stessa impaginazione, stessi colori, stesse rese): minifigure espressive, ambientazioni ricche e dettagliate del settore, luci morbide, profondita', bordi vignetta netti. IMPAGINAZIONE OBBLIGATORIA: da 10 a 12 VIGNETTE numerate che raccontano UNA STORIA con arco narrativo completo (1 situazione normale -> 2-4 arrivano i pericoli coi cattivi -> 5-6 tensione/conseguenza -> 7-9 arriva SICURIX con gli eroi e applica il METODO81+ passo per passo -> 10-11 risoluzione ordinata -> 12 finale). HEADER in alto: SICURIX (mantello, medaglione arancione '81+', bussola) che presenta in un fumetto; grande titolo 'SICURIX TALES'; sottotitolo 'MANIFATTURA: Pericolo vs Soluzione con Metodo 81+'; legenda 3 voci (verde Sicurezza, rosso Rischio, blu 81+ Soluzione); fila di EROI coi nomi: CHEFIX, BLINKIX, CHECKIX, CIFRIX, SICURIX, ROBOTIX81. FOOTER in basso: grande 'Prima vedi. Poi sistemi.'; banner scudo verde 'PROTEGGIAMO. PREVENIAMO. MIGLIORIAMO.' e triangolo rosso 'DISATTENZIONE. RISCHI. COSTI. CAOS.'; logo '81+' + '81plus.net'. TRAMA (usa questi eventi come vignette; se sono meno di 10 aggiungi vignette di contesto, dialogo e reazione per arrivare a 10-12): 1) CAOSIX causa il pericolo 'Temperature' (Controllo Temperature e Celle); poi CHEFIX+SICURIX applicano il METODO81+; 2) FRETTIX causa il pericolo 'Infestanti' (Lotta agli Infestanti (Pest Control)); poi CHEFIX+SICURIX applicano il METODO81+; 3) SEGNALEX causa il pericolo 'Ruolo/RSPP' (RSPP / Datore di Lavoro RSPP); poi BLINKIX+SICURIX applicano il METODO81+; 4) RUMORIX causa il pericolo 'Formazione base' (Formazione Generale Lavoratori); poi BLINKIX+SICURIX applicano il METODO81+; 5) VOLTIX causa il pericolo 'Rischio chimico' (Rischio Chimico); poi CHECKIX+SICURIX applicano il METODO81+; 6) FRETTIX causa il pericolo 'Documento' (Documento Valutazione Rischi (DVR)); poi CIFRIX+SICURIX applicano il METODO81+; 7) NONDPIX causa il pericolo 'Attrezzature' (Attrezzature e Macchine); poi BLINKIX+SICURIX applicano il METODO81+; 8) SOTTOVALUTIX causa il pericolo 'DPI' (Uso e Formazione DPI); poi SICURIX+SICURIX applicano il METODO81+; 9) SOTTOVALUTIX causa il pericolo 'MMC' (Movimentazione Manuale Carichi); poi CHEFIX+SICURIX applicano il METODO81+; 10) IMPROVVISIX causa il pericolo 'Rifiuti' (Gestione Rifiuti e Registro); poi ROBOTIX81+SICURIX applicano il METODO81+. PALETTE BRAND ESCLUSIVA: nero #05050A, bianco panna, arancione #FF6A1A/#E8501A; ROSSO solo per 'PERICOLO', VERDE per la checklist 'Metodo 81+'. Logo '81+' ben visibile in OGNI vignetta. REGOLA STORIA: SICURIX NON agisce mai da solo - in OGNI vignetta di soluzione si fa AIUTARE dai suoi colleghi EROI (lavoro di squadra, ognuno col suo ruolo). TESTO: didascalie e fumetti MOLTO BREVI (1-4 parole), GRANDI, centrati, in ITALIANO con ORTOGRAFIA PERFETTA, senza parole inventate, lettere doppie errate o testo tagliato. CATTIVI (coerenti col canone): CAOSIX, FRETTIX, SEGNALEX, RUMORIX, VOLTIX, NONDPIX, SOTTOVALUTIX, IMPROVVISIX. EROI: CHEFIX, BLINKIX, CHECKIX, CIFRIX, SICURIX, ROBOTIX81. NEGATIVE: nessun marchio LEGO reale, nessun personaggio protetto (Asterix ecc.), niente gore/horror, niente claim assoluti ('rischio zero','garantito','zero multe').",Manifattura: 3 minuti oggi o un problema enorme domani. Scegli tu.,"Quello che l'ispettore controlla per primo in Manifattura (e quasi nessuno lo sa)

In manifattura gli adempimenti obbligatori non aspettano: Temperature, Infestanti, Ruolo/RSPP, Formazione base, Rischio chimico, Documento, Attrezzature, DPI, MMC, Rifiuti. In questa pagina TALES OF SICURIX il PERICOLO prende forma... e il METODO81+ lo rimette in ordine, passo dopo passo. Immagina la scena: prima il caos, poi la checklist che sistema tutto. La regola c'e' gia': tu falla lavorare per te.
👉 Iscriviti al corso: Le esecuzioni civili, le procedure concorsuali e i servizi di cancelleria -> https://81plus.net/?corso=le-esecuzioni-civili-le-procedure-concorsuali-e-i-servizi-di
▶️ YouTube: youtube.com/@sicurissimo
Contenuto informativo. Prima vedi. Poi sistemi. 81plus.net","Le esecuzioni civili, le procedure concorsuali e i servizi di cancelleria",https://81plus.net/?corso=le-esecuzioni-civili-le-procedure-concorsuali-e-i-servizi-di,#TalesOfSicurix #SICURIX #Metodo81 #81plus #Sicurissimo #HACCP #Sicurezza #Ambientale #SicurezzaSulLavoro,SICURIX_TALES_212009_19_20_5_1_14_0_13_8_10_27.webp,https://drive.google.com/drive/folders/1hICKXdl9JTZBL1pemG19oE_661z-EH_k,IMG_ERR
24.53.01,Manifattura,C,Privacy+Ambientale+HACCP+Sicurezza,10,Procedura Data Breach | Formazione Ambientale | Corso Alimentarista | Sorveglianza Sanitaria / Medico Competente | RSPP / Datore di Lavoro RSPP | Gestione Rifiuti e Registro | Manuale HACCP di Autocontrollo | Formazione Generale Lavoratori | Attrezzature e Macchine | Uso e Formazione DPI,GDPR art.33-34 | D.Lgs152/06 | Reg.CE 852/2004 | D.Lgs81/08 art.41 | D.Lgs81/08 art.34 | Accordo Stato-Regioni | D.Lgs81/08 Tit.III | D.Lgs81/08 art.77,"HYGIENIX>OBLIVIX, CHEFIX>IMPROVVISIX, TRACCIX>ACQUAIX, CHECKIX>RUMORIX, CHEFIX>FUMIX, CONSENSIX>IMPROVVISIX, ROBOTIX81>MULTIX, PREPOSTIX>CADUTIX, BLINKIX>NONDPIX, BLINKIX>BIOXIX","Crea una PAGINA A FUMETTI a STORIA COMPLETA, verticale A4 (1024x1536), QUALITA' EDITORIALE DA STAMPA, stile ufficiale 'SICURIX TALES' IDENTICO alle immagini di riferimento allegate (stessi personaggi a mattoncini 3D, stessa impaginazione, stessi colori, stesse rese): minifigure espressive, ambientazioni ricche e dettagliate del settore, luci morbide, profondita', bordi vignetta netti. IMPAGINAZIONE OBBLIGATORIA: da 10 a 12 VIGNETTE numerate che raccontano UNA STORIA con arco narrativo completo (1 situazione normale -> 2-4 arrivano i pericoli coi cattivi -> 5-6 tensione/conseguenza -> 7-9 arriva SICURIX con gli eroi e applica il METODO81+ passo per passo -> 10-11 risoluzione ordinata -> 12 finale). HEADER in alto: SICURIX (mantello, medaglione arancione '81+', bussola) che presenta in un fumetto; grande titolo 'SICURIX TALES'; sottotitolo 'MANIFATTURA: Pericolo vs Soluzione con Metodo 81+'; legenda 3 voci (verde Sicurezza, rosso Rischio, blu 81+ Soluzione); fila di EROI coi nomi: HYGIENIX, CHEFIX, TRACCIX, CHECKIX, CONSENSIX, ROBOTIX81. FOOTER in basso: grande 'Prima vedi. Poi sistemi.'; banner scudo verde 'PROTEGGIAMO. PREVENIAMO. MIGLIORIAMO.' e triangolo rosso 'DISATTENZIONE. RISCHI. COSTI. CAOS.'; logo '81+' + '81plus.net'. TRAMA (usa questi eventi come vignette; se sono meno di 10 aggiungi vignette di contesto, dialogo e reazione per arrivare a 10-12): 1) OBLIVIX causa il pericolo 'Data breach' (Procedura Data Breach); poi HYGIENIX+SICURIX applicano il METODO81+; 2) IMPROVVISIX causa il pericolo 'Formazione' (Formazione Ambientale); poi CHEFIX+SICURIX applicano il METODO81+; 3) ACQUAIX causa il pericolo 'Corso' (Corso Alimentarista); poi TRACCIX+SICURIX applicano il METODO81+; 4) RUMORIX causa il pericolo 'Sorveglianza sanitaria' (Sorveglianza Sanitaria / Medico Competente); poi CHECKIX+SICURIX applicano il METODO81+; 5) FUMIX causa il pericolo 'Ruolo/RSPP' (RSPP / Datore di Lavoro RSPP); poi CHEFIX+SICURIX applicano il METODO81+; 6) IMPROVVISIX causa il pericolo 'Rifiuti' (Gestione Rifiuti e Registro); poi CONSENSIX+SICURIX applicano il METODO81+; 7) MULTIX causa il pericolo 'Documento' (Manuale HACCP di Autocontrollo); poi ROBOTIX81+SICURIX applicano il METODO81+; 8) CADUTIX causa il pericolo 'Formazione base' (Formazione Generale Lavoratori); poi PREPOSTIX+SICURIX applicano il METODO81+; 9) NONDPIX causa il pericolo 'Attrezzature' (Attrezzature e Macchine); poi BLINKIX+SICURIX applicano il METODO81+; 10) BIOXIX causa il pericolo 'DPI' (Uso e Formazione DPI); poi BLINKIX+SICURIX applicano il METODO81+. PALETTE BRAND ESCLUSIVA: nero #05050A, bianco panna, arancione #FF6A1A/#E8501A; ROSSO solo per 'PERICOLO', VERDE per la checklist 'Metodo 81+'. Logo '81+' ben visibile in OGNI vignetta. REGOLA STORIA: SICURIX NON agisce mai da solo - in OGNI vignetta di soluzione si fa AIUTARE dai suoi colleghi EROI (lavoro di squadra, ognuno col suo ruolo). TESTO: didascalie e fumetti MOLTO BREVI (1-4 parole), GRANDI, centrati, in ITALIANO con ORTOGRAFIA PERFETTA, senza parole inventate, lettere doppie errate o testo tagliato. CATTIVI (coerenti col canone): OBLIVIX, IMPROVVISIX, ACQUAIX, RUMORIX, FUMIX, MULTIX, CADUTIX, NONDPIX, BIOXIX. EROI: HYGIENIX, CHEFIX, TRACCIX, CHECKIX, CONSENSIX, ROBOTIX81, PREPOSTIX, BLINKIX. NEGATIVE: nessun marchio LEGO reale, nessun personaggio protetto (Asterix ecc.), niente gore/horror, niente claim assoluti ('rischio zero','garantito','zero multe').",In Manifattura c'e' un obbligo che in tanti scoprono solo con la sanzione,"La differenza tra chi in Manifattura dorme sereno e chi trema al controllo

In manifattura gli adempimenti obbligatori non aspettano: Data breach, Formazione, Corso, Sorveglianza sanitaria, Ruolo/RSPP, Rifiuti, Documento, Formazione base, Attrezzature, DPI. In questa pagina TALES OF SICURIX il PERICOLO prende forma... e il METODO81+ lo rimette in ordine, passo dopo passo. Immagina la scena: prima il caos, poi la checklist che sistema tutto. Non e' burocrazia: e' la tua tranquillita.
👉 Iscriviti al corso: Corso privacy destinato ai lavoratori -> https://81plus.net/?corso=corso-privacy-destinato-ai-lavoratori
▶️ YouTube: youtube.com/@sicurissimo
Contenuto informativo. Prima vedi. Poi sistemi. 81plus.net",Corso privacy destinato ai lavoratori,https://81plus.net/?corso=corso-privacy-destinato-ai-lavoratori,#TalesOfSicurix #SICURIX #Metodo81 #81plus #Sicurissimo #Privacy #Ambientale #HACCP #Sicurezza #SicurezzaSulLavoro,SICURIX_TALES_245301_25_27_15_9_5_26_14_1_13_8.webp,https://drive.google.com/drive/folders/1hICKXdl9JTZBL1pemG19oE_661z-EH_k,IMG_ERR
59.12.00,ICT/Informazione,J,Sicurezza+Privacy,11,Formazione Specifica (rischio basso) | Documento Valutazione Rischi (DVR) | Addetto Antincendio | RSPP / Datore di Lavoro RSPP | Formazione Preposto | Informativa e Consensi | Nomina Incaricati/Responsabili | Addetto Primo Soccorso | Procedura Data Breach | Rappresentante Lavoratori Sicurezza (RLS) | Formazione Generale Lavoratori,Accordo Stato-Regioni | D.Lgs81/08 art.28 | DM 2/9/2021 | D.Lgs81/08 art.34 | D.Lgs81/08 art.37 | GDPR art.13 | GDPR art.28-29 | DM 388/2003 | GDPR art.33-34 | D.Lgs81/08 art.47,"CONSENSIX>BIOXIX, BLINKIX>RUMORIX, SCUDIX>BIOXIX, CIFRIX>ØTIX, DOCUMIX>FRETTIX, FORMIX>HACKIX, CONSENSIX>OBLIVIX, CIFRIX>MULTIX, CONSENSIX>MULTIX, CIFRIX>CAOSIX, TRACCIX>TAGLIX","Crea una PAGINA A FUMETTI a STORIA COMPLETA, verticale A4 (1024x1536), QUALITA' EDITORIALE DA STAMPA, stile ufficiale 'SICURIX TALES' IDENTICO alle immagini di riferimento allegate (stessi personaggi a mattoncini 3D, stessa impaginazione, stessi colori, stesse rese): minifigure espressive, ambientazioni ricche e dettagliate del settore, luci morbide, profondita', bordi vignetta netti. IMPAGINAZIONE OBBLIGATORIA: da 10 a 12 VIGNETTE numerate che raccontano UNA STORIA con arco narrativo completo (1 situazione normale -> 2-4 arrivano i pericoli coi cattivi -> 5-6 tensione/conseguenza -> 7-9 arriva SICURIX con gli eroi e applica il METODO81+ passo per passo -> 10-11 risoluzione ordinata -> 12 finale). HEADER in alto: SICURIX (mantello, medaglione arancione '81+', bussola) che presenta in un fumetto; grande titolo 'SICURIX TALES'; sottotitolo 'ICT/INFORMAZIONE: Pericolo vs Soluzione con Metodo 81+'; legenda 3 voci (verde Sicurezza, rosso Rischio, blu 81+ Soluzione); fila di EROI coi nomi: CONSENSIX, BLINKIX, SCUDIX, CIFRIX, DOCUMIX, FORMIX. FOOTER in basso: grande 'Prima vedi. Poi sistemi.'; banner scudo verde 'PROTEGGIAMO. PREVENIAMO. MIGLIORIAMO.' e triangolo rosso 'DISATTENZIONE. RISCHI. COSTI. CAOS.'; logo '81+' + '81plus.net'. TRAMA (usa questi eventi come vignette; se sono meno di 10 aggiungi vignette di contesto, dialogo e reazione per arrivare a 10-12): 1) BIOXIX causa il pericolo 'Formazione specifica' (Formazione Specifica (rischio basso)); poi CONSENSIX+SICURIX applicano il METODO81+; 2) RUMORIX causa il pericolo 'Documento' (Documento Valutazione Rischi (DVR)); poi BLINKIX+SICURIX applicano il METODO81+; 3) BIOXIX causa il pericolo 'Emergenze/Incendio' (Addetto Antincendio); poi SCUDIX+SICURIX applicano il METODO81+; 4) ØTIX causa il pericolo 'Ruolo/RSPP' (RSPP / Datore di Lavoro RSPP); poi CIFRIX+SICURIX applicano il METODO81+; 5) FRETTIX causa il pericolo 'Ruolo/Preposto' (Formazione Preposto); poi DOCUMIX+SICURIX applicano il METODO81+; 6) HACKIX causa il pericolo 'Documento' (Informativa e Consensi); poi FORMIX+SICURIX applicano il METODO81+; 7) OBLIVIX causa il pericolo 'Nomine' (Nomina Incaricati/Responsabili); poi CONSENSIX+SICURIX applicano il METODO81+; 8) MULTIX causa il pericolo 'Emergenze/Soccorso' (Addetto Primo Soccorso); poi CIFRIX+SICURIX applicano il METODO81+; 9) MULTIX causa il pericolo 'Data breach' (Procedura Data Breach); poi CONSENSIX+SICURIX applicano il METODO81+; 10) CAOSIX causa il pericolo 'Ruolo/RLS' (Rappresentante Lavoratori Sicurezza (RLS)); poi CIFRIX+SICURIX applicano il METODO81+; 11) TAGLIX causa il pericolo 'Formazione base' (Formazione Generale Lavoratori); poi TRACCIX+SICURIX applicano il METODO81+. PALETTE BRAND ESCLUSIVA: nero #05050A, bianco panna, arancione #FF6A1A/#E8501A; ROSSO solo per 'PERICOLO', VERDE per la checklist 'Metodo 81+'. Logo '81+' ben visibile in OGNI vignetta. REGOLA STORIA: SICURIX NON agisce mai da solo - in OGNI vignetta di soluzione si fa AIUTARE dai suoi colleghi EROI (lavoro di squadra, ognuno col suo ruolo). TESTO: didascalie e fumetti MOLTO BREVI (1-4 parole), GRANDI, centrati, in ITALIANO con ORTOGRAFIA PERFETTA, senza parole inventate, lettere doppie errate o testo tagliato. CATTIVI (coerenti col canone): BIOXIX, RUMORIX, ØTIX, FRETTIX, HACKIX, OBLIVIX, MULTIX, CAOSIX, TAGLIX. EROI: CONSENSIX, BLINKIX, SCUDIX, CIFRIX, DOCUMIX, FORMIX, TRACCIX. NEGATIVE: nessun marchio LEGO reale, nessun personaggio protetto (Asterix ecc.), niente gore/horror, niente claim assoluti ('rischio zero','garantito','zero multe').",ICT/Informazione: 3 minuti oggi o un problema enorme domani. Scegli tu.,"La differenza tra chi in ICT/Informazione dorme sereno e chi trema al controllo

In ict/informazione gli adempimenti obbligatori non aspettano: Formazione specifica, Documento, Emergenze/Incendio, Ruolo/RSPP, Ruolo/Preposto, Nomine, Emergenze/Soccorso, Data breach, Ruolo/RLS, Formazione base. In questa pagina TALES OF SICURIX il PERICOLO prende forma... e il METODO81+ lo rimette in ordine, passo dopo passo. Immagina la scena: prima il caos, poi la checklist che sistema tutto. La regola c'e' gia': tu falla lavorare per te.
👉 Iscriviti al corso: Corso lavoratore parte GENERALE 4 ore -> https://81plus.net/?corso=corso-lavoratore-parte-generale-4-ore
▶️ YouTube: youtube.com/@sicurissimo
Contenuto informativo. Prima vedi. Poi sistemi. 81plus.net",Corso lavoratore parte GENERALE 4 ore,https://81plus.net/?corso=corso-lavoratore-parte-generale-4-ore,#TalesOfSicurix #SICURIX #Metodo81 #81plus #Sicurissimo #Sicurezza #Privacy #SicurezzaSulLavoro,SICURIX_TALES_591200_2_0_7_5_3_9_11_6_13_4_1.webp,https://drive.google.com/drive/folders/1hICKXdl9JTZBL1pemG19oE_661z-EH_k,IMG_ERR
27.20.00,Manifattura,C,Ambientale+Sicurezza+Privacy+HACCP,10,Formazione Ambientale | Formazione Preposto | Stress Lavoro-Correlato | Movimentazione Manuale Carichi | Addetto Antincendio | Formazione GDPR | Documento Valutazione Rischi (DVR) | Corso Alimentarista | Addetto Primo Soccorso | Formazione Generale Lavoratori,D.Lgs152/06 | D.Lgs81/08 art.37 | D.Lgs81/08 art.28 | D.Lgs81/08 Tit.VI | DM 2/9/2021 | GDPR art.32 | Reg.CE 852/2004 | DM 388/2003 | Accordo Stato-Regioni,"BLINKIX>IMPROVVISIX, SICURIX>CAOSIX, CONSENSIX>VIBRIX, TRACCIX>TAGLIX, SCUDIX>IMPROVVISIX, FORMIX>SPYIX, TRACCIX>NONDPIX, CONSENSIX>MESCOLIX, FORMIX>TAGLIX, CONSENSIX>MULTIX","Crea una PAGINA A FUMETTI a STORIA COMPLETA, verticale A4 (1024x1536), QUALITA' EDITORIALE DA STAMPA, stile ufficiale 'SICURIX TALES' IDENTICO alle immagini di riferimento allegate (stessi personaggi a mattoncini 3D, stessa impaginazione, stessi colori, stesse rese): minifigure espressive, ambientazioni ricche e dettagliate del settore, luci morbide, profondita', bordi vignetta netti. IMPAGINAZIONE OBBLIGATORIA: da 10 a 12 VIGNETTE numerate che raccontano UNA STORIA con arco narrativo completo (1 situazione normale -> 2-4 arrivano i pericoli coi cattivi -> 5-6 tensione/conseguenza -> 7-9 arriva SICURIX con gli eroi e applica il METODO81+ passo per passo -> 10-11 risoluzione ordinata -> 12 finale). HEADER in alto: SICURIX (mantello, medaglione arancione '81+', bussola) che presenta in un fumetto; grande titolo 'SICURIX TALES'; sottotitolo 'MANIFATTURA: Pericolo vs Soluzione con Metodo 81+'; legenda 3 voci (verde Sicurezza, rosso Rischio, blu 81+ Soluzione); fila di EROI coi nomi: BLINKIX, SICURIX, CONSENSIX, TRACCIX, SCUDIX, FORMIX. FOOTER in basso: grande 'Prima vedi. Poi sistemi.'; banner scudo verde 'PROTEGGIAMO. PREVENIAMO. MIGLIORIAMO.' e triangolo rosso 'DISATTENZIONE. RISCHI. COSTI. CAOS.'; logo '81+' + '81plus.net'. TRAMA (usa questi eventi come vignette; se sono meno di 10 aggiungi vignette di contesto, dialogo e reazione per arrivare a 10-12): 1) IMPROVVISIX causa il pericolo 'Formazione' (Formazione Ambientale); poi BLINKIX+SICURIX applicano il METODO81+; 2) CAOSIX causa il pericolo 'Ruolo/Preposto' (Formazione Preposto); poi SICURIX+SICURIX applicano il METODO81+; 3) VIBRIX causa il pericolo 'Stress' (Stress Lavoro-Correlato); poi CONSENSIX+SICURIX applicano il METODO81+; 4) TAGLIX causa il pericolo 'MMC' (Movimentazione Manuale Carichi); poi TRACCIX+SICURIX applicano il METODO81+; 5) IMPROVVISIX causa il pericolo 'Emergenze/Incendio' (Addetto Antincendio); poi SCUDIX+SICURIX applicano il METODO81+; 6) SPYIX causa il pericolo 'Formazione' (Formazione GDPR); poi FORMIX+SICURIX applicano il METODO81+; 7) NONDPIX causa il pericolo 'Documento' (Documento Valutazione Rischi (DVR)); poi TRACCIX+SICURIX applicano il METODO81+; 8) MESCOLIX causa il pericolo 'Corso' (Corso Alimentarista); poi CONSENSIX+SICURIX applicano il METODO81+; 9) TAGLIX causa il pericolo 'Emergenze/Soccorso' (Addetto Primo Soccorso); poi FORMIX+SICURIX applicano il METODO81+; 10) MULTIX causa il pericolo 'Formazione base' (Formazione Generale Lavoratori); poi CONSENSIX+SICURIX applicano il METODO81+. PALETTE BRAND ESCLUSIVA: nero #05050A, bianco panna, arancione #FF6A1A/#E8501A; ROSSO solo per 'PERICOLO', VERDE per la checklist 'Metodo 81+'. Logo '81+' ben visibile in OGNI vignetta. REGOLA STORIA: SICURIX NON agisce mai da solo - in OGNI vignetta di soluzione si fa AIUTARE dai suoi colleghi EROI (lavoro di squadra, ognuno col suo ruolo). TESTO: didascalie e fumetti MOLTO BREVI (1-4 parole), GRANDI, centrati, in ITALIANO con ORTOGRAFIA PERFETTA, senza parole inventate, lettere doppie errate o testo tagliato. CATTIVI (coerenti col canone): IMPROVVISIX, CAOSIX, VIBRIX, TAGLIX, SPYIX, NONDPIX, MESCOLIX, MULTIX. EROI: BLINKIX, SICURIX, CONSENSIX, TRACCIX, SCUDIX, FORMIX. NEGATIVE: nessun marchio LEGO reale, nessun personaggio protetto (Asterix ecc.), niente gore/horror, niente claim assoluti ('rischio zero','garantito','zero multe').",In Manifattura c'e' un obbligo che in tanti scoprono solo con la sanzione,"In Manifattura non e' 'se' arriva il controllo, e' 'quando'. Sei pronto?

In manifattura gli adempimenti obbligatori non aspettano: Formazione, Ruolo/Preposto, Stress, MMC, Emergenze/Incendio, Documento, Corso, Emergenze/Soccorso, Formazione base. In questa pagina TALES OF SICURIX il PERICOLO prende forma... e il METODO81+ lo rimette in ordine, passo dopo passo. Immagina la scena: prima il caos, poi la checklist che sistema tutto. Non e' burocrazia: e' la tua tranquillita.
👉 Iscriviti al corso: Preposto incaricato alla gestione ambientale nei cantieri - 16 ore -> https://81plus.net/?corso=preposto-incaricato-alla-gestione-ambientale-nei-cantieri-16
▶️ YouTube: youtube.com/@sicurissimo
Contenuto informativo. Prima vedi. Poi sistemi. 81plus.net",Preposto incaricato alla gestione ambientale nei cantieri - 16 ore,https://81plus.net/?corso=preposto-incaricato-alla-gestione-ambientale-nei-cantieri-16,#TalesOfSicurix #SICURIX #Metodo81 #81plus #Sicurissimo #Ambientale #Sicurezza #Privacy #HACCP #SicurezzaSulLavoro,SICURIX_TALES_272000_27_3_11_10_7_24_0_15_6_1.webp,https://drive.google.com/drive/folders/1hICKXdl9JTZBL1pemG19oE_661z-EH_k,IMG_ERR
68.20.02,Attivita professionali,M,Privacy+Sicurezza,11,Informativa e Consensi | Formazione Preposto | Registro dei Trattamenti | Documento Valutazione Rischi (DVR) | RSPP / Datore di Lavoro RSPP | Formazione Generale Lavoratori | Formazione GDPR | Addetto Antincendio | Uso e Formazione DPI | Procedura Data Breach | Rappresentante Lavoratori Sicurezza (RLS),GDPR art.13 | D.Lgs81/08 art.37 | GDPR art.30 | D.Lgs81/08 art.28 | D.Lgs81/08 art.34 | Accordo Stato-Regioni | GDPR art.32 | DM 2/9/2021 | D.Lgs81/08 art.77 | GDPR art.33-34 | D.Lgs81/08 art.47,"DOCUMIX>CANCELIX, CHECKIX>CADUTIX, BLINKIX>RISKIX, DOCUMIX>OBLIVIX, TRACCIX>SCHIACCIX, CHEFIX>SOTTOVALUTIX, BLINKIX>PHISHIX, ROBOTIX81>IMPROVVISIX, CHEFIX>CHIMIKIX, ROBOTIX81>IMPROVVISIX, LUXPECTORIX>SCIVOLIX","Crea una PAGINA A FUMETTI a STORIA COMPLETA, verticale A4 (1024x1536), QUALITA' EDITORIALE DA STAMPA, stile ufficiale 'SICURIX TALES' IDENTICO alle immagini di riferimento allegate (stessi personaggi a mattoncini 3D, stessa impaginazione, stessi colori, stesse rese): minifigure espressive, ambientazioni ricche e dettagliate del settore, luci morbide, profondita', bordi vignetta netti. IMPAGINAZIONE OBBLIGATORIA: da 10 a 12 VIGNETTE numerate che raccontano UNA STORIA con arco narrativo completo (1 situazione normale -> 2-4 arrivano i pericoli coi cattivi -> 5-6 tensione/conseguenza -> 7-9 arriva SICURIX con gli eroi e applica il METODO81+ passo per passo -> 10-11 risoluzione ordinata -> 12 finale). HEADER in alto: SICURIX (mantello, medaglione arancione '81+', bussola) che presenta in un fumetto; grande titolo 'SICURIX TALES'; sottotitolo 'ATTIVITA PROFESSIONALI: Pericolo vs Soluzione con Metodo 81+'; legenda 3 voci (verde Sicurezza, rosso Rischio, blu 81+ Soluzione); fila di EROI coi nomi: DOCUMIX, CHECKIX, BLINKIX, TRACCIX, CHEFIX, ROBOTIX81. FOOTER in basso: grande 'Prima vedi. Poi sistemi.'; banner scudo verde 'PROTEGGIAMO. PREVENIAMO. MIGLIORIAMO.' e triangolo rosso 'DISATTENZIONE. RISCHI. COSTI. CAOS.'; logo '81+' + '81plus.net'. TRAMA (usa questi eventi come vignette; se sono meno di 10 aggiungi vignette di contesto, dialogo e reazione per arrivare a 10-12): 1) CANCELIX causa il pericolo 'Documento' (Informativa e Consensi); poi DOCUMIX+SICURIX applicano il METODO81+; 2) CADUTIX causa il pericolo 'Ruolo/Preposto' (Formazione Preposto); poi CHECKIX+SICURIX applicano il METODO81+; 3) RISKIX causa il pericolo 'Registro' (Registro dei Trattamenti); poi BLINKIX+SICURIX applicano il METODO81+; 4) OBLIVIX causa il pericolo 'Documento' (Documento Valutazione Rischi (DVR)); poi DOCUMIX+SICURIX applicano il METODO81+; 5) SCHIACCIX causa il pericolo 'Ruolo/RSPP' (RSPP / Datore di Lavoro RSPP); poi TRACCIX+SICURIX applicano il METODO81+; 6) SOTTOVALUTIX causa il pericolo 'Formazione base' (Formazione Generale Lavoratori); poi CHEFIX+SICURIX applicano il METODO81+; 7) PHISHIX causa il pericolo 'Formazione' (Formazione GDPR); poi BLINKIX+SICURIX applicano il METODO81+; 8) IMPROVVISIX causa il pericolo 'Emergenze/Incendio' (Addetto Antincendio); poi ROBOTIX81+SICURIX applicano il METODO81+; 9) CHIMIKIX causa il pericolo 'DPI' (Uso e Formazione DPI); poi CHEFIX+SICURIX applicano il METODO81+; 10) IMPROVVISIX causa il pericolo 'Data breach' (Procedura Data Breach); poi ROBOTIX81+SICURIX applicano il METODO81+; 11) SCIVOLIX causa il pericolo 'Ruolo/RLS' (Rappresentante Lavoratori Sicurezza (RLS)); poi LUXPECTORIX+SICURIX applicano il METODO81+. PALETTE BRAND ESCLUSIVA: nero #05050A, bianco panna, arancione #FF6A1A/#E8501A; ROSSO solo per 'PERICOLO', VERDE per la checklist 'Metodo 81+'. Logo '81+' ben visibile in OGNI vignetta. REGOLA STORIA: SICURIX NON agisce mai da solo - in OGNI vignetta di soluzione si fa AIUTARE dai suoi colleghi EROI (lavoro di squadra, ognuno col suo ruolo). TESTO: didascalie e fumetti MOLTO BREVI (1-4 parole), GRANDI, centrati, in ITALIANO con ORTOGRAFIA PERFETTA, senza parole inventate, lettere doppie errate o testo tagliato. CATTIVI (coerenti col canone): CANCELIX, CADUTIX, RISKIX, OBLIVIX, SCHIACCIX, SOTTOVALUTIX, PHISHIX, IMPROVVISIX, CHIMIKIX, SCIVOLIX. EROI: DOCUMIX, CHECKIX, BLINKIX, TRACCIX, CHEFIX, ROBOTIX81, LUXPECTORIX. NEGATIVE: nessun marchio LEGO reale, nessun personaggio protetto (Asterix ecc.), niente gore/horror, niente claim assoluti ('rischio zero','garantito','zero multe').","In Attivita professionali non e' 'se' arriva il controllo, e' 'quando'. Sei pronto?","La differenza tra chi in Attivita professionali dorme sereno e chi trema al controllo

In attivita professionali gli adempimenti obbligatori non aspettano: Documento, Ruolo/Preposto, Registro, Ruolo/RSPP, Formazione base, Formazione, Emergenze/Incendio, DPI, Data breach, Ruolo/RLS. In questa pagina TALES OF SICURIX il PERICOLO prende forma... e il METODO81+ lo rimette in ordine, passo dopo passo. Immagina la scena: prima il caos, poi la checklist che sistema tutto. Mettere ordine ora costa poco. Rimediare dopo costa caro.
👉 Iscriviti al corso: Corso privacy destinato ai lavoratori -> https://81plus.net/?corso=corso-privacy-destinato-ai-lavoratori
▶️ YouTube: youtube.com/@sicurissimo
Contenuto informativo. Prima vedi. Poi sistemi. 81plus.net",Corso privacy destinato ai lavoratori,https://81plus.net/?corso=corso-privacy-destinato-ai-lavoratori,#TalesOfSicurix #SICURIX #Metodo81 #81plus #Sicurissimo #Privacy #Sicurezza #SicurezzaSulLavoro,SICURIX_TALES_682002_9_3_10_0_5_1_12_7_8_13_4.webp,https://drive.google.com/drive/folders/1hICKXdl9JTZBL1pemG19oE_661z-EH_k,IMG_ERR
47.77.00,Commercio,G,HACCP+Sicurezza+Privacy,12,Rintracciabilita ed Etichettatura | Formazione Generale Lavoratori | Videosorveglianza a norma | Manuale HACCP di Autocontrollo | Formazione Preposto | Gestione Allergeni | Lotta agli Infestanti (Pest Control) | Documento Valutazione Rischi (DVR) | Formazione GDPR | Addetto Antincendio | Corso Alimentarista | Rappresentante Lavoratori Sicurezza (RLS),Reg.CE 178/2002 | Accordo Stato-Regioni | Provv.Garante | Reg.CE 852/2004 | D.Lgs81/08 art.37 | Reg.UE 1169/2011 | D.Lgs81/08 art.28 | GDPR art.32 | DM 2/9/2021 | D.Lgs81/08 art.47,"HYGIENIX>OBLIVIX, DOCUMIX>RUMORIX, SICURIX>IMPROVVISIX, CHECKIX>SPORCKIX, SICURIX>BIOXIX, BLINKIX>FRETTIX, SICURIX>TEMPORIX, SCUDIX>IMPROVVISIX, CIFRIX>RISKIX, CHECKIX>TAGLIX, ROBOTIX81>FRETTIX, BLINKIX>RISKIX","Crea una PAGINA A FUMETTI a STORIA COMPLETA, verticale A4 (1024x1536), QUALITA' EDITORIALE DA STAMPA, stile ufficiale 'SICURIX TALES' IDENTICO alle immagini di riferimento allegate (stessi personaggi a mattoncini 3D, stessa impaginazione, stessi colori, stesse rese): minifigure espressive, ambientazioni ricche e dettagliate del settore, luci morbide, profondita', bordi vignetta netti. IMPAGINAZIONE OBBLIGATORIA: da 10 a 12 VIGNETTE numerate che raccontano UNA STORIA con arco narrativo completo (1 situazione normale -> 2-4 arrivano i pericoli coi cattivi -> 5-6 tensione/conseguenza -> 7-9 arriva SICURIX con gli eroi e applica il METODO81+ passo per passo -> 10-11 risoluzione ordinata -> 12 finale). HEADER in alto: SICURIX (mantello, medaglione arancione '81+', bussola) che presenta in un fumetto; grande titolo 'SICURIX TALES'; sottotitolo 'COMMERCIO: Pericolo vs Soluzione con Metodo 81+'; legenda 3 voci (verde Sicurezza, rosso Rischio, blu 81+ Soluzione); fila di EROI coi nomi: HYGIENIX, DOCUMIX, SICURIX, CHECKIX, BLINKIX, SCUDIX. FOOTER in basso: grande 'Prima vedi. Poi sistemi.'; banner scudo verde 'PROTEGGIAMO. PREVENIAMO. MIGLIORIAMO.' e triangolo rosso 'DISATTENZIONE. RISCHI. COSTI. CAOS.'; logo '81+' + '81plus.net'. TRAMA (usa questi eventi come vignette; se sono meno di 10 aggiungi vignette di contesto, dialogo e reazione per arrivare a 10-12): 1) OBLIVIX causa il pericolo 'Rintracciabilita' (Rintracciabilita ed Etichettatura); poi HYGIENIX+SICURIX applicano il METODO81+; 2) RUMORIX causa il pericolo 'Formazione base' (Formazione Generale Lavoratori); poi DOCUMIX+SICURIX applicano il METODO81+; 3) IMPROVVISIX causa il pericolo 'Videosorveglianza' (Videosorveglianza a norma); poi SICURIX+SICURIX applicano il METODO81+; 4) SPORCKIX causa il pericolo 'Documento' (Manuale HACCP di Autocontrollo); poi CHECKIX+SICURIX applicano il METODO81+; 5) BIOXIX causa il pericolo 'Ruolo/Preposto' (Formazione Preposto); poi SICURIX+SICURIX applicano il METODO81+; 6) FRETTIX causa il pericolo 'Allergeni' (Gestione Allergeni); poi BLINKIX+SICURIX applicano il METODO81+; 7) TEMPORIX causa il pericolo 'Infestanti' (Lotta agli Infestanti (Pest Control)); poi SICURIX+SICURIX applicano il METODO81+; 8) IMPROVVISIX causa il pericolo 'Documento' (Documento Valutazione Rischi (DVR)); poi SCUDIX+SICURIX applicano il METODO81+; 9) RISKIX causa il pericolo 'Formazione' (Formazione GDPR); poi CIFRIX+SICURIX applicano il METODO81+; 10) TAGLIX causa il pericolo 'Emergenze/Incendio' (Addetto Antincendio); poi CHECKIX+SICURIX applicano il METODO81+; 11) FRETTIX causa il pericolo 'Corso' (Corso Alimentarista); poi ROBOTIX81+SICURIX applicano il METODO81+; 12) RISKIX causa il pericolo 'Ruolo/RLS' (Rappresentante Lavoratori Sicurezza (RLS)); poi BLINKIX+SICURIX applicano il METODO81+. PALETTE BRAND ESCLUSIVA: nero #05050A, bianco panna, arancione #FF6A1A/#E8501A; ROSSO solo per 'PERICOLO', VERDE per la checklist 'Metodo 81+'. Logo '81+' ben visibile in OGNI vignetta. REGOLA STORIA: SICURIX NON agisce mai da solo - in OGNI vignetta di soluzione si fa AIUTARE dai suoi colleghi EROI (lavoro di squadra, ognuno col suo ruolo). TESTO: didascalie e fumetti MOLTO BREVI (1-4 parole), GRANDI, centrati, in ITALIANO con ORTOGRAFIA PERFETTA, senza parole inventate, lettere doppie errate o testo tagliato. CATTIVI (coerenti col canone): OBLIVIX, RUMORIX, IMPROVVISIX, SPORCKIX, BIOXIX, FRETTIX, TEMPORIX, RISKIX, TAGLIX. EROI: HYGIENIX, DOCUMIX, SICURIX, CHECKIX, BLINKIX, SCUDIX, CIFRIX, ROBOTIX81. NEGATIVE: nessun marchio LEGO reale, nessun personaggio protetto (Asterix ecc.), niente gore/horror, niente claim assoluti ('rischio zero','garantito','zero multe').",In Commercio c'e' un obbligo che in tanti scoprono solo con la sanzione,"In Commercio c'e' un obbligo che in tanti scoprono solo con la sanzione

In commercio gli adempimenti obbligatori non aspettano: Rintracciabilita, Formazione base, Videosorveglianza, Documento, Ruolo/Preposto, Allergeni, Infestanti, Formazione, Emergenze/Incendio, Corso, Ruolo/RLS. In questa pagina TALES OF SICURIX il PERICOLO prende forma... e il METODO81+ lo rimette in ordine, passo dopo passo. Immagina la scena: prima il caos, poi la checklist che sistema tutto. Mettere ordine ora costa poco. Rimediare dopo costa caro.
👉 Iscriviti al corso: Manuale di rintracciabilità -> https://81plus.net/?corso=manuale-di-rintracciabilit
▶️ YouTube: youtube.com/@sicurissimo
Contenuto informativo. Prima vedi. Poi sistemi. 81plus.net",Manuale di rintracciabilità,https://81plus.net/?corso=manuale-di-rintracciabilit,#TalesOfSicurix #SICURIX #Metodo81 #81plus #Sicurissimo #HACCP #Sicurezza #Privacy #SicurezzaSulLavoro,SICURIX_TALES_477700_15_1_24_12_3_18_17_0_22_7_13_4.webp,https://drive.google.com/drive/folders/1hICKXdl9JTZBL1pemG19oE_661z-EH_k,IMG_ERR
23.64.00,Manifattura,C,HACCP+Sicurezza+Privacy+Ambientale,12,Rintracciabilita ed Etichettatura | Piano di Sanificazione | Formazione Preposto | Addetto Primo Soccorso | Registro dei Trattamenti | Rischio Rumore | Controllo Temperature e Celle | Gestione Rifiuti e Registro | Movimentazione Manuale Carichi | Rappresentante Lavoratori Sicurezza (RLS) | Attrezzature e Macchine | Formazione Specifica (rischio alto),Reg.CE 178/2002 | Reg.CE 852/2004 | D.Lgs81/08 art.37 | DM 388/2003 | GDPR art.30 | D.Lgs81/08 Tit.VIII | D.Lgs152/06 | D.Lgs81/08 Tit.VI | D.Lgs81/08 art.47 | D.Lgs81/08 Tit.III | Accordo Stato-Regioni,"TRACCIX>CAOSIX, HYGIENIX>TEMPORIX, CONSENSIX>VIBRIX, SICURIX>SOTTOVALUTIX, PRIVACIX>IMPROVVISIX, FORMIX>CHIMIKIX, LUXPECTORIX>OBLIVIX, PRIVACIX>FRETTIX, FORMIX>TAGLIX, HYGIENIX>RUMORIX, FORMIX>VIBRIX, CHECKIX>CADUTIX","Crea una PAGINA A FUMETTI a STORIA COMPLETA, verticale A4 (1024x1536), QUALITA' EDITORIALE DA STAMPA, stile ufficiale 'SICURIX TALES' IDENTICO alle immagini di riferimento allegate (stessi personaggi a mattoncini 3D, stessa impaginazione, stessi colori, stesse rese): minifigure espressive, ambientazioni ricche e dettagliate del settore, luci morbide, profondita', bordi vignetta netti. IMPAGINAZIONE OBBLIGATORIA: da 10 a 12 VIGNETTE numerate che raccontano UNA STORIA con arco narrativo completo (1 situazione normale -> 2-4 arrivano i pericoli coi cattivi -> 5-6 tensione/conseguenza -> 7-9 arriva SICURIX con gli eroi e applica il METODO81+ passo per passo -> 10-11 risoluzione ordinata -> 12 finale). HEADER in alto: SICURIX (mantello, medaglione arancione '81+', bussola) che presenta in un fumetto; grande titolo 'SICURIX TALES'; sottotitolo 'MANIFATTURA: Pericolo vs Soluzione con Metodo 81+'; legenda 3 voci (verde Sicurezza, rosso Rischio, blu 81+ Soluzione); fila di EROI coi nomi: TRACCIX, HYGIENIX, CONSENSIX, SICURIX, PRIVACIX, FORMIX. FOOTER in basso: grande 'Prima vedi. Poi sistemi.'; banner scudo verde 'PROTEGGIAMO. PREVENIAMO. MIGLIORIAMO.' e triangolo rosso 'DISATTENZIONE. RISCHI. COSTI. CAOS.'; logo '81+' + '81plus.net'. TRAMA (usa questi eventi come vignette; se sono meno di 10 aggiungi vignette di contesto, dialogo e reazione per arrivare a 10-12): 1) CAOSIX causa il pericolo 'Rintracciabilita' (Rintracciabilita ed Etichettatura); poi TRACCIX+SICURIX applicano il METODO81+; 2) TEMPORIX causa il pericolo 'Sanificazione' (Piano di Sanificazione); poi HYGIENIX+SICURIX applicano il METODO81+; 3) VIBRIX causa il pericolo 'Ruolo/Preposto' (Formazione Preposto); poi CONSENSIX+SICURIX applicano il METODO81+; 4) SOTTOVALUTIX causa il pericolo 'Emergenze/Soccorso' (Addetto Primo Soccorso); poi SICURIX+SICURIX applicano il METODO81+; 5) IMPROVVISIX causa il pericolo 'Registro' (Registro dei Trattamenti); poi PRIVACIX+SICURIX applicano il METODO81+; 6) CHIMIKIX causa il pericolo 'Rumore' (Rischio Rumore); poi FORMIX+SICURIX applicano il METODO81+; 7) OBLIVIX causa il pericolo 'Temperature' (Controllo Temperature e Celle); poi LUXPECTORIX+SICURIX applicano il METODO81+; 8) FRETTIX causa il pericolo 'Rifiuti' (Gestione Rifiuti e Registro); poi PRIVACIX+SICURIX applicano il METODO81+; 9) TAGLIX causa il pericolo 'MMC' (Movimentazione Manuale Carichi); poi FORMIX+SICURIX applicano il METODO81+; 10) RUMORIX causa il pericolo 'Ruolo/RLS' (Rappresentante Lavoratori Sicurezza (RLS)); poi HYGIENIX+SICURIX applicano il METODO81+; 11) VIBRIX causa il pericolo 'Attrezzature' (Attrezzature e Macchine); poi FORMIX+SICURIX applicano il METODO81+; 12) CADUTIX causa il pericolo 'Formazione specifica' (Formazione Specifica (rischio alto)); poi CHECKIX+SICURIX applicano il METODO81+. PALETTE BRAND ESCLUSIVA: nero #05050A, bianco panna, arancione #FF6A1A/#E8501A; ROSSO solo per 'PERICOLO', VERDE per la checklist 'Metodo 81+'. Logo '81+' ben visibile in OGNI vignetta. REGOLA STORIA: SICURIX NON agisce mai da solo - in OGNI vignetta di soluzione si fa AIUTARE dai suoi colleghi EROI (lavoro di squadra, ognuno col suo ruolo). TESTO: didascalie e fumetti MOLTO BREVI (1-4 parole), GRANDI, centrati, in ITALIANO con ORTOGRAFIA PERFETTA, senza parole inventate, lettere doppie errate o testo tagliato. CATTIVI (coerenti col canone): CAOSIX, TEMPORIX, VIBRIX, SOTTOVALUTIX, IMPROVVISIX, CHIMIKIX, OBLIVIX, FRETTIX, TAGLIX, RUMORIX, CADUTIX. EROI: TRACCIX, HYGIENIX, CONSENSIX, SICURIX, PRIVACIX, FORMIX, LUXPECTORIX, CHECKIX. NEGATIVE: nessun marchio LEGO reale, nessun personaggio protetto (Asterix ecc.), niente gore/horror, niente claim assoluti ('rischio zero','garantito','zero multe').",Manifattura: 3 minuti oggi o un problema enorme domani. Scegli tu.,"In Manifattura c'e' un obbligo che in tanti scoprono solo con la sanzione

In manifattura gli adempimenti obbligatori non aspettano: Rintracciabilita, Sanificazione, Ruolo/Preposto, Emergenze/Soccorso, Registro, Rumore, Temperature, Rifiuti, MMC, Ruolo/RLS, Attrezzature, Formazione specifica. In questa pagina TALES OF SICURIX il PERICOLO prende forma... e il METODO81+ lo rimette in ordine, passo dopo passo. Immagina la scena: prima il caos, poi la checklist che sistema tutto. La regola c'e' gia': tu falla lavorare per te.
👉 Iscriviti al corso: Manuale di rintracciabilità -> https://81plus.net/?corso=manuale-di-rintracciabilit
▶️ YouTube: youtube.com/@sicurissimo
Contenuto informativo. Prima vedi. Poi sistemi. 81plus.net",Manuale di rintracciabilità,https://81plus.net/?corso=manuale-di-rintracciabilit,#TalesOfSicurix #SICURIX #Metodo81 #81plus #Sicurissimo #HACCP #Sicurezza #Privacy #Ambientale #SicurezzaSulLavoro,SICURIX_TALES_236400_17_16_3_6_22_12_18_26_10_4_13_2.webp,https://drive.google.com/drive/folders/1hICKXdl9JTZBL1pemG19oE_661z-EH_k,IMG_ERR
32.99.40,Manifattura,C,HACCP+Sicurezza+Privacy,10,Rintracciabilita ed Etichettatura | Formazione Generale Lavoratori | Registro dei Trattamenti | Sorveglianza Sanitaria / Medico Competente | Rischio Rumore | Addetto Antincendio | Documento Valutazione Rischi (DVR) | Corso Alimentarista | Stress Lavoro-Correlato | RSPP / Datore di Lavoro RSPP,Reg.CE 178/2002 | Accordo Stato-Regioni | GDPR art.30 | D.Lgs81/08 art.41 | D.Lgs81/08 Tit.VIII | DM 2/9/2021 | D.Lgs81/08 art.28 | Reg.CE 852/2004 | D.Lgs81/08 art.34,"TRACCIX>FRETTIX, CONSENSIX>CADUTIX, TRACCIX>PERMISSIONIX, BLINKIX>CADUTIX, PREPOSTIX>CADUTIX, LUXPECTORIX>RUMORIX, SICURIX>RISKIX, ROBOTIX81>CAOSIX, CONSENSIX>VOLTIX, CIFRIX>FRETTIX","Crea una PAGINA A FUMETTI a STORIA COMPLETA, verticale A4 (1024x1536), QUALITA' EDITORIALE DA STAMPA, stile ufficiale 'SICURIX TALES' IDENTICO alle immagini di riferimento allegate (stessi personaggi a mattoncini 3D, stessa impaginazione, stessi colori, stesse rese): minifigure espressive, ambientazioni ricche e dettagliate del settore, luci morbide, profondita', bordi vignetta netti. IMPAGINAZIONE OBBLIGATORIA: da 10 a 12 VIGNETTE numerate che raccontano UNA STORIA con arco narrativo completo (1 situazione normale -> 2-4 arrivano i pericoli coi cattivi -> 5-6 tensione/conseguenza -> 7-9 arriva SICURIX con gli eroi e applica il METODO81+ passo per passo -> 10-11 risoluzione ordinata -> 12 finale). HEADER in alto: SICURIX (mantello, medaglione arancione '81+', bussola) che presenta in un fumetto; grande titolo 'SICURIX TALES'; sottotitolo 'MANIFATTURA: Pericolo vs Soluzione con Metodo 81+'; legenda 3 voci (verde Sicurezza, rosso Rischio, blu 81+ Soluzione); fila di EROI coi nomi: TRACCIX, CONSENSIX, BLINKIX, PREPOSTIX, LUXPECTORIX, SICURIX. FOOTER in basso: grande 'Prima vedi. Poi sistemi.'; banner scudo verde 'PROTEGGIAMO. PREVENIAMO. MIGLIORIAMO.' e triangolo rosso 'DISATTENZIONE. RISCHI. COSTI. CAOS.'; logo '81+' + '81plus.net'. TRAMA (usa questi eventi come vignette; se sono meno di 10 aggiungi vignette di contesto, dialogo e reazione per arrivare a 10-12): 1) FRETTIX causa il pericolo 'Rintracciabilita' (Rintracciabilita ed Etichettatura); poi TRACCIX+SICURIX applicano il METODO81+; 2) CADUTIX causa il pericolo 'Formazione base' (Formazione Generale Lavoratori); poi CONSENSIX+SICURIX applicano il METODO81+; 3) PERMISSIONIX causa il pericolo 'Registro' (Registro dei Trattamenti); poi TRACCIX+SICURIX applicano il METODO81+; 4) CADUTIX causa il pericolo 'Sorveglianza sanitaria' (Sorveglianza Sanitaria / Medico Competente); poi BLINKIX+SICURIX applicano il METODO81+; 5) CADUTIX causa il pericolo 'Rumore' (Rischio Rumore); poi PREPOSTIX+SICURIX applicano il METODO81+; 6) RUMORIX causa il pericolo 'Emergenze/Incendio' (Addetto Antincendio); poi LUXPECTORIX+SICURIX applicano il METODO81+; 7) RISKIX causa il pericolo 'Documento' (Documento Valutazione Rischi (DVR)); poi SICURIX+SICURIX applicano il METODO81+; 8) CAOSIX causa il pericolo 'Corso' (Corso Alimentarista); poi ROBOTIX81+SICURIX applicano il METODO81+; 9) VOLTIX causa il pericolo 'Stress' (Stress Lavoro-Correlato); poi CONSENSIX+SICURIX applicano il METODO81+; 10) FRETTIX causa il pericolo 'Ruolo/RSPP' (RSPP / Datore di Lavoro RSPP); poi CIFRIX+SICURIX applicano il METODO81+. PALETTE BRAND ESCLUSIVA: nero #05050A, bianco panna, arancione #FF6A1A/#E8501A; ROSSO solo per 'PERICOLO', VERDE per la checklist 'Metodo 81+'. Logo '81+' ben visibile in OGNI vignetta. REGOLA STORIA: SICURIX NON agisce mai da solo - in OGNI vignetta di soluzione si fa AIUTARE dai suoi colleghi EROI (lavoro di squadra, ognuno col suo ruolo). TESTO: didascalie e fumetti MOLTO BREVI (1-4 parole), GRANDI, centrati, in ITALIANO con ORTOGRAFIA PERFETTA, senza parole inventate, lettere doppie errate o testo tagliato. CATTIVI (coerenti col canone): FRETTIX, CADUTIX, PERMISSIONIX, RUMORIX, RISKIX, CAOSIX, VOLTIX. EROI: TRACCIX, CONSENSIX, BLINKIX, PREPOSTIX, LUXPECTORIX, SICURIX, ROBOTIX81, CIFRIX. NEGATIVE: nessun marchio LEGO reale, nessun personaggio protetto (Asterix ecc.), niente gore/horror, niente claim assoluti ('rischio zero','garantito','zero multe').",Quello che l'ispettore controlla per primo in Manifattura (e quasi nessuno lo sa),"Quello che l'ispettore controlla per primo in Manifattura (e quasi nessuno lo sa)

In manifattura gli adempimenti obbligatori non aspettano: Rintracciabilita, Formazione base, Registro, Sorveglianza sanitaria, Rumore, Emergenze/Incendio, Documento, Corso, Stress, Ruolo/RSPP. In questa pagina TALES OF SICURIX il PERICOLO prende forma... e il METODO81+ lo rimette in ordine, passo dopo passo. Immagina la scena: prima il caos, poi la checklist che sistema tutto. Non e' burocrazia: e' la tua tranquillita.
👉 Iscriviti al corso: Manuale di rintracciabilità -> https://81plus.net/?corso=manuale-di-rintracciabilit
▶️ YouTube: youtube.com/@sicurissimo
Contenuto informativo. Prima vedi. Poi sistemi. 81plus.net",Manuale di rintracciabilità,https://81plus.net/?corso=manuale-di-rintracciabilit,#TalesOfSicurix #SICURIX #Metodo81 #81plus #Sicurissimo #HACCP #Sicurezza #Privacy #SicurezzaSulLavoro,SICURIX_TALES_329940_17_1_22_9_12_7_0_15_11_5.webp,https://drive.google.com/drive/folders/1hICKXdl9JTZBL1pemG19oE_661z-EH_k,IMG_ERR
22.26.11,Manifattura,C,Sicurezza+HACCP+Privacy,11,Formazione Generale Lavoratori | Corso Alimentarista | Procedura Data Breach | Informativa e Consensi | Gestione Allergeni | Lotta agli Infestanti (Pest Control) | Manuale HACCP di Autocontrollo | Sorveglianza Sanitaria / Medico Competente | RSPP / Datore di Lavoro RSPP | Formazione GDPR | Rischio Chimico,Accordo Stato-Regioni | Reg.CE 852/2004 | GDPR art.33-34 | GDPR art.13 | Reg.UE 1169/2011 | D.Lgs81/08 art.41 | D.Lgs81/08 art.34 | GDPR art.32 | D.Lgs81/08 Tit.IX,"CHEFIX>BIOXIX, CHEFIX>CAOSIX, CIFRIX>HACKIX, CONSENSIX>PHISHIX, PREPOSTIX>MESCOLIX, DOCUMIX>RISKIX, DOCUMIX>MESCOLIX, SCUDIX>CHIMIKIX, CHEFIX>NONDPIX, FORMIX>FRETTIX, SCUDIX>VOLTIX","Crea una PAGINA A FUMETTI a STORIA COMPLETA, verticale A4 (1024x1536), QUALITA' EDITORIALE DA STAMPA, stile ufficiale 'SICURIX TALES' IDENTICO alle immagini di riferimento allegate (stessi personaggi a mattoncini 3D, stessa impaginazione, stessi colori, stesse rese): minifigure espressive, ambientazioni ricche e dettagliate del settore, luci morbide, profondita', bordi vignetta netti. IMPAGINAZIONE OBBLIGATORIA: da 10 a 12 VIGNETTE numerate che raccontano UNA STORIA con arco narrativo completo (1 situazione normale -> 2-4 arrivano i pericoli coi cattivi -> 5-6 tensione/conseguenza -> 7-9 arriva SICURIX con gli eroi e applica il METODO81+ passo per passo -> 10-11 risoluzione ordinata -> 12 finale). HEADER in alto: SICURIX (mantello, medaglione arancione '81+', bussola) che presenta in un fumetto; grande titolo 'SICURIX TALES'; sottotitolo 'MANIFATTURA: Pericolo vs Soluzione con Metodo 81+'; legenda 3 voci (verde Sicurezza, rosso Rischio, blu 81+ Soluzione); fila di EROI coi nomi: CHEFIX, CIFRIX, CONSENSIX, PREPOSTIX, DOCUMIX, SCUDIX. FOOTER in basso: grande 'Prima vedi. Poi sistemi.'; banner scudo verde 'PROTEGGIAMO. PREVENIAMO. MIGLIORIAMO.' e triangolo rosso 'DISATTENZIONE. RISCHI. COSTI. CAOS.'; logo '81+' + '81plus.net'. TRAMA (usa questi eventi come vignette; se sono meno di 10 aggiungi vignette di contesto, dialogo e reazione per arrivare a 10-12): 1) BIOXIX causa il pericolo 'Formazione base' (Formazione Generale Lavoratori); poi CHEFIX+SICURIX applicano il METODO81+; 2) CAOSIX causa il pericolo 'Corso' (Corso Alimentarista); poi CHEFIX+SICURIX applicano il METODO81+; 3) HACKIX causa il pericolo 'Data breach' (Procedura Data Breach); poi CIFRIX+SICURIX applicano il METODO81+; 4) PHISHIX causa il pericolo 'Documento' (Informativa e Consensi); poi CONSENSIX+SICURIX applicano il METODO81+; 5) MESCOLIX causa il pericolo 'Allergeni' (Gestione Allergeni); poi PREPOSTIX+SICURIX applicano il METODO81+; 6) RISKIX causa il pericolo 'Infestanti' (Lotta agli Infestanti (Pest Control)); poi DOCUMIX+SICURIX applicano il METODO81+; 7) MESCOLIX causa il pericolo 'Documento' (Manuale HACCP di Autocontrollo); poi DOCUMIX+SICURIX applicano il METODO81+; 8) CHIMIKIX causa il pericolo 'Sorveglianza sanitaria' (Sorveglianza Sanitaria / Medico Competente); poi SCUDIX+SICURIX applicano il METODO81+; 9) NONDPIX causa il pericolo 'Ruolo/RSPP' (RSPP / Datore di Lavoro RSPP); poi CHEFIX+SICURIX applicano il METODO81+; 10) FRETTIX causa il pericolo 'Formazione' (Formazione GDPR); poi FORMIX+SICURIX applicano il METODO81+; 11) VOLTIX causa il pericolo 'Rischio chimico' (Rischio Chimico); poi SCUDIX+SICURIX applicano il METODO81+. PALETTE BRAND ESCLUSIVA: nero #05050A, bianco panna, arancione #FF6A1A/#E8501A; ROSSO solo per 'PERICOLO', VERDE per la checklist 'Metodo 81+'. Logo '81+' ben visibile in OGNI vignetta. REGOLA STORIA: SICURIX NON agisce mai da solo - in OGNI vignetta di soluzione si fa AIUTARE dai suoi colleghi EROI (lavoro di squadra, ognuno col suo ruolo). TESTO: didascalie e fumetti MOLTO BREVI (1-4 parole), GRANDI, centrati, in ITALIANO con ORTOGRAFIA PERFETTA, senza parole inventate, lettere doppie errate o testo tagliato. CATTIVI (coerenti col canone): BIOXIX, CAOSIX, HACKIX, PHISHIX, MESCOLIX, RISKIX, CHIMIKIX, NONDPIX, FRETTIX, VOLTIX. EROI: CHEFIX, CIFRIX, CONSENSIX, PREPOSTIX, DOCUMIX, SCUDIX, FORMIX. NEGATIVE: nessun marchio LEGO reale, nessun personaggio protetto (Asterix ecc.), niente gore/horror, niente claim assoluti ('rischio zero','garantito','zero multe').",Quello che l'ispettore controlla per primo in Manifattura (e quasi nessuno lo sa),"Quello che l'ispettore controlla per primo in Manifattura (e quasi nessuno lo sa)

In manifattura gli adempimenti obbligatori non aspettano: Formazione base, Corso, Data breach, Documento, Allergeni, Infestanti, Sorveglianza sanitaria, Ruolo/RSPP, Formazione, Rischio chimico. In questa pagina TALES OF SICURIX il PERICOLO prende forma... e il METODO81+ lo rimette in ordine, passo dopo passo. Immagina la scena: prima il caos, poi la checklist che sistema tutto. Mettere ordine ora costa poco. Rimediare dopo costa caro.
👉 Iscriviti al corso: Corso lavoratore parte GENERALE 4 ore -> https://81plus.net/?corso=corso-lavoratore-parte-generale-4-ore
▶️ YouTube: youtube.com/@sicurissimo
Contenuto informativo. Prima vedi. Poi sistemi. 81plus.net",Corso lavoratore parte GENERALE 4 ore,https://81plus.net/?corso=corso-lavoratore-parte-generale-4-ore,#TalesOfSicurix #SICURIX #Metodo81 #81plus #Sicurissimo #Sicurezza #HACCP #Privacy #SicurezzaSulLavoro,SICURIX_TALES_222611_1_16_26_22_21_20_15_9_5_25_14.webp,https://drive.google.com/drive/folders/1hICKXdl9JTZBL1pemG19oE_661z-EH_k,IMG_ERR
68.32.09,Attivita professionali,M,Sicurezza+Privacy,12,Formazione Preposto | Addetto Antincendio | Documento Valutazione Rischi (DVR) | Registro dei Trattamenti | Nomina Incaricati/Responsabili | Uso e Formazione DPI | Addetto Primo Soccorso | Formazione Specifica (rischio basso) | Rappresentante Lavoratori Sicurezza (RLS) | Procedura Data Breach | Formazione Generale Lavoratori | Formazione GDPR,D.Lgs81/08 art.37 | DM 2/9/2021 | D.Lgs81/08 art.28 | GDPR art.30 | GDPR art.28-29 | D.Lgs81/08 art.77 | DM 388/2003 | Accordo Stato-Regioni | D.Lgs81/08 art.47 | GDPR art.33-34 | GDPR art.32,"LUXPECTORIX>CADUTIX, HYGIENIX>CADUTIX, TRACCIX>SCIVOLIX, PRIVACIX>OBLIVIX, CHECKIX>OBLIVIX, TRACCIX>FUMIX, PRIVACIX>MULTIX, SICURIX>POLVERIX, CIFRIX>FRETTIX, DOCUMIX>HACKIX, TRACCIX>POLVERIX, PREPOSTIX>MULTIX","Crea una PAGINA A FUMETTI a STORIA COMPLETA, verticale A4 (1024x1536), QUALITA' EDITORIALE DA STAMPA, stile ufficiale 'SICURIX TALES' IDENTICO alle immagini di riferimento allegate (stessi personaggi a mattoncini 3D, stessa impaginazione, stessi colori, stesse rese): minifigure espressive, ambientazioni ricche e dettagliate del settore, luci morbide, profondita', bordi vignetta netti. IMPAGINAZIONE OBBLIGATORIA: da 10 a 12 VIGNETTE numerate che raccontano UNA STORIA con arco narrativo completo (1 situazione normale -> 2-4 arrivano i pericoli coi cattivi -> 5-6 tensione/conseguenza -> 7-9 arriva SICURIX con gli eroi e applica il METODO81+ passo per passo -> 10-11 risoluzione ordinata -> 12 finale). HEADER in alto: SICURIX (mantello, medaglione arancione '81+', bussola) che presenta in un fumetto; grande titolo 'SICURIX TALES'; sottotitolo 'ATTIVITA PROFESSIONALI: Pericolo vs Soluzione con Metodo 81+'; legenda 3 voci (verde Sicurezza, rosso Rischio, blu 81+ Soluzione); fila di EROI coi nomi: LUXPECTORIX, HYGIENIX, TRACCIX, PRIVACIX, CHECKIX, SICURIX. FOOTER in basso: grande 'Prima vedi. Poi sistemi.'; banner scudo verde 'PROTEGGIAMO. PREVENIAMO. MIGLIORIAMO.' e triangolo rosso 'DISATTENZIONE. RISCHI. COSTI. CAOS.'; logo '81+' + '81plus.net'. TRAMA (usa questi eventi come vignette; se sono meno di 10 aggiungi vignette di contesto, dialogo e reazione per arrivare a 10-12): 1) CADUTIX causa il pericolo 'Ruolo/Preposto' (Formazione Preposto); poi LUXPECTORIX+SICURIX applicano il METODO81+; 2) CADUTIX causa il pericolo 'Emergenze/Incendio' (Addetto Antincendio); poi HYGIENIX+SICURIX applicano il METODO81+; 3) SCIVOLIX causa il pericolo 'Documento' (Documento Valutazione Rischi (DVR)); poi TRACCIX+SICURIX applicano il METODO81+; 4) OBLIVIX causa il pericolo 'Registro' (Registro dei Trattamenti); poi PRIVACIX+SICURIX applicano il METODO81+; 5) OBLIVIX causa il pericolo 'Nomine' (Nomina Incaricati/Responsabili); poi CHECKIX+SICURIX applicano il METODO81+; 6) FUMIX causa il pericolo 'DPI' (Uso e Formazione DPI); poi TRACCIX+SICURIX applicano il METODO81+; 7) MULTIX causa il pericolo 'Emergenze/Soccorso' (Addetto Primo Soccorso); poi PRIVACIX+SICURIX applicano il METODO81+; 8) POLVERIX causa il pericolo 'Formazione specifica' (Formazione Specifica (rischio basso)); poi SICURIX+SICURIX applicano il METODO81+; 9) FRETTIX causa il pericolo 'Ruolo/RLS' (Rappresentante Lavoratori Sicurezza (RLS)); poi CIFRIX+SICURIX applicano il METODO81+; 10) HACKIX causa il pericolo 'Data breach' (Procedura Data Breach); poi DOCUMIX+SICURIX applicano il METODO81+; 11) POLVERIX causa il pericolo 'Formazione base' (Formazione Generale Lavoratori); poi TRACCIX+SICURIX applicano il METODO81+; 12) MULTIX causa il pericolo 'Formazione' (Formazione GDPR); poi PREPOSTIX+SICURIX applicano il METODO81+. PALETTE BRAND ESCLUSIVA: nero #05050A, bianco panna, arancione #FF6A1A/#E8501A; ROSSO solo per 'PERICOLO', VERDE per la checklist 'Metodo 81+'. Logo '81+' ben visibile in OGNI vignetta. REGOLA STORIA: SICURIX NON agisce mai da solo - in OGNI vignetta di soluzione si fa AIUTARE dai suoi colleghi EROI (lavoro di squadra, ognuno col suo ruolo). TESTO: didascalie e fumetti MOLTO BREVI (1-4 parole), GRANDI, centrati, in ITALIANO con ORTOGRAFIA PERFETTA, senza parole inventate, lettere doppie errate o testo tagliato. CATTIVI (coerenti col canone): CADUTIX, SCIVOLIX, OBLIVIX, FUMIX, MULTIX, POLVERIX, FRETTIX, HACKIX. EROI: LUXPECTORIX, HYGIENIX, TRACCIX, PRIVACIX, CHECKIX, SICURIX, CIFRIX, DOCUMIX, PREPOSTIX. NEGATIVE: nessun marchio LEGO reale, nessun personaggio protetto (Asterix ecc.), niente gore/horror, niente claim assoluti ('rischio zero','garantito','zero multe').",Attivita professionali: 3 minuti oggi o un problema enorme domani. Scegli tu.,"La differenza tra chi in Attivita professionali dorme sereno e chi trema al controllo

In attivita professionali gli adempimenti obbligatori non aspettano: Ruolo/Preposto, Emergenze/Incendio, Documento, Registro, Nomine, DPI, Emergenze/Soccorso, Formazione specifica, Ruolo/RLS, Data breach, Formazione base, Formazione. In questa pagina TALES OF SICURIX il PERICOLO prende forma... e il METODO81+ lo rimette in ordine, passo dopo passo. Immagina la scena: prima il caos, poi la checklist che sistema tutto. La regola c'e' gia': tu falla lavorare per te.
👉 Iscriviti al corso: Corso per Preposto -> https://81plus.net/?corso=corso-per-preposto
▶️ YouTube: youtube.com/@sicurissimo
Contenuto informativo. Prima vedi. Poi sistemi. 81plus.net",Corso per Preposto,https://81plus.net/?corso=corso-per-preposto,#TalesOfSicurix #SICURIX #Metodo81 #81plus #Sicurissimo #Sicurezza #Privacy #SicurezzaSulLavoro,SICURIX_TALES_683209_3_7_0_10_11_8_6_2_4_13_1_12.webp,https://drive.google.com/drive/folders/1hICKXdl9JTZBL1pemG19oE_661z-EH_k,IMG_ERR
47.79.31,Commercio,G,Privacy+Sicurezza+HACCP,11,Registro dei Trattamenti | Informativa e Consensi | Sorveglianza Sanitaria / Medico Competente | Videosorveglianza a norma | Addetto Primo Soccorso | Gestione Allergeni | Formazione Preposto | Manuale HACCP di Autocontrollo | Rappresentante Lavoratori Sicurezza (RLS) | Nomina Incaricati/Responsabili | Controllo Temperature e Celle,GDPR art.30 | GDPR art.13 | D.Lgs81/08 art.41 | Provv.Garante | DM 388/2003 | Reg.UE 1169/2011 | D.Lgs81/08 art.37 | Reg.CE 852/2004 | D.Lgs81/08 art.47 | GDPR art.28-29,"PREPOSTIX>IMPROVVISIX, LUXPECTORIX>PERMISSIONIX, HYGIENIX>RUMORIX, PRIVACIX>MULTIX, DOCUMIX>SCIVOLIX, CHEFIX>CAOSIX, DOCUMIX>ØTIX, CIFRIX>FRETTIX, SCUDIX>RISKIX, CHEFIX>CAOSIX, HYGIENIX>SCADUTIX","Crea una PAGINA A FUMETTI a STORIA COMPLETA, verticale A4 (1024x1536), QUALITA' EDITORIALE DA STAMPA, stile ufficiale 'SICURIX TALES' IDENTICO alle immagini di riferimento allegate (stessi personaggi a mattoncini 3D, stessa impaginazione, stessi colori, stesse rese): minifigure espressive, ambientazioni ricche e dettagliate del settore, luci morbide, profondita', bordi vignetta netti. IMPAGINAZIONE OBBLIGATORIA: da 10 a 12 VIGNETTE numerate che raccontano UNA STORIA con arco narrativo completo (1 situazione normale -> 2-4 arrivano i pericoli coi cattivi -> 5-6 tensione/conseguenza -> 7-9 arriva SICURIX con gli eroi e applica il METODO81+ passo per passo -> 10-11 risoluzione ordinata -> 12 finale). HEADER in alto: SICURIX (mantello, medaglione arancione '81+', bussola) che presenta in un fumetto; grande titolo 'SICURIX TALES'; sottotitolo 'COMMERCIO: Pericolo vs Soluzione con Metodo 81+'; legenda 3 voci (verde Sicurezza, rosso Rischio, blu 81+ Soluzione); fila di EROI coi nomi: PREPOSTIX, LUXPECTORIX, HYGIENIX, PRIVACIX, DOCUMIX, CHEFIX. FOOTER in basso: grande 'Prima vedi. Poi sistemi.'; banner scudo verde 'PROTEGGIAMO. PREVENIAMO. MIGLIORIAMO.' e triangolo rosso 'DISATTENZIONE. RISCHI. COSTI. CAOS.'; logo '81+' + '81plus.net'. TRAMA (usa questi eventi come vignette; se sono meno di 10 aggiungi vignette di contesto, dialogo e reazione per arrivare a 10-12): 1) IMPROVVISIX causa il pericolo 'Registro' (Registro dei Trattamenti); poi PREPOSTIX+SICURIX applicano il METODO81+; 2) PERMISSIONIX causa il pericolo 'Documento' (Informativa e Consensi); poi LUXPECTORIX+SICURIX applicano il METODO81+; 3) RUMORIX causa il pericolo 'Sorveglianza sanitaria' (Sorveglianza Sanitaria / Medico Competente); poi HYGIENIX+SICURIX applicano il METODO81+; 4) MULTIX causa il pericolo 'Videosorveglianza' (Videosorveglianza a norma); poi PRIVACIX+SICURIX applicano il METODO81+; 5) SCIVOLIX causa il pericolo 'Emergenze/Soccorso' (Addetto Primo Soccorso); poi DOCUMIX+SICURIX applicano il METODO81+; 6) CAOSIX causa il pericolo 'Allergeni' (Gestione Allergeni); poi CHEFIX+SICURIX applicano il METODO81+; 7) ØTIX causa il pericolo 'Ruolo/Preposto' (Formazione Preposto); poi DOCUMIX+SICURIX applicano il METODO81+; 8) FRETTIX causa il pericolo 'Documento' (Manuale HACCP di Autocontrollo); poi CIFRIX+SICURIX applicano il METODO81+; 9) RISKIX causa il pericolo 'Ruolo/RLS' (Rappresentante Lavoratori Sicurezza (RLS)); poi SCUDIX+SICURIX applicano il METODO81+; 10) CAOSIX causa il pericolo 'Nomine' (Nomina Incaricati/Responsabili); poi CHEFIX+SICURIX applicano il METODO81+; 11) SCADUTIX causa il pericolo 'Temperature' (Controllo Temperature e Celle); poi HYGIENIX+SICURIX applicano il METODO81+. PALETTE BRAND ESCLUSIVA: nero #05050A, bianco panna, arancione #FF6A1A/#E8501A; ROSSO solo per 'PERICOLO', VERDE per la checklist 'Metodo 81+'. Logo '81+' ben visibile in OGNI vignetta. REGOLA STORIA: SICURIX NON agisce mai da solo - in OGNI vignetta di soluzione si fa AIUTARE dai suoi colleghi EROI (lavoro di squadra, ognuno col suo ruolo). TESTO: didascalie e fumetti MOLTO BREVI (1-4 parole), GRANDI, centrati, in ITALIANO con ORTOGRAFIA PERFETTA, senza parole inventate, lettere doppie errate o testo tagliato. CATTIVI (coerenti col canone): IMPROVVISIX, PERMISSIONIX, RUMORIX, MULTIX, SCIVOLIX, CAOSIX, ØTIX, FRETTIX, RISKIX, SCADUTIX. EROI: PREPOSTIX, LUXPECTORIX, HYGIENIX, PRIVACIX, DOCUMIX, CHEFIX, CIFRIX, SCUDIX. NEGATIVE: nessun marchio LEGO reale, nessun personaggio protetto (Asterix ecc.), niente gore/horror, niente claim assoluti ('rischio zero','garantito','zero multe').",Commercio: 3 minuti oggi o un problema enorme domani. Scegli tu.,"Quello che l'ispettore controlla per primo in Commercio (e quasi nessuno lo sa)

In commercio gli adempimenti obbligatori non aspettano: Registro, Documento, Sorveglianza sanitaria, Videosorveglianza, Emergenze/Soccorso, Allergeni, Ruolo/Preposto, Ruolo/RLS, Nomine, Temperature. In questa pagina TALES OF SICURIX il PERICOLO prende forma... e il METODO81+ lo rimette in ordine, passo dopo passo. Immagina la scena: prima il caos, poi la checklist che sistema tutto. Chi si mette in regola prima, dorme meglio dopo.
👉 Iscriviti al corso: Corso privacy destinato ai lavoratori -> https://81plus.net/?corso=corso-privacy-destinato-ai-lavoratori
▶️ YouTube: youtube.com/@sicurissimo
Contenuto informativo. Prima vedi. Poi sistemi. 81plus.net",Corso privacy destinato ai lavoratori,https://81plus.net/?corso=corso-privacy-destinato-ai-lavoratori,#TalesOfSicurix #SICURIX #Metodo81 #81plus #Sicurissimo #Privacy #Sicurezza #HACCP #SicurezzaSulLavoro,SICURIX_TALES_477931_20_19_9_24_6_18_3_12_4_21_16.webp,https://drive.google.com/drive/folders/1hICKXdl9JTZBL1pemG19oE_661z-EH_k,IMG_ERR
47.78.91,Commercio,G,Sicurezza+HACCP+Privacy,12,Formazione Preposto | Sorveglianza Sanitaria / Medico Competente | Lotta agli Infestanti (Pest Control) | Informativa e Consensi | Rappresentante Lavoratori Sicurezza (RLS) | Stress Lavoro-Correlato | Controllo Temperature e Celle | Uso e Formazione DPI | Formazione GDPR | Addetto Antincendio | Addetto Primo Soccorso | Videosorveglianza a norma,D.Lgs81/08 art.37 | D.Lgs81/08 art.41 | Reg.CE 852/2004 | GDPR art.13 | D.Lgs81/08 art.47 | D.Lgs81/08 art.28 | D.Lgs81/08 art.77 | GDPR art.32 | DM 2/9/2021 | DM 388/2003 | Provv.Garante,"HYGIENIX>VOLTIX, SCUDIX>VOLTIX, SICURIX>DOSAGIX, PREPOSTIX>FRETTIX, HYGIENIX>ØTIX, BLINKIX>SEGNALEX, CHECKIX>MESCOLIX, FORMIX>CAOSIX, CHEFIX>SPYIX, ROBOTIX81>BIOXIX, PREPOSTIX>FRETTIX, BLINKIX>FRETTIX","Crea una PAGINA A FUMETTI a STORIA COMPLETA, verticale A4 (1024x1536), QUALITA' EDITORIALE DA STAMPA, stile ufficiale 'SICURIX TALES' IDENTICO alle immagini di riferimento allegate (stessi personaggi a mattoncini 3D, stessa impaginazione, stessi colori, stesse rese): minifigure espressive, ambientazioni ricche e dettagliate del settore, luci morbide, profondita', bordi vignetta netti. IMPAGINAZIONE OBBLIGATORIA: da 10 a 12 VIGNETTE numerate che raccontano UNA STORIA con arco narrativo completo (1 situazione normale -> 2-4 arrivano i pericoli coi cattivi -> 5-6 tensione/conseguenza -> 7-9 arriva SICURIX con gli eroi e applica il METODO81+ passo per passo -> 10-11 risoluzione ordinata -> 12 finale). HEADER in alto: SICURIX (mantello, medaglione arancione '81+', bussola) che presenta in un fumetto; grande titolo 'SICURIX TALES'; sottotitolo 'COMMERCIO: Pericolo vs Soluzione con Metodo 81+'; legenda 3 voci (verde Sicurezza, rosso Rischio, blu 81+ Soluzione); fila di EROI coi nomi: HYGIENIX, SCUDIX, SICURIX, PREPOSTIX, BLINKIX, CHECKIX. FOOTER in basso: grande 'Prima vedi. Poi sistemi.'; banner scudo verde 'PROTEGGIAMO. PREVENIAMO. MIGLIORIAMO.' e triangolo rosso 'DISATTENZIONE. RISCHI. COSTI. CAOS.'; logo '81+' + '81plus.net'. TRAMA (usa questi eventi come vignette; se sono meno di 10 aggiungi vignette di contesto, dialogo e reazione per arrivare a 10-12): 1) VOLTIX causa il pericolo 'Ruolo/Preposto' (Formazione Preposto); poi HYGIENIX+SICURIX applicano il METODO81+; 2) VOLTIX causa il pericolo 'Sorveglianza sanitaria' (Sorveglianza Sanitaria / Medico Competente); poi SCUDIX+SICURIX applicano il METODO81+; 3) DOSAGIX causa il pericolo 'Infestanti' (Lotta agli Infestanti (Pest Control)); poi SICURIX+SICURIX applicano il METODO81+; 4) FRETTIX causa il pericolo 'Documento' (Informativa e Consensi); poi PREPOSTIX+SICURIX applicano il METODO81+; 5) ØTIX causa il pericolo 'Ruolo/RLS' (Rappresentante Lavoratori Sicurezza (RLS)); poi HYGIENIX+SICURIX applicano il METODO81+; 6) SEGNALEX causa il pericolo 'Stress' (Stress Lavoro-Correlato); poi BLINKIX+SICURIX applicano il METODO81+; 7) MESCOLIX causa il pericolo 'Temperature' (Controllo Temperature e Celle); poi CHECKIX+SICURIX applicano il METODO81+; 8) CAOSIX causa il pericolo 'DPI' (Uso e Formazione DPI); poi FORMIX+SICURIX applicano il METODO81+; 9) SPYIX causa il pericolo 'Formazione' (Formazione GDPR); poi CHEFIX+SICURIX applicano il METODO81+; 10) BIOXIX causa il pericolo 'Emergenze/Incendio' (Addetto Antincendio); poi ROBOTIX81+SICURIX applicano il METODO81+; 11) FRETTIX causa il pericolo 'Emergenze/Soccorso' (Addetto Primo Soccorso); poi PREPOSTIX+SICURIX applicano il METODO81+; 12) FRETTIX causa il pericolo 'Videosorveglianza' (Videosorveglianza a norma); poi BLINKIX+SICURIX applicano il METODO81+. PALETTE BRAND ESCLUSIVA: nero #05050A, bianco panna, arancione #FF6A1A/#E8501A; ROSSO solo per 'PERICOLO', VERDE per la checklist 'Metodo 81+'. Logo '81+' ben visibile in OGNI vignetta. REGOLA STORIA: SICURIX NON agisce mai da solo - in OGNI vignetta di soluzione si fa AIUTARE dai suoi colleghi EROI (lavoro di squadra, ognuno col suo ruolo). TESTO: didascalie e fumetti MOLTO BREVI (1-4 parole), GRANDI, centrati, in ITALIANO con ORTOGRAFIA PERFETTA, senza parole inventate, lettere doppie errate o testo tagliato. CATTIVI (coerenti col canone): VOLTIX, DOSAGIX, FRETTIX, ØTIX, SEGNALEX, MESCOLIX, CAOSIX, SPYIX, BIOXIX. EROI: HYGIENIX, SCUDIX, SICURIX, PREPOSTIX, BLINKIX, CHECKIX, FORMIX, CHEFIX, ROBOTIX81. NEGATIVE: nessun marchio LEGO reale, nessun personaggio protetto (Asterix ecc.), niente gore/horror, niente claim assoluti ('rischio zero','garantito','zero multe').",Quello che l'ispettore controlla per primo in Commercio (e quasi nessuno lo sa),"In Commercio c'e' un obbligo che in tanti scoprono solo con la sanzione

In commercio gli adempimenti obbligatori non aspettano: Ruolo/Preposto, Sorveglianza sanitaria, Infestanti, Documento, Ruolo/RLS, Stress, Temperature, DPI, Formazione, Emergenze/Incendio, Emergenze/Soccorso, Videosorveglianza. In questa pagina TALES OF SICURIX il PERICOLO prende forma... e il METODO81+ lo rimette in ordine, passo dopo passo. Immagina la scena: prima il caos, poi la checklist che sistema tutto. Mettere ordine ora costa poco. Rimediare dopo costa caro.
👉 Iscriviti al corso: Corso per Preposto -> https://81plus.net/?corso=corso-per-preposto
▶️ YouTube: youtube.com/@sicurissimo
Contenuto informativo. Prima vedi. Poi sistemi. 81plus.net",Corso per Preposto,https://81plus.net/?corso=corso-per-preposto,#TalesOfSicurix #SICURIX #Metodo81 #81plus #Sicurissimo #Sicurezza #HACCP #Privacy #SicurezzaSulLavoro,SICURIX_TALES_477891_3_9_17_19_4_11_16_8_22_7_6_24.webp,https://drive.google.com/drive/folders/1hICKXdl9JTZBL1pemG19oE_661z-EH_k,IMG_ERR
56.30.03,Alloggio/Ristorazione,I,HACCP+Privacy+Sicurezza,12,Rintracciabilita ed Etichettatura | Formazione GDPR | Piano di Sanificazione | Rappresentante Lavoratori Sicurezza (RLS) | Procedura Data Breach | Formazione Specifica (rischio medio) | Sorveglianza Sanitaria / Medico Competente | Addetto Primo Soccorso | Stress Lavoro-Correlato | Gestione Allergeni | Formazione Preposto | Movimentazione Manuale Carichi,Reg.CE 178/2002 | GDPR art.32 | Reg.CE 852/2004 | D.Lgs81/08 art.47 | GDPR art.33-34 | Accordo Stato-Regioni | D.Lgs81/08 art.41 | DM 388/2003 | D.Lgs81/08 art.28 | Reg.UE 1169/2011 | D.Lgs81/08 art.37 | D.Lgs81/08 Tit.VI,"FORMIX>MESCOLIX, PRIVACIX>MULTIX, ROBOTIX81>TEMPORIX, FORMIX>SCIVOLIX, PRIVACIX>PHISHIX, HYGIENIX>CAOSIX, DOCUMIX>VIBRIX, HYGIENIX>POLVERIX, LUXPECTORIX>TAGLIX, CONSENSIX>FRETTIX, CONSENSIX>MULTIX, CIFRIX>ØTIX","Crea una PAGINA A FUMETTI a STORIA COMPLETA, verticale A4 (1024x1536), QUALITA' EDITORIALE DA STAMPA, stile ufficiale 'SICURIX TALES' IDENTICO alle immagini di riferimento allegate (stessi personaggi a mattoncini 3D, stessa impaginazione, stessi colori, stesse rese): minifigure espressive, ambientazioni ricche e dettagliate del settore, luci morbide, profondita', bordi vignetta netti. IMPAGINAZIONE OBBLIGATORIA: da 10 a 12 VIGNETTE numerate che raccontano UNA STORIA con arco narrativo completo (1 situazione normale -> 2-4 arrivano i pericoli coi cattivi -> 5-6 tensione/conseguenza -> 7-9 arriva SICURIX con gli eroi e applica il METODO81+ passo per passo -> 10-11 risoluzione ordinata -> 12 finale). HEADER in alto: SICURIX (mantello, medaglione arancione '81+', bussola) che presenta in un fumetto; grande titolo 'SICURIX TALES'; sottotitolo 'ALLOGGIO/RISTORAZIONE: Pericolo vs Soluzione con Metodo 81+'; legenda 3 voci (verde Sicurezza, rosso Rischio, blu 81+ Soluzione); fila di EROI coi nomi: FORMIX, PRIVACIX, ROBOTIX81, HYGIENIX, DOCUMIX, LUXPECTORIX. FOOTER in basso: grande 'Prima vedi. Poi sistemi.'; banner scudo verde 'PROTEGGIAMO. PREVENIAMO. MIGLIORIAMO.' e triangolo rosso 'DISATTENZIONE. RISCHI. COSTI. CAOS.'; logo '81+' + '81plus.net'. TRAMA (usa questi eventi come vignette; se sono meno di 10 aggiungi vignette di contesto, dialogo e reazione per arrivare a 10-12): 1) MESCOLIX causa il pericolo 'Rintracciabilita' (Rintracciabilita ed Etichettatura); poi FORMIX+SICURIX applicano il METODO81+; 2) MULTIX causa il pericolo 'Formazione' (Formazione GDPR); poi PRIVACIX+SICURIX applicano il METODO81+; 3) TEMPORIX causa il pericolo 'Sanificazione' (Piano di Sanificazione); poi ROBOTIX81+SICURIX applicano il METODO81+; 4) SCIVOLIX causa il pericolo 'Ruolo/RLS' (Rappresentante Lavoratori Sicurezza (RLS)); poi FORMIX+SICURIX applicano il METODO81+; 5) PHISHIX causa il pericolo 'Data breach' (Procedura Data Breach); poi PRIVACIX+SICURIX applicano il METODO81+; 6) CAOSIX causa il pericolo 'Formazione specifica' (Formazione Specifica (rischio medio)); poi HYGIENIX+SICURIX applicano il METODO81+; 7) VIBRIX causa il pericolo 'Sorveglianza sanitaria' (Sorveglianza Sanitaria / Medico Competente); poi DOCUMIX+SICURIX applicano il METODO81+; 8) POLVERIX causa il pericolo 'Emergenze/Soccorso' (Addetto Primo Soccorso); poi HYGIENIX+SICURIX applicano il METODO81+; 9) TAGLIX causa il pericolo 'Stress' (Stress Lavoro-Correlato); poi LUXPECTORIX+SICURIX applicano il METODO81+; 10) FRETTIX causa il pericolo 'Allergeni' (Gestione Allergeni); poi CONSENSIX+SICURIX applicano il METODO81+; 11) MULTIX causa il pericolo 'Ruolo/Preposto' (Formazione Preposto); poi CONSENSIX+SICURIX applicano il METODO81+; 12) ØTIX causa il pericolo 'MMC' (Movimentazione Manuale Carichi); poi CIFRIX+SICURIX applicano il METODO81+. PALETTE BRAND ESCLUSIVA: nero #05050A, bianco panna, arancione #FF6A1A/#E8501A; ROSSO solo per 'PERICOLO', VERDE per la checklist 'Metodo 81+'. Logo '81+' ben visibile in OGNI vignetta. REGOLA STORIA: SICURIX NON agisce mai da solo - in OGNI vignetta di soluzione si fa AIUTARE dai suoi colleghi EROI (lavoro di squadra, ognuno col suo ruolo). TESTO: didascalie e fumetti MOLTO BREVI (1-4 parole), GRANDI, centrati, in ITALIANO con ORTOGRAFIA PERFETTA, senza parole inventate, lettere doppie errate o testo tagliato. CATTIVI (coerenti col canone): MESCOLIX, MULTIX, TEMPORIX, SCIVOLIX, PHISHIX, CAOSIX, VIBRIX, POLVERIX, TAGLIX, FRETTIX, ØTIX. EROI: FORMIX, PRIVACIX, ROBOTIX81, HYGIENIX, DOCUMIX, LUXPECTORIX, CONSENSIX, CIFRIX. NEGATIVE: nessun marchio LEGO reale, nessun personaggio protetto (Asterix ecc.), niente gore/horror, niente claim assoluti ('rischio zero','garantito','zero multe').",La differenza tra chi in Alloggio/Ristorazione dorme sereno e chi trema al controllo,"In Alloggio/Ristorazione c'e' un obbligo che in tanti scoprono solo con la sanzione

In alloggio/ristorazione gli adempimenti obbligatori non aspettano: Rintracciabilita, Formazione, Sanificazione, Ruolo/RLS, Data breach, Formazione specifica, Sorveglianza sanitaria, Emergenze/Soccorso, Stress, Allergeni, Ruolo/Preposto, MMC. In questa pagina TALES OF SICURIX il PERICOLO prende forma... e il METODO81+ lo rimette in ordine, passo dopo passo. Immagina la scena: prima il caos, poi la checklist che sistema tutto. Mettere ordine ora costa poco. Rimediare dopo costa caro.
👉 Iscriviti al corso: Manuale di rintracciabilità -> https://81plus.net/?corso=manuale-di-rintracciabilit
▶️ YouTube: youtube.com/@sicurissimo
Contenuto informativo. Prima vedi. Poi sistemi. 81plus.net",Manuale di rintracciabilità,https://81plus.net/?corso=manuale-di-rintracciabilit,#TalesOfSicurix #SICURIX #Metodo81 #81plus #Sicurissimo #HACCP #Privacy #Sicurezza #SicurezzaSulLavoro,SICURIX_TALES_563003_15_22_14_4_23_2_9_6_11_18_3_10.webp,https://drive.google.com/drive/folders/1hICKXdl9JTZBL1pemG19oE_661z-EH_k,IMG_ERR
96.10.12,Famiglie datori,T,Sicurezza+Privacy,11,Addetto Antincendio | Procedura Data Breach | Documento Valutazione Rischi (DVR) | Addetto Primo Soccorso | Formazione Generale Lavoratori | Informativa e Consensi | Registro dei Trattamenti | Uso e Formazione DPI | Formazione GDPR | Rappresentante Lavoratori Sicurezza (RLS) | Videosorveglianza a norma,DM 2/9/2021 | GDPR art.33-34 | D.Lgs81/08 art.28 | DM 388/2003 | Accordo Stato-Regioni | GDPR art.13 | GDPR art.30 | D.Lgs81/08 art.77 | GDPR art.32 | D.Lgs81/08 art.47 | Provv.Garante,"SCUDIX>OBLIVIX, SCUDIX>FRETTIX, LUXPECTORIX>TAGLIX, CIFRIX>VIBRIX, LUXPECTORIX>TAGLIX, HYGIENIX>CAOSIX, SICURIX>PERMISSIONIX, BLINKIX>ØTIX, CONSENSIX>OBLIVIX, LUXPECTORIX>FRETTIX, CHEFIX>SPYIX","Crea una PAGINA A FUMETTI a STORIA COMPLETA, verticale A4 (1024x1536), QUALITA' EDITORIALE DA STAMPA, stile ufficiale 'SICURIX TALES' IDENTICO alle immagini di riferimento allegate (stessi personaggi a mattoncini 3D, stessa impaginazione, stessi colori, stesse rese): minifigure espressive, ambientazioni ricche e dettagliate del settore, luci morbide, profondita', bordi vignetta netti. IMPAGINAZIONE OBBLIGATORIA: da 10 a 12 VIGNETTE numerate che raccontano UNA STORIA con arco narrativo completo (1 situazione normale -> 2-4 arrivano i pericoli coi cattivi -> 5-6 tensione/conseguenza -> 7-9 arriva SICURIX con gli eroi e applica il METODO81+ passo per passo -> 10-11 risoluzione ordinata -> 12 finale). HEADER in alto: SICURIX (mantello, medaglione arancione '81+', bussola) che presenta in un fumetto; grande titolo 'SICURIX TALES'; sottotitolo 'FAMIGLIE DATORI: Pericolo vs Soluzione con Metodo 81+'; legenda 3 voci (verde Sicurezza, rosso Rischio, blu 81+ Soluzione); fila di EROI coi nomi: SCUDIX, LUXPECTORIX, CIFRIX, HYGIENIX, SICURIX, BLINKIX. FOOTER in basso: grande 'Prima vedi. Poi sistemi.'; banner scudo verde 'PROTEGGIAMO. PREVENIAMO. MIGLIORIAMO.' e triangolo rosso 'DISATTENZIONE. RISCHI. COSTI. CAOS.'; logo '81+' + '81plus.net'. TRAMA (usa questi eventi come vignette; se sono meno di 10 aggiungi vignette di contesto, dialogo e reazione per arrivare a 10-12): 1) OBLIVIX causa il pericolo 'Emergenze/Incendio' (Addetto Antincendio); poi SCUDIX+SICURIX applicano il METODO81+; 2) FRETTIX causa il pericolo 'Data breach' (Procedura Data Breach); poi SCUDIX+SICURIX applicano il METODO81+; 3) TAGLIX causa il pericolo 'Documento' (Documento Valutazione Rischi (DVR)); poi LUXPECTORIX+SICURIX applicano il METODO81+; 4) VIBRIX causa il pericolo 'Emergenze/Soccorso' (Addetto Primo Soccorso); poi CIFRIX+SICURIX applicano il METODO81+; 5) TAGLIX causa il pericolo 'Formazione base' (Formazione Generale Lavoratori); poi LUXPECTORIX+SICURIX applicano il METODO81+; 6) CAOSIX causa il pericolo 'Documento' (Informativa e Consensi); poi HYGIENIX+SICURIX applicano il METODO81+; 7) PERMISSIONIX causa il pericolo 'Registro' (Registro dei Trattamenti); poi SICURIX+SICURIX applicano il METODO81+; 8) ØTIX causa il pericolo 'DPI' (Uso e Formazione DPI); poi BLINKIX+SICURIX applicano il METODO81+; 9) OBLIVIX causa il pericolo 'Formazione' (Formazione GDPR); poi CONSENSIX+SICURIX applicano il METODO81+; 10) FRETTIX causa il pericolo 'Ruolo/RLS' (Rappresentante Lavoratori Sicurezza (RLS)); poi LUXPECTORIX+SICURIX applicano il METODO81+; 11) SPYIX causa il pericolo 'Videosorveglianza' (Videosorveglianza a norma); poi CHEFIX+SICURIX applicano il METODO81+. PALETTE BRAND ESCLUSIVA: nero #05050A, bianco panna, arancione #FF6A1A/#E8501A; ROSSO solo per 'PERICOLO', VERDE per la checklist 'Metodo 81+'. Logo '81+' ben visibile in OGNI vignetta. REGOLA STORIA: SICURIX NON agisce mai da solo - in OGNI vignetta di soluzione si fa AIUTARE dai suoi colleghi EROI (lavoro di squadra, ognuno col suo ruolo). TESTO: didascalie e fumetti MOLTO BREVI (1-4 parole), GRANDI, centrati, in ITALIANO con ORTOGRAFIA PERFETTA, senza parole inventate, lettere doppie errate o testo tagliato. CATTIVI (coerenti col canone): OBLIVIX, FRETTIX, TAGLIX, VIBRIX, CAOSIX, PERMISSIONIX, ØTIX, SPYIX. EROI: SCUDIX, LUXPECTORIX, CIFRIX, HYGIENIX, SICURIX, BLINKIX, CONSENSIX, CHEFIX. NEGATIVE: nessun marchio LEGO reale, nessun personaggio protetto (Asterix ecc.), niente gore/horror, niente claim assoluti ('rischio zero','garantito','zero multe').",In Famiglie datori c'e' un obbligo che in tanti scoprono solo con la sanzione,"La differenza tra chi in Famiglie datori dorme sereno e chi trema al controllo

In famiglie datori gli adempimenti obbligatori non aspettano: Emergenze/Incendio, Data breach, Documento, Emergenze/Soccorso, Formazione base, Registro, DPI, Formazione, Ruolo/RLS, Videosorveglianza. In questa pagina TALES OF SICURIX il PERICOLO prende forma... e il METODO81+ lo rimette in ordine, passo dopo passo. Immagina la scena: prima il caos, poi la checklist che sistema tutto. La regola c'e' gia': tu falla lavorare per te.
👉 Iscriviti al corso: Corso antincendio livello 1 -> https://81plus.net/?corso=corso-antincendio-livello-1
▶️ YouTube: youtube.com/@sicurissimo
Contenuto informativo. Prima vedi. Poi sistemi. 81plus.net",Corso antincendio livello 1,https://81plus.net/?corso=corso-antincendio-livello-1,#TalesOfSicurix #SICURIX #Metodo81 #81plus #Sicurissimo #Sicurezza #Privacy #SicurezzaSulLavoro,SICURIX_TALES_961012_7_13_0_6_1_9_10_8_12_4_14.webp,https://drive.google.com/drive/folders/1hICKXdl9JTZBL1pemG19oE_661z-EH_k,IMG_ERR
01.41.00,Agricoltura,A,HACCP+Sicurezza+Privacy+Ambientale,10,Gestione Allergeni | Manuale HACCP di Autocontrollo | Trattori e Macchine Agricole | Procedura Data Breach | Formazione Preposto | RSPP / Datore di Lavoro RSPP | Formazione Specifica (rischio alto) | Rischio Rumore | Addetto Primo Soccorso | Gestione Rifiuti e Registro,Reg.UE 1169/2011 | Reg.CE 852/2004 | Accordo Stato-Regioni | GDPR art.33-34 | D.Lgs81/08 art.37 | D.Lgs81/08 art.34 | D.Lgs81/08 Tit.VIII | DM 388/2003 | D.Lgs152/06,"CHECKIX>TEMPORIX, PRIVACIX>SCADUTIX, HYGIENIX>VOLTIX, CHEFIX>RISKIX, FORMIX>VIBRIX, LUXPECTORIX>FUMIX, PREPOSTIX>NONDPIX, HYGIENIX>SEGNALEX, DOCUMIX>SOTTOVALUTIX, SICURIX>IMPROVVISIX","Crea una PAGINA A FUMETTI a STORIA COMPLETA, verticale A4 (1024x1536), QUALITA' EDITORIALE DA STAMPA, stile ufficiale 'SICURIX TALES' IDENTICO alle immagini di riferimento allegate (stessi personaggi a mattoncini 3D, stessa impaginazione, stessi colori, stesse rese): minifigure espressive, ambientazioni ricche e dettagliate del settore, luci morbide, profondita', bordi vignetta netti. IMPAGINAZIONE OBBLIGATORIA: da 10 a 12 VIGNETTE numerate che raccontano UNA STORIA con arco narrativo completo (1 situazione normale -> 2-4 arrivano i pericoli coi cattivi -> 5-6 tensione/conseguenza -> 7-9 arriva SICURIX con gli eroi e applica il METODO81+ passo per passo -> 10-11 risoluzione ordinata -> 12 finale). HEADER in alto: SICURIX (mantello, medaglione arancione '81+', bussola) che presenta in un fumetto; grande titolo 'SICURIX TALES'; sottotitolo 'AGRICOLTURA: Pericolo vs Soluzione con Metodo 81+'; legenda 3 voci (verde Sicurezza, rosso Rischio, blu 81+ Soluzione); fila di EROI coi nomi: CHECKIX, PRIVACIX, HYGIENIX, CHEFIX, FORMIX, LUXPECTORIX. FOOTER in basso: grande 'Prima vedi. Poi sistemi.'; banner scudo verde 'PROTEGGIAMO. PREVENIAMO. MIGLIORIAMO.' e triangolo rosso 'DISATTENZIONE. RISCHI. COSTI. CAOS.'; logo '81+' + '81plus.net'. TRAMA (usa questi eventi come vignette; se sono meno di 10 aggiungi vignette di contesto, dialogo e reazione per arrivare a 10-12): 1) TEMPORIX causa il pericolo 'Allergeni' (Gestione Allergeni); poi CHECKIX+SICURIX applicano il METODO81+; 2) SCADUTIX causa il pericolo 'Documento' (Manuale HACCP di Autocontrollo); poi PRIVACIX+SICURIX applicano il METODO81+; 3) VOLTIX causa il pericolo 'Macchine agricole' (Trattori e Macchine Agricole); poi HYGIENIX+SICURIX applicano il METODO81+; 4) RISKIX causa il pericolo 'Data breach' (Procedura Data Breach); poi CHEFIX+SICURIX applicano il METODO81+; 5) VIBRIX causa il pericolo 'Ruolo/Preposto' (Formazione Preposto); poi FORMIX+SICURIX applicano il METODO81+; 6) FUMIX causa il pericolo 'Ruolo/RSPP' (RSPP / Datore di Lavoro RSPP); poi LUXPECTORIX+SICURIX applicano il METODO81+; 7) NONDPIX causa il pericolo 'Formazione specifica' (Formazione Specifica (rischio alto)); poi PREPOSTIX+SICURIX applicano il METODO81+; 8) SEGNALEX causa il pericolo 'Rumore' (Rischio Rumore); poi HYGIENIX+SICURIX applicano il METODO81+; 9) SOTTOVALUTIX causa il pericolo 'Emergenze/Soccorso' (Addetto Primo Soccorso); poi DOCUMIX+SICURIX applicano il METODO81+; 10) IMPROVVISIX causa il pericolo 'Rifiuti' (Gestione Rifiuti e Registro); poi SICURIX+SICURIX applicano il METODO81+. PALETTE BRAND ESCLUSIVA: nero #05050A, bianco panna, arancione #FF6A1A/#E8501A; ROSSO solo per 'PERICOLO', VERDE per la checklist 'Metodo 81+'. Logo '81+' ben visibile in OGNI vignetta. REGOLA STORIA: SICURIX NON agisce mai da solo - in OGNI vignetta di soluzione si fa AIUTARE dai suoi colleghi EROI (lavoro di squadra, ognuno col suo ruolo). TESTO: didascalie e fumetti MOLTO BREVI (1-4 parole), GRANDI, centrati, in ITALIANO con ORTOGRAFIA PERFETTA, senza parole inventate, lettere doppie errate o testo tagliato. CATTIVI (coerenti col canone): TEMPORIX, SCADUTIX, VOLTIX, RISKIX, VIBRIX, FUMIX, NONDPIX, SEGNALEX, SOTTOVALUTIX, IMPROVVISIX. EROI: CHECKIX, PRIVACIX, HYGIENIX, CHEFIX, FORMIX, LUXPECTORIX, PREPOSTIX, DOCUMIX, SICURIX. NEGATIVE: nessun marchio LEGO reale, nessun personaggio protetto (Asterix ecc.), niente gore/horror, niente claim assoluti ('rischio zero','garantito','zero multe').",Quello che l'ispettore controlla per primo in Agricoltura (e quasi nessuno lo sa),"Agricoltura: 3 minuti oggi o un problema enorme domani. Scegli tu.

In agricoltura gli adempimenti obbligatori non aspettano: Allergeni, Documento, Macchine agricole, Data breach, Ruolo/Preposto, Ruolo/RSPP, Formazione specifica, Rumore, Emergenze/Soccorso, Rifiuti. In questa pagina TALES OF SICURIX il PERICOLO prende forma... e il METODO81+ lo rimette in ordine, passo dopo passo. Immagina la scena: prima il caos, poi la checklist che sistema tutto. La regola c'e' gia': tu falla lavorare per te.
👉 Iscriviti al corso: Haccp - Corso responsabile industria alimentare -> https://81plus.net/?corso=haccp-corso-responsabile-industria-alimentare
▶️ YouTube: youtube.com/@sicurissimo
Contenuto informativo. Prima vedi. Poi sistemi. 81plus.net",Haccp - Corso responsabile industria alimentare,https://81plus.net/?corso=haccp-corso-responsabile-industria-alimentare,#TalesOfSicurix #SICURIX #Metodo81 #81plus #Sicurissimo #HACCP #Sicurezza #Privacy #Ambientale #SicurezzaSulLavoro,SICURIX_TALES_014100_21_15_14_26_3_5_2_12_6_27.webp,https://drive.google.com/drive/folders/1hICKXdl9JTZBL1pemG19oE_661z-EH_k,IMG_ERR
47.69.20,Commercio,G,Sicurezza+Privacy+HACCP,12,RSPP / Datore di Lavoro RSPP | Videosorveglianza a norma | Informativa e Consensi | Registro dei Trattamenti | Manuale HACCP di Autocontrollo | Corso Alimentarista | Formazione GDPR | Addetto Antincendio | Movimentazione Manuale Carichi | Addetto Primo Soccorso | Lotta agli Infestanti (Pest Control) | Documento Valutazione Rischi (DVR),D.Lgs81/08 art.34 | Provv.Garante | GDPR art.13 | GDPR art.30 | Reg.CE 852/2004 | GDPR art.32 | DM 2/9/2021 | D.Lgs81/08 Tit.VI | DM 388/2003 | D.Lgs81/08 art.28,"CHECKIX>ØTIX, CHECKIX>CAOSIX, PRIVACIX>IMPROVVISIX, PREPOSTIX>MULTIX, SICURIX>MULTIX, DOCUMIX>DOSAGIX, SCUDIX>PERMISSIONIX, DOCUMIX>TAGLIX, ROBOTIX81>VOLTIX, ROBOTIX81>FRETTIX, ROBOTIX81>MESCOLIX, CHECKIX>SCHIACCIX","Crea una PAGINA A FUMETTI a STORIA COMPLETA, verticale A4 (1024x1536), QUALITA' EDITORIALE DA STAMPA, stile ufficiale 'SICURIX TALES' IDENTICO alle immagini di riferimento allegate (stessi personaggi a mattoncini 3D, stessa impaginazione, stessi colori, stesse rese): minifigure espressive, ambientazioni ricche e dettagliate del settore, luci morbide, profondita', bordi vignetta netti. IMPAGINAZIONE OBBLIGATORIA: da 10 a 12 VIGNETTE numerate che raccontano UNA STORIA con arco narrativo completo (1 situazione normale -> 2-4 arrivano i pericoli coi cattivi -> 5-6 tensione/conseguenza -> 7-9 arriva SICURIX con gli eroi e applica il METODO81+ passo per passo -> 10-11 risoluzione ordinata -> 12 finale). HEADER in alto: SICURIX (mantello, medaglione arancione '81+', bussola) che presenta in un fumetto; grande titolo 'SICURIX TALES'; sottotitolo 'COMMERCIO: Pericolo vs Soluzione con Metodo 81+'; legenda 3 voci (verde Sicurezza, rosso Rischio, blu 81+ Soluzione); fila di EROI coi nomi: CHECKIX, PRIVACIX, PREPOSTIX, SICURIX, DOCUMIX, SCUDIX. FOOTER in basso: grande 'Prima vedi. Poi sistemi.'; banner scudo verde 'PROTEGGIAMO. PREVENIAMO. MIGLIORIAMO.' e triangolo rosso 'DISATTENZIONE. RISCHI. COSTI. CAOS.'; logo '81+' + '81plus.net'. TRAMA (usa questi eventi come vignette; se sono meno di 10 aggiungi vignette di contesto, dialogo e reazione per arrivare a 10-12): 1) ØTIX causa il pericolo 'Ruolo/RSPP' (RSPP / Datore di Lavoro RSPP); poi CHECKIX+SICURIX applicano il METODO81+; 2) CAOSIX causa il pericolo 'Videosorveglianza' (Videosorveglianza a norma); poi CHECKIX+SICURIX applicano il METODO81+; 3) IMPROVVISIX causa il pericolo 'Documento' (Informativa e Consensi); poi PRIVACIX+SICURIX applicano il METODO81+; 4) MULTIX causa il pericolo 'Registro' (Registro dei Trattamenti); poi PREPOSTIX+SICURIX applicano il METODO81+; 5) MULTIX causa il pericolo 'Documento' (Manuale HACCP di Autocontrollo); poi SICURIX+SICURIX applicano il METODO81+; 6) DOSAGIX causa il pericolo 'Corso' (Corso Alimentarista); poi DOCUMIX+SICURIX applicano il METODO81+; 7) PERMISSIONIX causa il pericolo 'Formazione' (Formazione GDPR); poi SCUDIX+SICURIX applicano il METODO81+; 8) TAGLIX causa il pericolo 'Emergenze/Incendio' (Addetto Antincendio); poi DOCUMIX+SICURIX applicano il METODO81+; 9) VOLTIX causa il pericolo 'MMC' (Movimentazione Manuale Carichi); poi ROBOTIX81+SICURIX applicano il METODO81+; 10) FRETTIX causa il pericolo 'Emergenze/Soccorso' (Addetto Primo Soccorso); poi ROBOTIX81+SICURIX applicano il METODO81+; 11) MESCOLIX causa il pericolo 'Infestanti' (Lotta agli Infestanti (Pest Control)); poi ROBOTIX81+SICURIX applicano il METODO81+; 12) SCHIACCIX causa il pericolo 'Documento' (Documento Valutazione Rischi (DVR)); poi CHECKIX+SICURIX applicano il METODO81+. PALETTE BRAND ESCLUSIVA: nero #05050A, bianco panna, arancione #FF6A1A/#E8501A; ROSSO solo per 'PERICOLO', VERDE per la checklist 'Metodo 81+'. Logo '81+' ben visibile in OGNI vignetta. REGOLA STORIA: SICURIX NON agisce mai da solo - in OGNI vignetta di soluzione si fa AIUTARE dai suoi colleghi EROI (lavoro di squadra, ognuno col suo ruolo). TESTO: didascalie e fumetti MOLTO BREVI (1-4 parole), GRANDI, centrati, in ITALIANO con ORTOGRAFIA PERFETTA, senza parole inventate, lettere doppie errate o testo tagliato. CATTIVI (coerenti col canone): ØTIX, CAOSIX, IMPROVVISIX, MULTIX, DOSAGIX, PERMISSIONIX, TAGLIX, VOLTIX, FRETTIX, MESCOLIX, SCHIACCIX. EROI: CHECKIX, PRIVACIX, PREPOSTIX, SICURIX, DOCUMIX, SCUDIX, ROBOTIX81. NEGATIVE: nessun marchio LEGO reale, nessun personaggio protetto (Asterix ecc.), niente gore/horror, niente claim assoluti ('rischio zero','garantito','zero multe').",Commercio: 3 minuti oggi o un problema enorme domani. Scegli tu.,"In Commercio c'e' un obbligo che in tanti scoprono solo con la sanzione

In commercio gli adempimenti obbligatori non aspettano: Ruolo/RSPP, Videosorveglianza, Documento, Registro, Corso, Formazione, Emergenze/Incendio, MMC, Emergenze/Soccorso, Infestanti. In questa pagina TALES OF SICURIX il PERICOLO prende forma... e il METODO81+ lo rimette in ordine, passo dopo passo. Immagina la scena: prima il caos, poi la checklist che sistema tutto. Chi si mette in regola prima, dorme meglio dopo.
👉 Iscriviti al corso: RSPP Datore di Lavoro modulo 1 e 2 -> https://81plus.net/?corso=rspp-datore-di-lavoro-modulo-1-e-2
▶️ YouTube: youtube.com/@sicurissimo
Contenuto informativo. Prima vedi. Poi sistemi. 81plus.net",RSPP Datore di Lavoro modulo 1 e 2,https://81plus.net/?corso=rspp-datore-di-lavoro-modulo-1-e-2,#TalesOfSicurix #SICURIX #Metodo81 #81plus #Sicurissimo #Sicurezza #Privacy #HACCP #SicurezzaSulLavoro,SICURIX_TALES_476920_5_24_19_20_12_13_22_7_10_6_17_0.webp,https://drive.google.com/drive/folders/1hICKXdl9JTZBL1pemG19oE_661z-EH_k,IMG_ERR
23.15.10,Manifattura,C,Sicurezza+HACCP+Privacy,12,Stress Lavoro-Correlato | Corso Alimentarista | Rischio Rumore | Manuale HACCP di Autocontrollo | Formazione Preposto | Movimentazione Manuale Carichi | Uso e Formazione DPI | Documento Valutazione Rischi (DVR) | Sorveglianza Sanitaria / Medico Competente | Addetto Antincendio | Formazione GDPR | Formazione Specifica (rischio alto),D.Lgs81/08 art.28 | Reg.CE 852/2004 | D.Lgs81/08 Tit.VIII | D.Lgs81/08 art.37 | D.Lgs81/08 Tit.VI | D.Lgs81/08 art.77 | D.Lgs81/08 art.41 | DM 2/9/2021 | GDPR art.32 | Accordo Stato-Regioni,"TRACCIX>VOLTIX, SICURIX>SPORCKIX, PREPOSTIX>CADUTIX, SICURIX>FRETTIX, LUXPECTORIX>CAOSIX, TRACCIX>BIOXIX, HYGIENIX>CADUTIX, CONSENSIX>SCHIACCIX, HYGIENIX>ØTIX, BLINKIX>TAGLIX, DOCUMIX>LEAKIX, CONSENSIX>FUMIX","Crea una PAGINA A FUMETTI a STORIA COMPLETA, verticale A4 (1024x1536), QUALITA' EDITORIALE DA STAMPA, stile ufficiale 'SICURIX TALES' IDENTICO alle immagini di riferimento allegate (stessi personaggi a mattoncini 3D, stessa impaginazione, stessi colori, stesse rese): minifigure espressive, ambientazioni ricche e dettagliate del settore, luci morbide, profondita', bordi vignetta netti. IMPAGINAZIONE OBBLIGATORIA: da 10 a 12 VIGNETTE numerate che raccontano UNA STORIA con arco narrativo completo (1 situazione normale -> 2-4 arrivano i pericoli coi cattivi -> 5-6 tensione/conseguenza -> 7-9 arriva SICURIX con gli eroi e applica il METODO81+ passo per passo -> 10-11 risoluzione ordinata -> 12 finale). HEADER in alto: SICURIX (mantello, medaglione arancione '81+', bussola) che presenta in un fumetto; grande titolo 'SICURIX TALES'; sottotitolo 'MANIFATTURA: Pericolo vs Soluzione con Metodo 81+'; legenda 3 voci (verde Sicurezza, rosso Rischio, blu 81+ Soluzione); fila di EROI coi nomi: TRACCIX, SICURIX, PREPOSTIX, LUXPECTORIX, HYGIENIX, CONSENSIX. FOOTER in basso: grande 'Prima vedi. Poi sistemi.'; banner scudo verde 'PROTEGGIAMO. PREVENIAMO. MIGLIORIAMO.' e triangolo rosso 'DISATTENZIONE. RISCHI. COSTI. CAOS.'; logo '81+' + '81plus.net'. TRAMA (usa questi eventi come vignette; se sono meno di 10 aggiungi vignette di contesto, dialogo e reazione per arrivare a 10-12): 1) VOLTIX causa il pericolo 'Stress' (Stress Lavoro-Correlato); poi TRACCIX+SICURIX applicano il METODO81+; 2) SPORCKIX causa il pericolo 'Corso' (Corso Alimentarista); poi SICURIX+SICURIX applicano il METODO81+; 3) CADUTIX causa il pericolo 'Rumore' (Rischio Rumore); poi PREPOSTIX+SICURIX applicano il METODO81+; 4) FRETTIX causa il pericolo 'Documento' (Manuale HACCP di Autocontrollo); poi SICURIX+SICURIX applicano il METODO81+; 5) CAOSIX causa il pericolo 'Ruolo/Preposto' (Formazione Preposto); poi LUXPECTORIX+SICURIX applicano il METODO81+; 6) BIOXIX causa il pericolo 'MMC' (Movimentazione Manuale Carichi); poi TRACCIX+SICURIX applicano il METODO81+; 7) CADUTIX causa il pericolo 'DPI' (Uso e Formazione DPI); poi HYGIENIX+SICURIX applicano il METODO81+; 8) SCHIACCIX causa il pericolo 'Documento' (Documento Valutazione Rischi (DVR)); poi CONSENSIX+SICURIX applicano il METODO81+; 9) ØTIX causa il pericolo 'Sorveglianza sanitaria' (Sorveglianza Sanitaria / Medico Competente); poi HYGIENIX+SICURIX applicano il METODO81+; 10) TAGLIX causa il pericolo 'Emergenze/Incendio' (Addetto Antincendio); poi BLINKIX+SICURIX applicano il METODO81+; 11) LEAKIX causa il pericolo 'Formazione' (Formazione GDPR); poi DOCUMIX+SICURIX applicano il METODO81+; 12) FUMIX causa il pericolo 'Formazione specifica' (Formazione Specifica (rischio alto)); poi CONSENSIX+SICURIX applicano il METODO81+. PALETTE BRAND ESCLUSIVA: nero #05050A, bianco panna, arancione #FF6A1A/#E8501A; ROSSO solo per 'PERICOLO', VERDE per la checklist 'Metodo 81+'. Logo '81+' ben visibile in OGNI vignetta. REGOLA STORIA: SICURIX NON agisce mai da solo - in OGNI vignetta di soluzione si fa AIUTARE dai suoi colleghi EROI (lavoro di squadra, ognuno col suo ruolo). TESTO: didascalie e fumetti MOLTO BREVI (1-4 parole), GRANDI, centrati, in ITALIANO con ORTOGRAFIA PERFETTA, senza parole inventate, lettere doppie errate o testo tagliato. CATTIVI (coerenti col canone): VOLTIX, SPORCKIX, CADUTIX, FRETTIX, CAOSIX, BIOXIX, SCHIACCIX, ØTIX, TAGLIX, LEAKIX, FUMIX. EROI: TRACCIX, SICURIX, PREPOSTIX, LUXPECTORIX, HYGIENIX, CONSENSIX, BLINKIX, DOCUMIX. NEGATIVE: nessun marchio LEGO reale, nessun personaggio protetto (Asterix ecc.), niente gore/horror, niente claim assoluti ('rischio zero','garantito','zero multe').",Manifattura: 3 minuti oggi o un problema enorme domani. Scegli tu.,"La differenza tra chi in Manifattura dorme sereno e chi trema al controllo

In manifattura gli adempimenti obbligatori non aspettano: Stress, Corso, Rumore, Documento, Ruolo/Preposto, MMC, DPI, Sorveglianza sanitaria, Emergenze/Incendio, Formazione, Formazione specifica. In questa pagina TALES OF SICURIX il PERICOLO prende forma... e il METODO81+ lo rimette in ordine, passo dopo passo. Immagina la scena: prima il caos, poi la checklist che sistema tutto. Non e' burocrazia: e' la tua tranquillita.
👉 Iscriviti al corso: Rischio stress lavoro correlato -> https://81plus.net/?corso=rischio-stress-lavoro-correlato
▶️ YouTube: youtube.com/@sicurissimo
Contenuto informativo. Prima vedi. Poi sistemi. 81plus.net",Rischio stress lavoro correlato,https://81plus.net/?corso=rischio-stress-lavoro-correlato,#TalesOfSicurix #SICURIX #Metodo81 #81plus #Sicurissimo #Sicurezza #HACCP #Privacy #SicurezzaSulLavoro,SICURIX_TALES_231510_11_15_12_14_3_10_8_0_9_7_24_2.webp,https://drive.google.com/drive/folders/1hICKXdl9JTZBL1pemG19oE_661z-EH_k,IMG_ERR
52.21.40,Trasporti/Magazzino,H,Sicurezza+Privacy+Ambientale,10,Uso e Formazione DPI | Sorveglianza Sanitaria / Medico Competente | Addetto Antincendio | Addetto Primo Soccorso | Nomina Incaricati/Responsabili | Formazione Ambientale | Procedura Data Breach | Formazione Preposto | Informativa e Consensi | Stress Lavoro-Correlato,D.Lgs81/08 art.77 | D.Lgs81/08 art.41 | DM 2/9/2021 | DM 388/2003 | GDPR art.28-29 | D.Lgs152/06 | GDPR art.33-34 | D.Lgs81/08 art.37 | GDPR art.13 | D.Lgs81/08 art.28,"DOCUMIX>SOTTOVALUTIX, CIFRIX>TAGLIX, PREPOSTIX>SCIVOLIX, HYGIENIX>SOTTOVALUTIX, PREPOSTIX>RISKIX, CHEFIX>MULTIX, LUXPECTORIX>IMPROVVISIX, CHEFIX>RISKIX, DOCUMIX>CAOSIX, CIFRIX>RUMORIX","Crea una PAGINA A FUMETTI a STORIA COMPLETA, verticale A4 (1024x1536), QUALITA' EDITORIALE DA STAMPA, stile ufficiale 'SICURIX TALES' IDENTICO alle immagini di riferimento allegate (stessi personaggi a mattoncini 3D, stessa impaginazione, stessi colori, stesse rese): minifigure espressive, ambientazioni ricche e dettagliate del settore, luci morbide, profondita', bordi vignetta netti. IMPAGINAZIONE OBBLIGATORIA: da 10 a 12 VIGNETTE numerate che raccontano UNA STORIA con arco narrativo completo (1 situazione normale -> 2-4 arrivano i pericoli coi cattivi -> 5-6 tensione/conseguenza -> 7-9 arriva SICURIX con gli eroi e applica il METODO81+ passo per passo -> 10-11 risoluzione ordinata -> 12 finale). HEADER in alto: SICURIX (mantello, medaglione arancione '81+', bussola) che presenta in un fumetto; grande titolo 'SICURIX TALES'; sottotitolo 'TRASPORTI/MAGAZZINO: Pericolo vs Soluzione con Metodo 81+'; legenda 3 voci (verde Sicurezza, rosso Rischio, blu 81+ Soluzione); fila di EROI coi nomi: DOCUMIX, CIFRIX, PREPOSTIX, HYGIENIX, CHEFIX, LUXPECTORIX. FOOTER in basso: grande 'Prima vedi. Poi sistemi.'; banner scudo verde 'PROTEGGIAMO. PREVENIAMO. MIGLIORIAMO.' e triangolo rosso 'DISATTENZIONE. RISCHI. COSTI. CAOS.'; logo '81+' + '81plus.net'. TRAMA (usa questi eventi come vignette; se sono meno di 10 aggiungi vignette di contesto, dialogo e reazione per arrivare a 10-12): 1) SOTTOVALUTIX causa il pericolo 'DPI' (Uso e Formazione DPI); poi DOCUMIX+SICURIX applicano il METODO81+; 2) TAGLIX causa il pericolo 'Sorveglianza sanitaria' (Sorveglianza Sanitaria / Medico Competente); poi CIFRIX+SICURIX applicano il METODO81+; 3) SCIVOLIX causa il pericolo 'Emergenze/Incendio' (Addetto Antincendio); poi PREPOSTIX+SICURIX applicano il METODO81+; 4) SOTTOVALUTIX causa il pericolo 'Emergenze/Soccorso' (Addetto Primo Soccorso); poi HYGIENIX+SICURIX applicano il METODO81+; 5) RISKIX causa il pericolo 'Nomine' (Nomina Incaricati/Responsabili); poi PREPOSTIX+SICURIX applicano il METODO81+; 6) MULTIX causa il pericolo 'Formazione' (Formazione Ambientale); poi CHEFIX+SICURIX applicano il METODO81+; 7) IMPROVVISIX causa il pericolo 'Data breach' (Procedura Data Breach); poi LUXPECTORIX+SICURIX applicano il METODO81+; 8) RISKIX causa il pericolo 'Ruolo/Preposto' (Formazione Preposto); poi CHEFIX+SICURIX applicano il METODO81+; 9) CAOSIX causa il pericolo 'Documento' (Informativa e Consensi); poi DOCUMIX+SICURIX applicano il METODO81+; 10) RUMORIX causa il pericolo 'Stress' (Stress Lavoro-Correlato); poi CIFRIX+SICURIX applicano il METODO81+. PALETTE BRAND ESCLUSIVA: nero #05050A, bianco panna, arancione #FF6A1A/#E8501A; ROSSO solo per 'PERICOLO', VERDE per la checklist 'Metodo 81+'. Logo '81+' ben visibile in OGNI vignetta. REGOLA STORIA: SICURIX NON agisce mai da solo - in OGNI vignetta di soluzione si fa AIUTARE dai suoi colleghi EROI (lavoro di squadra, ognuno col suo ruolo). TESTO: didascalie e fumetti MOLTO BREVI (1-4 parole), GRANDI, centrati, in ITALIANO con ORTOGRAFIA PERFETTA, senza parole inventate, lettere doppie errate o testo tagliato. CATTIVI (coerenti col canone): SOTTOVALUTIX, TAGLIX, SCIVOLIX, RISKIX, MULTIX, IMPROVVISIX, CAOSIX, RUMORIX. EROI: DOCUMIX, CIFRIX, PREPOSTIX, HYGIENIX, CHEFIX, LUXPECTORIX. NEGATIVE: nessun marchio LEGO reale, nessun personaggio protetto (Asterix ecc.), niente gore/horror, niente claim assoluti ('rischio zero','garantito','zero multe').","In Trasporti/Magazzino non e' 'se' arriva il controllo, e' 'quando'. Sei pronto?","In Trasporti/Magazzino non e' 'se' arriva il controllo, e' 'quando'. Sei pronto?

In trasporti/magazzino gli adempimenti obbligatori non aspettano: DPI, Sorveglianza sanitaria, Emergenze/Incendio, Emergenze/Soccorso, Nomine, Formazione, Data breach, Ruolo/Preposto, Documento, Stress. In questa pagina TALES OF SICURIX il PERICOLO prende forma... e il METODO81+ lo rimette in ordine, passo dopo passo. Immagina la scena: prima il caos, poi la checklist che sistema tutto. Mettere ordine ora costa poco. Rimediare dopo costa caro.
👉 Iscriviti al corso: Corso Lavori in Quota e DPI Anticaduta -> https://81plus.net/?corso=corso-lavori-in-quota-e-dpi-anticaduta
▶️ YouTube: youtube.com/@sicurissimo
Contenuto informativo. Prima vedi. Poi sistemi. 81plus.net",Corso Lavori in Quota e DPI Anticaduta,https://81plus.net/?corso=corso-lavori-in-quota-e-dpi-anticaduta,#TalesOfSicurix #SICURIX #Metodo81 #81plus #Sicurissimo #Sicurezza #Privacy #Ambientale #SicurezzaSulLavoro,SICURIX_TALES_522140_8_9_7_6_17_21_19_3_15_11.webp,https://drive.google.com/drive/folders/1hICKXdl9JTZBL1pemG19oE_661z-EH_k,IMG_ERR
23.65.02,Manifattura,C,Privacy+HACCP+Sicurezza,10,Formazione GDPR | Controllo Temperature e Celle | Addetto Antincendio | RSPP / Datore di Lavoro RSPP | Piano di Sanificazione | Gestione Allergeni | Documento Valutazione Rischi (DVR) | Sorveglianza Sanitaria / Medico Competente | Manuale HACCP di Autocontrollo | Formazione Specifica (rischio alto),GDPR art.32 | Reg.CE 852/2004 | DM 2/9/2021 | D.Lgs81/08 art.34 | Reg.UE 1169/2011 | D.Lgs81/08 art.28 | D.Lgs81/08 art.41 | Accordo Stato-Regioni,"LUXPECTORIX>FRETTIX, HYGIENIX>CAOSIX, CHECKIX>CAOSIX, HYGIENIX>SOTTOVALUTIX, CHEFIX>TEMPORIX, CONSENSIX>SCADUTIX, BLINKIX>NONDPIX, SICURIX>SOTTOVALUTIX, BLINKIX>SCADUTIX, SCUDIX>BIOXIX","Crea una PAGINA A FUMETTI a STORIA COMPLETA, verticale A4 (1024x1536), QUALITA' EDITORIALE DA STAMPA, stile ufficiale 'SICURIX TALES' IDENTICO alle immagini di riferimento allegate (stessi personaggi a mattoncini 3D, stessa impaginazione, stessi colori, stesse rese): minifigure espressive, ambientazioni ricche e dettagliate del settore, luci morbide, profondita', bordi vignetta netti. IMPAGINAZIONE OBBLIGATORIA: da 10 a 12 VIGNETTE numerate che raccontano UNA STORIA con arco narrativo completo (1 situazione normale -> 2-4 arrivano i pericoli coi cattivi -> 5-6 tensione/conseguenza -> 7-9 arriva SICURIX con gli eroi e applica il METODO81+ passo per passo -> 10-11 risoluzione ordinata -> 12 finale). HEADER in alto: SICURIX (mantello, medaglione arancione '81+', bussola) che presenta in un fumetto; grande titolo 'SICURIX TALES'; sottotitolo 'MANIFATTURA: Pericolo vs Soluzione con Metodo 81+'; legenda 3 voci (verde Sicurezza, rosso Rischio, blu 81+ Soluzione); fila di EROI coi nomi: LUXPECTORIX, HYGIENIX, CHECKIX, CHEFIX, CONSENSIX, BLINKIX. FOOTER in basso: grande 'Prima vedi. Poi sistemi.'; banner scudo verde 'PROTEGGIAMO. PREVENIAMO. MIGLIORIAMO.' e triangolo rosso 'DISATTENZIONE. RISCHI. COSTI. CAOS.'; logo '81+' + '81plus.net'. TRAMA (usa questi eventi come vignette; se sono meno di 10 aggiungi vignette di contesto, dialogo e reazione per arrivare a 10-12): 1) FRETTIX causa il pericolo 'Formazione' (Formazione GDPR); poi LUXPECTORIX+SICURIX applicano il METODO81+; 2) CAOSIX causa il pericolo 'Temperature' (Controllo Temperature e Celle); poi HYGIENIX+SICURIX applicano il METODO81+; 3) CAOSIX causa il pericolo 'Emergenze/Incendio' (Addetto Antincendio); poi CHECKIX+SICURIX applicano il METODO81+; 4) SOTTOVALUTIX causa il pericolo 'Ruolo/RSPP' (RSPP / Datore di Lavoro RSPP); poi HYGIENIX+SICURIX applicano il METODO81+; 5) TEMPORIX causa il pericolo 'Sanificazione' (Piano di Sanificazione); poi CHEFIX+SICURIX applicano il METODO81+; 6) SCADUTIX causa il pericolo 'Allergeni' (Gestione Allergeni); poi CONSENSIX+SICURIX applicano il METODO81+; 7) NONDPIX causa il pericolo 'Documento' (Documento Valutazione Rischi (DVR)); poi BLINKIX+SICURIX applicano il METODO81+; 8) SOTTOVALUTIX causa il pericolo 'Sorveglianza sanitaria' (Sorveglianza Sanitaria / Medico Competente); poi SICURIX+SICURIX applicano il METODO81+; 9) SCADUTIX causa il pericolo 'Documento' (Manuale HACCP di Autocontrollo); poi BLINKIX+SICURIX applicano il METODO81+; 10) BIOXIX causa il pericolo 'Formazione specifica' (Formazione Specifica (rischio alto)); poi SCUDIX+SICURIX applicano il METODO81+. PALETTE BRAND ESCLUSIVA: nero #05050A, bianco panna, arancione #FF6A1A/#E8501A; ROSSO solo per 'PERICOLO', VERDE per la checklist 'Metodo 81+'. Logo '81+' ben visibile in OGNI vignetta. REGOLA STORIA: SICURIX NON agisce mai da solo - in OGNI vignetta di soluzione si fa AIUTARE dai suoi colleghi EROI (lavoro di squadra, ognuno col suo ruolo). TESTO: didascalie e fumetti MOLTO BREVI (1-4 parole), GRANDI, centrati, in ITALIANO con ORTOGRAFIA PERFETTA, senza parole inventate, lettere doppie errate o testo tagliato. CATTIVI (coerenti col canone): FRETTIX, CAOSIX, SOTTOVALUTIX, TEMPORIX, SCADUTIX, NONDPIX, BIOXIX. EROI: LUXPECTORIX, HYGIENIX, CHECKIX, CHEFIX, CONSENSIX, BLINKIX, SICURIX, SCUDIX. NEGATIVE: nessun marchio LEGO reale, nessun personaggio protetto (Asterix ecc.), niente gore/horror, niente claim assoluti ('rischio zero','garantito','zero multe').","In Manifattura non e' 'se' arriva il controllo, e' 'quando'. Sei pronto?","Manifattura: 3 minuti oggi o un problema enorme domani. Scegli tu.

In manifattura gli adempimenti obbligatori non aspettano: Formazione, Temperature, Emergenze/Incendio, Ruolo/RSPP, Sanificazione, Allergeni, Documento, Sorveglianza sanitaria, Formazione specifica. In questa pagina TALES OF SICURIX il PERICOLO prende forma... e il METODO81+ lo rimette in ordine, passo dopo passo. Immagina la scena: prima il caos, poi la checklist che sistema tutto. Chi si mette in regola prima, dorme meglio dopo.
👉 Iscriviti al corso: GDPR 2016/679: privacy e trattamento dei dati personali -> https://81plus.net/?corso=gdpr-2016-679-privacy-e-trattamento-dei-dati-personali
▶️ YouTube: youtube.com/@sicurissimo
Contenuto informativo. Prima vedi. Poi sistemi. 81plus.net",GDPR 2016/679: privacy e trattamento dei dati personali,https://81plus.net/?corso=gdpr-2016-679-privacy-e-trattamento-dei-dati-personali,#TalesOfSicurix #SICURIX #Metodo81 #81plus #Sicurissimo #Privacy #HACCP #Sicurezza #SicurezzaSulLavoro,SICURIX_TALES_236502_24_18_7_5_16_20_0_9_14_2.webp,https://drive.google.com/drive/folders/1hICKXdl9JTZBL1pemG19oE_661z-EH_k,IMG_ERR
28.30.10,Manifattura,C,HACCP+Sicurezza+Ambientale+Privacy,10,Gestione Allergeni | Rintracciabilita ed Etichettatura | Formazione Generale Lavoratori | Formazione Preposto | Lotta agli Infestanti (Pest Control) | Formazione Ambientale | Gestione Rifiuti e Registro | Procedura Data Breach | Nomina Incaricati/Responsabili | Formazione Specifica (rischio alto),Reg.UE 1169/2011 | Reg.CE 178/2002 | Accordo Stato-Regioni | D.Lgs81/08 art.37 | Reg.CE 852/2004 | D.Lgs152/06 | GDPR art.33-34 | GDPR art.28-29,"SICURIX>OBLIVIX, HYGIENIX>CROSSIX, ROBOTIX81>RUMORIX, DOCUMIX>NONDPIX, SCUDIX>TEMPORIX, CONSENSIX>IMPROVVISIX, CHEFIX>MULTIX, SICURIX>LEAKIX, CONSENSIX>OBLIVIX, ROBOTIX81>FUMIX","Crea una PAGINA A FUMETTI a STORIA COMPLETA, verticale A4 (1024x1536), QUALITA' EDITORIALE DA STAMPA, stile ufficiale 'SICURIX TALES' IDENTICO alle immagini di riferimento allegate (stessi personaggi a mattoncini 3D, stessa impaginazione, stessi colori, stesse rese): minifigure espressive, ambientazioni ricche e dettagliate del settore, luci morbide, profondita', bordi vignetta netti. IMPAGINAZIONE OBBLIGATORIA: da 10 a 12 VIGNETTE numerate che raccontano UNA STORIA con arco narrativo completo (1 situazione normale -> 2-4 arrivano i pericoli coi cattivi -> 5-6 tensione/conseguenza -> 7-9 arriva SICURIX con gli eroi e applica il METODO81+ passo per passo -> 10-11 risoluzione ordinata -> 12 finale). HEADER in alto: SICURIX (mantello, medaglione arancione '81+', bussola) che presenta in un fumetto; grande titolo 'SICURIX TALES'; sottotitolo 'MANIFATTURA: Pericolo vs Soluzione con Metodo 81+'; legenda 3 voci (verde Sicurezza, rosso Rischio, blu 81+ Soluzione); fila di EROI coi nomi: SICURIX, HYGIENIX, ROBOTIX81, DOCUMIX, SCUDIX, CONSENSIX. FOOTER in basso: grande 'Prima vedi. Poi sistemi.'; banner scudo verde 'PROTEGGIAMO. PREVENIAMO. MIGLIORIAMO.' e triangolo rosso 'DISATTENZIONE. RISCHI. COSTI. CAOS.'; logo '81+' + '81plus.net'. TRAMA (usa questi eventi come vignette; se sono meno di 10 aggiungi vignette di contesto, dialogo e reazione per arrivare a 10-12): 1) OBLIVIX causa il pericolo 'Allergeni' (Gestione Allergeni); poi SICURIX+SICURIX applicano il METODO81+; 2) CROSSIX causa il pericolo 'Rintracciabilita' (Rintracciabilita ed Etichettatura); poi HYGIENIX+SICURIX applicano il METODO81+; 3) RUMORIX causa il pericolo 'Formazione base' (Formazione Generale Lavoratori); poi ROBOTIX81+SICURIX applicano il METODO81+; 4) NONDPIX causa il pericolo 'Ruolo/Preposto' (Formazione Preposto); poi DOCUMIX+SICURIX applicano il METODO81+; 5) TEMPORIX causa il pericolo 'Infestanti' (Lotta agli Infestanti (Pest Control)); poi SCUDIX+SICURIX applicano il METODO81+; 6) IMPROVVISIX causa il pericolo 'Formazione' (Formazione Ambientale); poi CONSENSIX+SICURIX applicano il METODO81+; 7) MULTIX causa il pericolo 'Rifiuti' (Gestione Rifiuti e Registro); poi CHEFIX+SICURIX applicano il METODO81+; 8) LEAKIX causa il pericolo 'Data breach' (Procedura Data Breach); poi SICURIX+SICURIX applicano il METODO81+; 9) OBLIVIX causa il pericolo 'Nomine' (Nomina Incaricati/Responsabili); poi CONSENSIX+SICURIX applicano il METODO81+; 10) FUMIX causa il pericolo 'Formazione specifica' (Formazione Specifica (rischio alto)); poi ROBOTIX81+SICURIX applicano il METODO81+. PALETTE BRAND ESCLUSIVA: nero #05050A, bianco panna, arancione #FF6A1A/#E8501A; ROSSO solo per 'PERICOLO', VERDE per la checklist 'Metodo 81+'. Logo '81+' ben visibile in OGNI vignetta. REGOLA STORIA: SICURIX NON agisce mai da solo - in OGNI vignetta di soluzione si fa AIUTARE dai suoi colleghi EROI (lavoro di squadra, ognuno col suo ruolo). TESTO: didascalie e fumetti MOLTO BREVI (1-4 parole), GRANDI, centrati, in ITALIANO con ORTOGRAFIA PERFETTA, senza parole inventate, lettere doppie errate o testo tagliato. CATTIVI (coerenti col canone): OBLIVIX, CROSSIX, RUMORIX, NONDPIX, TEMPORIX, IMPROVVISIX, MULTIX, LEAKIX, FUMIX. EROI: SICURIX, HYGIENIX, ROBOTIX81, DOCUMIX, SCUDIX, CONSENSIX, CHEFIX. NEGATIVE: nessun marchio LEGO reale, nessun personaggio protetto (Asterix ecc.), niente gore/horror, niente claim assoluti ('rischio zero','garantito','zero multe').",Quello che l'ispettore controlla per primo in Manifattura (e quasi nessuno lo sa),"In Manifattura c'e' un obbligo che in tanti scoprono solo con la sanzione

In manifattura gli adempimenti obbligatori non aspettano: Allergeni, Rintracciabilita, Formazione base, Ruolo/Preposto, Infestanti, Formazione, Rifiuti, Data breach, Nomine, Formazione specifica. In questa pagina TALES OF SICURIX il PERICOLO prende forma... e il METODO81+ lo rimette in ordine, passo dopo passo. Immagina la scena: prima il caos, poi la checklist che sistema tutto. Chi si mette in regola prima, dorme meglio dopo.
👉 Iscriviti al corso: Haccp - Corso responsabile industria alimentare -> https://81plus.net/?corso=haccp-corso-responsabile-industria-alimentare
▶️ YouTube: youtube.com/@sicurissimo
Contenuto informativo. Prima vedi. Poi sistemi. 81plus.net",Haccp - Corso responsabile industria alimentare,https://81plus.net/?corso=haccp-corso-responsabile-industria-alimentare,#TalesOfSicurix #SICURIX #Metodo81 #81plus #Sicurissimo #HACCP #Sicurezza #Ambientale #Privacy #SicurezzaSulLavoro,SICURIX_TALES_283010_21_18_1_3_20_28_27_26_24_2.webp,https://drive.google.com/drive/folders/1hICKXdl9JTZBL1pemG19oE_661z-EH_k,IMG_ERR
95.23.00,Famiglie datori,T,Privacy+Sicurezza,12,Registro dei Trattamenti | RSPP / Datore di Lavoro RSPP | Addetto Primo Soccorso | Formazione GDPR | Formazione Preposto | Uso e Formazione DPI | Addetto Antincendio | Nomina Incaricati/Responsabili | Procedura Data Breach | Informativa e Consensi | Rappresentante Lavoratori Sicurezza (RLS) | Documento Valutazione Rischi (DVR),GDPR art.30 | D.Lgs81/08 art.34 | DM 388/2003 | GDPR art.32 | D.Lgs81/08 art.37 | D.Lgs81/08 art.77 | DM 2/9/2021 | GDPR art.28-29 | GDPR art.33-34 | GDPR art.13 | D.Lgs81/08 art.47 | D.Lgs81/08 art.28,"CONSENSIX>PERMISSIONIX, SCUDIX>VIBRIX, PRIVACIX>CAOSIX, SCUDIX>LEAKIX, PRIVACIX>SEGNALEX, CHEFIX>POLVERIX, PREPOSTIX>RUMORIX, PREPOSTIX>RISKIX, SCUDIX>OBLIVIX, CIFRIX>MULTIX, SCUDIX>IMPROVVISIX, PRIVACIX>SOTTOVALUTIX","Crea una PAGINA A FUMETTI a STORIA COMPLETA, verticale A4 (1024x1536), QUALITA' EDITORIALE DA STAMPA, stile ufficiale 'SICURIX TALES' IDENTICO alle immagini di riferimento allegate (stessi personaggi a mattoncini 3D, stessa impaginazione, stessi colori, stesse rese): minifigure espressive, ambientazioni ricche e dettagliate del settore, luci morbide, profondita', bordi vignetta netti. IMPAGINAZIONE OBBLIGATORIA: da 10 a 12 VIGNETTE numerate che raccontano UNA STORIA con arco narrativo completo (1 situazione normale -> 2-4 arrivano i pericoli coi cattivi -> 5-6 tensione/conseguenza -> 7-9 arriva SICURIX con gli eroi e applica il METODO81+ passo per passo -> 10-11 risoluzione ordinata -> 12 finale). HEADER in alto: SICURIX (mantello, medaglione arancione '81+', bussola) che presenta in un fumetto; grande titolo 'SICURIX TALES'; sottotitolo 'FAMIGLIE DATORI: Pericolo vs Soluzione con Metodo 81+'; legenda 3 voci (verde Sicurezza, rosso Rischio, blu 81+ Soluzione); fila di EROI coi nomi: CONSENSIX, SCUDIX, PRIVACIX, CHEFIX, PREPOSTIX, CIFRIX. FOOTER in basso: grande 'Prima vedi. Poi sistemi.'; banner scudo verde 'PROTEGGIAMO. PREVENIAMO. MIGLIORIAMO.' e triangolo rosso 'DISATTENZIONE. RISCHI. COSTI. CAOS.'; logo '81+' + '81plus.net'. TRAMA (usa questi eventi come vignette; se sono meno di 10 aggiungi vignette di contesto, dialogo e reazione per arrivare a 10-12): 1) PERMISSIONIX causa il pericolo 'Registro' (Registro dei Trattamenti); poi CONSENSIX+SICURIX applicano il METODO81+; 2) VIBRIX causa il pericolo 'Ruolo/RSPP' (RSPP / Datore di Lavoro RSPP); poi SCUDIX+SICURIX applicano il METODO81+; 3) CAOSIX causa il pericolo 'Emergenze/Soccorso' (Addetto Primo Soccorso); poi PRIVACIX+SICURIX applicano il METODO81+; 4) LEAKIX causa il pericolo 'Formazione' (Formazione GDPR); poi SCUDIX+SICURIX applicano il METODO81+; 5) SEGNALEX causa il pericolo 'Ruolo/Preposto' (Formazione Preposto); poi PRIVACIX+SICURIX applicano il METODO81+; 6) POLVERIX causa il pericolo 'DPI' (Uso e Formazione DPI); poi CHEFIX+SICURIX applicano il METODO81+; 7) RUMORIX causa il pericolo 'Emergenze/Incendio' (Addetto Antincendio); poi PREPOSTIX+SICURIX applicano il METODO81+; 8) RISKIX causa il pericolo 'Nomine' (Nomina Incaricati/Responsabili); poi PREPOSTIX+SICURIX applicano il METODO81+; 9) OBLIVIX causa il pericolo 'Data breach' (Procedura Data Breach); poi SCUDIX+SICURIX applicano il METODO81+; 10) MULTIX causa il pericolo 'Documento' (Informativa e Consensi); poi CIFRIX+SICURIX applicano il METODO81+; 11) IMPROVVISIX causa il pericolo 'Ruolo/RLS' (Rappresentante Lavoratori Sicurezza (RLS)); poi SCUDIX+SICURIX applicano il METODO81+; 12) SOTTOVALUTIX causa il pericolo 'Documento' (Documento Valutazione Rischi (DVR)); poi PRIVACIX+SICURIX applicano il METODO81+. PALETTE BRAND ESCLUSIVA: nero #05050A, bianco panna, arancione #FF6A1A/#E8501A; ROSSO solo per 'PERICOLO', VERDE per la checklist 'Metodo 81+'. Logo '81+' ben visibile in OGNI vignetta. REGOLA STORIA: SICURIX NON agisce mai da solo - in OGNI vignetta di soluzione si fa AIUTARE dai suoi colleghi EROI (lavoro di squadra, ognuno col suo ruolo). TESTO: didascalie e fumetti MOLTO BREVI (1-4 parole), GRANDI, centrati, in ITALIANO con ORTOGRAFIA PERFETTA, senza parole inventate, lettere doppie errate o testo tagliato. CATTIVI (coerenti col canone): PERMISSIONIX, VIBRIX, CAOSIX, LEAKIX, SEGNALEX, POLVERIX, RUMORIX, RISKIX, OBLIVIX, MULTIX, IMPROVVISIX, SOTTOVALUTIX. EROI: CONSENSIX, SCUDIX, PRIVACIX, CHEFIX, PREPOSTIX, CIFRIX. NEGATIVE: nessun marchio LEGO reale, nessun personaggio protetto (Asterix ecc.), niente gore/horror, niente claim assoluti ('rischio zero','garantito','zero multe').",Quello che l'ispettore controlla per primo in Famiglie datori (e quasi nessuno lo sa),"La differenza tra chi in Famiglie datori dorme sereno e chi trema al controllo

In famiglie datori gli adempimenti obbligatori non aspettano: Registro, Ruolo/RSPP, Emergenze/Soccorso, Formazione, Ruolo/Preposto, DPI, Emergenze/Incendio, Nomine, Data breach, Documento, Ruolo/RLS. In questa pagina TALES OF SICURIX il PERICOLO prende forma... e il METODO81+ lo rimette in ordine, passo dopo passo. Immagina la scena: prima il caos, poi la checklist che sistema tutto. Non e' burocrazia: e' la tua tranquillita.
👉 Iscriviti al corso: Corso privacy destinato ai lavoratori -> https://81plus.net/?corso=corso-privacy-destinato-ai-lavoratori
▶️ YouTube: youtube.com/@sicurissimo
Contenuto informativo. Prima vedi. Poi sistemi. 81plus.net",Corso privacy destinato ai lavoratori,https://81plus.net/?corso=corso-privacy-destinato-ai-lavoratori,#TalesOfSicurix #SICURIX #Metodo81 #81plus #Sicurissimo #Privacy #Sicurezza #SicurezzaSulLavoro,SICURIX_TALES_952300_10_5_6_12_3_8_7_11_13_9_4_0.webp,https://drive.google.com/drive/folders/1hICKXdl9JTZBL1pemG19oE_661z-EH_k,IMG_ERR
46.31.10,Commercio,G,Privacy+Sicurezza+HACCP,10,Registro dei Trattamenti | Procedura Data Breach | Videosorveglianza a norma | Nomina Incaricati/Responsabili | Formazione Specifica (rischio medio) | Controllo Temperature e Celle | Formazione GDPR | Addetto Primo Soccorso | Manuale HACCP di Autocontrollo | Stress Lavoro-Correlato,GDPR art.30 | GDPR art.33-34 | Provv.Garante | GDPR art.28-29 | Accordo Stato-Regioni | Reg.CE 852/2004 | GDPR art.32 | DM 388/2003 | D.Lgs81/08 art.28,"PREPOSTIX>CAOSIX, DOCUMIX>CANCELIX, PREPOSTIX>CANCELIX, PREPOSTIX>RISKIX, CHEFIX>VIBRIX, FORMIX>IMPROVVISIX, FORMIX>FRETTIX, BLINKIX>ØTIX, CHEFIX>IMPROVVISIX, BLINKIX>ØTIX","Crea una PAGINA A FUMETTI a STORIA COMPLETA, verticale A4 (1024x1536), QUALITA' EDITORIALE DA STAMPA, stile ufficiale 'SICURIX TALES' IDENTICO alle immagini di riferimento allegate (stessi personaggi a mattoncini 3D, stessa impaginazione, stessi colori, stesse rese): minifigure espressive, ambientazioni ricche e dettagliate del settore, luci morbide, profondita', bordi vignetta netti. IMPAGINAZIONE OBBLIGATORIA: da 10 a 12 VIGNETTE numerate che raccontano UNA STORIA con arco narrativo completo (1 situazione normale -> 2-4 arrivano i pericoli coi cattivi -> 5-6 tensione/conseguenza -> 7-9 arriva SICURIX con gli eroi e applica il METODO81+ passo per passo -> 10-11 risoluzione ordinata -> 12 finale). HEADER in alto: SICURIX (mantello, medaglione arancione '81+', bussola) che presenta in un fumetto; grande titolo 'SICURIX TALES'; sottotitolo 'COMMERCIO: Pericolo vs Soluzione con Metodo 81+'; legenda 3 voci (verde Sicurezza, rosso Rischio, blu 81+ Soluzione); fila di EROI coi nomi: PREPOSTIX, DOCUMIX, CHEFIX, FORMIX, BLINKIX. FOOTER in basso: grande 'Prima vedi. Poi sistemi.'; banner scudo verde 'PROTEGGIAMO. PREVENIAMO. MIGLIORIAMO.' e triangolo rosso 'DISATTENZIONE. RISCHI. COSTI. CAOS.'; logo '81+' + '81plus.net'. TRAMA (usa questi eventi come vignette; se sono meno di 10 aggiungi vignette di contesto, dialogo e reazione per arrivare a 10-12): 1) CAOSIX causa il pericolo 'Registro' (Registro dei Trattamenti); poi PREPOSTIX+SICURIX applicano il METODO81+; 2) CANCELIX causa il pericolo 'Data breach' (Procedura Data Breach); poi DOCUMIX+SICURIX applicano il METODO81+; 3) CANCELIX causa il pericolo 'Videosorveglianza' (Videosorveglianza a norma); poi PREPOSTIX+SICURIX applicano il METODO81+; 4) RISKIX causa il pericolo 'Nomine' (Nomina Incaricati/Responsabili); poi PREPOSTIX+SICURIX applicano il METODO81+; 5) VIBRIX causa il pericolo 'Formazione specifica' (Formazione Specifica (rischio medio)); poi CHEFIX+SICURIX applicano il METODO81+; 6) IMPROVVISIX causa il pericolo 'Temperature' (Controllo Temperature e Celle); poi FORMIX+SICURIX applicano il METODO81+; 7) FRETTIX causa il pericolo 'Formazione' (Formazione GDPR); poi FORMIX+SICURIX applicano il METODO81+; 8) ØTIX causa il pericolo 'Emergenze/Soccorso' (Addetto Primo Soccorso); poi BLINKIX+SICURIX applicano il METODO81+; 9) IMPROVVISIX causa il pericolo 'Documento' (Manuale HACCP di Autocontrollo); poi CHEFIX+SICURIX applicano il METODO81+; 10) ØTIX causa il pericolo 'Stress' (Stress Lavoro-Correlato); poi BLINKIX+SICURIX applicano il METODO81+. PALETTE BRAND ESCLUSIVA: nero #05050A, bianco panna, arancione #FF6A1A/#E8501A; ROSSO solo per 'PERICOLO', VERDE per la checklist 'Metodo 81+'. Logo '81+' ben visibile in OGNI vignetta. REGOLA STORIA: SICURIX NON agisce mai da solo - in OGNI vignetta di soluzione si fa AIUTARE dai suoi colleghi EROI (lavoro di squadra, ognuno col suo ruolo). TESTO: didascalie e fumetti MOLTO BREVI (1-4 parole), GRANDI, centrati, in ITALIANO con ORTOGRAFIA PERFETTA, senza parole inventate, lettere doppie errate o testo tagliato. CATTIVI (coerenti col canone): CAOSIX, CANCELIX, RISKIX, VIBRIX, IMPROVVISIX, FRETTIX, ØTIX. EROI: PREPOSTIX, DOCUMIX, CHEFIX, FORMIX, BLINKIX. NEGATIVE: nessun marchio LEGO reale, nessun personaggio protetto (Asterix ecc.), niente gore/horror, niente claim assoluti ('rischio zero','garantito','zero multe').",Commercio: 3 minuti oggi o un problema enorme domani. Scegli tu.,"Commercio: 3 minuti oggi o un problema enorme domani. Scegli tu.

In commercio gli adempimenti obbligatori non aspettano: Registro, Data breach, Videosorveglianza, Nomine, Formazione specifica, Temperature, Formazione, Emergenze/Soccorso, Documento, Stress. In questa pagina TALES OF SICURIX il PERICOLO prende forma... e il METODO81+ lo rimette in ordine, passo dopo passo. Immagina la scena: prima il caos, poi la checklist che sistema tutto. Non e' burocrazia: e' la tua tranquillita.
👉 Iscriviti al corso: Corso privacy destinato ai lavoratori -> https://81plus.net/?corso=corso-privacy-destinato-ai-lavoratori
▶️ YouTube: youtube.com/@sicurissimo
Contenuto informativo. Prima vedi. Poi sistemi. 81plus.net",Corso privacy destinato ai lavoratori,https://81plus.net/?corso=corso-privacy-destinato-ai-lavoratori,#TalesOfSicurix #SICURIX #Metodo81 #81plus #Sicurissimo #Privacy #Sicurezza #HACCP #SicurezzaSulLavoro,SICURIX_TALES_463110_20_23_24_21_2_16_22_6_12_11.webp,https://drive.google.com/drive/folders/1hICKXdl9JTZBL1pemG19oE_661z-EH_k,IMG_ERR
46.83.29,Commercio,G,HACCP+Privacy+Sicurezza,11,Corso Alimentarista | Informativa e Consensi | Movimentazione Manuale Carichi | Formazione Generale Lavoratori | Rappresentante Lavoratori Sicurezza (RLS) | Stress Lavoro-Correlato | Addetto Primo Soccorso | Nomina Incaricati/Responsabili | Rintracciabilita ed Etichettatura | Gestione Allergeni | RSPP / Datore di Lavoro RSPP,Reg.CE 852/2004 | GDPR art.13 | D.Lgs81/08 Tit.VI | Accordo Stato-Regioni | D.Lgs81/08 art.47 | D.Lgs81/08 art.28 | DM 388/2003 | GDPR art.28-29 | Reg.CE 178/2002 | Reg.UE 1169/2011 | D.Lgs81/08 art.34,"SCUDIX>MULTIX, ROBOTIX81>CANCELIX, PREPOSTIX>RUMORIX, CIFRIX>SEGNALEX, HYGIENIX>RISKIX, CHECKIX>CADUTIX, DOCUMIX>CAOSIX, FORMIX>CAOSIX, SICURIX>FRETTIX, CHECKIX>RISKIX, SCUDIX>RUMORIX","Crea una PAGINA A FUMETTI a STORIA COMPLETA, verticale A4 (1024x1536), QUALITA' EDITORIALE DA STAMPA, stile ufficiale 'SICURIX TALES' IDENTICO alle immagini di riferimento allegate (stessi personaggi a mattoncini 3D, stessa impaginazione, stessi colori, stesse rese): minifigure espressive, ambientazioni ricche e dettagliate del settore, luci morbide, profondita', bordi vignetta netti. IMPAGINAZIONE OBBLIGATORIA: da 10 a 12 VIGNETTE numerate che raccontano UNA STORIA con arco narrativo completo (1 situazione normale -> 2-4 arrivano i pericoli coi cattivi -> 5-6 tensione/conseguenza -> 7-9 arriva SICURIX con gli eroi e applica il METODO81+ passo per passo -> 10-11 risoluzione ordinata -> 12 finale). HEADER in alto: SICURIX (mantello, medaglione arancione '81+', bussola) che presenta in un fumetto; grande titolo 'SICURIX TALES'; sottotitolo 'COMMERCIO: Pericolo vs Soluzione con Metodo 81+'; legenda 3 voci (verde Sicurezza, rosso Rischio, blu 81+ Soluzione); fila di EROI coi nomi: SCUDIX, ROBOTIX81, PREPOSTIX, CIFRIX, HYGIENIX, CHECKIX. FOOTER in basso: grande 'Prima vedi. Poi sistemi.'; banner scudo verde 'PROTEGGIAMO. PREVENIAMO. MIGLIORIAMO.' e triangolo rosso 'DISATTENZIONE. RISCHI. COSTI. CAOS.'; logo '81+' + '81plus.net'. TRAMA (usa questi eventi come vignette; se sono meno di 10 aggiungi vignette di contesto, dialogo e reazione per arrivare a 10-12): 1) MULTIX causa il pericolo 'Corso' (Corso Alimentarista); poi SCUDIX+SICURIX applicano il METODO81+; 2) CANCELIX causa il pericolo 'Documento' (Informativa e Consensi); poi ROBOTIX81+SICURIX applicano il METODO81+; 3) RUMORIX causa il pericolo 'MMC' (Movimentazione Manuale Carichi); poi PREPOSTIX+SICURIX applicano il METODO81+; 4) SEGNALEX causa il pericolo 'Formazione base' (Formazione Generale Lavoratori); poi CIFRIX+SICURIX applicano il METODO81+; 5) RISKIX causa il pericolo 'Ruolo/RLS' (Rappresentante Lavoratori Sicurezza (RLS)); poi HYGIENIX+SICURIX applicano il METODO81+; 6) CADUTIX causa il pericolo 'Stress' (Stress Lavoro-Correlato); poi CHECKIX+SICURIX applicano il METODO81+; 7) CAOSIX causa il pericolo 'Emergenze/Soccorso' (Addetto Primo Soccorso); poi DOCUMIX+SICURIX applicano il METODO81+; 8) CAOSIX causa il pericolo 'Nomine' (Nomina Incaricati/Responsabili); poi FORMIX+SICURIX applicano il METODO81+; 9) FRETTIX causa il pericolo 'Rintracciabilita' (Rintracciabilita ed Etichettatura); poi SICURIX+SICURIX applicano il METODO81+; 10) RISKIX causa il pericolo 'Allergeni' (Gestione Allergeni); poi CHECKIX+SICURIX applicano il METODO81+; 11) RUMORIX causa il pericolo 'Ruolo/RSPP' (RSPP / Datore di Lavoro RSPP); poi SCUDIX+SICURIX applicano il METODO81+. PALETTE BRAND ESCLUSIVA: nero #05050A, bianco panna, arancione #FF6A1A/#E8501A; ROSSO solo per 'PERICOLO', VERDE per la checklist 'Metodo 81+'. Logo '81+' ben visibile in OGNI vignetta. REGOLA STORIA: SICURIX NON agisce mai da solo - in OGNI vignetta di soluzione si fa AIUTARE dai suoi colleghi EROI (lavoro di squadra, ognuno col suo ruolo). TESTO: didascalie e fumetti MOLTO BREVI (1-4 parole), GRANDI, centrati, in ITALIANO con ORTOGRAFIA PERFETTA, senza parole inventate, lettere doppie errate o testo tagliato. CATTIVI (coerenti col canone): MULTIX, CANCELIX, RUMORIX, SEGNALEX, RISKIX, CADUTIX, CAOSIX, FRETTIX. EROI: SCUDIX, ROBOTIX81, PREPOSTIX, CIFRIX, HYGIENIX, CHECKIX, DOCUMIX, FORMIX, SICURIX. NEGATIVE: nessun marchio LEGO reale, nessun personaggio protetto (Asterix ecc.), niente gore/horror, niente claim assoluti ('rischio zero','garantito','zero multe').",Quello che l'ispettore controlla per primo in Commercio (e quasi nessuno lo sa),"La differenza tra chi in Commercio dorme sereno e chi trema al controllo

In commercio gli adempimenti obbligatori non aspettano: Corso, Documento, MMC, Formazione base, Ruolo/RLS, Stress, Emergenze/Soccorso, Nomine, Rintracciabilita, Allergeni, Ruolo/RSPP. In questa pagina TALES OF SICURIX il PERICOLO prende forma... e il METODO81+ lo rimette in ordine, passo dopo passo. Immagina la scena: prima il caos, poi la checklist che sistema tutto. La regola c'e' gia': tu falla lavorare per te.
👉 Iscriviti al corso: Haccp - Corso responsabile industria alimentare -> https://81plus.net/?corso=haccp-corso-responsabile-industria-alimentare
▶️ YouTube: youtube.com/@sicurissimo
Contenuto informativo. Prima vedi. Poi sistemi. 81plus.net",Haccp - Corso responsabile industria alimentare,https://81plus.net/?corso=haccp-corso-responsabile-industria-alimentare,#TalesOfSicurix #SICURIX #Metodo81 #81plus #Sicurissimo #HACCP #Privacy #Sicurezza #SicurezzaSulLavoro,SICURIX_TALES_468329_13_19_10_1_4_11_6_21_15_18_5.webp,https://drive.google.com/drive/folders/1hICKXdl9JTZBL1pemG19oE_661z-EH_k,IMG_ERR
33.20.01,Manifattura,C,Sicurezza+Privacy+HACCP,10,Attrezzature e Macchine | Formazione GDPR | Movimentazione Manuale Carichi | Uso e Formazione DPI | Controllo Temperature e Celle | Sorveglianza Sanitaria / Medico Competente | Rappresentante Lavoratori Sicurezza (RLS) | Rischio Rumore | RSPP / Datore di Lavoro RSPP | Formazione Preposto,D.Lgs81/08 Tit.III | GDPR art.32 | D.Lgs81/08 Tit.VI | D.Lgs81/08 art.77 | Reg.CE 852/2004 | D.Lgs81/08 art.41 | D.Lgs81/08 art.47 | D.Lgs81/08 Tit.VIII | D.Lgs81/08 art.34 | D.Lgs81/08 art.37,"SCUDIX>RUMORIX, FORMIX>CAOSIX, SICURIX>MULTIX, ROBOTIX81>CAOSIX, FORMIX>IMPROVVISIX, CIFRIX>VOLTIX, LUXPECTORIX>SOTTOVALUTIX, PRIVACIX>ØTIX, CONSENSIX>MULTIX, HYGIENIX>RUMORIX","Crea una PAGINA A FUMETTI a STORIA COMPLETA, verticale A4 (1024x1536), QUALITA' EDITORIALE DA STAMPA, stile ufficiale 'SICURIX TALES' IDENTICO alle immagini di riferimento allegate (stessi personaggi a mattoncini 3D, stessa impaginazione, stessi colori, stesse rese): minifigure espressive, ambientazioni ricche e dettagliate del settore, luci morbide, profondita', bordi vignetta netti. IMPAGINAZIONE OBBLIGATORIA: da 10 a 12 VIGNETTE numerate che raccontano UNA STORIA con arco narrativo completo (1 situazione normale -> 2-4 arrivano i pericoli coi cattivi -> 5-6 tensione/conseguenza -> 7-9 arriva SICURIX con gli eroi e applica il METODO81+ passo per passo -> 10-11 risoluzione ordinata -> 12 finale). HEADER in alto: SICURIX (mantello, medaglione arancione '81+', bussola) che presenta in un fumetto; grande titolo 'SICURIX TALES'; sottotitolo 'MANIFATTURA: Pericolo vs Soluzione con Metodo 81+'; legenda 3 voci (verde Sicurezza, rosso Rischio, blu 81+ Soluzione); fila di EROI coi nomi: SCUDIX, FORMIX, SICURIX, ROBOTIX81, CIFRIX, LUXPECTORIX. FOOTER in basso: grande 'Prima vedi. Poi sistemi.'; banner scudo verde 'PROTEGGIAMO. PREVENIAMO. MIGLIORIAMO.' e triangolo rosso 'DISATTENZIONE. RISCHI. COSTI. CAOS.'; logo '81+' + '81plus.net'. TRAMA (usa questi eventi come vignette; se sono meno di 10 aggiungi vignette di contesto, dialogo e reazione per arrivare a 10-12): 1) RUMORIX causa il pericolo 'Attrezzature' (Attrezzature e Macchine); poi SCUDIX+SICURIX applicano il METODO81+; 2) CAOSIX causa il pericolo 'Formazione' (Formazione GDPR); poi FORMIX+SICURIX applicano il METODO81+; 3) MULTIX causa il pericolo 'MMC' (Movimentazione Manuale Carichi); poi SICURIX+SICURIX applicano il METODO81+; 4) CAOSIX causa il pericolo 'DPI' (Uso e Formazione DPI); poi ROBOTIX81+SICURIX applicano il METODO81+; 5) IMPROVVISIX causa il pericolo 'Temperature' (Controllo Temperature e Celle); poi FORMIX+SICURIX applicano il METODO81+; 6) VOLTIX causa il pericolo 'Sorveglianza sanitaria' (Sorveglianza Sanitaria / Medico Competente); poi CIFRIX+SICURIX applicano il METODO81+; 7) SOTTOVALUTIX causa il pericolo 'Ruolo/RLS' (Rappresentante Lavoratori Sicurezza (RLS)); poi LUXPECTORIX+SICURIX applicano il METODO81+; 8) ØTIX causa il pericolo 'Rumore' (Rischio Rumore); poi PRIVACIX+SICURIX applicano il METODO81+; 9) MULTIX causa il pericolo 'Ruolo/RSPP' (RSPP / Datore di Lavoro RSPP); poi CONSENSIX+SICURIX applicano il METODO81+; 10) RUMORIX causa il pericolo 'Ruolo/Preposto' (Formazione Preposto); poi HYGIENIX+SICURIX applicano il METODO81+. PALETTE BRAND ESCLUSIVA: nero #05050A, bianco panna, arancione #FF6A1A/#E8501A; ROSSO solo per 'PERICOLO', VERDE per la checklist 'Metodo 81+'. Logo '81+' ben visibile in OGNI vignetta. REGOLA STORIA: SICURIX NON agisce mai da solo - in OGNI vignetta di soluzione si fa AIUTARE dai suoi colleghi EROI (lavoro di squadra, ognuno col suo ruolo). TESTO: didascalie e fumetti MOLTO BREVI (1-4 parole), GRANDI, centrati, in ITALIANO con ORTOGRAFIA PERFETTA, senza parole inventate, lettere doppie errate o testo tagliato. CATTIVI (coerenti col canone): RUMORIX, CAOSIX, MULTIX, IMPROVVISIX, VOLTIX, SOTTOVALUTIX, ØTIX. EROI: SCUDIX, FORMIX, SICURIX, ROBOTIX81, CIFRIX, LUXPECTORIX, PRIVACIX, CONSENSIX, HYGIENIX. NEGATIVE: nessun marchio LEGO reale, nessun personaggio protetto (Asterix ecc.), niente gore/horror, niente claim assoluti ('rischio zero','garantito','zero multe').","In Manifattura non e' 'se' arriva il controllo, e' 'quando'. Sei pronto?","La differenza tra chi in Manifattura dorme sereno e chi trema al controllo

In manifattura gli adempimenti obbligatori non aspettano: Attrezzature, Formazione, MMC, DPI, Temperature, Sorveglianza sanitaria, Ruolo/RLS, Rumore, Ruolo/RSPP, Ruolo/Preposto. In questa pagina TALES OF SICURIX il PERICOLO prende forma... e il METODO81+ lo rimette in ordine, passo dopo passo. Immagina la scena: prima il caos, poi la checklist che sistema tutto. Mettere ordine ora costa poco. Rimediare dopo costa caro.
👉 Iscriviti al corso: Corso Lavori in Quota e DPI Anticaduta -> https://81plus.net/?corso=corso-lavori-in-quota-e-dpi-anticaduta
▶️ YouTube: youtube.com/@sicurissimo
Contenuto informativo. Prima vedi. Poi sistemi. 81plus.net",Corso Lavori in Quota e DPI Anticaduta,https://81plus.net/?corso=corso-lavori-in-quota-e-dpi-anticaduta,#TalesOfSicurix #SICURIX #Metodo81 #81plus #Sicurissimo #Sicurezza #Privacy #HACCP #SicurezzaSulLavoro,SICURIX_TALES_332001_13_25_10_8_19_9_4_12_5_3.webp,https://drive.google.com/drive/folders/1hICKXdl9JTZBL1pemG19oE_661z-EH_k,IMG_ERR
55.20.32,Alloggio/Ristorazione,I,Sicurezza+Privacy+HACCP,10,Movimentazione Manuale Carichi | Sorveglianza Sanitaria / Medico Competente | Uso e Formazione DPI | Formazione GDPR | RSPP / Datore di Lavoro RSPP | Formazione Preposto | Documento Valutazione Rischi (DVR) | Corso Alimentarista | Gestione Allergeni | Rappresentante Lavoratori Sicurezza (RLS),D.Lgs81/08 Tit.VI | D.Lgs81/08 art.41 | D.Lgs81/08 art.77 | GDPR art.32 | D.Lgs81/08 art.34 | D.Lgs81/08 art.37 | D.Lgs81/08 art.28 | Reg.CE 852/2004 | Reg.UE 1169/2011 | D.Lgs81/08 art.47,"CHEFIX>CADUTIX, LUXPECTORIX>CAOSIX, CIFRIX>FRETTIX, SCUDIX>MULTIX, HYGIENIX>BIOXIX, DOCUMIX>SOTTOVALUTIX, ROBOTIX81>POLVERIX, LUXPECTORIX>IMPROVVISIX, ROBOTIX81>SCADUTIX, ROBOTIX81>CHIMIKIX","Crea una PAGINA A FUMETTI a STORIA COMPLETA, verticale A4 (1024x1536), QUALITA' EDITORIALE DA STAMPA, stile ufficiale 'SICURIX TALES' IDENTICO alle immagini di riferimento allegate (stessi personaggi a mattoncini 3D, stessa impaginazione, stessi colori, stesse rese): minifigure espressive, ambientazioni ricche e dettagliate del settore, luci morbide, profondita', bordi vignetta netti. IMPAGINAZIONE OBBLIGATORIA: da 10 a 12 VIGNETTE numerate che raccontano UNA STORIA con arco narrativo completo (1 situazione normale -> 2-4 arrivano i pericoli coi cattivi -> 5-6 tensione/conseguenza -> 7-9 arriva SICURIX con gli eroi e applica il METODO81+ passo per passo -> 10-11 risoluzione ordinata -> 12 finale). HEADER in alto: SICURIX (mantello, medaglione arancione '81+', bussola) che presenta in un fumetto; grande titolo 'SICURIX TALES'; sottotitolo 'ALLOGGIO/RISTORAZIONE: Pericolo vs Soluzione con Metodo 81+'; legenda 3 voci (verde Sicurezza, rosso Rischio, blu 81+ Soluzione); fila di EROI coi nomi: CHEFIX, LUXPECTORIX, CIFRIX, SCUDIX, HYGIENIX, DOCUMIX. FOOTER in basso: grande 'Prima vedi. Poi sistemi.'; banner scudo verde 'PROTEGGIAMO. PREVENIAMO. MIGLIORIAMO.' e triangolo rosso 'DISATTENZIONE. RISCHI. COSTI. CAOS.'; logo '81+' + '81plus.net'. TRAMA (usa questi eventi come vignette; se sono meno di 10 aggiungi vignette di contesto, dialogo e reazione per arrivare a 10-12): 1) CADUTIX causa il pericolo 'MMC' (Movimentazione Manuale Carichi); poi CHEFIX+SICURIX applicano il METODO81+; 2) CAOSIX causa il pericolo 'Sorveglianza sanitaria' (Sorveglianza Sanitaria / Medico Competente); poi LUXPECTORIX+SICURIX applicano il METODO81+; 3) FRETTIX causa il pericolo 'DPI' (Uso e Formazione DPI); poi CIFRIX+SICURIX applicano il METODO81+; 4) MULTIX causa il pericolo 'Formazione' (Formazione GDPR); poi SCUDIX+SICURIX applicano il METODO81+; 5) BIOXIX causa il pericolo 'Ruolo/RSPP' (RSPP / Datore di Lavoro RSPP); poi HYGIENIX+SICURIX applicano il METODO81+; 6) SOTTOVALUTIX causa il pericolo 'Ruolo/Preposto' (Formazione Preposto); poi DOCUMIX+SICURIX applicano il METODO81+; 7) POLVERIX causa il pericolo 'Documento' (Documento Valutazione Rischi (DVR)); poi ROBOTIX81+SICURIX applicano il METODO81+; 8) IMPROVVISIX causa il pericolo 'Corso' (Corso Alimentarista); poi LUXPECTORIX+SICURIX applicano il METODO81+; 9) SCADUTIX causa il pericolo 'Allergeni' (Gestione Allergeni); poi ROBOTIX81+SICURIX applicano il METODO81+; 10) CHIMIKIX causa il pericolo 'Ruolo/RLS' (Rappresentante Lavoratori Sicurezza (RLS)); poi ROBOTIX81+SICURIX applicano il METODO81+. PALETTE BRAND ESCLUSIVA: nero #05050A, bianco panna, arancione #FF6A1A/#E8501A; ROSSO solo per 'PERICOLO', VERDE per la checklist 'Metodo 81+'. Logo '81+' ben visibile in OGNI vignetta. REGOLA STORIA: SICURIX NON agisce mai da solo - in OGNI vignetta di soluzione si fa AIUTARE dai suoi colleghi EROI (lavoro di squadra, ognuno col suo ruolo). TESTO: didascalie e fumetti MOLTO BREVI (1-4 parole), GRANDI, centrati, in ITALIANO con ORTOGRAFIA PERFETTA, senza parole inventate, lettere doppie errate o testo tagliato. CATTIVI (coerenti col canone): CADUTIX, CAOSIX, FRETTIX, MULTIX, BIOXIX, SOTTOVALUTIX, POLVERIX, IMPROVVISIX, SCADUTIX, CHIMIKIX. EROI: CHEFIX, LUXPECTORIX, CIFRIX, SCUDIX, HYGIENIX, DOCUMIX, ROBOTIX81. NEGATIVE: nessun marchio LEGO reale, nessun personaggio protetto (Asterix ecc.), niente gore/horror, niente claim assoluti ('rischio zero','garantito','zero multe').",Alloggio/Ristorazione: 3 minuti oggi o un problema enorme domani. Scegli tu.,"La differenza tra chi in Alloggio/Ristorazione dorme sereno e chi trema al controllo

In alloggio/ristorazione gli adempimenti obbligatori non aspettano: MMC, Sorveglianza sanitaria, DPI, Formazione, Ruolo/RSPP, Ruolo/Preposto, Documento, Corso, Allergeni, Ruolo/RLS. In questa pagina TALES OF SICURIX il PERICOLO prende forma... e il METODO81+ lo rimette in ordine, passo dopo passo. Immagina la scena: prima il caos, poi la checklist che sistema tutto. Chi si mette in regola prima, dorme meglio dopo.
👉 Iscriviti al corso: Corso RSPP Datore di Lavoro : Movimentazione manuale carichi -> https://81plus.net/?corso=corso-rspp-datore-di-lavoro-movimentazione-manuale-carichi
▶️ YouTube: youtube.com/@sicurissimo
Contenuto informativo. Prima vedi. Poi sistemi. 81plus.net",Corso RSPP Datore di Lavoro : Movimentazione manuale carichi,https://81plus.net/?corso=corso-rspp-datore-di-lavoro-movimentazione-manuale-carichi,#TalesOfSicurix #SICURIX #Metodo81 #81plus #Sicurissimo #Sicurezza #Privacy #HACCP #SicurezzaSulLavoro,SICURIX_TALES_552032_10_9_8_22_5_3_0_13_18_4.webp,https://drive.google.com/drive/folders/1hICKXdl9JTZBL1pemG19oE_661z-EH_k,IMG_ERR
10.73.02,Manifattura,C,Privacy+Ambientale+Sicurezza+HACCP,12,Informativa e Consensi | Registro dei Trattamenti | Gestione Rifiuti e Registro | Rappresentante Lavoratori Sicurezza (RLS) | Manuale HACCP di Autocontrollo | Lotta agli Infestanti (Pest Control) | RSPP / Datore di Lavoro RSPP | Formazione GDPR | Corso Alimentarista | Addetto Primo Soccorso | Documento Valutazione Rischi (DVR) | Formazione Ambientale,GDPR art.13 | GDPR art.30 | D.Lgs152/06 | D.Lgs81/08 art.47 | Reg.CE 852/2004 | D.Lgs81/08 art.34 | GDPR art.32 | DM 388/2003 | D.Lgs81/08 art.28,"DOCUMIX>HACKIX, BLINKIX>CANCELIX, PREPOSTIX>CAOSIX, FORMIX>SCIVOLIX, TRACCIX>ACQUAIX, FORMIX>OBLIVIX, DOCUMIX>FUMIX, SICURIX>LEAKIX, BLINKIX>FRETTIX, PREPOSTIX>POLVERIX, LUXPECTORIX>BIOXIX, LUXPECTORIX>RISKIX","Crea una PAGINA A FUMETTI a STORIA COMPLETA, verticale A4 (1024x1536), QUALITA' EDITORIALE DA STAMPA, stile ufficiale 'SICURIX TALES' IDENTICO alle immagini di riferimento allegate (stessi personaggi a mattoncini 3D, stessa impaginazione, stessi colori, stesse rese): minifigure espressive, ambientazioni ricche e dettagliate del settore, luci morbide, profondita', bordi vignetta netti. IMPAGINAZIONE OBBLIGATORIA: da 10 a 12 VIGNETTE numerate che raccontano UNA STORIA con arco narrativo completo (1 situazione normale -> 2-4 arrivano i pericoli coi cattivi -> 5-6 tensione/conseguenza -> 7-9 arriva SICURIX con gli eroi e applica il METODO81+ passo per passo -> 10-11 risoluzione ordinata -> 12 finale). HEADER in alto: SICURIX (mantello, medaglione arancione '81+', bussola) che presenta in un fumetto; grande titolo 'SICURIX TALES'; sottotitolo 'MANIFATTURA: Pericolo vs Soluzione con Metodo 81+'; legenda 3 voci (verde Sicurezza, rosso Rischio, blu 81+ Soluzione); fila di EROI coi nomi: DOCUMIX, BLINKIX, PREPOSTIX, FORMIX, TRACCIX, SICURIX. FOOTER in basso: grande 'Prima vedi. Poi sistemi.'; banner scudo verde 'PROTEGGIAMO. PREVENIAMO. MIGLIORIAMO.' e triangolo rosso 'DISATTENZIONE. RISCHI. COSTI. CAOS.'; logo '81+' + '81plus.net'. TRAMA (usa questi eventi come vignette; se sono meno di 10 aggiungi vignette di contesto, dialogo e reazione per arrivare a 10-12): 1) HACKIX causa il pericolo 'Documento' (Informativa e Consensi); poi DOCUMIX+SICURIX applicano il METODO81+; 2) CANCELIX causa il pericolo 'Registro' (Registro dei Trattamenti); poi BLINKIX+SICURIX applicano il METODO81+; 3) CAOSIX causa il pericolo 'Rifiuti' (Gestione Rifiuti e Registro); poi PREPOSTIX+SICURIX applicano il METODO81+; 4) SCIVOLIX causa il pericolo 'Ruolo/RLS' (Rappresentante Lavoratori Sicurezza (RLS)); poi FORMIX+SICURIX applicano il METODO81+; 5) ACQUAIX causa il pericolo 'Documento' (Manuale HACCP di Autocontrollo); poi TRACCIX+SICURIX applicano il METODO81+; 6) OBLIVIX causa il pericolo 'Infestanti' (Lotta agli Infestanti (Pest Control)); poi FORMIX+SICURIX applicano il METODO81+; 7) FUMIX causa il pericolo 'Ruolo/RSPP' (RSPP / Datore di Lavoro RSPP); poi DOCUMIX+SICURIX applicano il METODO81+; 8) LEAKIX causa il pericolo 'Formazione' (Formazione GDPR); poi SICURIX+SICURIX applicano il METODO81+; 9) FRETTIX causa il pericolo 'Corso' (Corso Alimentarista); poi BLINKIX+SICURIX applicano il METODO81+; 10) POLVERIX causa il pericolo 'Emergenze/Soccorso' (Addetto Primo Soccorso); poi PREPOSTIX+SICURIX applicano il METODO81+; 11) BIOXIX causa il pericolo 'Documento' (Documento Valutazione Rischi (DVR)); poi LUXPECTORIX+SICURIX applicano il METODO81+; 12) RISKIX causa il pericolo 'Formazione' (Formazione Ambientale); poi LUXPECTORIX+SICURIX applicano il METODO81+. PALETTE BRAND ESCLUSIVA: nero #05050A, bianco panna, arancione #FF6A1A/#E8501A; ROSSO solo per 'PERICOLO', VERDE per la checklist 'Metodo 81+'. Logo '81+' ben visibile in OGNI vignetta. REGOLA STORIA: SICURIX NON agisce mai da solo - in OGNI vignetta di soluzione si fa AIUTARE dai suoi colleghi EROI (lavoro di squadra, ognuno col suo ruolo). TESTO: didascalie e fumetti MOLTO BREVI (1-4 parole), GRANDI, centrati, in ITALIANO con ORTOGRAFIA PERFETTA, senza parole inventate, lettere doppie errate o testo tagliato. CATTIVI (coerenti col canone): HACKIX, CANCELIX, CAOSIX, SCIVOLIX, ACQUAIX, OBLIVIX, FUMIX, LEAKIX, FRETTIX, POLVERIX, BIOXIX, RISKIX. EROI: DOCUMIX, BLINKIX, PREPOSTIX, FORMIX, TRACCIX, SICURIX, LUXPECTORIX. NEGATIVE: nessun marchio LEGO reale, nessun personaggio protetto (Asterix ecc.), niente gore/horror, niente claim assoluti ('rischio zero','garantito','zero multe').","In Manifattura non e' 'se' arriva il controllo, e' 'quando'. Sei pronto?","In Manifattura non e' 'se' arriva il controllo, e' 'quando'. Sei pronto?

In manifattura gli adempimenti obbligatori non aspettano: Documento, Registro, Rifiuti, Ruolo/RLS, Infestanti, Ruolo/RSPP, Formazione, Corso, Emergenze/Soccorso. In questa pagina TALES OF SICURIX il PERICOLO prende forma... e il METODO81+ lo rimette in ordine, passo dopo passo. Immagina la scena: prima il caos, poi la checklist che sistema tutto. Mettere ordine ora costa poco. Rimediare dopo costa caro.
👉 Iscriviti al corso: Corso privacy destinato ai lavoratori -> https://81plus.net/?corso=corso-privacy-destinato-ai-lavoratori
▶️ YouTube: youtube.com/@sicurissimo
Contenuto informativo. Prima vedi. Poi sistemi. 81plus.net",Corso privacy destinato ai lavoratori,https://81plus.net/?corso=corso-privacy-destinato-ai-lavoratori,#TalesOfSicurix #SICURIX #Metodo81 #81plus #Sicurissimo #Privacy #Ambientale #Sicurezza #HACCP #SicurezzaSulLavoro,SICURIX_TALES_107302_21_22_26_4_14_19_5_24_15_6_0_27.webp,https://drive.google.com/drive/folders/1hICKXdl9JTZBL1pemG19oE_661z-EH_k,IMG_ERR
01.63.20,Agricoltura,A,Privacy+Sicurezza+HACCP+Ambientale,11,Procedura Data Breach | Movimentazione Manuale Carichi | Nomina Incaricati/Responsabili | Formazione GDPR | Corso Alimentarista | Gestione Rifiuti e Registro | Formazione Specifica (rischio alto) | Rintracciabilita ed Etichettatura | Formazione Ambientale | Manuale HACCP di Autocontrollo | Piano di Sanificazione,GDPR art.33-34 | D.Lgs81/08 Tit.VI | GDPR art.28-29 | GDPR art.32 | Reg.CE 852/2004 | D.Lgs152/06 | Accordo Stato-Regioni | Reg.CE 178/2002,"SICURIX>FRETTIX, TRACCIX>BIOXIX, DOCUMIX>MULTIX, ROBOTIX81>CANCELIX, CIFRIX>CAOSIX, CONSENSIX>MULTIX, PREPOSTIX>FRETTIX, CHECKIX>OBLIVIX, ROBOTIX81>MULTIX, CHECKIX>CAOSIX, TRACCIX>FRETTIX","Crea una PAGINA A FUMETTI a STORIA COMPLETA, verticale A4 (1024x1536), QUALITA' EDITORIALE DA STAMPA, stile ufficiale 'SICURIX TALES' IDENTICO alle immagini di riferimento allegate (stessi personaggi a mattoncini 3D, stessa impaginazione, stessi colori, stesse rese): minifigure espressive, ambientazioni ricche e dettagliate del settore, luci morbide, profondita', bordi vignetta netti. IMPAGINAZIONE OBBLIGATORIA: da 10 a 12 VIGNETTE numerate che raccontano UNA STORIA con arco narrativo completo (1 situazione normale -> 2-4 arrivano i pericoli coi cattivi -> 5-6 tensione/conseguenza -> 7-9 arriva SICURIX con gli eroi e applica il METODO81+ passo per passo -> 10-11 risoluzione ordinata -> 12 finale). HEADER in alto: SICURIX (mantello, medaglione arancione '81+', bussola) che presenta in un fumetto; grande titolo 'SICURIX TALES'; sottotitolo 'AGRICOLTURA: Pericolo vs Soluzione con Metodo 81+'; legenda 3 voci (verde Sicurezza, rosso Rischio, blu 81+ Soluzione); fila di EROI coi nomi: SICURIX, TRACCIX, DOCUMIX, ROBOTIX81, CIFRIX, CONSENSIX. FOOTER in basso: grande 'Prima vedi. Poi sistemi.'; banner scudo verde 'PROTEGGIAMO. PREVENIAMO. MIGLIORIAMO.' e triangolo rosso 'DISATTENZIONE. RISCHI. COSTI. CAOS.'; logo '81+' + '81plus.net'. TRAMA (usa questi eventi come vignette; se sono meno di 10 aggiungi vignette di contesto, dialogo e reazione per arrivare a 10-12): 1) FRETTIX causa il pericolo 'Data breach' (Procedura Data Breach); poi SICURIX+SICURIX applicano il METODO81+; 2) BIOXIX causa il pericolo 'MMC' (Movimentazione Manuale Carichi); poi TRACCIX+SICURIX applicano il METODO81+; 3) MULTIX causa il pericolo 'Nomine' (Nomina Incaricati/Responsabili); poi DOCUMIX+SICURIX applicano il METODO81+; 4) CANCELIX causa il pericolo 'Formazione' (Formazione GDPR); poi ROBOTIX81+SICURIX applicano il METODO81+; 5) CAOSIX causa il pericolo 'Corso' (Corso Alimentarista); poi CIFRIX+SICURIX applicano il METODO81+; 6) MULTIX causa il pericolo 'Rifiuti' (Gestione Rifiuti e Registro); poi CONSENSIX+SICURIX applicano il METODO81+; 7) FRETTIX causa il pericolo 'Formazione specifica' (Formazione Specifica (rischio alto)); poi PREPOSTIX+SICURIX applicano il METODO81+; 8) OBLIVIX causa il pericolo 'Rintracciabilita' (Rintracciabilita ed Etichettatura); poi CHECKIX+SICURIX applicano il METODO81+; 9) MULTIX causa il pericolo 'Formazione' (Formazione Ambientale); poi ROBOTIX81+SICURIX applicano il METODO81+; 10) CAOSIX causa il pericolo 'Documento' (Manuale HACCP di Autocontrollo); poi CHECKIX+SICURIX applicano il METODO81+; 11) FRETTIX causa il pericolo 'Sanificazione' (Piano di Sanificazione); poi TRACCIX+SICURIX applicano il METODO81+. PALETTE BRAND ESCLUSIVA: nero #05050A, bianco panna, arancione #FF6A1A/#E8501A; ROSSO solo per 'PERICOLO', VERDE per la checklist 'Metodo 81+'. Logo '81+' ben visibile in OGNI vignetta. REGOLA STORIA: SICURIX NON agisce mai da solo - in OGNI vignetta di soluzione si fa AIUTARE dai suoi colleghi EROI (lavoro di squadra, ognuno col suo ruolo). TESTO: didascalie e fumetti MOLTO BREVI (1-4 parole), GRANDI, centrati, in ITALIANO con ORTOGRAFIA PERFETTA, senza parole inventate, lettere doppie errate o testo tagliato. CATTIVI (coerenti col canone): FRETTIX, BIOXIX, MULTIX, CANCELIX, CAOSIX, OBLIVIX. EROI: SICURIX, TRACCIX, DOCUMIX, ROBOTIX81, CIFRIX, CONSENSIX, PREPOSTIX, CHECKIX. NEGATIVE: nessun marchio LEGO reale, nessun personaggio protetto (Asterix ecc.), niente gore/horror, niente claim assoluti ('rischio zero','garantito','zero multe').",Quello che l'ispettore controlla per primo in Agricoltura (e quasi nessuno lo sa),"Quello che l'ispettore controlla per primo in Agricoltura (e quasi nessuno lo sa)

In agricoltura gli adempimenti obbligatori non aspettano: Data breach, MMC, Nomine, Formazione, Corso, Rifiuti, Formazione specifica, Rintracciabilita, Documento, Sanificazione. In questa pagina TALES OF SICURIX il PERICOLO prende forma... e il METODO81+ lo rimette in ordine, passo dopo passo. Immagina la scena: prima il caos, poi la checklist che sistema tutto. Mettere ordine ora costa poco. Rimediare dopo costa caro.
👉 Iscriviti al corso: Corso privacy destinato ai lavoratori -> https://81plus.net/?corso=corso-privacy-destinato-ai-lavoratori
▶️ YouTube: youtube.com/@sicurissimo
Contenuto informativo. Prima vedi. Poi sistemi. 81plus.net",Corso privacy destinato ai lavoratori,https://81plus.net/?corso=corso-privacy-destinato-ai-lavoratori,#TalesOfSicurix #SICURIX #Metodo81 #81plus #Sicurissimo #Privacy #Sicurezza #HACCP #Ambientale #SicurezzaSulLavoro,SICURIX_TALES_016320_25_10_23_24_15_26_2_17_27_14_16.webp,https://drive.google.com/drive/folders/1hICKXdl9JTZBL1pemG19oE_661z-EH_k,IMG_ERR
72.20.09,Servizi alle imprese,N,Privacy+Sicurezza,11,Formazione GDPR | Formazione Generale Lavoratori | Nomina Incaricati/Responsabili | Registro dei Trattamenti | Addetto Antincendio | Rappresentante Lavoratori Sicurezza (RLS) | Documento Valutazione Rischi (DVR) | Formazione Specifica (rischio basso) | RSPP / Datore di Lavoro RSPP | Informativa e Consensi | Addetto Primo Soccorso,GDPR art.32 | Accordo Stato-Regioni | GDPR art.28-29 | GDPR art.30 | DM 2/9/2021 | D.Lgs81/08 art.47 | D.Lgs81/08 art.28 | D.Lgs81/08 art.34 | GDPR art.13 | DM 388/2003,"DOCUMIX>LEAKIX, CHEFIX>FRETTIX, CHECKIX>OBLIVIX, ROBOTIX81>HACKIX, FORMIX>POLVERIX, DOCUMIX>POLVERIX, TRACCIX>FUMIX, CHECKIX>NONDPIX, LUXPECTORIX>NONDPIX, HYGIENIX>PHISHIX, PRIVACIX>IMPROVVISIX","Crea una PAGINA A FUMETTI a STORIA COMPLETA, verticale A4 (1024x1536), QUALITA' EDITORIALE DA STAMPA, stile ufficiale 'SICURIX TALES' IDENTICO alle immagini di riferimento allegate (stessi personaggi a mattoncini 3D, stessa impaginazione, stessi colori, stesse rese): minifigure espressive, ambientazioni ricche e dettagliate del settore, luci morbide, profondita', bordi vignetta netti. IMPAGINAZIONE OBBLIGATORIA: da 10 a 12 VIGNETTE numerate che raccontano UNA STORIA con arco narrativo completo (1 situazione normale -> 2-4 arrivano i pericoli coi cattivi -> 5-6 tensione/conseguenza -> 7-9 arriva SICURIX con gli eroi e applica il METODO81+ passo per passo -> 10-11 risoluzione ordinata -> 12 finale). HEADER in alto: SICURIX (mantello, medaglione arancione '81+', bussola) che presenta in un fumetto; grande titolo 'SICURIX TALES'; sottotitolo 'SERVIZI ALLE IMPRESE: Pericolo vs Soluzione con Metodo 81+'; legenda 3 voci (verde Sicurezza, rosso Rischio, blu 81+ Soluzione); fila di EROI coi nomi: DOCUMIX, CHEFIX, CHECKIX, ROBOTIX81, FORMIX, TRACCIX. FOOTER in basso: grande 'Prima vedi. Poi sistemi.'; banner scudo verde 'PROTEGGIAMO. PREVENIAMO. MIGLIORIAMO.' e triangolo rosso 'DISATTENZIONE. RISCHI. COSTI. CAOS.'; logo '81+' + '81plus.net'. TRAMA (usa questi eventi come vignette; se sono meno di 10 aggiungi vignette di contesto, dialogo e reazione per arrivare a 10-12): 1) LEAKIX causa il pericolo 'Formazione' (Formazione GDPR); poi DOCUMIX+SICURIX applicano il METODO81+; 2) FRETTIX causa il pericolo 'Formazione base' (Formazione Generale Lavoratori); poi CHEFIX+SICURIX applicano il METODO81+; 3) OBLIVIX causa il pericolo 'Nomine' (Nomina Incaricati/Responsabili); poi CHECKIX+SICURIX applicano il METODO81+; 4) HACKIX causa il pericolo 'Registro' (Registro dei Trattamenti); poi ROBOTIX81+SICURIX applicano il METODO81+; 5) POLVERIX causa il pericolo 'Emergenze/Incendio' (Addetto Antincendio); poi FORMIX+SICURIX applicano il METODO81+; 6) POLVERIX causa il pericolo 'Ruolo/RLS' (Rappresentante Lavoratori Sicurezza (RLS)); poi DOCUMIX+SICURIX applicano il METODO81+; 7) FUMIX causa il pericolo 'Documento' (Documento Valutazione Rischi (DVR)); poi TRACCIX+SICURIX applicano il METODO81+; 8) NONDPIX causa il pericolo 'Formazione specifica' (Formazione Specifica (rischio basso)); poi CHECKIX+SICURIX applicano il METODO81+; 9) NONDPIX causa il pericolo 'Ruolo/RSPP' (RSPP / Datore di Lavoro RSPP); poi LUXPECTORIX+SICURIX applicano il METODO81+; 10) PHISHIX causa il pericolo 'Documento' (Informativa e Consensi); poi HYGIENIX+SICURIX applicano il METODO81+; 11) IMPROVVISIX causa il pericolo 'Emergenze/Soccorso' (Addetto Primo Soccorso); poi PRIVACIX+SICURIX applicano il METODO81+. PALETTE BRAND ESCLUSIVA: nero #05050A, bianco panna, arancione #FF6A1A/#E8501A; ROSSO solo per 'PERICOLO', VERDE per la checklist 'Metodo 81+'. Logo '81+' ben visibile in OGNI vignetta. REGOLA STORIA: SICURIX NON agisce mai da solo - in OGNI vignetta di soluzione si fa AIUTARE dai suoi colleghi EROI (lavoro di squadra, ognuno col suo ruolo). TESTO: didascalie e fumetti MOLTO BREVI (1-4 parole), GRANDI, centrati, in ITALIANO con ORTOGRAFIA PERFETTA, senza parole inventate, lettere doppie errate o testo tagliato. CATTIVI (coerenti col canone): LEAKIX, FRETTIX, OBLIVIX, HACKIX, POLVERIX, FUMIX, NONDPIX, PHISHIX, IMPROVVISIX. EROI: DOCUMIX, CHEFIX, CHECKIX, ROBOTIX81, FORMIX, TRACCIX, LUXPECTORIX, HYGIENIX, PRIVACIX. NEGATIVE: nessun marchio LEGO reale, nessun personaggio protetto (Asterix ecc.), niente gore/horror, niente claim assoluti ('rischio zero','garantito','zero multe').",La differenza tra chi in Servizi alle imprese dorme sereno e chi trema al controllo,"La differenza tra chi in Servizi alle imprese dorme sereno e chi trema al controllo

In servizi alle imprese gli adempimenti obbligatori non aspettano: Formazione, Formazione base, Nomine, Registro, Emergenze/Incendio, Ruolo/RLS, Documento, Formazione specifica, Ruolo/RSPP, Emergenze/Soccorso. In questa pagina TALES OF SICURIX il PERICOLO prende forma... e il METODO81+ lo rimette in ordine, passo dopo passo. Immagina la scena: prima il caos, poi la checklist che sistema tutto. Mettere ordine ora costa poco. Rimediare dopo costa caro.
👉 Iscriviti al corso: GDPR 2016/679: privacy e trattamento dei dati personali -> https://81plus.net/?corso=gdpr-2016-679-privacy-e-trattamento-dei-dati-personali
▶️ YouTube: youtube.com/@sicurissimo
Contenuto informativo. Prima vedi. Poi sistemi. 81plus.net",GDPR 2016/679: privacy e trattamento dei dati personali,https://81plus.net/?corso=gdpr-2016-679-privacy-e-trattamento-dei-dati-personali,#TalesOfSicurix #SICURIX #Metodo81 #81plus #Sicurissimo #Privacy #Sicurezza #SicurezzaSulLavoro,SICURIX_TALES_722009_12_1_11_10_7_4_0_2_5_9_6.webp,https://drive.google.com/drive/folders/1hICKXdl9JTZBL1pemG19oE_661z-EH_k,IMG_ERR
96.99.99,Famiglie datori,T,Sicurezza+Privacy,11,Uso e Formazione DPI | Formazione Specifica (rischio basso) | RSPP / Datore di Lavoro RSPP | Documento Valutazione Rischi (DVR) | Addetto Primo Soccorso | Rappresentante Lavoratori Sicurezza (RLS) | Informativa e Consensi | Formazione GDPR | Procedura Data Breach | Registro dei Trattamenti | Formazione Generale Lavoratori,D.Lgs81/08 art.77 | Accordo Stato-Regioni | D.Lgs81/08 art.34 | D.Lgs81/08 art.28 | DM 388/2003 | D.Lgs81/08 art.47 | GDPR art.13 | GDPR art.32 | GDPR art.33-34 | GDPR art.30,"ROBOTIX81>SCIVOLIX, BLINKIX>NONDPIX, CHECKIX>CAOSIX, DOCUMIX>SEGNALEX, PRIVACIX>RISKIX, PRIVACIX>FRETTIX, BLINKIX>CAOSIX, ROBOTIX81>MULTIX, LUXPECTORIX>OBLIVIX, BLINKIX>CANCELIX, BLINKIX>SOTTOVALUTIX","Crea una PAGINA A FUMETTI a STORIA COMPLETA, verticale A4 (1024x1536), QUALITA' EDITORIALE DA STAMPA, stile ufficiale 'SICURIX TALES' IDENTICO alle immagini di riferimento allegate (stessi personaggi a mattoncini 3D, stessa impaginazione, stessi colori, stesse rese): minifigure espressive, ambientazioni ricche e dettagliate del settore, luci morbide, profondita', bordi vignetta netti. IMPAGINAZIONE OBBLIGATORIA: da 10 a 12 VIGNETTE numerate che raccontano UNA STORIA con arco narrativo completo (1 situazione normale -> 2-4 arrivano i pericoli coi cattivi -> 5-6 tensione/conseguenza -> 7-9 arriva SICURIX con gli eroi e applica il METODO81+ passo per passo -> 10-11 risoluzione ordinata -> 12 finale). HEADER in alto: SICURIX (mantello, medaglione arancione '81+', bussola) che presenta in un fumetto; grande titolo 'SICURIX TALES'; sottotitolo 'FAMIGLIE DATORI: Pericolo vs Soluzione con Metodo 81+'; legenda 3 voci (verde Sicurezza, rosso Rischio, blu 81+ Soluzione); fila di EROI coi nomi: ROBOTIX81, BLINKIX, CHECKIX, DOCUMIX, PRIVACIX, LUXPECTORIX. FOOTER in basso: grande 'Prima vedi. Poi sistemi.'; banner scudo verde 'PROTEGGIAMO. PREVENIAMO. MIGLIORIAMO.' e triangolo rosso 'DISATTENZIONE. RISCHI. COSTI. CAOS.'; logo '81+' + '81plus.net'. TRAMA (usa questi eventi come vignette; se sono meno di 10 aggiungi vignette di contesto, dialogo e reazione per arrivare a 10-12): 1) SCIVOLIX causa il pericolo 'DPI' (Uso e Formazione DPI); poi ROBOTIX81+SICURIX applicano il METODO81+; 2) NONDPIX causa il pericolo 'Formazione specifica' (Formazione Specifica (rischio basso)); poi BLINKIX+SICURIX applicano il METODO81+; 3) CAOSIX causa il pericolo 'Ruolo/RSPP' (RSPP / Datore di Lavoro RSPP); poi CHECKIX+SICURIX applicano il METODO81+; 4) SEGNALEX causa il pericolo 'Documento' (Documento Valutazione Rischi (DVR)); poi DOCUMIX+SICURIX applicano il METODO81+; 5) RISKIX causa il pericolo 'Emergenze/Soccorso' (Addetto Primo Soccorso); poi PRIVACIX+SICURIX applicano il METODO81+; 6) FRETTIX causa il pericolo 'Ruolo/RLS' (Rappresentante Lavoratori Sicurezza (RLS)); poi PRIVACIX+SICURIX applicano il METODO81+; 7) CAOSIX causa il pericolo 'Documento' (Informativa e Consensi); poi BLINKIX+SICURIX applicano il METODO81+; 8) MULTIX causa il pericolo 'Formazione' (Formazione GDPR); poi ROBOTIX81+SICURIX applicano il METODO81+; 9) OBLIVIX causa il pericolo 'Data breach' (Procedura Data Breach); poi LUXPECTORIX+SICURIX applicano il METODO81+; 10) CANCELIX causa il pericolo 'Registro' (Registro dei Trattamenti); poi BLINKIX+SICURIX applicano il METODO81+; 11) SOTTOVALUTIX causa il pericolo 'Formazione base' (Formazione Generale Lavoratori); poi BLINKIX+SICURIX applicano il METODO81+. PALETTE BRAND ESCLUSIVA: nero #05050A, bianco panna, arancione #FF6A1A/#E8501A; ROSSO solo per 'PERICOLO', VERDE per la checklist 'Metodo 81+'. Logo '81+' ben visibile in OGNI vignetta. REGOLA STORIA: SICURIX NON agisce mai da solo - in OGNI vignetta di soluzione si fa AIUTARE dai suoi colleghi EROI (lavoro di squadra, ognuno col suo ruolo). TESTO: didascalie e fumetti MOLTO BREVI (1-4 parole), GRANDI, centrati, in ITALIANO con ORTOGRAFIA PERFETTA, senza parole inventate, lettere doppie errate o testo tagliato. CATTIVI (coerenti col canone): SCIVOLIX, NONDPIX, CAOSIX, SEGNALEX, RISKIX, FRETTIX, MULTIX, OBLIVIX, CANCELIX, SOTTOVALUTIX. EROI: ROBOTIX81, BLINKIX, CHECKIX, DOCUMIX, PRIVACIX, LUXPECTORIX. NEGATIVE: nessun marchio LEGO reale, nessun personaggio protetto (Asterix ecc.), niente gore/horror, niente claim assoluti ('rischio zero','garantito','zero multe').","In Famiglie datori non e' 'se' arriva il controllo, e' 'quando'. Sei pronto?","In Famiglie datori c'e' un obbligo che in tanti scoprono solo con la sanzione

In famiglie datori gli adempimenti obbligatori non aspettano: DPI, Formazione specifica, Ruolo/RSPP, Documento, Emergenze/Soccorso, Ruolo/RLS, Formazione, Data breach, Registro, Formazione base. In questa pagina TALES OF SICURIX il PERICOLO prende forma... e il METODO81+ lo rimette in ordine, passo dopo passo. Immagina la scena: prima il caos, poi la checklist che sistema tutto. La regola c'e' gia': tu falla lavorare per te.
👉 Iscriviti al corso: Corso Lavori in Quota e DPI Anticaduta -> https://81plus.net/?corso=corso-lavori-in-quota-e-dpi-anticaduta
▶️ YouTube: youtube.com/@sicurissimo
Contenuto informativo. Prima vedi. Poi sistemi. 81plus.net",Corso Lavori in Quota e DPI Anticaduta,https://81plus.net/?corso=corso-lavori-in-quota-e-dpi-anticaduta,#TalesOfSicurix #SICURIX #Metodo81 #81plus #Sicurissimo #Sicurezza #Privacy #SicurezzaSulLavoro,SICURIX_TALES_969999_8_2_5_0_6_4_9_12_13_10_1.webp,https://drive.google.com/drive/folders/1hICKXdl9JTZBL1pemG19oE_661z-EH_k,IMG_ERR
47.78.22,Commercio,G,HACCP+Sicurezza,11,Lotta agli Infestanti (Pest Control) | Formazione Preposto | Uso e Formazione DPI | Movimentazione Manuale Carichi | Formazione Specifica (rischio medio) | Corso Alimentarista | Formazione Generale Lavoratori | Sorveglianza Sanitaria / Medico Competente | Addetto Primo Soccorso | Addetto Antincendio | Manuale HACCP di Autocontrollo,Reg.CE 852/2004 | D.Lgs81/08 art.37 | D.Lgs81/08 art.77 | D.Lgs81/08 Tit.VI | Accordo Stato-Regioni | D.Lgs81/08 art.41 | DM 388/2003 | DM 2/9/2021,"BLINKIX>OBLIVIX, TRACCIX>RUMORIX, SICURIX>ØTIX, LUXPECTORIX>TAGLIX, SCUDIX>VIBRIX, TRACCIX>MESCOLIX, BLINKIX>TAGLIX, SICURIX>FRETTIX, ROBOTIX81>NONDPIX, BLINKIX>FUMIX, PREPOSTIX>DOSAGIX","Crea una PAGINA A FUMETTI a STORIA COMPLETA, verticale A4 (1024x1536), QUALITA' EDITORIALE DA STAMPA, stile ufficiale 'SICURIX TALES' IDENTICO alle immagini di riferimento allegate (stessi personaggi a mattoncini 3D, stessa impaginazione, stessi colori, stesse rese): minifigure espressive, ambientazioni ricche e dettagliate del settore, luci morbide, profondita', bordi vignetta netti. IMPAGINAZIONE OBBLIGATORIA: da 10 a 12 VIGNETTE numerate che raccontano UNA STORIA con arco narrativo completo (1 situazione normale -> 2-4 arrivano i pericoli coi cattivi -> 5-6 tensione/conseguenza -> 7-9 arriva SICURIX con gli eroi e applica il METODO81+ passo per passo -> 10-11 risoluzione ordinata -> 12 finale). HEADER in alto: SICURIX (mantello, medaglione arancione '81+', bussola) che presenta in un fumetto; grande titolo 'SICURIX TALES'; sottotitolo 'COMMERCIO: Pericolo vs Soluzione con Metodo 81+'; legenda 3 voci (verde Sicurezza, rosso Rischio, blu 81+ Soluzione); fila di EROI coi nomi: BLINKIX, TRACCIX, SICURIX, LUXPECTORIX, SCUDIX, ROBOTIX81. FOOTER in basso: grande 'Prima vedi. Poi sistemi.'; banner scudo verde 'PROTEGGIAMO. PREVENIAMO. MIGLIORIAMO.' e triangolo rosso 'DISATTENZIONE. RISCHI. COSTI. CAOS.'; logo '81+' + '81plus.net'. TRAMA (usa questi eventi come vignette; se sono meno di 10 aggiungi vignette di contesto, dialogo e reazione per arrivare a 10-12): 1) OBLIVIX causa il pericolo 'Infestanti' (Lotta agli Infestanti (Pest Control)); poi BLINKIX+SICURIX applicano il METODO81+; 2) RUMORIX causa il pericolo 'Ruolo/Preposto' (Formazione Preposto); poi TRACCIX+SICURIX applicano il METODO81+; 3) ØTIX causa il pericolo 'DPI' (Uso e Formazione DPI); poi SICURIX+SICURIX applicano il METODO81+; 4) TAGLIX causa il pericolo 'MMC' (Movimentazione Manuale Carichi); poi LUXPECTORIX+SICURIX applicano il METODO81+; 5) VIBRIX causa il pericolo 'Formazione specifica' (Formazione Specifica (rischio medio)); poi SCUDIX+SICURIX applicano il METODO81+; 6) MESCOLIX causa il pericolo 'Corso' (Corso Alimentarista); poi TRACCIX+SICURIX applicano il METODO81+; 7) TAGLIX causa il pericolo 'Formazione base' (Formazione Generale Lavoratori); poi BLINKIX+SICURIX applicano il METODO81+; 8) FRETTIX causa il pericolo 'Sorveglianza sanitaria' (Sorveglianza Sanitaria / Medico Competente); poi SICURIX+SICURIX applicano il METODO81+; 9) NONDPIX causa il pericolo 'Emergenze/Soccorso' (Addetto Primo Soccorso); poi ROBOTIX81+SICURIX applicano il METODO81+; 10) FUMIX causa il pericolo 'Emergenze/Incendio' (Addetto Antincendio); poi BLINKIX+SICURIX applicano il METODO81+; 11) DOSAGIX causa il pericolo 'Documento' (Manuale HACCP di Autocontrollo); poi PREPOSTIX+SICURIX applicano il METODO81+. PALETTE BRAND ESCLUSIVA: nero #05050A, bianco panna, arancione #FF6A1A/#E8501A; ROSSO solo per 'PERICOLO', VERDE per la checklist 'Metodo 81+'. Logo '81+' ben visibile in OGNI vignetta. REGOLA STORIA: SICURIX NON agisce mai da solo - in OGNI vignetta di soluzione si fa AIUTARE dai suoi colleghi EROI (lavoro di squadra, ognuno col suo ruolo). TESTO: didascalie e fumetti MOLTO BREVI (1-4 parole), GRANDI, centrati, in ITALIANO con ORTOGRAFIA PERFETTA, senza parole inventate, lettere doppie errate o testo tagliato. CATTIVI (coerenti col canone): OBLIVIX, RUMORIX, ØTIX, TAGLIX, VIBRIX, MESCOLIX, FRETTIX, NONDPIX, FUMIX, DOSAGIX. EROI: BLINKIX, TRACCIX, SICURIX, LUXPECTORIX, SCUDIX, ROBOTIX81, PREPOSTIX. NEGATIVE: nessun marchio LEGO reale, nessun personaggio protetto (Asterix ecc.), niente gore/horror, niente claim assoluti ('rischio zero','garantito','zero multe').",La differenza tra chi in Commercio dorme sereno e chi trema al controllo,"Quello che l'ispettore controlla per primo in Commercio (e quasi nessuno lo sa)

In commercio gli adempimenti obbligatori non aspettano: Infestanti, Ruolo/Preposto, DPI, MMC, Formazione specifica, Corso, Formazione base, Sorveglianza sanitaria, Emergenze/Soccorso, Emergenze/Incendio, Documento. In questa pagina TALES OF SICURIX il PERICOLO prende forma... e il METODO81+ lo rimette in ordine, passo dopo passo. Immagina la scena: prima il caos, poi la checklist che sistema tutto. Chi si mette in regola prima, dorme meglio dopo.
👉 Iscriviti al corso: Haccp - Corso responsabile industria alimentare -> https://81plus.net/?corso=haccp-corso-responsabile-industria-alimentare
▶️ YouTube: youtube.com/@sicurissimo
Contenuto informativo. Prima vedi. Poi sistemi. 81plus.net",Haccp - Corso responsabile industria alimentare,https://81plus.net/?corso=haccp-corso-responsabile-industria-alimentare,#TalesOfSicurix #SICURIX #Metodo81 #81plus #Sicurissimo #HACCP #Sicurezza #SicurezzaSulLavoro,SICURIX_TALES_477822_17_3_8_10_2_13_1_9_6_7_12.webp,https://drive.google.com/drive/folders/1hICKXdl9JTZBL1pemG19oE_661z-EH_k,IMG_ERR
94.99.10,Famiglie datori,T,Sicurezza+Privacy,10,RSPP / Datore di Lavoro RSPP | Informativa e Consensi | Formazione Generale Lavoratori | Addetto Antincendio | Formazione Preposto | Rappresentante Lavoratori Sicurezza (RLS) | Addetto Primo Soccorso | Formazione GDPR | Nomina Incaricati/Responsabili | Procedura Data Breach,D.Lgs81/08 art.34 | GDPR art.13 | Accordo Stato-Regioni | DM 2/9/2021 | D.Lgs81/08 art.37 | D.Lgs81/08 art.47 | DM 388/2003 | GDPR art.32 | GDPR art.28-29 | GDPR art.33-34,"HYGIENIX>VIBRIX, CHEFIX>SPYIX, SCUDIX>SOTTOVALUTIX, CHEFIX>TAGLIX, TRACCIX>POLVERIX, DOCUMIX>MULTIX, BLINKIX>CAOSIX, CHECKIX>OBLIVIX, BLINKIX>PERMISSIONIX, FORMIX>IMPROVVISIX","Crea una PAGINA A FUMETTI a STORIA COMPLETA, verticale A4 (1024x1536), QUALITA' EDITORIALE DA STAMPA, stile ufficiale 'SICURIX TALES' IDENTICO alle immagini di riferimento allegate (stessi personaggi a mattoncini 3D, stessa impaginazione, stessi colori, stesse rese): minifigure espressive, ambientazioni ricche e dettagliate del settore, luci morbide, profondita', bordi vignetta netti. IMPAGINAZIONE OBBLIGATORIA: da 10 a 12 VIGNETTE numerate che raccontano UNA STORIA con arco narrativo completo (1 situazione normale -> 2-4 arrivano i pericoli coi cattivi -> 5-6 tensione/conseguenza -> 7-9 arriva SICURIX con gli eroi e applica il METODO81+ passo per passo -> 10-11 risoluzione ordinata -> 12 finale). HEADER in alto: SICURIX (mantello, medaglione arancione '81+', bussola) che presenta in un fumetto; grande titolo 'SICURIX TALES'; sottotitolo 'FAMIGLIE DATORI: Pericolo vs Soluzione con Metodo 81+'; legenda 3 voci (verde Sicurezza, rosso Rischio, blu 81+ Soluzione); fila di EROI coi nomi: HYGIENIX, CHEFIX, SCUDIX, TRACCIX, DOCUMIX, BLINKIX. FOOTER in basso: grande 'Prima vedi. Poi sistemi.'; banner scudo verde 'PROTEGGIAMO. PREVENIAMO. MIGLIORIAMO.' e triangolo rosso 'DISATTENZIONE. RISCHI. COSTI. CAOS.'; logo '81+' + '81plus.net'. TRAMA (usa questi eventi come vignette; se sono meno di 10 aggiungi vignette di contesto, dialogo e reazione per arrivare a 10-12): 1) VIBRIX causa il pericolo 'Ruolo/RSPP' (RSPP / Datore di Lavoro RSPP); poi HYGIENIX+SICURIX applicano il METODO81+; 2) SPYIX causa il pericolo 'Documento' (Informativa e Consensi); poi CHEFIX+SICURIX applicano il METODO81+; 3) SOTTOVALUTIX causa il pericolo 'Formazione base' (Formazione Generale Lavoratori); poi SCUDIX+SICURIX applicano il METODO81+; 4) TAGLIX causa il pericolo 'Emergenze/Incendio' (Addetto Antincendio); poi CHEFIX+SICURIX applicano il METODO81+; 5) POLVERIX causa il pericolo 'Ruolo/Preposto' (Formazione Preposto); poi TRACCIX+SICURIX applicano il METODO81+; 6) MULTIX causa il pericolo 'Ruolo/RLS' (Rappresentante Lavoratori Sicurezza (RLS)); poi DOCUMIX+SICURIX applicano il METODO81+; 7) CAOSIX causa il pericolo 'Emergenze/Soccorso' (Addetto Primo Soccorso); poi BLINKIX+SICURIX applicano il METODO81+; 8) OBLIVIX causa il pericolo 'Formazione' (Formazione GDPR); poi CHECKIX+SICURIX applicano il METODO81+; 9) PERMISSIONIX causa il pericolo 'Nomine' (Nomina Incaricati/Responsabili); poi BLINKIX+SICURIX applicano il METODO81+; 10) IMPROVVISIX causa il pericolo 'Data breach' (Procedura Data Breach); poi FORMIX+SICURIX applicano il METODO81+. PALETTE BRAND ESCLUSIVA: nero #05050A, bianco panna, arancione #FF6A1A/#E8501A; ROSSO solo per 'PERICOLO', VERDE per la checklist 'Metodo 81+'. Logo '81+' ben visibile in OGNI vignetta. REGOLA STORIA: SICURIX NON agisce mai da solo - in OGNI vignetta di soluzione si fa AIUTARE dai suoi colleghi EROI (lavoro di squadra, ognuno col suo ruolo). TESTO: didascalie e fumetti MOLTO BREVI (1-4 parole), GRANDI, centrati, in ITALIANO con ORTOGRAFIA PERFETTA, senza parole inventate, lettere doppie errate o testo tagliato. CATTIVI (coerenti col canone): VIBRIX, SPYIX, SOTTOVALUTIX, TAGLIX, POLVERIX, MULTIX, CAOSIX, OBLIVIX, PERMISSIONIX, IMPROVVISIX. EROI: HYGIENIX, CHEFIX, SCUDIX, TRACCIX, DOCUMIX, BLINKIX, CHECKIX, FORMIX. NEGATIVE: nessun marchio LEGO reale, nessun personaggio protetto (Asterix ecc.), niente gore/horror, niente claim assoluti ('rischio zero','garantito','zero multe').",In Famiglie datori c'e' un obbligo che in tanti scoprono solo con la sanzione,"In Famiglie datori c'e' un obbligo che in tanti scoprono solo con la sanzione

In famiglie datori gli adempimenti obbligatori non aspettano: Ruolo/RSPP, Documento, Formazione base, Emergenze/Incendio, Ruolo/Preposto, Ruolo/RLS, Emergenze/Soccorso, Formazione, Nomine, Data breach. In questa pagina TALES OF SICURIX il PERICOLO prende forma... e il METODO81+ lo rimette in ordine, passo dopo passo. Immagina la scena: prima il caos, poi la checklist che sistema tutto. Non e' burocrazia: e' la tua tranquillita.
👉 Iscriviti al corso: RSPP Datore di Lavoro modulo 1 e 2 -> https://81plus.net/?corso=rspp-datore-di-lavoro-modulo-1-e-2
▶️ YouTube: youtube.com/@sicurissimo
Contenuto informativo. Prima vedi. Poi sistemi. 81plus.net",RSPP Datore di Lavoro modulo 1 e 2,https://81plus.net/?corso=rspp-datore-di-lavoro-modulo-1-e-2,#TalesOfSicurix #SICURIX #Metodo81 #81plus #Sicurissimo #Sicurezza #Privacy #SicurezzaSulLavoro,SICURIX_TALES_949910_5_9_1_7_3_4_6_12_11_13.webp,https://drive.google.com/drive/folders/1hICKXdl9JTZBL1pemG19oE_661z-EH_k,IMG_ERR
64.92.99,Immobiliare,L,Sicurezza+Privacy,11,Documento Valutazione Rischi (DVR) | Formazione GDPR | Formazione Preposto | Informativa e Consensi | Addetto Primo Soccorso | Formazione Generale Lavoratori | Formazione Specifica (rischio basso) | Rappresentante Lavoratori Sicurezza (RLS) | Registro dei Trattamenti | RSPP / Datore di Lavoro RSPP | Nomina Incaricati/Responsabili,D.Lgs81/08 art.28 | GDPR art.32 | D.Lgs81/08 art.37 | GDPR art.13 | DM 388/2003 | Accordo Stato-Regioni | D.Lgs81/08 art.47 | GDPR art.30 | D.Lgs81/08 art.34 | GDPR art.28-29,"HYGIENIX>VOLTIX, DOCUMIX>FRETTIX, ROBOTIX81>CAOSIX, PREPOSTIX>IMPROVVISIX, LUXPECTORIX>VIBRIX, CONSENSIX>FRETTIX, DOCUMIX>SOTTOVALUTIX, BLINKIX>OBLIVIX, CHECKIX>CAOSIX, CONSENSIX>FUMIX, SCUDIX>CAOSIX","Crea una PAGINA A FUMETTI a STORIA COMPLETA, verticale A4 (1024x1536), QUALITA' EDITORIALE DA STAMPA, stile ufficiale 'SICURIX TALES' IDENTICO alle immagini di riferimento allegate (stessi personaggi a mattoncini 3D, stessa impaginazione, stessi colori, stesse rese): minifigure espressive, ambientazioni ricche e dettagliate del settore, luci morbide, profondita', bordi vignetta netti. IMPAGINAZIONE OBBLIGATORIA: da 10 a 12 VIGNETTE numerate che raccontano UNA STORIA con arco narrativo completo (1 situazione normale -> 2-4 arrivano i pericoli coi cattivi -> 5-6 tensione/conseguenza -> 7-9 arriva SICURIX con gli eroi e applica il METODO81+ passo per passo -> 10-11 risoluzione ordinata -> 12 finale). HEADER in alto: SICURIX (mantello, medaglione arancione '81+', bussola) che presenta in un fumetto; grande titolo 'SICURIX TALES'; sottotitolo 'IMMOBILIARE: Pericolo vs Soluzione con Metodo 81+'; legenda 3 voci (verde Sicurezza, rosso Rischio, blu 81+ Soluzione); fila di EROI coi nomi: HYGIENIX, DOCUMIX, ROBOTIX81, PREPOSTIX, LUXPECTORIX, CONSENSIX. FOOTER in basso: grande 'Prima vedi. Poi sistemi.'; banner scudo verde 'PROTEGGIAMO. PREVENIAMO. MIGLIORIAMO.' e triangolo rosso 'DISATTENZIONE. RISCHI. COSTI. CAOS.'; logo '81+' + '81plus.net'. TRAMA (usa questi eventi come vignette; se sono meno di 10 aggiungi vignette di contesto, dialogo e reazione per arrivare a 10-12): 1) VOLTIX causa il pericolo 'Documento' (Documento Valutazione Rischi (DVR)); poi HYGIENIX+SICURIX applicano il METODO81+; 2) FRETTIX causa il pericolo 'Formazione' (Formazione GDPR); poi DOCUMIX+SICURIX applicano il METODO81+; 3) CAOSIX causa il pericolo 'Ruolo/Preposto' (Formazione Preposto); poi ROBOTIX81+SICURIX applicano il METODO81+; 4) IMPROVVISIX causa il pericolo 'Documento' (Informativa e Consensi); poi PREPOSTIX+SICURIX applicano il METODO81+; 5) VIBRIX causa il pericolo 'Emergenze/Soccorso' (Addetto Primo Soccorso); poi LUXPECTORIX+SICURIX applicano il METODO81+; 6) FRETTIX causa il pericolo 'Formazione base' (Formazione Generale Lavoratori); poi CONSENSIX+SICURIX applicano il METODO81+; 7) SOTTOVALUTIX causa il pericolo 'Formazione specifica' (Formazione Specifica (rischio basso)); poi DOCUMIX+SICURIX applicano il METODO81+; 8) OBLIVIX causa il pericolo 'Ruolo/RLS' (Rappresentante Lavoratori Sicurezza (RLS)); poi BLINKIX+SICURIX applicano il METODO81+; 9) CAOSIX causa il pericolo 'Registro' (Registro dei Trattamenti); poi CHECKIX+SICURIX applicano il METODO81+; 10) FUMIX causa il pericolo 'Ruolo/RSPP' (RSPP / Datore di Lavoro RSPP); poi CONSENSIX+SICURIX applicano il METODO81+; 11) CAOSIX causa il pericolo 'Nomine' (Nomina Incaricati/Responsabili); poi SCUDIX+SICURIX applicano il METODO81+. PALETTE BRAND ESCLUSIVA: nero #05050A, bianco panna, arancione #FF6A1A/#E8501A; ROSSO solo per 'PERICOLO', VERDE per la checklist 'Metodo 81+'. Logo '81+' ben visibile in OGNI vignetta. REGOLA STORIA: SICURIX NON agisce mai da solo - in OGNI vignetta di soluzione si fa AIUTARE dai suoi colleghi EROI (lavoro di squadra, ognuno col suo ruolo). TESTO: didascalie e fumetti MOLTO BREVI (1-4 parole), GRANDI, centrati, in ITALIANO con ORTOGRAFIA PERFETTA, senza parole inventate, lettere doppie errate o testo tagliato. CATTIVI (coerenti col canone): VOLTIX, FRETTIX, CAOSIX, IMPROVVISIX, VIBRIX, SOTTOVALUTIX, OBLIVIX, FUMIX. EROI: HYGIENIX, DOCUMIX, ROBOTIX81, PREPOSTIX, LUXPECTORIX, CONSENSIX, BLINKIX, CHECKIX, SCUDIX. NEGATIVE: nessun marchio LEGO reale, nessun personaggio protetto (Asterix ecc.), niente gore/horror, niente claim assoluti ('rischio zero','garantito','zero multe').",In Immobiliare c'e' un obbligo che in tanti scoprono solo con la sanzione,"La differenza tra chi in Immobiliare dorme sereno e chi trema al controllo

In immobiliare gli adempimenti obbligatori non aspettano: Documento, Formazione, Ruolo/Preposto, Emergenze/Soccorso, Formazione base, Formazione specifica, Ruolo/RLS, Registro, Ruolo/RSPP, Nomine. In questa pagina TALES OF SICURIX il PERICOLO prende forma... e il METODO81+ lo rimette in ordine, passo dopo passo. Immagina la scena: prima il caos, poi la checklist che sistema tutto. Chi si mette in regola prima, dorme meglio dopo.
👉 Iscriviti al corso: Corso lavoratore parte GENERALE 4 ore -> https://81plus.net/?corso=corso-lavoratore-parte-generale-4-ore
▶️ YouTube: youtube.com/@sicurissimo
Contenuto informativo. Prima vedi. Poi sistemi. 81plus.net",Corso lavoratore parte GENERALE 4 ore,https://81plus.net/?corso=corso-lavoratore-parte-generale-4-ore,#TalesOfSicurix #SICURIX #Metodo81 #81plus #Sicurissimo #Sicurezza #Privacy #SicurezzaSulLavoro,SICURIX_TALES_649299_0_12_3_9_6_1_2_4_10_5_11.webp,https://drive.google.com/drive/folders/1hICKXdl9JTZBL1pemG19oE_661z-EH_k,IMG_ERR
74.14.09,Servizi alle imprese,N,Sicurezza+Privacy,11,Uso e Formazione DPI | Formazione GDPR | Addetto Primo Soccorso | Formazione Specifica (rischio basso) | Informativa e Consensi | Nomina Incaricati/Responsabili | Addetto Antincendio | Rappresentante Lavoratori Sicurezza (RLS) | Documento Valutazione Rischi (DVR) | Formazione Preposto | RSPP / Datore di Lavoro RSPP,D.Lgs81/08 art.77 | GDPR art.32 | DM 388/2003 | Accordo Stato-Regioni | GDPR art.13 | GDPR art.28-29 | DM 2/9/2021 | D.Lgs81/08 art.47 | D.Lgs81/08 art.28 | D.Lgs81/08 art.37 | D.Lgs81/08 art.34,"PREPOSTIX>FRETTIX, CHEFIX>FRETTIX, TRACCIX>VIBRIX, HYGIENIX>OBLIVIX, TRACCIX>CAOSIX, CHECKIX>PERMISSIONIX, HYGIENIX>OBLIVIX, PREPOSTIX>CHIMIKIX, FORMIX>SOTTOVALUTIX, CHECKIX>TAGLIX, BLINKIX>BIOXIX","Crea una PAGINA A FUMETTI a STORIA COMPLETA, verticale A4 (1024x1536), QUALITA' EDITORIALE DA STAMPA, stile ufficiale 'SICURIX TALES' IDENTICO alle immagini di riferimento allegate (stessi personaggi a mattoncini 3D, stessa impaginazione, stessi colori, stesse rese): minifigure espressive, ambientazioni ricche e dettagliate del settore, luci morbide, profondita', bordi vignetta netti. IMPAGINAZIONE OBBLIGATORIA: da 10 a 12 VIGNETTE numerate che raccontano UNA STORIA con arco narrativo completo (1 situazione normale -> 2-4 arrivano i pericoli coi cattivi -> 5-6 tensione/conseguenza -> 7-9 arriva SICURIX con gli eroi e applica il METODO81+ passo per passo -> 10-11 risoluzione ordinata -> 12 finale). HEADER in alto: SICURIX (mantello, medaglione arancione '81+', bussola) che presenta in un fumetto; grande titolo 'SICURIX TALES'; sottotitolo 'SERVIZI ALLE IMPRESE: Pericolo vs Soluzione con Metodo 81+'; legenda 3 voci (verde Sicurezza, rosso Rischio, blu 81+ Soluzione); fila di EROI coi nomi: PREPOSTIX, CHEFIX, TRACCIX, HYGIENIX, CHECKIX, FORMIX. FOOTER in basso: grande 'Prima vedi. Poi sistemi.'; banner scudo verde 'PROTEGGIAMO. PREVENIAMO. MIGLIORIAMO.' e triangolo rosso 'DISATTENZIONE. RISCHI. COSTI. CAOS.'; logo '81+' + '81plus.net'. TRAMA (usa questi eventi come vignette; se sono meno di 10 aggiungi vignette di contesto, dialogo e reazione per arrivare a 10-12): 1) FRETTIX causa il pericolo 'DPI' (Uso e Formazione DPI); poi PREPOSTIX+SICURIX applicano il METODO81+; 2) FRETTIX causa il pericolo 'Formazione' (Formazione GDPR); poi CHEFIX+SICURIX applicano il METODO81+; 3) VIBRIX causa il pericolo 'Emergenze/Soccorso' (Addetto Primo Soccorso); poi TRACCIX+SICURIX applicano il METODO81+; 4) OBLIVIX causa il pericolo 'Formazione specifica' (Formazione Specifica (rischio basso)); poi HYGIENIX+SICURIX applicano il METODO81+; 5) CAOSIX causa il pericolo 'Documento' (Informativa e Consensi); poi TRACCIX+SICURIX applicano il METODO81+; 6) PERMISSIONIX causa il pericolo 'Nomine' (Nomina Incaricati/Responsabili); poi CHECKIX+SICURIX applicano il METODO81+; 7) OBLIVIX causa il pericolo 'Emergenze/Incendio' (Addetto Antincendio); poi HYGIENIX+SICURIX applicano il METODO81+; 8) CHIMIKIX causa il pericolo 'Ruolo/RLS' (Rappresentante Lavoratori Sicurezza (RLS)); poi PREPOSTIX+SICURIX applicano il METODO81+; 9) SOTTOVALUTIX causa il pericolo 'Documento' (Documento Valutazione Rischi (DVR)); poi FORMIX+SICURIX applicano il METODO81+; 10) TAGLIX causa il pericolo 'Ruolo/Preposto' (Formazione Preposto); poi CHECKIX+SICURIX applicano il METODO81+; 11) BIOXIX causa il pericolo 'Ruolo/RSPP' (RSPP / Datore di Lavoro RSPP); poi BLINKIX+SICURIX applicano il METODO81+. PALETTE BRAND ESCLUSIVA: nero #05050A, bianco panna, arancione #FF6A1A/#E8501A; ROSSO solo per 'PERICOLO', VERDE per la checklist 'Metodo 81+'. Logo '81+' ben visibile in OGNI vignetta. REGOLA STORIA: SICURIX NON agisce mai da solo - in OGNI vignetta di soluzione si fa AIUTARE dai suoi colleghi EROI (lavoro di squadra, ognuno col suo ruolo). TESTO: didascalie e fumetti MOLTO BREVI (1-4 parole), GRANDI, centrati, in ITALIANO con ORTOGRAFIA PERFETTA, senza parole inventate, lettere doppie errate o testo tagliato. CATTIVI (coerenti col canone): FRETTIX, VIBRIX, OBLIVIX, CAOSIX, PERMISSIONIX, CHIMIKIX, SOTTOVALUTIX, TAGLIX, BIOXIX. EROI: PREPOSTIX, CHEFIX, TRACCIX, HYGIENIX, CHECKIX, FORMIX, BLINKIX. NEGATIVE: nessun marchio LEGO reale, nessun personaggio protetto (Asterix ecc.), niente gore/horror, niente claim assoluti ('rischio zero','garantito','zero multe').",Quello che l'ispettore controlla per primo in Servizi alle imprese (e quasi nessuno lo sa),"Quello che l'ispettore controlla per primo in Servizi alle imprese (e quasi nessuno lo sa)

In servizi alle imprese gli adempimenti obbligatori non aspettano: DPI, Formazione, Emergenze/Soccorso, Formazione specifica, Documento, Nomine, Emergenze/Incendio, Ruolo/RLS, Ruolo/Preposto, Ruolo/RSPP. In questa pagina TALES OF SICURIX il PERICOLO prende forma... e il METODO81+ lo rimette in ordine, passo dopo passo. Immagina la scena: prima il caos, poi la checklist che sistema tutto. Non e' burocrazia: e' la tua tranquillita.
👉 Iscriviti al corso: Corso Lavori in Quota e DPI Anticaduta -> https://81plus.net/?corso=corso-lavori-in-quota-e-dpi-anticaduta
▶️ YouTube: youtube.com/@sicurissimo
Contenuto informativo. Prima vedi. Poi sistemi. 81plus.net",Corso Lavori in Quota e DPI Anticaduta,https://81plus.net/?corso=corso-lavori-in-quota-e-dpi-anticaduta,#TalesOfSicurix #SICURIX #Metodo81 #81plus #Sicurissimo #Sicurezza #Privacy #SicurezzaSulLavoro,SICURIX_TALES_741409_8_12_6_2_9_11_7_4_0_3_5.webp,https://drive.google.com/drive/folders/1hICKXdl9JTZBL1pemG19oE_661z-EH_k,IMG_ERR
10.86.00,Manifattura,C,Privacy+Sicurezza+HACCP+Ambientale,12,Registro dei Trattamenti | Stress Lavoro-Correlato | Informativa e Consensi | Piano di Sanificazione | Gestione Allergeni | Manuale HACCP di Autocontrollo | Formazione Specifica (rischio alto) | Gestione Rifiuti e Registro | Nomina Incaricati/Responsabili | Lotta agli Infestanti (Pest Control) | Documento Valutazione Rischi (DVR) | Addetto Antincendio,GDPR art.30 | D.Lgs81/08 art.28 | GDPR art.13 | Reg.CE 852/2004 | Reg.UE 1169/2011 | Accordo Stato-Regioni | D.Lgs152/06 | GDPR art.28-29 | DM 2/9/2021,"BLINKIX>OBLIVIX, PREPOSTIX>TAGLIX, TRACCIX>LEAKIX, SCUDIX>CAOSIX, SICURIX>SPORCKIX, CONSENSIX>IMPROVVISIX, SICURIX>IMPROVVISIX, SCUDIX>MULTIX, SICURIX>CAOSIX, CIFRIX>TEMPORIX, CHEFIX>SCHIACCIX, CHECKIX>ØTIX","Crea una PAGINA A FUMETTI a STORIA COMPLETA, verticale A4 (1024x1536), QUALITA' EDITORIALE DA STAMPA, stile ufficiale 'SICURIX TALES' IDENTICO alle immagini di riferimento allegate (stessi personaggi a mattoncini 3D, stessa impaginazione, stessi colori, stesse rese): minifigure espressive, ambientazioni ricche e dettagliate del settore, luci morbide, profondita', bordi vignetta netti. IMPAGINAZIONE OBBLIGATORIA: da 10 a 12 VIGNETTE numerate che raccontano UNA STORIA con arco narrativo completo (1 situazione normale -> 2-4 arrivano i pericoli coi cattivi -> 5-6 tensione/conseguenza -> 7-9 arriva SICURIX con gli eroi e applica il METODO81+ passo per passo -> 10-11 risoluzione ordinata -> 12 finale). HEADER in alto: SICURIX (mantello, medaglione arancione '81+', bussola) che presenta in un fumetto; grande titolo 'SICURIX TALES'; sottotitolo 'MANIFATTURA: Pericolo vs Soluzione con Metodo 81+'; legenda 3 voci (verde Sicurezza, rosso Rischio, blu 81+ Soluzione); fila di EROI coi nomi: BLINKIX, PREPOSTIX, TRACCIX, SCUDIX, SICURIX, CONSENSIX. FOOTER in basso: grande 'Prima vedi. Poi sistemi.'; banner scudo verde 'PROTEGGIAMO. PREVENIAMO. MIGLIORIAMO.' e triangolo rosso 'DISATTENZIONE. RISCHI. COSTI. CAOS.'; logo '81+' + '81plus.net'. TRAMA (usa questi eventi come vignette; se sono meno di 10 aggiungi vignette di contesto, dialogo e reazione per arrivare a 10-12): 1) OBLIVIX causa il pericolo 'Registro' (Registro dei Trattamenti); poi BLINKIX+SICURIX applicano il METODO81+; 2) TAGLIX causa il pericolo 'Stress' (Stress Lavoro-Correlato); poi PREPOSTIX+SICURIX applicano il METODO81+; 3) LEAKIX causa il pericolo 'Documento' (Informativa e Consensi); poi TRACCIX+SICURIX applicano il METODO81+; 4) CAOSIX causa il pericolo 'Sanificazione' (Piano di Sanificazione); poi SCUDIX+SICURIX applicano il METODO81+; 5) SPORCKIX causa il pericolo 'Allergeni' (Gestione Allergeni); poi SICURIX+SICURIX applicano il METODO81+; 6) IMPROVVISIX causa il pericolo 'Documento' (Manuale HACCP di Autocontrollo); poi CONSENSIX+SICURIX applicano il METODO81+; 7) IMPROVVISIX causa il pericolo 'Formazione specifica' (Formazione Specifica (rischio alto)); poi SICURIX+SICURIX applicano il METODO81+; 8) MULTIX causa il pericolo 'Rifiuti' (Gestione Rifiuti e Registro); poi SCUDIX+SICURIX applicano il METODO81+; 9) CAOSIX causa il pericolo 'Nomine' (Nomina Incaricati/Responsabili); poi SICURIX+SICURIX applicano il METODO81+; 10) TEMPORIX causa il pericolo 'Infestanti' (Lotta agli Infestanti (Pest Control)); poi CIFRIX+SICURIX applicano il METODO81+; 11) SCHIACCIX causa il pericolo 'Documento' (Documento Valutazione Rischi (DVR)); poi CHEFIX+SICURIX applicano il METODO81+; 12) ØTIX causa il pericolo 'Emergenze/Incendio' (Addetto Antincendio); poi CHECKIX+SICURIX applicano il METODO81+. PALETTE BRAND ESCLUSIVA: nero #05050A, bianco panna, arancione #FF6A1A/#E8501A; ROSSO solo per 'PERICOLO', VERDE per la checklist 'Metodo 81+'. Logo '81+' ben visibile in OGNI vignetta. REGOLA STORIA: SICURIX NON agisce mai da solo - in OGNI vignetta di soluzione si fa AIUTARE dai suoi colleghi EROI (lavoro di squadra, ognuno col suo ruolo). TESTO: didascalie e fumetti MOLTO BREVI (1-4 parole), GRANDI, centrati, in ITALIANO con ORTOGRAFIA PERFETTA, senza parole inventate, lettere doppie errate o testo tagliato. CATTIVI (coerenti col canone): OBLIVIX, TAGLIX, LEAKIX, CAOSIX, SPORCKIX, IMPROVVISIX, MULTIX, TEMPORIX, SCHIACCIX, ØTIX. EROI: BLINKIX, PREPOSTIX, TRACCIX, SCUDIX, SICURIX, CONSENSIX, CIFRIX, CHEFIX, CHECKIX. NEGATIVE: nessun marchio LEGO reale, nessun personaggio protetto (Asterix ecc.), niente gore/horror, niente claim assoluti ('rischio zero','garantito','zero multe').",Manifattura: 3 minuti oggi o un problema enorme domani. Scegli tu.,"In Manifattura c'e' un obbligo che in tanti scoprono solo con la sanzione

In manifattura gli adempimenti obbligatori non aspettano: Registro, Stress, Documento, Sanificazione, Allergeni, Formazione specifica, Rifiuti, Nomine, Infestanti, Emergenze/Incendio. In questa pagina TALES OF SICURIX il PERICOLO prende forma... e il METODO81+ lo rimette in ordine, passo dopo passo. Immagina la scena: prima il caos, poi la checklist che sistema tutto. Chi si mette in regola prima, dorme meglio dopo.
👉 Iscriviti al corso: Corso privacy destinato ai lavoratori -> https://81plus.net/?corso=corso-privacy-destinato-ai-lavoratori
▶️ YouTube: youtube.com/@sicurissimo
Contenuto informativo. Prima vedi. Poi sistemi. 81plus.net",Corso privacy destinato ai lavoratori,https://81plus.net/?corso=corso-privacy-destinato-ai-lavoratori,#TalesOfSicurix #SICURIX #Metodo81 #81plus #Sicurissimo #Privacy #Sicurezza #HACCP #Ambientale #SicurezzaSulLavoro,SICURIX_TALES_108600_23_11_22_17_21_15_2_27_24_20_0_7.webp,https://drive.google.com/drive/folders/1hICKXdl9JTZBL1pemG19oE_661z-EH_k,IMG_ERR
47.52.32,Commercio,G,Privacy+Sicurezza+HACCP,11,Registro dei Trattamenti | Movimentazione Manuale Carichi | Videosorveglianza a norma | Informativa e Consensi | Lotta agli Infestanti (Pest Control) | Piano di Sanificazione | Addetto Antincendio | Rintracciabilita ed Etichettatura | Documento Valutazione Rischi (DVR) | Corso Alimentarista | Controllo Temperature e Celle,GDPR art.30 | D.Lgs81/08 Tit.VI | Provv.Garante | GDPR art.13 | Reg.CE 852/2004 | DM 2/9/2021 | Reg.CE 178/2002 | D.Lgs81/08 art.28,"PREPOSTIX>RISKIX, LUXPECTORIX>VIBRIX, DOCUMIX>MULTIX, ROBOTIX81>RISKIX, HYGIENIX>FRETTIX, TRACCIX>MESCOLIX, DOCUMIX>NONDPIX, PREPOSTIX>MESCOLIX, SCUDIX>ØTIX, SICURIX>TEMPORIX, DOCUMIX>MULTIX","Crea una PAGINA A FUMETTI a STORIA COMPLETA, verticale A4 (1024x1536), QUALITA' EDITORIALE DA STAMPA, stile ufficiale 'SICURIX TALES' IDENTICO alle immagini di riferimento allegate (stessi personaggi a mattoncini 3D, stessa impaginazione, stessi colori, stesse rese): minifigure espressive, ambientazioni ricche e dettagliate del settore, luci morbide, profondita', bordi vignetta netti. IMPAGINAZIONE OBBLIGATORIA: da 10 a 12 VIGNETTE numerate che raccontano UNA STORIA con arco narrativo completo (1 situazione normale -> 2-4 arrivano i pericoli coi cattivi -> 5-6 tensione/conseguenza -> 7-9 arriva SICURIX con gli eroi e applica il METODO81+ passo per passo -> 10-11 risoluzione ordinata -> 12 finale). HEADER in alto: SICURIX (mantello, medaglione arancione '81+', bussola) che presenta in un fumetto; grande titolo 'SICURIX TALES'; sottotitolo 'COMMERCIO: Pericolo vs Soluzione con Metodo 81+'; legenda 3 voci (verde Sicurezza, rosso Rischio, blu 81+ Soluzione); fila di EROI coi nomi: PREPOSTIX, LUXPECTORIX, DOCUMIX, ROBOTIX81, HYGIENIX, TRACCIX. FOOTER in basso: grande 'Prima vedi. Poi sistemi.'; banner scudo verde 'PROTEGGIAMO. PREVENIAMO. MIGLIORIAMO.' e triangolo rosso 'DISATTENZIONE. RISCHI. COSTI. CAOS.'; logo '81+' + '81plus.net'. TRAMA (usa questi eventi come vignette; se sono meno di 10 aggiungi vignette di contesto, dialogo e reazione per arrivare a 10-12): 1) RISKIX causa il pericolo 'Registro' (Registro dei Trattamenti); poi PREPOSTIX+SICURIX applicano il METODO81+; 2) VIBRIX causa il pericolo 'MMC' (Movimentazione Manuale Carichi); poi LUXPECTORIX+SICURIX applicano il METODO81+; 3) MULTIX causa il pericolo 'Videosorveglianza' (Videosorveglianza a norma); poi DOCUMIX+SICURIX applicano il METODO81+; 4) RISKIX causa il pericolo 'Documento' (Informativa e Consensi); poi ROBOTIX81+SICURIX applicano il METODO81+; 5) FRETTIX causa il pericolo 'Infestanti' (Lotta agli Infestanti (Pest Control)); poi HYGIENIX+SICURIX applicano il METODO81+; 6) MESCOLIX causa il pericolo 'Sanificazione' (Piano di Sanificazione); poi TRACCIX+SICURIX applicano il METODO81+; 7) NONDPIX causa il pericolo 'Emergenze/Incendio' (Addetto Antincendio); poi DOCUMIX+SICURIX applicano il METODO81+; 8) MESCOLIX causa il pericolo 'Rintracciabilita' (Rintracciabilita ed Etichettatura); poi PREPOSTIX+SICURIX applicano il METODO81+; 9) ØTIX causa il pericolo 'Documento' (Documento Valutazione Rischi (DVR)); poi SCUDIX+SICURIX applicano il METODO81+; 10) TEMPORIX causa il pericolo 'Corso' (Corso Alimentarista); poi SICURIX+SICURIX applicano il METODO81+; 11) MULTIX causa il pericolo 'Temperature' (Controllo Temperature e Celle); poi DOCUMIX+SICURIX applicano il METODO81+. PALETTE BRAND ESCLUSIVA: nero #05050A, bianco panna, arancione #FF6A1A/#E8501A; ROSSO solo per 'PERICOLO', VERDE per la checklist 'Metodo 81+'. Logo '81+' ben visibile in OGNI vignetta. REGOLA STORIA: SICURIX NON agisce mai da solo - in OGNI vignetta di soluzione si fa AIUTARE dai suoi colleghi EROI (lavoro di squadra, ognuno col suo ruolo). TESTO: didascalie e fumetti MOLTO BREVI (1-4 parole), GRANDI, centrati, in ITALIANO con ORTOGRAFIA PERFETTA, senza parole inventate, lettere doppie errate o testo tagliato. CATTIVI (coerenti col canone): RISKIX, VIBRIX, MULTIX, FRETTIX, MESCOLIX, NONDPIX, ØTIX, TEMPORIX. EROI: PREPOSTIX, LUXPECTORIX, DOCUMIX, ROBOTIX81, HYGIENIX, TRACCIX, SCUDIX, SICURIX. NEGATIVE: nessun marchio LEGO reale, nessun personaggio protetto (Asterix ecc.), niente gore/horror, niente claim assoluti ('rischio zero','garantito','zero multe').",In Commercio c'e' un obbligo che in tanti scoprono solo con la sanzione,"Quello che l'ispettore controlla per primo in Commercio (e quasi nessuno lo sa)

In commercio gli adempimenti obbligatori non aspettano: Registro, MMC, Videosorveglianza, Documento, Infestanti, Sanificazione, Emergenze/Incendio, Rintracciabilita, Corso, Temperature. In questa pagina TALES OF SICURIX il PERICOLO prende forma... e il METODO81+ lo rimette in ordine, passo dopo passo. Immagina la scena: prima il caos, poi la checklist che sistema tutto. Non e' burocrazia: e' la tua tranquillita.
👉 Iscriviti al corso: Corso privacy destinato ai lavoratori -> https://81plus.net/?corso=corso-privacy-destinato-ai-lavoratori
▶️ YouTube: youtube.com/@sicurissimo
Contenuto informativo. Prima vedi. Poi sistemi. 81plus.net",Corso privacy destinato ai lavoratori,https://81plus.net/?corso=corso-privacy-destinato-ai-lavoratori,#TalesOfSicurix #SICURIX #Metodo81 #81plus #Sicurissimo #Privacy #Sicurezza #HACCP #SicurezzaSulLavoro,SICURIX_TALES_475232_20_10_24_19_17_14_7_15_0_13_16.webp,https://drive.google.com/drive/folders/1hICKXdl9JTZBL1pemG19oE_661z-EH_k,IMG_ERR
61.10.02,Finanza/Assicurazioni,K,Sicurezza+Privacy,10,Rappresentante Lavoratori Sicurezza (RLS) | Formazione GDPR | Addetto Primo Soccorso | Procedura Data Breach | Nomina Incaricati/Responsabili | Documento Valutazione Rischi (DVR) | Informativa e Consensi | Registro dei Trattamenti | Formazione Generale Lavoratori | Uso e Formazione DPI,D.Lgs81/08 art.47 | GDPR art.32 | DM 388/2003 | GDPR art.33-34 | GDPR art.28-29 | D.Lgs81/08 art.28 | GDPR art.13 | GDPR art.30 | Accordo Stato-Regioni | D.Lgs81/08 art.77,"BLINKIX>CAOSIX, HYGIENIX>OBLIVIX, SCUDIX>SCHIACCIX, ROBOTIX81>FRETTIX, ROBOTIX81>IMPROVVISIX, LUXPECTORIX>SCHIACCIX, SICURIX>IMPROVVISIX, PRIVACIX>MULTIX, BLINKIX>VOLTIX, SCUDIX>FRETTIX","Crea una PAGINA A FUMETTI a STORIA COMPLETA, verticale A4 (1024x1536), QUALITA' EDITORIALE DA STAMPA, stile ufficiale 'SICURIX TALES' IDENTICO alle immagini di riferimento allegate (stessi personaggi a mattoncini 3D, stessa impaginazione, stessi colori, stesse rese): minifigure espressive, ambientazioni ricche e dettagliate del settore, luci morbide, profondita', bordi vignetta netti. IMPAGINAZIONE OBBLIGATORIA: da 10 a 12 VIGNETTE numerate che raccontano UNA STORIA con arco narrativo completo (1 situazione normale -> 2-4 arrivano i pericoli coi cattivi -> 5-6 tensione/conseguenza -> 7-9 arriva SICURIX con gli eroi e applica il METODO81+ passo per passo -> 10-11 risoluzione ordinata -> 12 finale). HEADER in alto: SICURIX (mantello, medaglione arancione '81+', bussola) che presenta in un fumetto; grande titolo 'SICURIX TALES'; sottotitolo 'FINANZA/ASSICURAZIONI: Pericolo vs Soluzione con Metodo 81+'; legenda 3 voci (verde Sicurezza, rosso Rischio, blu 81+ Soluzione); fila di EROI coi nomi: BLINKIX, HYGIENIX, SCUDIX, ROBOTIX81, LUXPECTORIX, SICURIX. FOOTER in basso: grande 'Prima vedi. Poi sistemi.'; banner scudo verde 'PROTEGGIAMO. PREVENIAMO. MIGLIORIAMO.' e triangolo rosso 'DISATTENZIONE. RISCHI. COSTI. CAOS.'; logo '81+' + '81plus.net'. TRAMA (usa questi eventi come vignette; se sono meno di 10 aggiungi vignette di contesto, dialogo e reazione per arrivare a 10-12): 1) CAOSIX causa il pericolo 'Ruolo/RLS' (Rappresentante Lavoratori Sicurezza (RLS)); poi BLINKIX+SICURIX applicano il METODO81+; 2) OBLIVIX causa il pericolo 'Formazione' (Formazione GDPR); poi HYGIENIX+SICURIX applicano il METODO81+; 3) SCHIACCIX causa il pericolo 'Emergenze/Soccorso' (Addetto Primo Soccorso); poi SCUDIX+SICURIX applicano il METODO81+; 4) FRETTIX causa il pericolo 'Data breach' (Procedura Data Breach); poi ROBOTIX81+SICURIX applicano il METODO81+; 5) IMPROVVISIX causa il pericolo 'Nomine' (Nomina Incaricati/Responsabili); poi ROBOTIX81+SICURIX applicano il METODO81+; 6) SCHIACCIX causa il pericolo 'Documento' (Documento Valutazione Rischi (DVR)); poi LUXPECTORIX+SICURIX applicano il METODO81+; 7) IMPROVVISIX causa il pericolo 'Documento' (Informativa e Consensi); poi SICURIX+SICURIX applicano il METODO81+; 8) MULTIX causa il pericolo 'Registro' (Registro dei Trattamenti); poi PRIVACIX+SICURIX applicano il METODO81+; 9) VOLTIX causa il pericolo 'Formazione base' (Formazione Generale Lavoratori); poi BLINKIX+SICURIX applicano il METODO81+; 10) FRETTIX causa il pericolo 'DPI' (Uso e Formazione DPI); poi SCUDIX+SICURIX applicano il METODO81+. PALETTE BRAND ESCLUSIVA: nero #05050A, bianco panna, arancione #FF6A1A/#E8501A; ROSSO solo per 'PERICOLO', VERDE per la checklist 'Metodo 81+'. Logo '81+' ben visibile in OGNI vignetta. REGOLA STORIA: SICURIX NON agisce mai da solo - in OGNI vignetta di soluzione si fa AIUTARE dai suoi colleghi EROI (lavoro di squadra, ognuno col suo ruolo). TESTO: didascalie e fumetti MOLTO BREVI (1-4 parole), GRANDI, centrati, in ITALIANO con ORTOGRAFIA PERFETTA, senza parole inventate, lettere doppie errate o testo tagliato. CATTIVI (coerenti col canone): CAOSIX, OBLIVIX, SCHIACCIX, FRETTIX, IMPROVVISIX, MULTIX, VOLTIX. EROI: BLINKIX, HYGIENIX, SCUDIX, ROBOTIX81, LUXPECTORIX, SICURIX, PRIVACIX. NEGATIVE: nessun marchio LEGO reale, nessun personaggio protetto (Asterix ecc.), niente gore/horror, niente claim assoluti ('rischio zero','garantito','zero multe').",In Finanza/Assicurazioni c'e' un obbligo che in tanti scoprono solo con la sanzione,"In Finanza/Assicurazioni c'e' un obbligo che in tanti scoprono solo con la sanzione

In finanza/assicurazioni gli adempimenti obbligatori non aspettano: Ruolo/RLS, Formazione, Emergenze/Soccorso, Data breach, Nomine, Documento, Registro, Formazione base, DPI. In questa pagina TALES OF SICURIX il PERICOLO prende forma... e il METODO81+ lo rimette in ordine, passo dopo passo. Immagina la scena: prima il caos, poi la checklist che sistema tutto. Chi si mette in regola prima, dorme meglio dopo.
👉 Iscriviti al corso: Corso RLS -> https://81plus.net/?corso=corso-rls
▶️ YouTube: youtube.com/@sicurissimo
Contenuto informativo. Prima vedi. Poi sistemi. 81plus.net",Corso RLS,https://81plus.net/?corso=corso-rls,#TalesOfSicurix #SICURIX #Metodo81 #81plus #Sicurissimo #Sicurezza #Privacy #SicurezzaSulLavoro,SICURIX_TALES_611002_4_12_6_13_11_0_9_10_1_8.webp,https://drive.google.com/drive/folders/1hICKXdl9JTZBL1pemG19oE_661z-EH_k,IMG_ERR
10.51.10,Manifattura,C,Sicurezza+HACCP+Ambientale,11,Stress Lavoro-Correlato | Lotta agli Infestanti (Pest Control) | Corso Alimentarista | Gestione Rifiuti e Registro | RSPP / Datore di Lavoro RSPP | Attrezzature e Macchine | Formazione Preposto | Addetto Primo Soccorso | Manuale HACCP di Autocontrollo | Piano di Sanificazione | Uso e Formazione DPI,D.Lgs81/08 art.28 | Reg.CE 852/2004 | D.Lgs152/06 | D.Lgs81/08 art.34 | D.Lgs81/08 Tit.III | D.Lgs81/08 art.37 | DM 388/2003 | D.Lgs81/08 art.77,"DOCUMIX>VOLTIX, ROBOTIX81>OBLIVIX, DOCUMIX>ACQUAIX, CIFRIX>MULTIX, TRACCIX>CHIMIKIX, PRIVACIX>MULTIX, SICURIX>POLVERIX, CONSENSIX>SCHIACCIX, SCUDIX>ACQUAIX, CHECKIX>SCADUTIX, BLINKIX>CAOSIX","Crea una PAGINA A FUMETTI a STORIA COMPLETA, verticale A4 (1024x1536), QUALITA' EDITORIALE DA STAMPA, stile ufficiale 'SICURIX TALES' IDENTICO alle immagini di riferimento allegate (stessi personaggi a mattoncini 3D, stessa impaginazione, stessi colori, stesse rese): minifigure espressive, ambientazioni ricche e dettagliate del settore, luci morbide, profondita', bordi vignetta netti. IMPAGINAZIONE OBBLIGATORIA: da 10 a 12 VIGNETTE numerate che raccontano UNA STORIA con arco narrativo completo (1 situazione normale -> 2-4 arrivano i pericoli coi cattivi -> 5-6 tensione/conseguenza -> 7-9 arriva SICURIX con gli eroi e applica il METODO81+ passo per passo -> 10-11 risoluzione ordinata -> 12 finale). HEADER in alto: SICURIX (mantello, medaglione arancione '81+', bussola) che presenta in un fumetto; grande titolo 'SICURIX TALES'; sottotitolo 'MANIFATTURA: Pericolo vs Soluzione con Metodo 81+'; legenda 3 voci (verde Sicurezza, rosso Rischio, blu 81+ Soluzione); fila di EROI coi nomi: DOCUMIX, ROBOTIX81, CIFRIX, TRACCIX, PRIVACIX, SICURIX. FOOTER in basso: grande 'Prima vedi. Poi sistemi.'; banner scudo verde 'PROTEGGIAMO. PREVENIAMO. MIGLIORIAMO.' e triangolo rosso 'DISATTENZIONE. RISCHI. COSTI. CAOS.'; logo '81+' + '81plus.net'. TRAMA (usa questi eventi come vignette; se sono meno di 10 aggiungi vignette di contesto, dialogo e reazione per arrivare a 10-12): 1) VOLTIX causa il pericolo 'Stress' (Stress Lavoro-Correlato); poi DOCUMIX+SICURIX applicano il METODO81+; 2) OBLIVIX causa il pericolo 'Infestanti' (Lotta agli Infestanti (Pest Control)); poi ROBOTIX81+SICURIX applicano il METODO81+; 3) ACQUAIX causa il pericolo 'Corso' (Corso Alimentarista); poi DOCUMIX+SICURIX applicano il METODO81+; 4) MULTIX causa il pericolo 'Rifiuti' (Gestione Rifiuti e Registro); poi CIFRIX+SICURIX applicano il METODO81+; 5) CHIMIKIX causa il pericolo 'Ruolo/RSPP' (RSPP / Datore di Lavoro RSPP); poi TRACCIX+SICURIX applicano il METODO81+; 6) MULTIX causa il pericolo 'Attrezzature' (Attrezzature e Macchine); poi PRIVACIX+SICURIX applicano il METODO81+; 7) POLVERIX causa il pericolo 'Ruolo/Preposto' (Formazione Preposto); poi SICURIX+SICURIX applicano il METODO81+; 8) SCHIACCIX causa il pericolo 'Emergenze/Soccorso' (Addetto Primo Soccorso); poi CONSENSIX+SICURIX applicano il METODO81+; 9) ACQUAIX causa il pericolo 'Documento' (Manuale HACCP di Autocontrollo); poi SCUDIX+SICURIX applicano il METODO81+; 10) SCADUTIX causa il pericolo 'Sanificazione' (Piano di Sanificazione); poi CHECKIX+SICURIX applicano il METODO81+; 11) CAOSIX causa il pericolo 'DPI' (Uso e Formazione DPI); poi BLINKIX+SICURIX applicano il METODO81+. PALETTE BRAND ESCLUSIVA: nero #05050A, bianco panna, arancione #FF6A1A/#E8501A; ROSSO solo per 'PERICOLO', VERDE per la checklist 'Metodo 81+'. Logo '81+' ben visibile in OGNI vignetta. REGOLA STORIA: SICURIX NON agisce mai da solo - in OGNI vignetta di soluzione si fa AIUTARE dai suoi colleghi EROI (lavoro di squadra, ognuno col suo ruolo). TESTO: didascalie e fumetti MOLTO BREVI (1-4 parole), GRANDI, centrati, in ITALIANO con ORTOGRAFIA PERFETTA, senza parole inventate, lettere doppie errate o testo tagliato. CATTIVI (coerenti col canone): VOLTIX, OBLIVIX, ACQUAIX, MULTIX, CHIMIKIX, POLVERIX, SCHIACCIX, SCADUTIX, CAOSIX. EROI: DOCUMIX, ROBOTIX81, CIFRIX, TRACCIX, PRIVACIX, SICURIX, CONSENSIX, SCUDIX, CHECKIX, BLINKIX. NEGATIVE: nessun marchio LEGO reale, nessun personaggio protetto (Asterix ecc.), niente gore/horror, niente claim assoluti ('rischio zero','garantito','zero multe').",Manifattura: 3 minuti oggi o un problema enorme domani. Scegli tu.,"In Manifattura non e' 'se' arriva il controllo, e' 'quando'. Sei pronto?

In manifattura gli adempimenti obbligatori non aspettano: Stress, Infestanti, Corso, Rifiuti, Ruolo/RSPP, Attrezzature, Ruolo/Preposto, Emergenze/Soccorso, Documento, Sanificazione, DPI. In questa pagina TALES OF SICURIX il PERICOLO prende forma... e il METODO81+ lo rimette in ordine, passo dopo passo. Immagina la scena: prima il caos, poi la checklist che sistema tutto. Chi si mette in regola prima, dorme meglio dopo.
👉 Iscriviti al corso: Rischio stress lavoro correlato -> https://81plus.net/?corso=rischio-stress-lavoro-correlato
▶️ YouTube: youtube.com/@sicurissimo
Contenuto informativo. Prima vedi. Poi sistemi. 81plus.net",Rischio stress lavoro correlato,https://81plus.net/?corso=rischio-stress-lavoro-correlato,#TalesOfSicurix #SICURIX #Metodo81 #81plus #Sicurissimo #Sicurezza #HACCP #Ambientale #SicurezzaSulLavoro,SICURIX_TALES_105110_11_19_15_26_5_13_3_6_14_16_8.webp,https://drive.google.com/drive/folders/1hICKXdl9JTZBL1pemG19oE_661z-EH_k,IMG_ERR
47.78.30,Commercio,G,Privacy+Sicurezza+HACCP,11,Nomina Incaricati/Responsabili | Documento Valutazione Rischi (DVR) | Informativa e Consensi | Sorveglianza Sanitaria / Medico Competente | Gestione Allergeni | Rappresentante Lavoratori Sicurezza (RLS) | Movimentazione Manuale Carichi | RSPP / Datore di Lavoro RSPP | Procedura Data Breach | Addetto Primo Soccorso | Uso e Formazione DPI,GDPR art.28-29 | D.Lgs81/08 art.28 | GDPR art.13 | D.Lgs81/08 art.41 | Reg.UE 1169/2011 | D.Lgs81/08 art.47 | D.Lgs81/08 Tit.VI | D.Lgs81/08 art.34 | GDPR art.33-34 | DM 388/2003 | D.Lgs81/08 art.77,"TRACCIX>LEAKIX, CONSENSIX>RISKIX, PRIVACIX>MULTIX, PRIVACIX>CHIMIKIX, PREPOSTIX>ACQUAIX, CONSENSIX>TAGLIX, FORMIX>VIBRIX, CHEFIX>BIOXIX, CIFRIX>IMPROVVISIX, HYGIENIX>SOTTOVALUTIX, CHEFIX>FUMIX","Crea una PAGINA A FUMETTI a STORIA COMPLETA, verticale A4 (1024x1536), QUALITA' EDITORIALE DA STAMPA, stile ufficiale 'SICURIX TALES' IDENTICO alle immagini di riferimento allegate (stessi personaggi a mattoncini 3D, stessa impaginazione, stessi colori, stesse rese): minifigure espressive, ambientazioni ricche e dettagliate del settore, luci morbide, profondita', bordi vignetta netti. IMPAGINAZIONE OBBLIGATORIA: da 10 a 12 VIGNETTE numerate che raccontano UNA STORIA con arco narrativo completo (1 situazione normale -> 2-4 arrivano i pericoli coi cattivi -> 5-6 tensione/conseguenza -> 7-9 arriva SICURIX con gli eroi e applica il METODO81+ passo per passo -> 10-11 risoluzione ordinata -> 12 finale). HEADER in alto: SICURIX (mantello, medaglione arancione '81+', bussola) che presenta in un fumetto; grande titolo 'SICURIX TALES'; sottotitolo 'COMMERCIO: Pericolo vs Soluzione con Metodo 81+'; legenda 3 voci (verde Sicurezza, rosso Rischio, blu 81+ Soluzione); fila di EROI coi nomi: TRACCIX, CONSENSIX, PRIVACIX, PREPOSTIX, FORMIX, CHEFIX. FOOTER in basso: grande 'Prima vedi. Poi sistemi.'; banner scudo verde 'PROTEGGIAMO. PREVENIAMO. MIGLIORIAMO.' e triangolo rosso 'DISATTENZIONE. RISCHI. COSTI. CAOS.'; logo '81+' + '81plus.net'. TRAMA (usa questi eventi come vignette; se sono meno di 10 aggiungi vignette di contesto, dialogo e reazione per arrivare a 10-12): 1) LEAKIX causa il pericolo 'Nomine' (Nomina Incaricati/Responsabili); poi TRACCIX+SICURIX applicano il METODO81+; 2) RISKIX causa il pericolo 'Documento' (Documento Valutazione Rischi (DVR)); poi CONSENSIX+SICURIX applicano il METODO81+; 3) MULTIX causa il pericolo 'Documento' (Informativa e Consensi); poi PRIVACIX+SICURIX applicano il METODO81+; 4) CHIMIKIX causa il pericolo 'Sorveglianza sanitaria' (Sorveglianza Sanitaria / Medico Competente); poi PRIVACIX+SICURIX applicano il METODO81+; 5) ACQUAIX causa il pericolo 'Allergeni' (Gestione Allergeni); poi PREPOSTIX+SICURIX applicano il METODO81+; 6) TAGLIX causa il pericolo 'Ruolo/RLS' (Rappresentante Lavoratori Sicurezza (RLS)); poi CONSENSIX+SICURIX applicano il METODO81+; 7) VIBRIX causa il pericolo 'MMC' (Movimentazione Manuale Carichi); poi FORMIX+SICURIX applicano il METODO81+; 8) BIOXIX causa il pericolo 'Ruolo/RSPP' (RSPP / Datore di Lavoro RSPP); poi CHEFIX+SICURIX applicano il METODO81+; 9) IMPROVVISIX causa il pericolo 'Data breach' (Procedura Data Breach); poi CIFRIX+SICURIX applicano il METODO81+; 10) SOTTOVALUTIX causa il pericolo 'Emergenze/Soccorso' (Addetto Primo Soccorso); poi HYGIENIX+SICURIX applicano il METODO81+; 11) FUMIX causa il pericolo 'DPI' (Uso e Formazione DPI); poi CHEFIX+SICURIX applicano il METODO81+. PALETTE BRAND ESCLUSIVA: nero #05050A, bianco panna, arancione #FF6A1A/#E8501A; ROSSO solo per 'PERICOLO', VERDE per la checklist 'Metodo 81+'. Logo '81+' ben visibile in OGNI vignetta. REGOLA STORIA: SICURIX NON agisce mai da solo - in OGNI vignetta di soluzione si fa AIUTARE dai suoi colleghi EROI (lavoro di squadra, ognuno col suo ruolo). TESTO: didascalie e fumetti MOLTO BREVI (1-4 parole), GRANDI, centrati, in ITALIANO con ORTOGRAFIA PERFETTA, senza parole inventate, lettere doppie errate o testo tagliato. CATTIVI (coerenti col canone): LEAKIX, RISKIX, MULTIX, CHIMIKIX, ACQUAIX, TAGLIX, VIBRIX, BIOXIX, IMPROVVISIX, SOTTOVALUTIX, FUMIX. EROI: TRACCIX, CONSENSIX, PRIVACIX, PREPOSTIX, FORMIX, CHEFIX, CIFRIX, HYGIENIX. NEGATIVE: nessun marchio LEGO reale, nessun personaggio protetto (Asterix ecc.), niente gore/horror, niente claim assoluti ('rischio zero','garantito','zero multe').",Quello che l'ispettore controlla per primo in Commercio (e quasi nessuno lo sa),"Quello che l'ispettore controlla per primo in Commercio (e quasi nessuno lo sa)

In commercio gli adempimenti obbligatori non aspettano: Nomine, Documento, Sorveglianza sanitaria, Allergeni, Ruolo/RLS, MMC, Ruolo/RSPP, Data breach, Emergenze/Soccorso, DPI. In questa pagina TALES OF SICURIX il PERICOLO prende forma... e il METODO81+ lo rimette in ordine, passo dopo passo. Immagina la scena: prima il caos, poi la checklist che sistema tutto. La regola c'e' gia': tu falla lavorare per te.
👉 Iscriviti al corso: Corso privacy destinato ai lavoratori -> https://81plus.net/?corso=corso-privacy-destinato-ai-lavoratori
▶️ YouTube: youtube.com/@sicurissimo
Contenuto informativo. Prima vedi. Poi sistemi. 81plus.net",Corso privacy destinato ai lavoratori,https://81plus.net/?corso=corso-privacy-destinato-ai-lavoratori,#TalesOfSicurix #SICURIX #Metodo81 #81plus #Sicurissimo #Privacy #Sicurezza #HACCP #SicurezzaSulLavoro,SICURIX_TALES_477830_21_0_19_9_18_4_10_5_23_6_8.webp,https://drive.google.com/drive/folders/1hICKXdl9JTZBL1pemG19oE_661z-EH_k,IMG_ERR
65.12.00,Immobiliare,L,Privacy+Sicurezza,10,Informativa e Consensi | Registro dei Trattamenti | Nomina Incaricati/Responsabili | Uso e Formazione DPI | Formazione Generale Lavoratori | RSPP / Datore di Lavoro RSPP | Formazione GDPR | Documento Valutazione Rischi (DVR) | Procedura Data Breach | Rappresentante Lavoratori Sicurezza (RLS),GDPR art.13 | GDPR art.30 | GDPR art.28-29 | D.Lgs81/08 art.77 | Accordo Stato-Regioni | D.Lgs81/08 art.34 | GDPR art.32 | D.Lgs81/08 art.28 | GDPR art.33-34 | D.Lgs81/08 art.47,"CHECKIX>HACKIX, DOCUMIX>PERMISSIONIX, ROBOTIX81>PHISHIX, CIFRIX>IMPROVVISIX, SCUDIX>IMPROVVISIX, SCUDIX>RISKIX, CONSENSIX>PERMISSIONIX, PRIVACIX>CADUTIX, SCUDIX>IMPROVVISIX, DOCUMIX>ØTIX","Crea una PAGINA A FUMETTI a STORIA COMPLETA, verticale A4 (1024x1536), QUALITA' EDITORIALE DA STAMPA, stile ufficiale 'SICURIX TALES' IDENTICO alle immagini di riferimento allegate (stessi personaggi a mattoncini 3D, stessa impaginazione, stessi colori, stesse rese): minifigure espressive, ambientazioni ricche e dettagliate del settore, luci morbide, profondita', bordi vignetta netti. IMPAGINAZIONE OBBLIGATORIA: da 10 a 12 VIGNETTE numerate che raccontano UNA STORIA con arco narrativo completo (1 situazione normale -> 2-4 arrivano i pericoli coi cattivi -> 5-6 tensione/conseguenza -> 7-9 arriva SICURIX con gli eroi e applica il METODO81+ passo per passo -> 10-11 risoluzione ordinata -> 12 finale). HEADER in alto: SICURIX (mantello, medaglione arancione '81+', bussola) che presenta in un fumetto; grande titolo 'SICURIX TALES'; sottotitolo 'IMMOBILIARE: Pericolo vs Soluzione con Metodo 81+'; legenda 3 voci (verde Sicurezza, rosso Rischio, blu 81+ Soluzione); fila di EROI coi nomi: CHECKIX, DOCUMIX, ROBOTIX81, CIFRIX, SCUDIX, CONSENSIX. FOOTER in basso: grande 'Prima vedi. Poi sistemi.'; banner scudo verde 'PROTEGGIAMO. PREVENIAMO. MIGLIORIAMO.' e triangolo rosso 'DISATTENZIONE. RISCHI. COSTI. CAOS.'; logo '81+' + '81plus.net'. TRAMA (usa questi eventi come vignette; se sono meno di 10 aggiungi vignette di contesto, dialogo e reazione per arrivare a 10-12): 1) HACKIX causa il pericolo 'Documento' (Informativa e Consensi); poi CHECKIX+SICURIX applicano il METODO81+; 2) PERMISSIONIX causa il pericolo 'Registro' (Registro dei Trattamenti); poi DOCUMIX+SICURIX applicano il METODO81+; 3) PHISHIX causa il pericolo 'Nomine' (Nomina Incaricati/Responsabili); poi ROBOTIX81+SICURIX applicano il METODO81+; 4) IMPROVVISIX causa il pericolo 'DPI' (Uso e Formazione DPI); poi CIFRIX+SICURIX applicano il METODO81+; 5) IMPROVVISIX causa il pericolo 'Formazione base' (Formazione Generale Lavoratori); poi SCUDIX+SICURIX applicano il METODO81+; 6) RISKIX causa il pericolo 'Ruolo/RSPP' (RSPP / Datore di Lavoro RSPP); poi SCUDIX+SICURIX applicano il METODO81+; 7) PERMISSIONIX causa il pericolo 'Formazione' (Formazione GDPR); poi CONSENSIX+SICURIX applicano il METODO81+; 8) CADUTIX causa il pericolo 'Documento' (Documento Valutazione Rischi (DVR)); poi PRIVACIX+SICURIX applicano il METODO81+; 9) IMPROVVISIX causa il pericolo 'Data breach' (Procedura Data Breach); poi SCUDIX+SICURIX applicano il METODO81+; 10) ØTIX causa il pericolo 'Ruolo/RLS' (Rappresentante Lavoratori Sicurezza (RLS)); poi DOCUMIX+SICURIX applicano il METODO81+. PALETTE BRAND ESCLUSIVA: nero #05050A, bianco panna, arancione #FF6A1A/#E8501A; ROSSO solo per 'PERICOLO', VERDE per la checklist 'Metodo 81+'. Logo '81+' ben visibile in OGNI vignetta. REGOLA STORIA: SICURIX NON agisce mai da solo - in OGNI vignetta di soluzione si fa AIUTARE dai suoi colleghi EROI (lavoro di squadra, ognuno col suo ruolo). TESTO: didascalie e fumetti MOLTO BREVI (1-4 parole), GRANDI, centrati, in ITALIANO con ORTOGRAFIA PERFETTA, senza parole inventate, lettere doppie errate o testo tagliato. CATTIVI (coerenti col canone): HACKIX, PERMISSIONIX, PHISHIX, IMPROVVISIX, RISKIX, CADUTIX, ØTIX. EROI: CHECKIX, DOCUMIX, ROBOTIX81, CIFRIX, SCUDIX, CONSENSIX, PRIVACIX. NEGATIVE: nessun marchio LEGO reale, nessun personaggio protetto (Asterix ecc.), niente gore/horror, niente claim assoluti ('rischio zero','garantito','zero multe').",La differenza tra chi in Immobiliare dorme sereno e chi trema al controllo,"La differenza tra chi in Immobiliare dorme sereno e chi trema al controllo

In immobiliare gli adempimenti obbligatori non aspettano: Documento, Registro, Nomine, DPI, Formazione base, Ruolo/RSPP, Formazione, Data breach, Ruolo/RLS. In questa pagina TALES OF SICURIX il PERICOLO prende forma... e il METODO81+ lo rimette in ordine, passo dopo passo. Immagina la scena: prima il caos, poi la checklist che sistema tutto. Non e' burocrazia: e' la tua tranquillita.
👉 Iscriviti al corso: Corso privacy destinato ai lavoratori -> https://81plus.net/?corso=corso-privacy-destinato-ai-lavoratori
▶️ YouTube: youtube.com/@sicurissimo
Contenuto informativo. Prima vedi. Poi sistemi. 81plus.net",Corso privacy destinato ai lavoratori,https://81plus.net/?corso=corso-privacy-destinato-ai-lavoratori,#TalesOfSicurix #SICURIX #Metodo81 #81plus #Sicurissimo #Privacy #Sicurezza #SicurezzaSulLavoro,SICURIX_TALES_651200_9_10_11_8_1_5_12_0_13_4.webp,https://drive.google.com/drive/folders/1hICKXdl9JTZBL1pemG19oE_661z-EH_k,IMG_ERR
23.61.09,Manifattura,C,Privacy+Sicurezza+HACCP+Ambientale,12,Informativa e Consensi | Formazione Preposto | Gestione Allergeni | Rappresentante Lavoratori Sicurezza (RLS) | Lotta agli Infestanti (Pest Control) | Rischio Rumore | Addetto Primo Soccorso | Lavori in Quota e Ponteggi | Gestione Rifiuti e Registro | Formazione Ambientale | Documento Valutazione Rischi (DVR) | Sorveglianza Sanitaria / Medico Competente,GDPR art.13 | D.Lgs81/08 art.37 | Reg.UE 1169/2011 | D.Lgs81/08 art.47 | Reg.CE 852/2004 | D.Lgs81/08 Tit.VIII | DM 388/2003 | D.Lgs81/08 Tit.IV | D.Lgs152/06 | D.Lgs81/08 art.28 | D.Lgs81/08 art.41,"ROBOTIX81>CAOSIX, BLINKIX>SOTTOVALUTIX, PRIVACIX>CROSSIX, CHEFIX>CHIMIKIX, CIFRIX>DOSAGIX, PRIVACIX>ØTIX, DOCUMIX>CAOSIX, PREPOSTIX>VOLTIX, PREPOSTIX>OBLIVIX, LUXPECTORIX>OBLIVIX, CONSENSIX>TAGLIX, DOCUMIX>TAGLIX","Crea una PAGINA A FUMETTI a STORIA COMPLETA, verticale A4 (1024x1536), QUALITA' EDITORIALE DA STAMPA, stile ufficiale 'SICURIX TALES' IDENTICO alle immagini di riferimento allegate (stessi personaggi a mattoncini 3D, stessa impaginazione, stessi colori, stesse rese): minifigure espressive, ambientazioni ricche e dettagliate del settore, luci morbide, profondita', bordi vignetta netti. IMPAGINAZIONE OBBLIGATORIA: da 10 a 12 VIGNETTE numerate che raccontano UNA STORIA con arco narrativo completo (1 situazione normale -> 2-4 arrivano i pericoli coi cattivi -> 5-6 tensione/conseguenza -> 7-9 arriva SICURIX con gli eroi e applica il METODO81+ passo per passo -> 10-11 risoluzione ordinata -> 12 finale). HEADER in alto: SICURIX (mantello, medaglione arancione '81+', bussola) che presenta in un fumetto; grande titolo 'SICURIX TALES'; sottotitolo 'MANIFATTURA: Pericolo vs Soluzione con Metodo 81+'; legenda 3 voci (verde Sicurezza, rosso Rischio, blu 81+ Soluzione); fila di EROI coi nomi: ROBOTIX81, BLINKIX, PRIVACIX, CHEFIX, CIFRIX, DOCUMIX. FOOTER in basso: grande 'Prima vedi. Poi sistemi.'; banner scudo verde 'PROTEGGIAMO. PREVENIAMO. MIGLIORIAMO.' e triangolo rosso 'DISATTENZIONE. RISCHI. COSTI. CAOS.'; logo '81+' + '81plus.net'. TRAMA (usa questi eventi come vignette; se sono meno di 10 aggiungi vignette di contesto, dialogo e reazione per arrivare a 10-12): 1) CAOSIX causa il pericolo 'Documento' (Informativa e Consensi); poi ROBOTIX81+SICURIX applicano il METODO81+; 2) SOTTOVALUTIX causa il pericolo 'Ruolo/Preposto' (Formazione Preposto); poi BLINKIX+SICURIX applicano il METODO81+; 3) CROSSIX causa il pericolo 'Allergeni' (Gestione Allergeni); poi PRIVACIX+SICURIX applicano il METODO81+; 4) CHIMIKIX causa il pericolo 'Ruolo/RLS' (Rappresentante Lavoratori Sicurezza (RLS)); poi CHEFIX+SICURIX applicano il METODO81+; 5) DOSAGIX causa il pericolo 'Infestanti' (Lotta agli Infestanti (Pest Control)); poi CIFRIX+SICURIX applicano il METODO81+; 6) ØTIX causa il pericolo 'Rumore' (Rischio Rumore); poi PRIVACIX+SICURIX applicano il METODO81+; 7) CAOSIX causa il pericolo 'Emergenze/Soccorso' (Addetto Primo Soccorso); poi DOCUMIX+SICURIX applicano il METODO81+; 8) VOLTIX causa il pericolo 'Lavori in quota' (Lavori in Quota e Ponteggi); poi PREPOSTIX+SICURIX applicano il METODO81+; 9) OBLIVIX causa il pericolo 'Rifiuti' (Gestione Rifiuti e Registro); poi PREPOSTIX+SICURIX applicano il METODO81+; 10) OBLIVIX causa il pericolo 'Formazione' (Formazione Ambientale); poi LUXPECTORIX+SICURIX applicano il METODO81+; 11) TAGLIX causa il pericolo 'Documento' (Documento Valutazione Rischi (DVR)); poi CONSENSIX+SICURIX applicano il METODO81+; 12) TAGLIX causa il pericolo 'Sorveglianza sanitaria' (Sorveglianza Sanitaria / Medico Competente); poi DOCUMIX+SICURIX applicano il METODO81+. PALETTE BRAND ESCLUSIVA: nero #05050A, bianco panna, arancione #FF6A1A/#E8501A; ROSSO solo per 'PERICOLO', VERDE per la checklist 'Metodo 81+'. Logo '81+' ben visibile in OGNI vignetta. REGOLA STORIA: SICURIX NON agisce mai da solo - in OGNI vignetta di soluzione si fa AIUTARE dai suoi colleghi EROI (lavoro di squadra, ognuno col suo ruolo). TESTO: didascalie e fumetti MOLTO BREVI (1-4 parole), GRANDI, centrati, in ITALIANO con ORTOGRAFIA PERFETTA, senza parole inventate, lettere doppie errate o testo tagliato. CATTIVI (coerenti col canone): CAOSIX, SOTTOVALUTIX, CROSSIX, CHIMIKIX, DOSAGIX, ØTIX, VOLTIX, OBLIVIX, TAGLIX. EROI: ROBOTIX81, BLINKIX, PRIVACIX, CHEFIX, CIFRIX, DOCUMIX, PREPOSTIX, LUXPECTORIX, CONSENSIX. NEGATIVE: nessun marchio LEGO reale, nessun personaggio protetto (Asterix ecc.), niente gore/horror, niente claim assoluti ('rischio zero','garantito','zero multe').","In Manifattura non e' 'se' arriva il controllo, e' 'quando'. Sei pronto?","In Manifattura non e' 'se' arriva il controllo, e' 'quando'. Sei pronto?

In manifattura gli adempimenti obbligatori non aspettano: Documento, Ruolo/Preposto, Allergeni, Ruolo/RLS, Infestanti, Rumore, Emergenze/Soccorso, Lavori in quota, Rifiuti, Formazione, Sorveglianza sanitaria. In questa pagina TALES OF SICURIX il PERICOLO prende forma... e il METODO81+ lo rimette in ordine, passo dopo passo. Immagina la scena: prima il caos, poi la checklist che sistema tutto. Mettere ordine ora costa poco. Rimediare dopo costa caro.
👉 Iscriviti al corso: Corso privacy destinato ai lavoratori -> https://81plus.net/?corso=corso-privacy-destinato-ai-lavoratori
▶️ YouTube: youtube.com/@sicurissimo
Contenuto informativo. Prima vedi. Poi sistemi. 81plus.net",Corso privacy destinato ai lavoratori,https://81plus.net/?corso=corso-privacy-destinato-ai-lavoratori,#TalesOfSicurix #SICURIX #Metodo81 #81plus #Sicurissimo #Privacy #Sicurezza #HACCP #Ambientale #SicurezzaSulLavoro,SICURIX_TALES_236109_22_3_21_4_20_12_6_14_27_28_0_9.webp,https://drive.google.com/drive/folders/1hICKXdl9JTZBL1pemG19oE_661z-EH_k,IMG_ERR
10.83.02,Manifattura,C,Sicurezza+Privacy+HACCP+Ambientale,11,Uso e Formazione DPI | Procedura Data Breach | Rischio Rumore | RSPP / Datore di Lavoro RSPP | Gestione Allergeni | Piano di Sanificazione | Addetto Antincendio | Gestione Rifiuti e Registro | Addetto Primo Soccorso | Rappresentante Lavoratori Sicurezza (RLS) | Rintracciabilita ed Etichettatura,D.Lgs81/08 art.77 | GDPR art.33-34 | D.Lgs81/08 Tit.VIII | D.Lgs81/08 art.34 | Reg.UE 1169/2011 | Reg.CE 852/2004 | DM 2/9/2021 | D.Lgs152/06 | DM 388/2003 | D.Lgs81/08 art.47 | Reg.CE 178/2002,"LUXPECTORIX>SCHIACCIX, SCUDIX>CAOSIX, BLINKIX>RISKIX, ROBOTIX81>POLVERIX, ROBOTIX81>SPORCKIX, CONSENSIX>SPORCKIX, PRIVACIX>POLVERIX, PREPOSTIX>RISKIX, SICURIX>NONDPIX, ROBOTIX81>FUMIX, CHECKIX>DOSAGIX","Crea una PAGINA A FUMETTI a STORIA COMPLETA, verticale A4 (1024x1536), QUALITA' EDITORIALE DA STAMPA, stile ufficiale 'SICURIX TALES' IDENTICO alle immagini di riferimento allegate (stessi personaggi a mattoncini 3D, stessa impaginazione, stessi colori, stesse rese): minifigure espressive, ambientazioni ricche e dettagliate del settore, luci morbide, profondita', bordi vignetta netti. IMPAGINAZIONE OBBLIGATORIA: da 10 a 12 VIGNETTE numerate che raccontano UNA STORIA con arco narrativo completo (1 situazione normale -> 2-4 arrivano i pericoli coi cattivi -> 5-6 tensione/conseguenza -> 7-9 arriva SICURIX con gli eroi e applica il METODO81+ passo per passo -> 10-11 risoluzione ordinata -> 12 finale). HEADER in alto: SICURIX (mantello, medaglione arancione '81+', bussola) che presenta in un fumetto; grande titolo 'SICURIX TALES'; sottotitolo 'MANIFATTURA: Pericolo vs Soluzione con Metodo 81+'; legenda 3 voci (verde Sicurezza, rosso Rischio, blu 81+ Soluzione); fila di EROI coi nomi: LUXPECTORIX, SCUDIX, BLINKIX, ROBOTIX81, CONSENSIX, PRIVACIX. FOOTER in basso: grande 'Prima vedi. Poi sistemi.'; banner scudo verde 'PROTEGGIAMO. PREVENIAMO. MIGLIORIAMO.' e triangolo rosso 'DISATTENZIONE. RISCHI. COSTI. CAOS.'; logo '81+' + '81plus.net'. TRAMA (usa questi eventi come vignette; se sono meno di 10 aggiungi vignette di contesto, dialogo e reazione per arrivare a 10-12): 1) SCHIACCIX causa il pericolo 'DPI' (Uso e Formazione DPI); poi LUXPECTORIX+SICURIX applicano il METODO81+; 2) CAOSIX causa il pericolo 'Data breach' (Procedura Data Breach); poi SCUDIX+SICURIX applicano il METODO81+; 3) RISKIX causa il pericolo 'Rumore' (Rischio Rumore); poi BLINKIX+SICURIX applicano il METODO81+; 4) POLVERIX causa il pericolo 'Ruolo/RSPP' (RSPP / Datore di Lavoro RSPP); poi ROBOTIX81+SICURIX applicano il METODO81+; 5) SPORCKIX causa il pericolo 'Allergeni' (Gestione Allergeni); poi ROBOTIX81+SICURIX applicano il METODO81+; 6) SPORCKIX causa il pericolo 'Sanificazione' (Piano di Sanificazione); poi CONSENSIX+SICURIX applicano il METODO81+; 7) POLVERIX causa il pericolo 'Emergenze/Incendio' (Addetto Antincendio); poi PRIVACIX+SICURIX applicano il METODO81+; 8) RISKIX causa il pericolo 'Rifiuti' (Gestione Rifiuti e Registro); poi PREPOSTIX+SICURIX applicano il METODO81+; 9) NONDPIX causa il pericolo 'Emergenze/Soccorso' (Addetto Primo Soccorso); poi SICURIX+SICURIX applicano il METODO81+; 10) FUMIX causa il pericolo 'Ruolo/RLS' (Rappresentante Lavoratori Sicurezza (RLS)); poi ROBOTIX81+SICURIX applicano il METODO81+; 11) DOSAGIX causa il pericolo 'Rintracciabilita' (Rintracciabilita ed Etichettatura); poi CHECKIX+SICURIX applicano il METODO81+. PALETTE BRAND ESCLUSIVA: nero #05050A, bianco panna, arancione #FF6A1A/#E8501A; ROSSO solo per 'PERICOLO', VERDE per la checklist 'Metodo 81+'. Logo '81+' ben visibile in OGNI vignetta. REGOLA STORIA: SICURIX NON agisce mai da solo - in OGNI vignetta di soluzione si fa AIUTARE dai suoi colleghi EROI (lavoro di squadra, ognuno col suo ruolo). TESTO: didascalie e fumetti MOLTO BREVI (1-4 parole), GRANDI, centrati, in ITALIANO con ORTOGRAFIA PERFETTA, senza parole inventate, lettere doppie errate o testo tagliato. CATTIVI (coerenti col canone): SCHIACCIX, CAOSIX, RISKIX, POLVERIX, SPORCKIX, NONDPIX, FUMIX, DOSAGIX. EROI: LUXPECTORIX, SCUDIX, BLINKIX, ROBOTIX81, CONSENSIX, PRIVACIX, PREPOSTIX, SICURIX, CHECKIX. NEGATIVE: nessun marchio LEGO reale, nessun personaggio protetto (Asterix ecc.), niente gore/horror, niente claim assoluti ('rischio zero','garantito','zero multe').",Manifattura: 3 minuti oggi o un problema enorme domani. Scegli tu.,"In Manifattura c'e' un obbligo che in tanti scoprono solo con la sanzione

In manifattura gli adempimenti obbligatori non aspettano: DPI, Data breach, Rumore, Ruolo/RSPP, Allergeni, Sanificazione, Emergenze/Incendio, Rifiuti, Emergenze/Soccorso, Ruolo/RLS, Rintracciabilita. In questa pagina TALES OF SICURIX il PERICOLO prende forma... e il METODO81+ lo rimette in ordine, passo dopo passo. Immagina la scena: prima il caos, poi la checklist che sistema tutto. Chi si mette in regola prima, dorme meglio dopo.
👉 Iscriviti al corso: Corso Lavori in Quota e DPI Anticaduta -> https://81plus.net/?corso=corso-lavori-in-quota-e-dpi-anticaduta
▶️ YouTube: youtube.com/@sicurissimo
Contenuto informativo. Prima vedi. Poi sistemi. 81plus.net",Corso Lavori in Quota e DPI Anticaduta,https://81plus.net/?corso=corso-lavori-in-quota-e-dpi-anticaduta,#TalesOfSicurix #SICURIX #Metodo81 #81plus #Sicurissimo #Sicurezza #Privacy #HACCP #Ambientale #SicurezzaSulLavoro,SICURIX_TALES_108302_8_25_12_5_20_16_7_26_6_4_17.webp,https://drive.google.com/drive/folders/1hICKXdl9JTZBL1pemG19oE_661z-EH_k,IMG_ERR
47.63.10,Commercio,G,Sicurezza+HACCP+Privacy,11,Addetto Primo Soccorso | Stress Lavoro-Correlato | Corso Alimentarista | Manuale HACCP di Autocontrollo | Procedura Data Breach | Formazione Generale Lavoratori | Nomina Incaricati/Responsabili | Controllo Temperature e Celle | Formazione Preposto | Lotta agli Infestanti (Pest Control) | Uso e Formazione DPI,DM 388/2003 | D.Lgs81/08 art.28 | Reg.CE 852/2004 | GDPR art.33-34 | Accordo Stato-Regioni | GDPR art.28-29 | D.Lgs81/08 art.37 | D.Lgs81/08 art.77,"CONSENSIX>SEGNALEX, CHEFIX>MULTIX, ROBOTIX81>CROSSIX, CIFRIX>IMPROVVISIX, TRACCIX>CAOSIX, TRACCIX>FUMIX, FORMIX>FRETTIX, DOCUMIX>MULTIX, TRACCIX>RISKIX, DOCUMIX>SPORCKIX, FORMIX>RUMORIX","Crea una PAGINA A FUMETTI a STORIA COMPLETA, verticale A4 (1024x1536), QUALITA' EDITORIALE DA STAMPA, stile ufficiale 'SICURIX TALES' IDENTICO alle immagini di riferimento allegate (stessi personaggi a mattoncini 3D, stessa impaginazione, stessi colori, stesse rese): minifigure espressive, ambientazioni ricche e dettagliate del settore, luci morbide, profondita', bordi vignetta netti. IMPAGINAZIONE OBBLIGATORIA: da 10 a 12 VIGNETTE numerate che raccontano UNA STORIA con arco narrativo completo (1 situazione normale -> 2-4 arrivano i pericoli coi cattivi -> 5-6 tensione/conseguenza -> 7-9 arriva SICURIX con gli eroi e applica il METODO81+ passo per passo -> 10-11 risoluzione ordinata -> 12 finale). HEADER in alto: SICURIX (mantello, medaglione arancione '81+', bussola) che presenta in un fumetto; grande titolo 'SICURIX TALES'; sottotitolo 'COMMERCIO: Pericolo vs Soluzione con Metodo 81+'; legenda 3 voci (verde Sicurezza, rosso Rischio, blu 81+ Soluzione); fila di EROI coi nomi: CONSENSIX, CHEFIX, ROBOTIX81, CIFRIX, TRACCIX, FORMIX. FOOTER in basso: grande 'Prima vedi. Poi sistemi.'; banner scudo verde 'PROTEGGIAMO. PREVENIAMO. MIGLIORIAMO.' e triangolo rosso 'DISATTENZIONE. RISCHI. COSTI. CAOS.'; logo '81+' + '81plus.net'. TRAMA (usa questi eventi come vignette; se sono meno di 10 aggiungi vignette di contesto, dialogo e reazione per arrivare a 10-12): 1) SEGNALEX causa il pericolo 'Emergenze/Soccorso' (Addetto Primo Soccorso); poi CONSENSIX+SICURIX applicano il METODO81+; 2) MULTIX causa il pericolo 'Stress' (Stress Lavoro-Correlato); poi CHEFIX+SICURIX applicano il METODO81+; 3) CROSSIX causa il pericolo 'Corso' (Corso Alimentarista); poi ROBOTIX81+SICURIX applicano il METODO81+; 4) IMPROVVISIX causa il pericolo 'Documento' (Manuale HACCP di Autocontrollo); poi CIFRIX+SICURIX applicano il METODO81+; 5) CAOSIX causa il pericolo 'Data breach' (Procedura Data Breach); poi TRACCIX+SICURIX applicano il METODO81+; 6) FUMIX causa il pericolo 'Formazione base' (Formazione Generale Lavoratori); poi TRACCIX+SICURIX applicano il METODO81+; 7) FRETTIX causa il pericolo 'Nomine' (Nomina Incaricati/Responsabili); poi FORMIX+SICURIX applicano il METODO81+; 8) MULTIX causa il pericolo 'Temperature' (Controllo Temperature e Celle); poi DOCUMIX+SICURIX applicano il METODO81+; 9) RISKIX causa il pericolo 'Ruolo/Preposto' (Formazione Preposto); poi TRACCIX+SICURIX applicano il METODO81+; 10) SPORCKIX causa il pericolo 'Infestanti' (Lotta agli Infestanti (Pest Control)); poi DOCUMIX+SICURIX applicano il METODO81+; 11) RUMORIX causa il pericolo 'DPI' (Uso e Formazione DPI); poi FORMIX+SICURIX applicano il METODO81+. PALETTE BRAND ESCLUSIVA: nero #05050A, bianco panna, arancione #FF6A1A/#E8501A; ROSSO solo per 'PERICOLO', VERDE per la checklist 'Metodo 81+'. Logo '81+' ben visibile in OGNI vignetta. REGOLA STORIA: SICURIX NON agisce mai da solo - in OGNI vignetta di soluzione si fa AIUTARE dai suoi colleghi EROI (lavoro di squadra, ognuno col suo ruolo). TESTO: didascalie e fumetti MOLTO BREVI (1-4 parole), GRANDI, centrati, in ITALIANO con ORTOGRAFIA PERFETTA, senza parole inventate, lettere doppie errate o testo tagliato. CATTIVI (coerenti col canone): SEGNALEX, MULTIX, CROSSIX, IMPROVVISIX, CAOSIX, FUMIX, FRETTIX, RISKIX, SPORCKIX, RUMORIX. EROI: CONSENSIX, CHEFIX, ROBOTIX81, CIFRIX, TRACCIX, FORMIX, DOCUMIX. NEGATIVE: nessun marchio LEGO reale, nessun personaggio protetto (Asterix ecc.), niente gore/horror, niente claim assoluti ('rischio zero','garantito','zero multe').",Quello che l'ispettore controlla per primo in Commercio (e quasi nessuno lo sa),"Commercio: 3 minuti oggi o un problema enorme domani. Scegli tu.

In commercio gli adempimenti obbligatori non aspettano: Emergenze/Soccorso, Stress, Corso, Documento, Data breach, Formazione base, Nomine, Temperature, Ruolo/Preposto, Infestanti, DPI. In questa pagina TALES OF SICURIX il PERICOLO prende forma... e il METODO81+ lo rimette in ordine, passo dopo passo. Immagina la scena: prima il caos, poi la checklist che sistema tutto. La regola c'e' gia': tu falla lavorare per te.
👉 Iscriviti al corso: Corso Primo Soccorso (A-B-C) -> https://81plus.net/?corso=corso-primo-soccorso-a-b-c
▶️ YouTube: youtube.com/@sicurissimo
Contenuto informativo. Prima vedi. Poi sistemi. 81plus.net",Corso Primo Soccorso (A-B-C),https://81plus.net/?corso=corso-primo-soccorso-a-b-c,#TalesOfSicurix #SICURIX #Metodo81 #81plus #Sicurissimo #Sicurezza #HACCP #Privacy #SicurezzaSulLavoro,SICURIX_TALES_476310_6_11_13_12_23_1_21_16_3_17_8.webp,https://drive.google.com/drive/folders/1hICKXdl9JTZBL1pemG19oE_661z-EH_k,IMG_ERR
46.18.46,Commercio,G,Privacy+HACCP+Sicurezza,11,Informativa e Consensi | Lotta agli Infestanti (Pest Control) | Rappresentante Lavoratori Sicurezza (RLS) | Registro dei Trattamenti | RSPP / Datore di Lavoro RSPP | Formazione Generale Lavoratori | Formazione Preposto | Procedura Data Breach | Stress Lavoro-Correlato | Controllo Temperature e Celle | Uso e Formazione DPI,GDPR art.13 | Reg.CE 852/2004 | D.Lgs81/08 art.47 | GDPR art.30 | D.Lgs81/08 art.34 | Accordo Stato-Regioni | D.Lgs81/08 art.37 | GDPR art.33-34 | D.Lgs81/08 art.28 | D.Lgs81/08 art.77,"PRIVACIX>HACKIX, PRIVACIX>SPORCKIX, CIFRIX>POLVERIX, CHECKIX>PHISHIX, PRIVACIX>CHIMIKIX, PREPOSTIX>VOLTIX, CONSENSIX>SCIVOLIX, FORMIX>PERMISSIONIX, CHECKIX>CADUTIX, HYGIENIX>CAOSIX, SICURIX>OBLIVIX","Crea una PAGINA A FUMETTI a STORIA COMPLETA, verticale A4 (1024x1536), QUALITA' EDITORIALE DA STAMPA, stile ufficiale 'SICURIX TALES' IDENTICO alle immagini di riferimento allegate (stessi personaggi a mattoncini 3D, stessa impaginazione, stessi colori, stesse rese): minifigure espressive, ambientazioni ricche e dettagliate del settore, luci morbide, profondita', bordi vignetta netti. IMPAGINAZIONE OBBLIGATORIA: da 10 a 12 VIGNETTE numerate che raccontano UNA STORIA con arco narrativo completo (1 situazione normale -> 2-4 arrivano i pericoli coi cattivi -> 5-6 tensione/conseguenza -> 7-9 arriva SICURIX con gli eroi e applica il METODO81+ passo per passo -> 10-11 risoluzione ordinata -> 12 finale). HEADER in alto: SICURIX (mantello, medaglione arancione '81+', bussola) che presenta in un fumetto; grande titolo 'SICURIX TALES'; sottotitolo 'COMMERCIO: Pericolo vs Soluzione con Metodo 81+'; legenda 3 voci (verde Sicurezza, rosso Rischio, blu 81+ Soluzione); fila di EROI coi nomi: PRIVACIX, CIFRIX, CHECKIX, PREPOSTIX, CONSENSIX, FORMIX. FOOTER in basso: grande 'Prima vedi. Poi sistemi.'; banner scudo verde 'PROTEGGIAMO. PREVENIAMO. MIGLIORIAMO.' e triangolo rosso 'DISATTENZIONE. RISCHI. COSTI. CAOS.'; logo '81+' + '81plus.net'. TRAMA (usa questi eventi come vignette; se sono meno di 10 aggiungi vignette di contesto, dialogo e reazione per arrivare a 10-12): 1) HACKIX causa il pericolo 'Documento' (Informativa e Consensi); poi PRIVACIX+SICURIX applicano il METODO81+; 2) SPORCKIX causa il pericolo 'Infestanti' (Lotta agli Infestanti (Pest Control)); poi PRIVACIX+SICURIX applicano il METODO81+; 3) POLVERIX causa il pericolo 'Ruolo/RLS' (Rappresentante Lavoratori Sicurezza (RLS)); poi CIFRIX+SICURIX applicano il METODO81+; 4) PHISHIX causa il pericolo 'Registro' (Registro dei Trattamenti); poi CHECKIX+SICURIX applicano il METODO81+; 5) CHIMIKIX causa il pericolo 'Ruolo/RSPP' (RSPP / Datore di Lavoro RSPP); poi PRIVACIX+SICURIX applicano il METODO81+; 6) VOLTIX causa il pericolo 'Formazione base' (Formazione Generale Lavoratori); poi PREPOSTIX+SICURIX applicano il METODO81+; 7) SCIVOLIX causa il pericolo 'Ruolo/Preposto' (Formazione Preposto); poi CONSENSIX+SICURIX applicano il METODO81+; 8) PERMISSIONIX causa il pericolo 'Data breach' (Procedura Data Breach); poi FORMIX+SICURIX applicano il METODO81+; 9) CADUTIX causa il pericolo 'Stress' (Stress Lavoro-Correlato); poi CHECKIX+SICURIX applicano il METODO81+; 10) CAOSIX causa il pericolo 'Temperature' (Controllo Temperature e Celle); poi HYGIENIX+SICURIX applicano il METODO81+; 11) OBLIVIX causa il pericolo 'DPI' (Uso e Formazione DPI); poi SICURIX+SICURIX applicano il METODO81+. PALETTE BRAND ESCLUSIVA: nero #05050A, bianco panna, arancione #FF6A1A/#E8501A; ROSSO solo per 'PERICOLO', VERDE per la checklist 'Metodo 81+'. Logo '81+' ben visibile in OGNI vignetta. REGOLA STORIA: SICURIX NON agisce mai da solo - in OGNI vignetta di soluzione si fa AIUTARE dai suoi colleghi EROI (lavoro di squadra, ognuno col suo ruolo). TESTO: didascalie e fumetti MOLTO BREVI (1-4 parole), GRANDI, centrati, in ITALIANO con ORTOGRAFIA PERFETTA, senza parole inventate, lettere doppie errate o testo tagliato. CATTIVI (coerenti col canone): HACKIX, SPORCKIX, POLVERIX, PHISHIX, CHIMIKIX, VOLTIX, SCIVOLIX, PERMISSIONIX, CADUTIX, CAOSIX, OBLIVIX. EROI: PRIVACIX, CIFRIX, CHECKIX, PREPOSTIX, CONSENSIX, FORMIX, HYGIENIX, SICURIX. NEGATIVE: nessun marchio LEGO reale, nessun personaggio protetto (Asterix ecc.), niente gore/horror, niente claim assoluti ('rischio zero','garantito','zero multe').",Commercio: 3 minuti oggi o un problema enorme domani. Scegli tu.,"La differenza tra chi in Commercio dorme sereno e chi trema al controllo

In commercio gli adempimenti obbligatori non aspettano: Documento, Infestanti, Ruolo/RLS, Registro, Ruolo/RSPP, Formazione base, Ruolo/Preposto, Data breach, Stress, Temperature, DPI. In questa pagina TALES OF SICURIX il PERICOLO prende forma... e il METODO81+ lo rimette in ordine, passo dopo passo. Immagina la scena: prima il caos, poi la checklist che sistema tutto. Mettere ordine ora costa poco. Rimediare dopo costa caro.
👉 Iscriviti al corso: Corso privacy destinato ai lavoratori -> https://81plus.net/?corso=corso-privacy-destinato-ai-lavoratori
▶️ YouTube: youtube.com/@sicurissimo
Contenuto informativo. Prima vedi. Poi sistemi. 81plus.net",Corso privacy destinato ai lavoratori,https://81plus.net/?corso=corso-privacy-destinato-ai-lavoratori,#TalesOfSicurix #SICURIX #Metodo81 #81plus #Sicurissimo #Privacy #HACCP #Sicurezza #SicurezzaSulLavoro,SICURIX_TALES_461846_19_17_4_20_5_1_3_23_11_16_8.webp,https://drive.google.com/drive/folders/1hICKXdl9JTZBL1pemG19oE_661z-EH_k,IMG_ERR
95.31.99,Famiglie datori,T,Privacy+Sicurezza,12,Registro dei Trattamenti | Formazione Preposto | Rappresentante Lavoratori Sicurezza (RLS) | Documento Valutazione Rischi (DVR) | Uso e Formazione DPI | Addetto Antincendio | Addetto Primo Soccorso | Informativa e Consensi | RSPP / Datore di Lavoro RSPP | Formazione GDPR | Formazione Generale Lavoratori | Procedura Data Breach,GDPR art.30 | D.Lgs81/08 art.37 | D.Lgs81/08 art.47 | D.Lgs81/08 art.28 | D.Lgs81/08 art.77 | DM 2/9/2021 | DM 388/2003 | GDPR art.13 | D.Lgs81/08 art.34 | GDPR art.32 | Accordo Stato-Regioni | GDPR art.33-34,"SICURIX>RISKIX, SICURIX>FRETTIX, CHECKIX>POLVERIX, CIFRIX>SCIVOLIX, PRIVACIX>RUMORIX, SCUDIX>POLVERIX, DOCUMIX>CAOSIX, CHEFIX>RISKIX, LUXPECTORIX>SOTTOVALUTIX, DOCUMIX>FRETTIX, CHECKIX>ØTIX, DOCUMIX>FRETTIX","Crea una PAGINA A FUMETTI a STORIA COMPLETA, verticale A4 (1024x1536), QUALITA' EDITORIALE DA STAMPA, stile ufficiale 'SICURIX TALES' IDENTICO alle immagini di riferimento allegate (stessi personaggi a mattoncini 3D, stessa impaginazione, stessi colori, stesse rese): minifigure espressive, ambientazioni ricche e dettagliate del settore, luci morbide, profondita', bordi vignetta netti. IMPAGINAZIONE OBBLIGATORIA: da 10 a 12 VIGNETTE numerate che raccontano UNA STORIA con arco narrativo completo (1 situazione normale -> 2-4 arrivano i pericoli coi cattivi -> 5-6 tensione/conseguenza -> 7-9 arriva SICURIX con gli eroi e applica il METODO81+ passo per passo -> 10-11 risoluzione ordinata -> 12 finale). HEADER in alto: SICURIX (mantello, medaglione arancione '81+', bussola) che presenta in un fumetto; grande titolo 'SICURIX TALES'; sottotitolo 'FAMIGLIE DATORI: Pericolo vs Soluzione con Metodo 81+'; legenda 3 voci (verde Sicurezza, rosso Rischio, blu 81+ Soluzione); fila di EROI coi nomi: SICURIX, CHECKIX, CIFRIX, PRIVACIX, SCUDIX, DOCUMIX. FOOTER in basso: grande 'Prima vedi. Poi sistemi.'; banner scudo verde 'PROTEGGIAMO. PREVENIAMO. MIGLIORIAMO.' e triangolo rosso 'DISATTENZIONE. RISCHI. COSTI. CAOS.'; logo '81+' + '81plus.net'. TRAMA (usa questi eventi come vignette; se sono meno di 10 aggiungi vignette di contesto, dialogo e reazione per arrivare a 10-12): 1) RISKIX causa il pericolo 'Registro' (Registro dei Trattamenti); poi SICURIX+SICURIX applicano il METODO81+; 2) FRETTIX causa il pericolo 'Ruolo/Preposto' (Formazione Preposto); poi SICURIX+SICURIX applicano il METODO81+; 3) POLVERIX causa il pericolo 'Ruolo/RLS' (Rappresentante Lavoratori Sicurezza (RLS)); poi CHECKIX+SICURIX applicano il METODO81+; 4) SCIVOLIX causa il pericolo 'Documento' (Documento Valutazione Rischi (DVR)); poi CIFRIX+SICURIX applicano il METODO81+; 5) RUMORIX causa il pericolo 'DPI' (Uso e Formazione DPI); poi PRIVACIX+SICURIX applicano il METODO81+; 6) POLVERIX causa il pericolo 'Emergenze/Incendio' (Addetto Antincendio); poi SCUDIX+SICURIX applicano il METODO81+; 7) CAOSIX causa il pericolo 'Emergenze/Soccorso' (Addetto Primo Soccorso); poi DOCUMIX+SICURIX applicano il METODO81+; 8) RISKIX causa il pericolo 'Documento' (Informativa e Consensi); poi CHEFIX+SICURIX applicano il METODO81+; 9) SOTTOVALUTIX causa il pericolo 'Ruolo/RSPP' (RSPP / Datore di Lavoro RSPP); poi LUXPECTORIX+SICURIX applicano il METODO81+; 10) FRETTIX causa il pericolo 'Formazione' (Formazione GDPR); poi DOCUMIX+SICURIX applicano il METODO81+; 11) ØTIX causa il pericolo 'Formazione base' (Formazione Generale Lavoratori); poi CHECKIX+SICURIX applicano il METODO81+; 12) FRETTIX causa il pericolo 'Data breach' (Procedura Data Breach); poi DOCUMIX+SICURIX applicano il METODO81+. PALETTE BRAND ESCLUSIVA: nero #05050A, bianco panna, arancione #FF6A1A/#E8501A; ROSSO solo per 'PERICOLO', VERDE per la checklist 'Metodo 81+'. Logo '81+' ben visibile in OGNI vignetta. REGOLA STORIA: SICURIX NON agisce mai da solo - in OGNI vignetta di soluzione si fa AIUTARE dai suoi colleghi EROI (lavoro di squadra, ognuno col suo ruolo). TESTO: didascalie e fumetti MOLTO BREVI (1-4 parole), GRANDI, centrati, in ITALIANO con ORTOGRAFIA PERFETTA, senza parole inventate, lettere doppie errate o testo tagliato. CATTIVI (coerenti col canone): RISKIX, FRETTIX, POLVERIX, SCIVOLIX, RUMORIX, CAOSIX, SOTTOVALUTIX, ØTIX. EROI: SICURIX, CHECKIX, CIFRIX, PRIVACIX, SCUDIX, DOCUMIX, CHEFIX, LUXPECTORIX. NEGATIVE: nessun marchio LEGO reale, nessun personaggio protetto (Asterix ecc.), niente gore/horror, niente claim assoluti ('rischio zero','garantito','zero multe').",Quello che l'ispettore controlla per primo in Famiglie datori (e quasi nessuno lo sa),"In Famiglie datori non e' 'se' arriva il controllo, e' 'quando'. Sei pronto?

In famiglie datori gli adempimenti obbligatori non aspettano: Registro, Ruolo/Preposto, Ruolo/RLS, Documento, DPI, Emergenze/Incendio, Emergenze/Soccorso, Ruolo/RSPP, Formazione, Formazione base, Data breach. In questa pagina TALES OF SICURIX il PERICOLO prende forma... e il METODO81+ lo rimette in ordine, passo dopo passo. Immagina la scena: prima il caos, poi la checklist che sistema tutto. La regola c'e' gia': tu falla lavorare per te.
👉 Iscriviti al corso: Corso privacy destinato ai lavoratori -> https://81plus.net/?corso=corso-privacy-destinato-ai-lavoratori
▶️ YouTube: youtube.com/@sicurissimo
Contenuto informativo. Prima vedi. Poi sistemi. 81plus.net",Corso privacy destinato ai lavoratori,https://81plus.net/?corso=corso-privacy-destinato-ai-lavoratori,#TalesOfSicurix #SICURIX #Metodo81 #81plus #Sicurissimo #Privacy #Sicurezza #SicurezzaSulLavoro,SICURIX_TALES_953199_10_3_4_0_8_7_6_9_5_12_1_13.webp,https://drive.google.com/drive/folders/1hICKXdl9JTZBL1pemG19oE_661z-EH_k,IMG_ERR
64.19.10,Immobiliare,L,Privacy+Sicurezza,10,Formazione GDPR | Documento Valutazione Rischi (DVR) | Informativa e Consensi | Procedura Data Breach | Registro dei Trattamenti | Addetto Primo Soccorso | Uso e Formazione DPI | RSPP / Datore di Lavoro RSPP | Rappresentante Lavoratori Sicurezza (RLS) | Formazione Preposto,GDPR art.32 | D.Lgs81/08 art.28 | GDPR art.13 | GDPR art.33-34 | GDPR art.30 | DM 388/2003 | D.Lgs81/08 art.77 | D.Lgs81/08 art.34 | D.Lgs81/08 art.47 | D.Lgs81/08 art.37,"SICURIX>CAOSIX, CIFRIX>VIBRIX, HYGIENIX>SPYIX, FORMIX>LEAKIX, CHECKIX>OBLIVIX, PRIVACIX>SEGNALEX, PRIVACIX>SCHIACCIX, CHECKIX>POLVERIX, TRACCIX>CHIMIKIX, TRACCIX>RISKIX","Crea una PAGINA A FUMETTI a STORIA COMPLETA, verticale A4 (1024x1536), QUALITA' EDITORIALE DA STAMPA, stile ufficiale 'SICURIX TALES' IDENTICO alle immagini di riferimento allegate (stessi personaggi a mattoncini 3D, stessa impaginazione, stessi colori, stesse rese): minifigure espressive, ambientazioni ricche e dettagliate del settore, luci morbide, profondita', bordi vignetta netti. IMPAGINAZIONE OBBLIGATORIA: da 10 a 12 VIGNETTE numerate che raccontano UNA STORIA con arco narrativo completo (1 situazione normale -> 2-4 arrivano i pericoli coi cattivi -> 5-6 tensione/conseguenza -> 7-9 arriva SICURIX con gli eroi e applica il METODO81+ passo per passo -> 10-11 risoluzione ordinata -> 12 finale). HEADER in alto: SICURIX (mantello, medaglione arancione '81+', bussola) che presenta in un fumetto; grande titolo 'SICURIX TALES'; sottotitolo 'IMMOBILIARE: Pericolo vs Soluzione con Metodo 81+'; legenda 3 voci (verde Sicurezza, rosso Rischio, blu 81+ Soluzione); fila di EROI coi nomi: SICURIX, CIFRIX, HYGIENIX, FORMIX, CHECKIX, PRIVACIX. FOOTER in basso: grande 'Prima vedi. Poi sistemi.'; banner scudo verde 'PROTEGGIAMO. PREVENIAMO. MIGLIORIAMO.' e triangolo rosso 'DISATTENZIONE. RISCHI. COSTI. CAOS.'; logo '81+' + '81plus.net'. TRAMA (usa questi eventi come vignette; se sono meno di 10 aggiungi vignette di contesto, dialogo e reazione per arrivare a 10-12): 1) CAOSIX causa il pericolo 'Formazione' (Formazione GDPR); poi SICURIX+SICURIX applicano il METODO81+; 2) VIBRIX causa il pericolo 'Documento' (Documento Valutazione Rischi (DVR)); poi CIFRIX+SICURIX applicano il METODO81+; 3) SPYIX causa il pericolo 'Documento' (Informativa e Consensi); poi HYGIENIX+SICURIX applicano il METODO81+; 4) LEAKIX causa il pericolo 'Data breach' (Procedura Data Breach); poi FORMIX+SICURIX applicano il METODO81+; 5) OBLIVIX causa il pericolo 'Registro' (Registro dei Trattamenti); poi CHECKIX+SICURIX applicano il METODO81+; 6) SEGNALEX causa il pericolo 'Emergenze/Soccorso' (Addetto Primo Soccorso); poi PRIVACIX+SICURIX applicano il METODO81+; 7) SCHIACCIX causa il pericolo 'DPI' (Uso e Formazione DPI); poi PRIVACIX+SICURIX applicano il METODO81+; 8) POLVERIX causa il pericolo 'Ruolo/RSPP' (RSPP / Datore di Lavoro RSPP); poi CHECKIX+SICURIX applicano il METODO81+; 9) CHIMIKIX causa il pericolo 'Ruolo/RLS' (Rappresentante Lavoratori Sicurezza (RLS)); poi TRACCIX+SICURIX applicano il METODO81+; 10) RISKIX causa il pericolo 'Ruolo/Preposto' (Formazione Preposto); poi TRACCIX+SICURIX applicano il METODO81+. PALETTE BRAND ESCLUSIVA: nero #05050A, bianco panna, arancione #FF6A1A/#E8501A; ROSSO solo per 'PERICOLO', VERDE per la checklist 'Metodo 81+'. Logo '81+' ben visibile in OGNI vignetta. REGOLA STORIA: SICURIX NON agisce mai da solo - in OGNI vignetta di soluzione si fa AIUTARE dai suoi colleghi EROI (lavoro di squadra, ognuno col suo ruolo). TESTO: didascalie e fumetti MOLTO BREVI (1-4 parole), GRANDI, centrati, in ITALIANO con ORTOGRAFIA PERFETTA, senza parole inventate, lettere doppie errate o testo tagliato. CATTIVI (coerenti col canone): CAOSIX, VIBRIX, SPYIX, LEAKIX, OBLIVIX, SEGNALEX, SCHIACCIX, POLVERIX, CHIMIKIX, RISKIX. EROI: SICURIX, CIFRIX, HYGIENIX, FORMIX, CHECKIX, PRIVACIX, TRACCIX. NEGATIVE: nessun marchio LEGO reale, nessun personaggio protetto (Asterix ecc.), niente gore/horror, niente claim assoluti ('rischio zero','garantito','zero multe').",In Immobiliare c'e' un obbligo che in tanti scoprono solo con la sanzione,"Quello che l'ispettore controlla per primo in Immobiliare (e quasi nessuno lo sa)

In immobiliare gli adempimenti obbligatori non aspettano: Formazione, Documento, Data breach, Registro, Emergenze/Soccorso, DPI, Ruolo/RSPP, Ruolo/RLS, Ruolo/Preposto. In questa pagina TALES OF SICURIX il PERICOLO prende forma... e il METODO81+ lo rimette in ordine, passo dopo passo. Immagina la scena: prima il caos, poi la checklist che sistema tutto. Chi si mette in regola prima, dorme meglio dopo.
👉 Iscriviti al corso: GDPR 2016/679: privacy e trattamento dei dati personali -> https://81plus.net/?corso=gdpr-2016-679-privacy-e-trattamento-dei-dati-personali
▶️ YouTube: youtube.com/@sicurissimo
Contenuto informativo. Prima vedi. Poi sistemi. 81plus.net",GDPR 2016/679: privacy e trattamento dei dati personali,https://81plus.net/?corso=gdpr-2016-679-privacy-e-trattamento-dei-dati-personali,#TalesOfSicurix #SICURIX #Metodo81 #81plus #Sicurissimo #Privacy #Sicurezza #SicurezzaSulLavoro,SICURIX_TALES_641910_12_0_9_13_10_6_8_5_4_3.webp,https://drive.google.com/drive/folders/1hICKXdl9JTZBL1pemG19oE_661z-EH_k,IMG_ERR
11.01.00,Manifattura,C,Sicurezza+HACCP+Privacy,12,Movimentazione Manuale Carichi | Uso e Formazione DPI | Sorveglianza Sanitaria / Medico Competente | Stress Lavoro-Correlato | Gestione Allergeni | Controllo Temperature e Celle | Attrezzature e Macchine | Rintracciabilita ed Etichettatura | Procedura Data Breach | RSPP / Datore di Lavoro RSPP | Manuale HACCP di Autocontrollo | Rischio Rumore,D.Lgs81/08 Tit.VI | D.Lgs81/08 art.77 | D.Lgs81/08 art.41 | D.Lgs81/08 art.28 | Reg.UE 1169/2011 | Reg.CE 852/2004 | D.Lgs81/08 Tit.III | Reg.CE 178/2002 | GDPR art.33-34 | D.Lgs81/08 art.34 | D.Lgs81/08 Tit.VIII,"PREPOSTIX>RISKIX, FORMIX>VOLTIX, PREPOSTIX>BIOXIX, SICURIX>OBLIVIX, CONSENSIX>MESCOLIX, BLINKIX>MESCOLIX, PREPOSTIX>RISKIX, BLINKIX>MULTIX, DOCUMIX>IMPROVVISIX, ROBOTIX81>ØTIX, PRIVACIX>SCADUTIX, SICURIX>VOLTIX","Crea una PAGINA A FUMETTI a STORIA COMPLETA, verticale A4 (1024x1536), QUALITA' EDITORIALE DA STAMPA, stile ufficiale 'SICURIX TALES' IDENTICO alle immagini di riferimento allegate (stessi personaggi a mattoncini 3D, stessa impaginazione, stessi colori, stesse rese): minifigure espressive, ambientazioni ricche e dettagliate del settore, luci morbide, profondita', bordi vignetta netti. IMPAGINAZIONE OBBLIGATORIA: da 10 a 12 VIGNETTE numerate che raccontano UNA STORIA con arco narrativo completo (1 situazione normale -> 2-4 arrivano i pericoli coi cattivi -> 5-6 tensione/conseguenza -> 7-9 arriva SICURIX con gli eroi e applica il METODO81+ passo per passo -> 10-11 risoluzione ordinata -> 12 finale). HEADER in alto: SICURIX (mantello, medaglione arancione '81+', bussola) che presenta in un fumetto; grande titolo 'SICURIX TALES'; sottotitolo 'MANIFATTURA: Pericolo vs Soluzione con Metodo 81+'; legenda 3 voci (verde Sicurezza, rosso Rischio, blu 81+ Soluzione); fila di EROI coi nomi: PREPOSTIX, FORMIX, SICURIX, CONSENSIX, BLINKIX, DOCUMIX. FOOTER in basso: grande 'Prima vedi. Poi sistemi.'; banner scudo verde 'PROTEGGIAMO. PREVENIAMO. MIGLIORIAMO.' e triangolo rosso 'DISATTENZIONE. RISCHI. COSTI. CAOS.'; logo '81+' + '81plus.net'. TRAMA (usa questi eventi come vignette; se sono meno di 10 aggiungi vignette di contesto, dialogo e reazione per arrivare a 10-12): 1) RISKIX causa il pericolo 'MMC' (Movimentazione Manuale Carichi); poi PREPOSTIX+SICURIX applicano il METODO81+; 2) VOLTIX causa il pericolo 'DPI' (Uso e Formazione DPI); poi FORMIX+SICURIX applicano il METODO81+; 3) BIOXIX causa il pericolo 'Sorveglianza sanitaria' (Sorveglianza Sanitaria / Medico Competente); poi PREPOSTIX+SICURIX applicano il METODO81+; 4) OBLIVIX causa il pericolo 'Stress' (Stress Lavoro-Correlato); poi SICURIX+SICURIX applicano il METODO81+; 5) MESCOLIX causa il pericolo 'Allergeni' (Gestione Allergeni); poi CONSENSIX+SICURIX applicano il METODO81+; 6) MESCOLIX causa il pericolo 'Temperature' (Controllo Temperature e Celle); poi BLINKIX+SICURIX applicano il METODO81+; 7) RISKIX causa il pericolo 'Attrezzature' (Attrezzature e Macchine); poi PREPOSTIX+SICURIX applicano il METODO81+; 8) MULTIX causa il pericolo 'Rintracciabilita' (Rintracciabilita ed Etichettatura); poi BLINKIX+SICURIX applicano il METODO81+; 9) IMPROVVISIX causa il pericolo 'Data breach' (Procedura Data Breach); poi DOCUMIX+SICURIX applicano il METODO81+; 10) ØTIX causa il pericolo 'Ruolo/RSPP' (RSPP / Datore di Lavoro RSPP); poi ROBOTIX81+SICURIX applicano il METODO81+; 11) SCADUTIX causa il pericolo 'Documento' (Manuale HACCP di Autocontrollo); poi PRIVACIX+SICURIX applicano il METODO81+; 12) VOLTIX causa il pericolo 'Rumore' (Rischio Rumore); poi SICURIX+SICURIX applicano il METODO81+. PALETTE BRAND ESCLUSIVA: nero #05050A, bianco panna, arancione #FF6A1A/#E8501A; ROSSO solo per 'PERICOLO', VERDE per la checklist 'Metodo 81+'. Logo '81+' ben visibile in OGNI vignetta. REGOLA STORIA: SICURIX NON agisce mai da solo - in OGNI vignetta di soluzione si fa AIUTARE dai suoi colleghi EROI (lavoro di squadra, ognuno col suo ruolo). TESTO: didascalie e fumetti MOLTO BREVI (1-4 parole), GRANDI, centrati, in ITALIANO con ORTOGRAFIA PERFETTA, senza parole inventate, lettere doppie errate o testo tagliato. CATTIVI (coerenti col canone): RISKIX, VOLTIX, BIOXIX, OBLIVIX, MESCOLIX, MULTIX, IMPROVVISIX, ØTIX, SCADUTIX. EROI: PREPOSTIX, FORMIX, SICURIX, CONSENSIX, BLINKIX, DOCUMIX, ROBOTIX81, PRIVACIX. NEGATIVE: nessun marchio LEGO reale, nessun personaggio protetto (Asterix ecc.), niente gore/horror, niente claim assoluti ('rischio zero','garantito','zero multe').",La differenza tra chi in Manifattura dorme sereno e chi trema al controllo,"Quello che l'ispettore controlla per primo in Manifattura (e quasi nessuno lo sa)

In manifattura gli adempimenti obbligatori non aspettano: MMC, DPI, Sorveglianza sanitaria, Stress, Allergeni, Temperature, Attrezzature, Rintracciabilita, Data breach, Ruolo/RSPP, Documento, Rumore. In questa pagina TALES OF SICURIX il PERICOLO prende forma... e il METODO81+ lo rimette in ordine, passo dopo passo. Immagina la scena: prima il caos, poi la checklist che sistema tutto. Mettere ordine ora costa poco. Rimediare dopo costa caro.
👉 Iscriviti al corso: Corso RSPP Datore di Lavoro : Movimentazione manuale carichi -> https://81plus.net/?corso=corso-rspp-datore-di-lavoro-movimentazione-manuale-carichi
▶️ YouTube: youtube.com/@sicurissimo
Contenuto informativo. Prima vedi. Poi sistemi. 81plus.net",Corso RSPP Datore di Lavoro : Movimentazione manuale carichi,https://81plus.net/?corso=corso-rspp-datore-di-lavoro-movimentazione-manuale-carichi,#TalesOfSicurix #SICURIX #Metodo81 #81plus #Sicurissimo #Sicurezza #HACCP #Privacy #SicurezzaSulLavoro,SICURIX_TALES_110100_10_8_9_11_20_18_13_17_25_5_14_12.webp,https://drive.google.com/drive/folders/1hICKXdl9JTZBL1pemG19oE_661z-EH_k,IMG_ERR
16.25.00,Manifattura,C,HACCP+Sicurezza+Privacy+Ambientale,12,Lotta agli Infestanti (Pest Control) | Formazione Specifica (rischio alto) | Registro dei Trattamenti | Rintracciabilita ed Etichettatura | Uso e Formazione DPI | Corso Alimentarista | Documento Valutazione Rischi (DVR) | Informativa e Consensi | Movimentazione Manuale Carichi | Addetto Antincendio | Gestione Rifiuti e Registro | Gestione Allergeni,Reg.CE 852/2004 | Accordo Stato-Regioni | GDPR art.30 | Reg.CE 178/2002 | D.Lgs81/08 art.77 | D.Lgs81/08 art.28 | GDPR art.13 | D.Lgs81/08 Tit.VI | DM 2/9/2021 | D.Lgs152/06 | Reg.UE 1169/2011,"PRIVACIX>SPORCKIX, LUXPECTORIX>FRETTIX, SCUDIX>OBLIVIX, SICURIX>IMPROVVISIX, BLINKIX>POLVERIX, HYGIENIX>MULTIX, BLINKIX>FRETTIX, SCUDIX>RISKIX, FORMIX>VOLTIX, PREPOSTIX>SEGNALEX, TRACCIX>RISKIX, FORMIX>DOSAGIX","Crea una PAGINA A FUMETTI a STORIA COMPLETA, verticale A4 (1024x1536), QUALITA' EDITORIALE DA STAMPA, stile ufficiale 'SICURIX TALES' IDENTICO alle immagini di riferimento allegate (stessi personaggi a mattoncini 3D, stessa impaginazione, stessi colori, stesse rese): minifigure espressive, ambientazioni ricche e dettagliate del settore, luci morbide, profondita', bordi vignetta netti. IMPAGINAZIONE OBBLIGATORIA: da 10 a 12 VIGNETTE numerate che raccontano UNA STORIA con arco narrativo completo (1 situazione normale -> 2-4 arrivano i pericoli coi cattivi -> 5-6 tensione/conseguenza -> 7-9 arriva SICURIX con gli eroi e applica il METODO81+ passo per passo -> 10-11 risoluzione ordinata -> 12 finale). HEADER in alto: SICURIX (mantello, medaglione arancione '81+', bussola) che presenta in un fumetto; grande titolo 'SICURIX TALES'; sottotitolo 'MANIFATTURA: Pericolo vs Soluzione con Metodo 81+'; legenda 3 voci (verde Sicurezza, rosso Rischio, blu 81+ Soluzione); fila di EROI coi nomi: PRIVACIX, LUXPECTORIX, SCUDIX, SICURIX, BLINKIX, HYGIENIX. FOOTER in basso: grande 'Prima vedi. Poi sistemi.'; banner scudo verde 'PROTEGGIAMO. PREVENIAMO. MIGLIORIAMO.' e triangolo rosso 'DISATTENZIONE. RISCHI. COSTI. CAOS.'; logo '81+' + '81plus.net'. TRAMA (usa questi eventi come vignette; se sono meno di 10 aggiungi vignette di contesto, dialogo e reazione per arrivare a 10-12): 1) SPORCKIX causa il pericolo 'Infestanti' (Lotta agli Infestanti (Pest Control)); poi PRIVACIX+SICURIX applicano il METODO81+; 2) FRETTIX causa il pericolo 'Formazione specifica' (Formazione Specifica (rischio alto)); poi LUXPECTORIX+SICURIX applicano il METODO81+; 3) OBLIVIX causa il pericolo 'Registro' (Registro dei Trattamenti); poi SCUDIX+SICURIX applicano il METODO81+; 4) IMPROVVISIX causa il pericolo 'Rintracciabilita' (Rintracciabilita ed Etichettatura); poi SICURIX+SICURIX applicano il METODO81+; 5) POLVERIX causa il pericolo 'DPI' (Uso e Formazione DPI); poi BLINKIX+SICURIX applicano il METODO81+; 6) MULTIX causa il pericolo 'Corso' (Corso Alimentarista); poi HYGIENIX+SICURIX applicano il METODO81+; 7) FRETTIX causa il pericolo 'Documento' (Documento Valutazione Rischi (DVR)); poi BLINKIX+SICURIX applicano il METODO81+; 8) RISKIX causa il pericolo 'Documento' (Informativa e Consensi); poi SCUDIX+SICURIX applicano il METODO81+; 9) VOLTIX causa il pericolo 'MMC' (Movimentazione Manuale Carichi); poi FORMIX+SICURIX applicano il METODO81+; 10) SEGNALEX causa il pericolo 'Emergenze/Incendio' (Addetto Antincendio); poi PREPOSTIX+SICURIX applicano il METODO81+; 11) RISKIX causa il pericolo 'Rifiuti' (Gestione Rifiuti e Registro); poi TRACCIX+SICURIX applicano il METODO81+; 12) DOSAGIX causa il pericolo 'Allergeni' (Gestione Allergeni); poi FORMIX+SICURIX applicano il METODO81+. PALETTE BRAND ESCLUSIVA: nero #05050A, bianco panna, arancione #FF6A1A/#E8501A; ROSSO solo per 'PERICOLO', VERDE per la checklist 'Metodo 81+'. Logo '81+' ben visibile in OGNI vignetta. REGOLA STORIA: SICURIX NON agisce mai da solo - in OGNI vignetta di soluzione si fa AIUTARE dai suoi colleghi EROI (lavoro di squadra, ognuno col suo ruolo). TESTO: didascalie e fumetti MOLTO BREVI (1-4 parole), GRANDI, centrati, in ITALIANO con ORTOGRAFIA PERFETTA, senza parole inventate, lettere doppie errate o testo tagliato. CATTIVI (coerenti col canone): SPORCKIX, FRETTIX, OBLIVIX, IMPROVVISIX, POLVERIX, MULTIX, RISKIX, VOLTIX, SEGNALEX, DOSAGIX. EROI: PRIVACIX, LUXPECTORIX, SCUDIX, SICURIX, BLINKIX, HYGIENIX, FORMIX, PREPOSTIX, TRACCIX. NEGATIVE: nessun marchio LEGO reale, nessun personaggio protetto (Asterix ecc.), niente gore/horror, niente claim assoluti ('rischio zero','garantito','zero multe').",In Manifattura c'e' un obbligo che in tanti scoprono solo con la sanzione,"Quello che l'ispettore controlla per primo in Manifattura (e quasi nessuno lo sa)

In manifattura gli adempimenti obbligatori non aspettano: Infestanti, Formazione specifica, Registro, Rintracciabilita, DPI, Corso, Documento, MMC, Emergenze/Incendio, Rifiuti, Allergeni. In questa pagina TALES OF SICURIX il PERICOLO prende forma... e il METODO81+ lo rimette in ordine, passo dopo passo. Immagina la scena: prima il caos, poi la checklist che sistema tutto. Mettere ordine ora costa poco. Rimediare dopo costa caro.
👉 Iscriviti al corso: Haccp - Corso responsabile industria alimentare -> https://81plus.net/?corso=haccp-corso-responsabile-industria-alimentare
▶️ YouTube: youtube.com/@sicurissimo
Contenuto informativo. Prima vedi. Poi sistemi. 81plus.net",Haccp - Corso responsabile industria alimentare,https://81plus.net/?corso=haccp-corso-responsabile-industria-alimentare,#TalesOfSicurix #SICURIX #Metodo81 #81plus #Sicurissimo #HACCP #Sicurezza #Privacy #Ambientale #SicurezzaSulLavoro,SICURIX_TALES_162500_19_2_22_17_8_15_0_21_10_7_26_20.webp,https://drive.google.com/drive/folders/1hICKXdl9JTZBL1pemG19oE_661z-EH_k,IMG_ERR
23.11.00,Manifattura,C,Sicurezza+Privacy+HACCP+Ambientale,11,Movimentazione Manuale Carichi | Procedura Data Breach | Lotta agli Infestanti (Pest Control) | Formazione GDPR | Gestione Rifiuti e Registro | Attrezzature e Macchine | Piano di Sanificazione | Stress Lavoro-Correlato | Informativa e Consensi | Controllo Temperature e Celle | Rintracciabilita ed Etichettatura,D.Lgs81/08 Tit.VI | GDPR art.33-34 | Reg.CE 852/2004 | GDPR art.32 | D.Lgs152/06 | D.Lgs81/08 Tit.III | D.Lgs81/08 art.28 | GDPR art.13 | Reg.CE 178/2002,"CONSENSIX>CAOSIX, LUXPECTORIX>CAOSIX, CHECKIX>SPORCKIX, HYGIENIX>LEAKIX, LUXPECTORIX>MULTIX, FORMIX>CHIMIKIX, CIFRIX>CROSSIX, FORMIX>IMPROVVISIX, BLINKIX>HACKIX, DOCUMIX>SPORCKIX, CONSENSIX>MESCOLIX","Crea una PAGINA A FUMETTI a STORIA COMPLETA, verticale A4 (1024x1536), QUALITA' EDITORIALE DA STAMPA, stile ufficiale 'SICURIX TALES' IDENTICO alle immagini di riferimento allegate (stessi personaggi a mattoncini 3D, stessa impaginazione, stessi colori, stesse rese): minifigure espressive, ambientazioni ricche e dettagliate del settore, luci morbide, profondita', bordi vignetta netti. IMPAGINAZIONE OBBLIGATORIA: da 10 a 12 VIGNETTE numerate che raccontano UNA STORIA con arco narrativo completo (1 situazione normale -> 2-4 arrivano i pericoli coi cattivi -> 5-6 tensione/conseguenza -> 7-9 arriva SICURIX con gli eroi e applica il METODO81+ passo per passo -> 10-11 risoluzione ordinata -> 12 finale). HEADER in alto: SICURIX (mantello, medaglione arancione '81+', bussola) che presenta in un fumetto; grande titolo 'SICURIX TALES'; sottotitolo 'MANIFATTURA: Pericolo vs Soluzione con Metodo 81+'; legenda 3 voci (verde Sicurezza, rosso Rischio, blu 81+ Soluzione); fila di EROI coi nomi: CONSENSIX, LUXPECTORIX, CHECKIX, HYGIENIX, FORMIX, CIFRIX. FOOTER in basso: grande 'Prima vedi. Poi sistemi.'; banner scudo verde 'PROTEGGIAMO. PREVENIAMO. MIGLIORIAMO.' e triangolo rosso 'DISATTENZIONE. RISCHI. COSTI. CAOS.'; logo '81+' + '81plus.net'. TRAMA (usa questi eventi come vignette; se sono meno di 10 aggiungi vignette di contesto, dialogo e reazione per arrivare a 10-12): 1) CAOSIX causa il pericolo 'MMC' (Movimentazione Manuale Carichi); poi CONSENSIX+SICURIX applicano il METODO81+; 2) CAOSIX causa il pericolo 'Data breach' (Procedura Data Breach); poi LUXPECTORIX+SICURIX applicano il METODO81+; 3) SPORCKIX causa il pericolo 'Infestanti' (Lotta agli Infestanti (Pest Control)); poi CHECKIX+SICURIX applicano il METODO81+; 4) LEAKIX causa il pericolo 'Formazione' (Formazione GDPR); poi HYGIENIX+SICURIX applicano il METODO81+; 5) MULTIX causa il pericolo 'Rifiuti' (Gestione Rifiuti e Registro); poi LUXPECTORIX+SICURIX applicano il METODO81+; 6) CHIMIKIX causa il pericolo 'Attrezzature' (Attrezzature e Macchine); poi FORMIX+SICURIX applicano il METODO81+; 7) CROSSIX causa il pericolo 'Sanificazione' (Piano di Sanificazione); poi CIFRIX+SICURIX applicano il METODO81+; 8) IMPROVVISIX causa il pericolo 'Stress' (Stress Lavoro-Correlato); poi FORMIX+SICURIX applicano il METODO81+; 9) HACKIX causa il pericolo 'Documento' (Informativa e Consensi); poi BLINKIX+SICURIX applicano il METODO81+; 10) SPORCKIX causa il pericolo 'Temperature' (Controllo Temperature e Celle); poi DOCUMIX+SICURIX applicano il METODO81+; 11) MESCOLIX causa il pericolo 'Rintracciabilita' (Rintracciabilita ed Etichettatura); poi CONSENSIX+SICURIX applicano il METODO81+. PALETTE BRAND ESCLUSIVA: nero #05050A, bianco panna, arancione #FF6A1A/#E8501A; ROSSO solo per 'PERICOLO', VERDE per la checklist 'Metodo 81+'. Logo '81+' ben visibile in OGNI vignetta. REGOLA STORIA: SICURIX NON agisce mai da solo - in OGNI vignetta di soluzione si fa AIUTARE dai suoi colleghi EROI (lavoro di squadra, ognuno col suo ruolo). TESTO: didascalie e fumetti MOLTO BREVI (1-4 parole), GRANDI, centrati, in ITALIANO con ORTOGRAFIA PERFETTA, senza parole inventate, lettere doppie errate o testo tagliato. CATTIVI (coerenti col canone): CAOSIX, SPORCKIX, LEAKIX, MULTIX, CHIMIKIX, CROSSIX, IMPROVVISIX, HACKIX, MESCOLIX. EROI: CONSENSIX, LUXPECTORIX, CHECKIX, HYGIENIX, FORMIX, CIFRIX, BLINKIX, DOCUMIX. NEGATIVE: nessun marchio LEGO reale, nessun personaggio protetto (Asterix ecc.), niente gore/horror, niente claim assoluti ('rischio zero','garantito','zero multe').",In Manifattura c'e' un obbligo che in tanti scoprono solo con la sanzione,"Manifattura: 3 minuti oggi o un problema enorme domani. Scegli tu.

In manifattura gli adempimenti obbligatori non aspettano: MMC, Data breach, Infestanti, Formazione, Rifiuti, Attrezzature, Sanificazione, Stress, Documento, Temperature, Rintracciabilita. In questa pagina TALES OF SICURIX il PERICOLO prende forma... e il METODO81+ lo rimette in ordine, passo dopo passo. Immagina la scena: prima il caos, poi la checklist che sistema tutto. Non e' burocrazia: e' la tua tranquillita.
👉 Iscriviti al corso: Corso RSPP Datore di Lavoro : Movimentazione manuale carichi -> https://81plus.net/?corso=corso-rspp-datore-di-lavoro-movimentazione-manuale-carichi
▶️ YouTube: youtube.com/@sicurissimo
Contenuto informativo. Prima vedi. Poi sistemi. 81plus.net",Corso RSPP Datore di Lavoro : Movimentazione manuale carichi,https://81plus.net/?corso=corso-rspp-datore-di-lavoro-movimentazione-manuale-carichi,#TalesOfSicurix #SICURIX #Metodo81 #81plus #Sicurissimo #Sicurezza #Privacy #HACCP #Ambientale #SicurezzaSulLavoro,SICURIX_TALES_231100_10_25_19_24_26_13_16_11_21_18_17.webp,https://drive.google.com/drive/folders/1hICKXdl9JTZBL1pemG19oE_661z-EH_k,IMG_ERR
66.19.21,Immobiliare,L,Sicurezza+Privacy,10,Addetto Primo Soccorso | Addetto Antincendio | Formazione GDPR | Informativa e Consensi | Rappresentante Lavoratori Sicurezza (RLS) | Formazione Generale Lavoratori | Procedura Data Breach | Formazione Specifica (rischio basso) | Registro dei Trattamenti | Formazione Preposto,DM 388/2003 | DM 2/9/2021 | GDPR art.32 | GDPR art.13 | D.Lgs81/08 art.47 | Accordo Stato-Regioni | GDPR art.33-34 | GDPR art.30 | D.Lgs81/08 art.37,"PREPOSTIX>IMPROVVISIX, CHEFIX>SCHIACCIX, SCUDIX>MULTIX, HYGIENIX>IMPROVVISIX, DOCUMIX>FRETTIX, FORMIX>VIBRIX, PREPOSTIX>LEAKIX, CHEFIX>BIOXIX, PRIVACIX>FRETTIX, DOCUMIX>NONDPIX","Crea una PAGINA A FUMETTI a STORIA COMPLETA, verticale A4 (1024x1536), QUALITA' EDITORIALE DA STAMPA, stile ufficiale 'SICURIX TALES' IDENTICO alle immagini di riferimento allegate (stessi personaggi a mattoncini 3D, stessa impaginazione, stessi colori, stesse rese): minifigure espressive, ambientazioni ricche e dettagliate del settore, luci morbide, profondita', bordi vignetta netti. IMPAGINAZIONE OBBLIGATORIA: da 10 a 12 VIGNETTE numerate che raccontano UNA STORIA con arco narrativo completo (1 situazione normale -> 2-4 arrivano i pericoli coi cattivi -> 5-6 tensione/conseguenza -> 7-9 arriva SICURIX con gli eroi e applica il METODO81+ passo per passo -> 10-11 risoluzione ordinata -> 12 finale). HEADER in alto: SICURIX (mantello, medaglione arancione '81+', bussola) che presenta in un fumetto; grande titolo 'SICURIX TALES'; sottotitolo 'IMMOBILIARE: Pericolo vs Soluzione con Metodo 81+'; legenda 3 voci (verde Sicurezza, rosso Rischio, blu 81+ Soluzione); fila di EROI coi nomi: PREPOSTIX, CHEFIX, SCUDIX, HYGIENIX, DOCUMIX, FORMIX. FOOTER in basso: grande 'Prima vedi. Poi sistemi.'; banner scudo verde 'PROTEGGIAMO. PREVENIAMO. MIGLIORIAMO.' e triangolo rosso 'DISATTENZIONE. RISCHI. COSTI. CAOS.'; logo '81+' + '81plus.net'. TRAMA (usa questi eventi come vignette; se sono meno di 10 aggiungi vignette di contesto, dialogo e reazione per arrivare a 10-12): 1) IMPROVVISIX causa il pericolo 'Emergenze/Soccorso' (Addetto Primo Soccorso); poi PREPOSTIX+SICURIX applicano il METODO81+; 2) SCHIACCIX causa il pericolo 'Emergenze/Incendio' (Addetto Antincendio); poi CHEFIX+SICURIX applicano il METODO81+; 3) MULTIX causa il pericolo 'Formazione' (Formazione GDPR); poi SCUDIX+SICURIX applicano il METODO81+; 4) IMPROVVISIX causa il pericolo 'Documento' (Informativa e Consensi); poi HYGIENIX+SICURIX applicano il METODO81+; 5) FRETTIX causa il pericolo 'Ruolo/RLS' (Rappresentante Lavoratori Sicurezza (RLS)); poi DOCUMIX+SICURIX applicano il METODO81+; 6) VIBRIX causa il pericolo 'Formazione base' (Formazione Generale Lavoratori); poi FORMIX+SICURIX applicano il METODO81+; 7) LEAKIX causa il pericolo 'Data breach' (Procedura Data Breach); poi PREPOSTIX+SICURIX applicano il METODO81+; 8) BIOXIX causa il pericolo 'Formazione specifica' (Formazione Specifica (rischio basso)); poi CHEFIX+SICURIX applicano il METODO81+; 9) FRETTIX causa il pericolo 'Registro' (Registro dei Trattamenti); poi PRIVACIX+SICURIX applicano il METODO81+; 10) NONDPIX causa il pericolo 'Ruolo/Preposto' (Formazione Preposto); poi DOCUMIX+SICURIX applicano il METODO81+. PALETTE BRAND ESCLUSIVA: nero #05050A, bianco panna, arancione #FF6A1A/#E8501A; ROSSO solo per 'PERICOLO', VERDE per la checklist 'Metodo 81+'. Logo '81+' ben visibile in OGNI vignetta. REGOLA STORIA: SICURIX NON agisce mai da solo - in OGNI vignetta di soluzione si fa AIUTARE dai suoi colleghi EROI (lavoro di squadra, ognuno col suo ruolo). TESTO: didascalie e fumetti MOLTO BREVI (1-4 parole), GRANDI, centrati, in ITALIANO con ORTOGRAFIA PERFETTA, senza parole inventate, lettere doppie errate o testo tagliato. CATTIVI (coerenti col canone): IMPROVVISIX, SCHIACCIX, MULTIX, FRETTIX, VIBRIX, LEAKIX, BIOXIX, NONDPIX. EROI: PREPOSTIX, CHEFIX, SCUDIX, HYGIENIX, DOCUMIX, FORMIX, PRIVACIX. NEGATIVE: nessun marchio LEGO reale, nessun personaggio protetto (Asterix ecc.), niente gore/horror, niente claim assoluti ('rischio zero','garantito','zero multe').",In Immobiliare c'e' un obbligo che in tanti scoprono solo con la sanzione,"La differenza tra chi in Immobiliare dorme sereno e chi trema al controllo

In immobiliare gli adempimenti obbligatori non aspettano: Emergenze/Soccorso, Emergenze/Incendio, Formazione, Documento, Ruolo/RLS, Formazione base, Data breach, Formazione specifica, Registro, Ruolo/Preposto. In questa pagina TALES OF SICURIX il PERICOLO prende forma... e il METODO81+ lo rimette in ordine, passo dopo passo. Immagina la scena: prima il caos, poi la checklist che sistema tutto. Non e' burocrazia: e' la tua tranquillita.
👉 Iscriviti al corso: Corso Primo Soccorso (A-B-C) -> https://81plus.net/?corso=corso-primo-soccorso-a-b-c
▶️ YouTube: youtube.com/@sicurissimo
Contenuto informativo. Prima vedi. Poi sistemi. 81plus.net",Corso Primo Soccorso (A-B-C),https://81plus.net/?corso=corso-primo-soccorso-a-b-c,#TalesOfSicurix #SICURIX #Metodo81 #81plus #Sicurissimo #Sicurezza #Privacy #SicurezzaSulLavoro,SICURIX_TALES_661921_6_7_13_10_4_1_14_2_11_3.webp,https://drive.google.com/drive/folders/1hICKXdl9JTZBL1pemG19oE_661z-EH_k,IMG_ERR
68.32.09,Attivita professionali,M,Privacy+Sicurezza,12,Nomina Incaricati/Responsabili | Addetto Primo Soccorso | Addetto Antincendio | Informativa e Consensi | Procedura Data Breach | Formazione Preposto | Formazione Generale Lavoratori | Registro dei Trattamenti | Formazione Specifica (rischio basso) | Rappresentante Lavoratori Sicurezza (RLS) | RSPP / Datore di Lavoro RSPP | Uso e Formazione DPI,GDPR art.28-29 | DM 388/2003 | DM 2/9/2021 | GDPR art.13 | GDPR art.33-34 | D.Lgs81/08 art.37 | Accordo Stato-Regioni | GDPR art.30 | D.Lgs81/08 art.47 | D.Lgs81/08 art.34 | D.Lgs81/08 art.77,"TRACCIX>PHISHIX, PRIVACIX>NONDPIX, LUXPECTORIX>SEGNALEX, LUXPECTORIX>CANCELIX, CIFRIX>PHISHIX, CIFRIX>FUMIX, DOCUMIX>CADUTIX, SCUDIX>CAOSIX, PRIVACIX>IMPROVVISIX, CHECKIX>CHIMIKIX, CONSENSIX>RUMORIX, DOCUMIX>SCHIACCIX","Crea una PAGINA A FUMETTI a STORIA COMPLETA, verticale A4 (1024x1536), QUALITA' EDITORIALE DA STAMPA, stile ufficiale 'SICURIX TALES' IDENTICO alle immagini di riferimento allegate (stessi personaggi a mattoncini 3D, stessa impaginazione, stessi colori, stesse rese): minifigure espressive, ambientazioni ricche e dettagliate del settore, luci morbide, profondita', bordi vignetta netti. IMPAGINAZIONE OBBLIGATORIA: da 10 a 12 VIGNETTE numerate che raccontano UNA STORIA con arco narrativo completo (1 situazione normale -> 2-4 arrivano i pericoli coi cattivi -> 5-6 tensione/conseguenza -> 7-9 arriva SICURIX con gli eroi e applica il METODO81+ passo per passo -> 10-11 risoluzione ordinata -> 12 finale). HEADER in alto: SICURIX (mantello, medaglione arancione '81+', bussola) che presenta in un fumetto; grande titolo 'SICURIX TALES'; sottotitolo 'ATTIVITA PROFESSIONALI: Pericolo vs Soluzione con Metodo 81+'; legenda 3 voci (verde Sicurezza, rosso Rischio, blu 81+ Soluzione); fila di EROI coi nomi: TRACCIX, PRIVACIX, LUXPECTORIX, CIFRIX, DOCUMIX, SCUDIX. FOOTER in basso: grande 'Prima vedi. Poi sistemi.'; banner scudo verde 'PROTEGGIAMO. PREVENIAMO. MIGLIORIAMO.' e triangolo rosso 'DISATTENZIONE. RISCHI. COSTI. CAOS.'; logo '81+' + '81plus.net'. TRAMA (usa questi eventi come vignette; se sono meno di 10 aggiungi vignette di contesto, dialogo e reazione per arrivare a 10-12): 1) PHISHIX causa il pericolo 'Nomine' (Nomina Incaricati/Responsabili); poi TRACCIX+SICURIX applicano il METODO81+; 2) NONDPIX causa il pericolo 'Emergenze/Soccorso' (Addetto Primo Soccorso); poi PRIVACIX+SICURIX applicano il METODO81+; 3) SEGNALEX causa il pericolo 'Emergenze/Incendio' (Addetto Antincendio); poi LUXPECTORIX+SICURIX applicano il METODO81+; 4) CANCELIX causa il pericolo 'Documento' (Informativa e Consensi); poi LUXPECTORIX+SICURIX applicano il METODO81+; 5) PHISHIX causa il pericolo 'Data breach' (Procedura Data Breach); poi CIFRIX+SICURIX applicano il METODO81+; 6) FUMIX causa il pericolo 'Ruolo/Preposto' (Formazione Preposto); poi CIFRIX+SICURIX applicano il METODO81+; 7) CADUTIX causa il pericolo 'Formazione base' (Formazione Generale Lavoratori); poi DOCUMIX+SICURIX applicano il METODO81+; 8) CAOSIX causa il pericolo 'Registro' (Registro dei Trattamenti); poi SCUDIX+SICURIX applicano il METODO81+; 9) IMPROVVISIX causa il pericolo 'Formazione specifica' (Formazione Specifica (rischio basso)); poi PRIVACIX+SICURIX applicano il METODO81+; 10) CHIMIKIX causa il pericolo 'Ruolo/RLS' (Rappresentante Lavoratori Sicurezza (RLS)); poi CHECKIX+SICURIX applicano il METODO81+; 11) RUMORIX causa il pericolo 'Ruolo/RSPP' (RSPP / Datore di Lavoro RSPP); poi CONSENSIX+SICURIX applicano il METODO81+; 12) SCHIACCIX causa il pericolo 'DPI' (Uso e Formazione DPI); poi DOCUMIX+SICURIX applicano il METODO81+. PALETTE BRAND ESCLUSIVA: nero #05050A, bianco panna, arancione #FF6A1A/#E8501A; ROSSO solo per 'PERICOLO', VERDE per la checklist 'Metodo 81+'. Logo '81+' ben visibile in OGNI vignetta. REGOLA STORIA: SICURIX NON agisce mai da solo - in OGNI vignetta di soluzione si fa AIUTARE dai suoi colleghi EROI (lavoro di squadra, ognuno col suo ruolo). TESTO: didascalie e fumetti MOLTO BREVI (1-4 parole), GRANDI, centrati, in ITALIANO con ORTOGRAFIA PERFETTA, senza parole inventate, lettere doppie errate o testo tagliato. CATTIVI (coerenti col canone): PHISHIX, NONDPIX, SEGNALEX, CANCELIX, FUMIX, CADUTIX, CAOSIX, IMPROVVISIX, CHIMIKIX, RUMORIX, SCHIACCIX. EROI: TRACCIX, PRIVACIX, LUXPECTORIX, CIFRIX, DOCUMIX, SCUDIX, CHECKIX, CONSENSIX. NEGATIVE: nessun marchio LEGO reale, nessun personaggio protetto (Asterix ecc.), niente gore/horror, niente claim assoluti ('rischio zero','garantito','zero multe').",In Attivita professionali c'e' un obbligo che in tanti scoprono solo con la sanzione,"Quello che l'ispettore controlla per primo in Attivita professionali (e quasi nessuno lo sa)

In attivita professionali gli adempimenti obbligatori non aspettano: Nomine, Emergenze/Soccorso, Emergenze/Incendio, Documento, Data breach, Ruolo/Preposto, Formazione base, Registro, Formazione specifica, Ruolo/RLS, Ruolo/RSPP, DPI. In questa pagina TALES OF SICURIX il PERICOLO prende forma... e il METODO81+ lo rimette in ordine, passo dopo passo. Immagina la scena: prima il caos, poi la checklist che sistema tutto. Mettere ordine ora costa poco. Rimediare dopo costa caro.
👉 Iscriviti al corso: Corso privacy destinato ai lavoratori -> https://81plus.net/?corso=corso-privacy-destinato-ai-lavoratori
▶️ YouTube: youtube.com/@sicurissimo
Contenuto informativo. Prima vedi. Poi sistemi. 81plus.net",Corso privacy destinato ai lavoratori,https://81plus.net/?corso=corso-privacy-destinato-ai-lavoratori,#TalesOfSicurix #SICURIX #Metodo81 #81plus #Sicurissimo #Privacy #Sicurezza #SicurezzaSulLavoro,SICURIX_TALES_683209_11_6_7_9_13_3_1_10_2_4_5_8.webp,https://drive.google.com/drive/folders/1hICKXdl9JTZBL1pemG19oE_661z-EH_k,IMG_ERR
22.11.10,Manifattura,C,Sicurezza+Privacy+HACCP+Ambientale,11,Stress Lavoro-Correlato | Rappresentante Lavoratori Sicurezza (RLS) | Nomina Incaricati/Responsabili | Formazione Preposto | Formazione GDPR | Attrezzature e Macchine | Lotta agli Infestanti (Pest Control) | RSPP / Datore di Lavoro RSPP | Rintracciabilita ed Etichettatura | Formazione Ambientale | Corso Alimentarista,D.Lgs81/08 art.28 | D.Lgs81/08 art.47 | GDPR art.28-29 | D.Lgs81/08 art.37 | GDPR art.32 | D.Lgs81/08 Tit.III | Reg.CE 852/2004 | D.Lgs81/08 art.34 | Reg.CE 178/2002 | D.Lgs152/06,"SCUDIX>CHIMIKIX, CIFRIX>CADUTIX, CHEFIX>RISKIX, SCUDIX>FRETTIX, BLINKIX>CAOSIX, CONSENSIX>BIOXIX, PRIVACIX>OBLIVIX, FORMIX>CHIMIKIX, CHEFIX>CAOSIX, SICURIX>CAOSIX, CHEFIX>FRETTIX","Crea una PAGINA A FUMETTI a STORIA COMPLETA, verticale A4 (1024x1536), QUALITA' EDITORIALE DA STAMPA, stile ufficiale 'SICURIX TALES' IDENTICO alle immagini di riferimento allegate (stessi personaggi a mattoncini 3D, stessa impaginazione, stessi colori, stesse rese): minifigure espressive, ambientazioni ricche e dettagliate del settore, luci morbide, profondita', bordi vignetta netti. IMPAGINAZIONE OBBLIGATORIA: da 10 a 12 VIGNETTE numerate che raccontano UNA STORIA con arco narrativo completo (1 situazione normale -> 2-4 arrivano i pericoli coi cattivi -> 5-6 tensione/conseguenza -> 7-9 arriva SICURIX con gli eroi e applica il METODO81+ passo per passo -> 10-11 risoluzione ordinata -> 12 finale). HEADER in alto: SICURIX (mantello, medaglione arancione '81+', bussola) che presenta in un fumetto; grande titolo 'SICURIX TALES'; sottotitolo 'MANIFATTURA: Pericolo vs Soluzione con Metodo 81+'; legenda 3 voci (verde Sicurezza, rosso Rischio, blu 81+ Soluzione); fila di EROI coi nomi: SCUDIX, CIFRIX, CHEFIX, BLINKIX, CONSENSIX, PRIVACIX. FOOTER in basso: grande 'Prima vedi. Poi sistemi.'; banner scudo verde 'PROTEGGIAMO. PREVENIAMO. MIGLIORIAMO.' e triangolo rosso 'DISATTENZIONE. RISCHI. COSTI. CAOS.'; logo '81+' + '81plus.net'. TRAMA (usa questi eventi come vignette; se sono meno di 10 aggiungi vignette di contesto, dialogo e reazione per arrivare a 10-12): 1) CHIMIKIX causa il pericolo 'Stress' (Stress Lavoro-Correlato); poi SCUDIX+SICURIX applicano il METODO81+; 2) CADUTIX causa il pericolo 'Ruolo/RLS' (Rappresentante Lavoratori Sicurezza (RLS)); poi CIFRIX+SICURIX applicano il METODO81+; 3) RISKIX causa il pericolo 'Nomine' (Nomina Incaricati/Responsabili); poi CHEFIX+SICURIX applicano il METODO81+; 4) FRETTIX causa il pericolo 'Ruolo/Preposto' (Formazione Preposto); poi SCUDIX+SICURIX applicano il METODO81+; 5) CAOSIX causa il pericolo 'Formazione' (Formazione GDPR); poi BLINKIX+SICURIX applicano il METODO81+; 6) BIOXIX causa il pericolo 'Attrezzature' (Attrezzature e Macchine); poi CONSENSIX+SICURIX applicano il METODO81+; 7) OBLIVIX causa il pericolo 'Infestanti' (Lotta agli Infestanti (Pest Control)); poi PRIVACIX+SICURIX applicano il METODO81+; 8) CHIMIKIX causa il pericolo 'Ruolo/RSPP' (RSPP / Datore di Lavoro RSPP); poi FORMIX+SICURIX applicano il METODO81+; 9) CAOSIX causa il pericolo 'Rintracciabilita' (Rintracciabilita ed Etichettatura); poi CHEFIX+SICURIX applicano il METODO81+; 10) CAOSIX causa il pericolo 'Formazione' (Formazione Ambientale); poi SICURIX+SICURIX applicano il METODO81+; 11) FRETTIX causa il pericolo 'Corso' (Corso Alimentarista); poi CHEFIX+SICURIX applicano il METODO81+. PALETTE BRAND ESCLUSIVA: nero #05050A, bianco panna, arancione #FF6A1A/#E8501A; ROSSO solo per 'PERICOLO', VERDE per la checklist 'Metodo 81+'. Logo '81+' ben visibile in OGNI vignetta. REGOLA STORIA: SICURIX NON agisce mai da solo - in OGNI vignetta di soluzione si fa AIUTARE dai suoi colleghi EROI (lavoro di squadra, ognuno col suo ruolo). TESTO: didascalie e fumetti MOLTO BREVI (1-4 parole), GRANDI, centrati, in ITALIANO con ORTOGRAFIA PERFETTA, senza parole inventate, lettere doppie errate o testo tagliato. CATTIVI (coerenti col canone): CHIMIKIX, CADUTIX, RISKIX, FRETTIX, CAOSIX, BIOXIX, OBLIVIX. EROI: SCUDIX, CIFRIX, CHEFIX, BLINKIX, CONSENSIX, PRIVACIX, FORMIX, SICURIX. NEGATIVE: nessun marchio LEGO reale, nessun personaggio protetto (Asterix ecc.), niente gore/horror, niente claim assoluti ('rischio zero','garantito','zero multe').",Quello che l'ispettore controlla per primo in Manifattura (e quasi nessuno lo sa),"La differenza tra chi in Manifattura dorme sereno e chi trema al controllo

In manifattura gli adempimenti obbligatori non aspettano: Stress, Ruolo/RLS, Nomine, Ruolo/Preposto, Formazione, Attrezzature, Infestanti, Ruolo/RSPP, Rintracciabilita, Corso. In questa pagina TALES OF SICURIX il PERICOLO prende forma... e il METODO81+ lo rimette in ordine, passo dopo passo. Immagina la scena: prima il caos, poi la checklist che sistema tutto. Non e' burocrazia: e' la tua tranquillita.
👉 Iscriviti al corso: Rischio stress lavoro correlato -> https://81plus.net/?corso=rischio-stress-lavoro-correlato
▶️ YouTube: youtube.com/@sicurissimo
Contenuto informativo. Prima vedi. Poi sistemi. 81plus.net",Rischio stress lavoro correlato,https://81plus.net/?corso=rischio-stress-lavoro-correlato,#TalesOfSicurix #SICURIX #Metodo81 #81plus #Sicurissimo #Sicurezza #Privacy #HACCP #Ambientale #SicurezzaSulLavoro,SICURIX_TALES_221110_11_4_23_3_24_13_19_5_17_27_15.webp,https://drive.google.com/drive/folders/1hICKXdl9JTZBL1pemG19oE_661z-EH_k,IMG_ERR
49.11.00,Trasporti/Magazzino,H,Sicurezza+Privacy+Ambientale,10,Rischio Rumore | Attrezzature e Macchine | RSPP / Datore di Lavoro RSPP | Registro dei Trattamenti | Rappresentante Lavoratori Sicurezza (RLS) | Procedura Data Breach | Movimentazione Manuale Carichi | Formazione Generale Lavoratori | Gestione Rifiuti e Registro | Nomina Incaricati/Responsabili,D.Lgs81/08 Tit.VIII | D.Lgs81/08 Tit.III | D.Lgs81/08 art.34 | GDPR art.30 | D.Lgs81/08 art.47 | GDPR art.33-34 | D.Lgs81/08 Tit.VI | Accordo Stato-Regioni | D.Lgs152/06 | GDPR art.28-29,"PRIVACIX>RISKIX, FORMIX>SCHIACCIX, TRACCIX>OBLIVIX, CHECKIX>IMPROVVISIX, SICURIX>OBLIVIX, CONSENSIX>PHISHIX, BLINKIX>RISKIX, HYGIENIX>VOLTIX, CIFRIX>MULTIX, CHECKIX>HACKIX","Crea una PAGINA A FUMETTI a STORIA COMPLETA, verticale A4 (1024x1536), QUALITA' EDITORIALE DA STAMPA, stile ufficiale 'SICURIX TALES' IDENTICO alle immagini di riferimento allegate (stessi personaggi a mattoncini 3D, stessa impaginazione, stessi colori, stesse rese): minifigure espressive, ambientazioni ricche e dettagliate del settore, luci morbide, profondita', bordi vignetta netti. IMPAGINAZIONE OBBLIGATORIA: da 10 a 12 VIGNETTE numerate che raccontano UNA STORIA con arco narrativo completo (1 situazione normale -> 2-4 arrivano i pericoli coi cattivi -> 5-6 tensione/conseguenza -> 7-9 arriva SICURIX con gli eroi e applica il METODO81+ passo per passo -> 10-11 risoluzione ordinata -> 12 finale). HEADER in alto: SICURIX (mantello, medaglione arancione '81+', bussola) che presenta in un fumetto; grande titolo 'SICURIX TALES'; sottotitolo 'TRASPORTI/MAGAZZINO: Pericolo vs Soluzione con Metodo 81+'; legenda 3 voci (verde Sicurezza, rosso Rischio, blu 81+ Soluzione); fila di EROI coi nomi: PRIVACIX, FORMIX, TRACCIX, CHECKIX, SICURIX, CONSENSIX. FOOTER in basso: grande 'Prima vedi. Poi sistemi.'; banner scudo verde 'PROTEGGIAMO. PREVENIAMO. MIGLIORIAMO.' e triangolo rosso 'DISATTENZIONE. RISCHI. COSTI. CAOS.'; logo '81+' + '81plus.net'. TRAMA (usa questi eventi come vignette; se sono meno di 10 aggiungi vignette di contesto, dialogo e reazione per arrivare a 10-12): 1) RISKIX causa il pericolo 'Rumore' (Rischio Rumore); poi PRIVACIX+SICURIX applicano il METODO81+; 2) SCHIACCIX causa il pericolo 'Attrezzature' (Attrezzature e Macchine); poi FORMIX+SICURIX applicano il METODO81+; 3) OBLIVIX causa il pericolo 'Ruolo/RSPP' (RSPP / Datore di Lavoro RSPP); poi TRACCIX+SICURIX applicano il METODO81+; 4) IMPROVVISIX causa il pericolo 'Registro' (Registro dei Trattamenti); poi CHECKIX+SICURIX applicano il METODO81+; 5) OBLIVIX causa il pericolo 'Ruolo/RLS' (Rappresentante Lavoratori Sicurezza (RLS)); poi SICURIX+SICURIX applicano il METODO81+; 6) PHISHIX causa il pericolo 'Data breach' (Procedura Data Breach); poi CONSENSIX+SICURIX applicano il METODO81+; 7) RISKIX causa il pericolo 'MMC' (Movimentazione Manuale Carichi); poi BLINKIX+SICURIX applicano il METODO81+; 8) VOLTIX causa il pericolo 'Formazione base' (Formazione Generale Lavoratori); poi HYGIENIX+SICURIX applicano il METODO81+; 9) MULTIX causa il pericolo 'Rifiuti' (Gestione Rifiuti e Registro); poi CIFRIX+SICURIX applicano il METODO81+; 10) HACKIX causa il pericolo 'Nomine' (Nomina Incaricati/Responsabili); poi CHECKIX+SICURIX applicano il METODO81+. PALETTE BRAND ESCLUSIVA: nero #05050A, bianco panna, arancione #FF6A1A/#E8501A; ROSSO solo per 'PERICOLO', VERDE per la checklist 'Metodo 81+'. Logo '81+' ben visibile in OGNI vignetta. REGOLA STORIA: SICURIX NON agisce mai da solo - in OGNI vignetta di soluzione si fa AIUTARE dai suoi colleghi EROI (lavoro di squadra, ognuno col suo ruolo). TESTO: didascalie e fumetti MOLTO BREVI (1-4 parole), GRANDI, centrati, in ITALIANO con ORTOGRAFIA PERFETTA, senza parole inventate, lettere doppie errate o testo tagliato. CATTIVI (coerenti col canone): RISKIX, SCHIACCIX, OBLIVIX, IMPROVVISIX, PHISHIX, VOLTIX, MULTIX, HACKIX. EROI: PRIVACIX, FORMIX, TRACCIX, CHECKIX, SICURIX, CONSENSIX, BLINKIX, HYGIENIX, CIFRIX. NEGATIVE: nessun marchio LEGO reale, nessun personaggio protetto (Asterix ecc.), niente gore/horror, niente claim assoluti ('rischio zero','garantito','zero multe').","In Trasporti/Magazzino non e' 'se' arriva il controllo, e' 'quando'. Sei pronto?","Quello che l'ispettore controlla per primo in Trasporti/Magazzino (e quasi nessuno lo sa)

In trasporti/magazzino gli adempimenti obbligatori non aspettano: Rumore, Attrezzature, Ruolo/RSPP, Registro, Ruolo/RLS, Data breach, MMC, Formazione base, Rifiuti, Nomine. In questa pagina TALES OF SICURIX il PERICOLO prende forma... e il METODO81+ lo rimette in ordine, passo dopo passo. Immagina la scena: prima il caos, poi la checklist che sistema tutto. La regola c'e' gia': tu falla lavorare per te.
👉 Iscriviti al corso: Corso RSPP Datore di Lavoro : rischio rumore -> https://81plus.net/?corso=corso-rspp-datore-di-lavoro-rischio-rumore
▶️ YouTube: youtube.com/@sicurissimo
Contenuto informativo. Prima vedi. Poi sistemi. 81plus.net",Corso RSPP Datore di Lavoro : rischio rumore,https://81plus.net/?corso=corso-rspp-datore-di-lavoro-rischio-rumore,#TalesOfSicurix #SICURIX #Metodo81 #81plus #Sicurissimo #Sicurezza #Privacy #Ambientale #SicurezzaSulLavoro,SICURIX_TALES_491100_12_13_5_16_4_19_10_1_20_17.webp,https://drive.google.com/drive/folders/1hICKXdl9JTZBL1pemG19oE_661z-EH_k,IMG_ERR
47.75.00,Commercio,G,Sicurezza+HACCP+Privacy,11,Formazione Generale Lavoratori | Documento Valutazione Rischi (DVR) | Formazione Specifica (rischio medio) | Addetto Antincendio | Rintracciabilita ed Etichettatura | Registro dei Trattamenti | Manuale HACCP di Autocontrollo | Lotta agli Infestanti (Pest Control) | Corso Alimentarista | Uso e Formazione DPI | Stress Lavoro-Correlato,Accordo Stato-Regioni | D.Lgs81/08 art.28 | DM 2/9/2021 | Reg.CE 178/2002 | GDPR art.30 | Reg.CE 852/2004 | D.Lgs81/08 art.77,"PREPOSTIX>TAGLIX, SICURIX>CADUTIX, PRIVACIX>BIOXIX, SICURIX>BIOXIX, ROBOTIX81>MESCOLIX, HYGIENIX>CANCELIX, HYGIENIX>ACQUAIX, FORMIX>OBLIVIX, HYGIENIX>MESCOLIX, SICURIX>MULTIX, HYGIENIX>RUMORIX","Crea una PAGINA A FUMETTI a STORIA COMPLETA, verticale A4 (1024x1536), QUALITA' EDITORIALE DA STAMPA, stile ufficiale 'SICURIX TALES' IDENTICO alle immagini di riferimento allegate (stessi personaggi a mattoncini 3D, stessa impaginazione, stessi colori, stesse rese): minifigure espressive, ambientazioni ricche e dettagliate del settore, luci morbide, profondita', bordi vignetta netti. IMPAGINAZIONE OBBLIGATORIA: da 10 a 12 VIGNETTE numerate che raccontano UNA STORIA con arco narrativo completo (1 situazione normale -> 2-4 arrivano i pericoli coi cattivi -> 5-6 tensione/conseguenza -> 7-9 arriva SICURIX con gli eroi e applica il METODO81+ passo per passo -> 10-11 risoluzione ordinata -> 12 finale). HEADER in alto: SICURIX (mantello, medaglione arancione '81+', bussola) che presenta in un fumetto; grande titolo 'SICURIX TALES'; sottotitolo 'COMMERCIO: Pericolo vs Soluzione con Metodo 81+'; legenda 3 voci (verde Sicurezza, rosso Rischio, blu 81+ Soluzione); fila di EROI coi nomi: PREPOSTIX, SICURIX, PRIVACIX, ROBOTIX81, HYGIENIX, FORMIX. FOOTER in basso: grande 'Prima vedi. Poi sistemi.'; banner scudo verde 'PROTEGGIAMO. PREVENIAMO. MIGLIORIAMO.' e triangolo rosso 'DISATTENZIONE. RISCHI. COSTI. CAOS.'; logo '81+' + '81plus.net'. TRAMA (usa questi eventi come vignette; se sono meno di 10 aggiungi vignette di contesto, dialogo e reazione per arrivare a 10-12): 1) TAGLIX causa il pericolo 'Formazione base' (Formazione Generale Lavoratori); poi PREPOSTIX+SICURIX applicano il METODO81+; 2) CADUTIX causa il pericolo 'Documento' (Documento Valutazione Rischi (DVR)); poi SICURIX+SICURIX applicano il METODO81+; 3) BIOXIX causa il pericolo 'Formazione specifica' (Formazione Specifica (rischio medio)); poi PRIVACIX+SICURIX applicano il METODO81+; 4) BIOXIX causa il pericolo 'Emergenze/Incendio' (Addetto Antincendio); poi SICURIX+SICURIX applicano il METODO81+; 5) MESCOLIX causa il pericolo 'Rintracciabilita' (Rintracciabilita ed Etichettatura); poi ROBOTIX81+SICURIX applicano il METODO81+; 6) CANCELIX causa il pericolo 'Registro' (Registro dei Trattamenti); poi HYGIENIX+SICURIX applicano il METODO81+; 7) ACQUAIX causa il pericolo 'Documento' (Manuale HACCP di Autocontrollo); poi HYGIENIX+SICURIX applicano il METODO81+; 8) OBLIVIX causa il pericolo 'Infestanti' (Lotta agli Infestanti (Pest Control)); poi FORMIX+SICURIX applicano il METODO81+; 9) MESCOLIX causa il pericolo 'Corso' (Corso Alimentarista); poi HYGIENIX+SICURIX applicano il METODO81+; 10) MULTIX causa il pericolo 'DPI' (Uso e Formazione DPI); poi SICURIX+SICURIX applicano il METODO81+; 11) RUMORIX causa il pericolo 'Stress' (Stress Lavoro-Correlato); poi HYGIENIX+SICURIX applicano il METODO81+. PALETTE BRAND ESCLUSIVA: nero #05050A, bianco panna, arancione #FF6A1A/#E8501A; ROSSO solo per 'PERICOLO', VERDE per la checklist 'Metodo 81+'. Logo '81+' ben visibile in OGNI vignetta. REGOLA STORIA: SICURIX NON agisce mai da solo - in OGNI vignetta di soluzione si fa AIUTARE dai suoi colleghi EROI (lavoro di squadra, ognuno col suo ruolo). TESTO: didascalie e fumetti MOLTO BREVI (1-4 parole), GRANDI, centrati, in ITALIANO con ORTOGRAFIA PERFETTA, senza parole inventate, lettere doppie errate o testo tagliato. CATTIVI (coerenti col canone): TAGLIX, CADUTIX, BIOXIX, MESCOLIX, CANCELIX, ACQUAIX, OBLIVIX, MULTIX, RUMORIX. EROI: PREPOSTIX, SICURIX, PRIVACIX, ROBOTIX81, HYGIENIX, FORMIX. NEGATIVE: nessun marchio LEGO reale, nessun personaggio protetto (Asterix ecc.), niente gore/horror, niente claim assoluti ('rischio zero','garantito','zero multe').","In Commercio non e' 'se' arriva il controllo, e' 'quando'. Sei pronto?","La differenza tra chi in Commercio dorme sereno e chi trema al controllo

In commercio gli adempimenti obbligatori non aspettano: Formazione base, Documento, Formazione specifica, Emergenze/Incendio, Rintracciabilita, Registro, Infestanti, Corso, DPI, Stress. In questa pagina TALES OF SICURIX il PERICOLO prende forma... e il METODO81+ lo rimette in ordine, passo dopo passo. Immagina la scena: prima il caos, poi la checklist che sistema tutto. Chi si mette in regola prima, dorme meglio dopo.
👉 Iscriviti al corso: Corso lavoratore parte GENERALE 4 ore -> https://81plus.net/?corso=corso-lavoratore-parte-generale-4-ore
▶️ YouTube: youtube.com/@sicurissimo
Contenuto informativo. Prima vedi. Poi sistemi. 81plus.net",Corso lavoratore parte GENERALE 4 ore,https://81plus.net/?corso=corso-lavoratore-parte-generale-4-ore,#TalesOfSicurix #SICURIX #Metodo81 #81plus #Sicurissimo #Sicurezza #HACCP #Privacy #SicurezzaSulLavoro,SICURIX_TALES_477500_1_0_2_7_15_20_12_17_13_8_11.webp,https://drive.google.com/drive/folders/1hICKXdl9JTZBL1pemG19oE_661z-EH_k,IMG_ERR
86.99.02,Arte/Sport,R,Sicurezza+HACCP+Privacy,10,Addetto Primo Soccorso | Lotta agli Infestanti (Pest Control) | Informativa e Consensi | Movimentazione Manuale Carichi | Uso e Formazione DPI | Registro dei Trattamenti | Formazione GDPR | Formazione Specifica (rischio medio) | Rintracciabilita ed Etichettatura | Addetto Antincendio,DM 388/2003 | Reg.CE 852/2004 | GDPR art.13 | D.Lgs81/08 Tit.VI | D.Lgs81/08 art.77 | GDPR art.30 | GDPR art.32 | Accordo Stato-Regioni | Reg.CE 178/2002 | DM 2/9/2021,"CHEFIX>TAGLIX, CIFRIX>RISKIX, CHEFIX>CANCELIX, CHECKIX>VIBRIX, PRIVACIX>CAOSIX, PREPOSTIX>CANCELIX, CIFRIX>HACKIX, LUXPECTORIX>SEGNALEX, PREPOSTIX>IMPROVVISIX, PRIVACIX>BIOXIX","Crea una PAGINA A FUMETTI a STORIA COMPLETA, verticale A4 (1024x1536), QUALITA' EDITORIALE DA STAMPA, stile ufficiale 'SICURIX TALES' IDENTICO alle immagini di riferimento allegate (stessi personaggi a mattoncini 3D, stessa impaginazione, stessi colori, stesse rese): minifigure espressive, ambientazioni ricche e dettagliate del settore, luci morbide, profondita', bordi vignetta netti. IMPAGINAZIONE OBBLIGATORIA: da 10 a 12 VIGNETTE numerate che raccontano UNA STORIA con arco narrativo completo (1 situazione normale -> 2-4 arrivano i pericoli coi cattivi -> 5-6 tensione/conseguenza -> 7-9 arriva SICURIX con gli eroi e applica il METODO81+ passo per passo -> 10-11 risoluzione ordinata -> 12 finale). HEADER in alto: SICURIX (mantello, medaglione arancione '81+', bussola) che presenta in un fumetto; grande titolo 'SICURIX TALES'; sottotitolo 'ARTE/SPORT: Pericolo vs Soluzione con Metodo 81+'; legenda 3 voci (verde Sicurezza, rosso Rischio, blu 81+ Soluzione); fila di EROI coi nomi: CHEFIX, CIFRIX, CHECKIX, PRIVACIX, PREPOSTIX, LUXPECTORIX. FOOTER in basso: grande 'Prima vedi. Poi sistemi.'; banner scudo verde 'PROTEGGIAMO. PREVENIAMO. MIGLIORIAMO.' e triangolo rosso 'DISATTENZIONE. RISCHI. COSTI. CAOS.'; logo '81+' + '81plus.net'. TRAMA (usa questi eventi come vignette; se sono meno di 10 aggiungi vignette di contesto, dialogo e reazione per arrivare a 10-12): 1) TAGLIX causa il pericolo 'Emergenze/Soccorso' (Addetto Primo Soccorso); poi CHEFIX+SICURIX applicano il METODO81+; 2) RISKIX causa il pericolo 'Infestanti' (Lotta agli Infestanti (Pest Control)); poi CIFRIX+SICURIX applicano il METODO81+; 3) CANCELIX causa il pericolo 'Documento' (Informativa e Consensi); poi CHEFIX+SICURIX applicano il METODO81+; 4) VIBRIX causa il pericolo 'MMC' (Movimentazione Manuale Carichi); poi CHECKIX+SICURIX applicano il METODO81+; 5) CAOSIX causa il pericolo 'DPI' (Uso e Formazione DPI); poi PRIVACIX+SICURIX applicano il METODO81+; 6) CANCELIX causa il pericolo 'Registro' (Registro dei Trattamenti); poi PREPOSTIX+SICURIX applicano il METODO81+; 7) HACKIX causa il pericolo 'Formazione' (Formazione GDPR); poi CIFRIX+SICURIX applicano il METODO81+; 8) SEGNALEX causa il pericolo 'Formazione specifica' (Formazione Specifica (rischio medio)); poi LUXPECTORIX+SICURIX applicano il METODO81+; 9) IMPROVVISIX causa il pericolo 'Rintracciabilita' (Rintracciabilita ed Etichettatura); poi PREPOSTIX+SICURIX applicano il METODO81+; 10) BIOXIX causa il pericolo 'Emergenze/Incendio' (Addetto Antincendio); poi PRIVACIX+SICURIX applicano il METODO81+. PALETTE BRAND ESCLUSIVA: nero #05050A, bianco panna, arancione #FF6A1A/#E8501A; ROSSO solo per 'PERICOLO', VERDE per la checklist 'Metodo 81+'. Logo '81+' ben visibile in OGNI vignetta. REGOLA STORIA: SICURIX NON agisce mai da solo - in OGNI vignetta di soluzione si fa AIUTARE dai suoi colleghi EROI (lavoro di squadra, ognuno col suo ruolo). TESTO: didascalie e fumetti MOLTO BREVI (1-4 parole), GRANDI, centrati, in ITALIANO con ORTOGRAFIA PERFETTA, senza parole inventate, lettere doppie errate o testo tagliato. CATTIVI (coerenti col canone): TAGLIX, RISKIX, CANCELIX, VIBRIX, CAOSIX, HACKIX, SEGNALEX, IMPROVVISIX, BIOXIX. EROI: CHEFIX, CIFRIX, CHECKIX, PRIVACIX, PREPOSTIX, LUXPECTORIX. NEGATIVE: nessun marchio LEGO reale, nessun personaggio protetto (Asterix ecc.), niente gore/horror, niente claim assoluti ('rischio zero','garantito','zero multe').",In Arte/Sport c'e' un obbligo che in tanti scoprono solo con la sanzione,"Arte/Sport: 3 minuti oggi o un problema enorme domani. Scegli tu.

In arte/sport gli adempimenti obbligatori non aspettano: Emergenze/Soccorso, Infestanti, Documento, MMC, DPI, Registro, Formazione, Formazione specifica, Rintracciabilita, Emergenze/Incendio. In questa pagina TALES OF SICURIX il PERICOLO prende forma... e il METODO81+ lo rimette in ordine, passo dopo passo. Immagina la scena: prima il caos, poi la checklist che sistema tutto. La regola c'e' gia': tu falla lavorare per te.
👉 Iscriviti al corso: Corso Primo Soccorso (A-B-C) -> https://81plus.net/?corso=corso-primo-soccorso-a-b-c
▶️ YouTube: youtube.com/@sicurissimo
Contenuto informativo. Prima vedi. Poi sistemi. 81plus.net",Corso Primo Soccorso (A-B-C),https://81plus.net/?corso=corso-primo-soccorso-a-b-c,#TalesOfSicurix #SICURIX #Metodo81 #81plus #Sicurissimo #Sicurezza #HACCP #Privacy #SicurezzaSulLavoro,SICURIX_TALES_869902_6_17_19_10_8_20_22_2_15_7.webp,https://drive.google.com/drive/folders/1hICKXdl9JTZBL1pemG19oE_661z-EH_k,IMG_ERR
30.92.40,Manifattura,C,Sicurezza+Privacy+Ambientale+HACCP,12,Formazione Specifica (rischio alto) | Formazione GDPR | Sorveglianza Sanitaria / Medico Competente | Gestione Rifiuti e Registro | Rischio Rumore | RSPP / Datore di Lavoro RSPP | Controllo Temperature e Celle | Corso Alimentarista | Formazione Ambientale | Nomina Incaricati/Responsabili | Attrezzature e Macchine | Rintracciabilita ed Etichettatura,Accordo Stato-Regioni | GDPR art.32 | D.Lgs81/08 art.41 | D.Lgs152/06 | D.Lgs81/08 Tit.VIII | D.Lgs81/08 art.34 | Reg.CE 852/2004 | GDPR art.28-29 | D.Lgs81/08 Tit.III | Reg.CE 178/2002,"CONSENSIX>VIBRIX, CONSENSIX>PERMISSIONIX, CHEFIX>ØTIX, BLINKIX>OBLIVIX, CHEFIX>SCIVOLIX, FORMIX>VIBRIX, ROBOTIX81>MULTIX, SCUDIX>SPORCKIX, CONSENSIX>FRETTIX, LUXPECTORIX>FRETTIX, LUXPECTORIX>SCHIACCIX, DOCUMIX>FRETTIX","Crea una PAGINA A FUMETTI a STORIA COMPLETA, verticale A4 (1024x1536), QUALITA' EDITORIALE DA STAMPA, stile ufficiale 'SICURIX TALES' IDENTICO alle immagini di riferimento allegate (stessi personaggi a mattoncini 3D, stessa impaginazione, stessi colori, stesse rese): minifigure espressive, ambientazioni ricche e dettagliate del settore, luci morbide, profondita', bordi vignetta netti. IMPAGINAZIONE OBBLIGATORIA: da 10 a 12 VIGNETTE numerate che raccontano UNA STORIA con arco narrativo completo (1 situazione normale -> 2-4 arrivano i pericoli coi cattivi -> 5-6 tensione/conseguenza -> 7-9 arriva SICURIX con gli eroi e applica il METODO81+ passo per passo -> 10-11 risoluzione ordinata -> 12 finale). HEADER in alto: SICURIX (mantello, medaglione arancione '81+', bussola) che presenta in un fumetto; grande titolo 'SICURIX TALES'; sottotitolo 'MANIFATTURA: Pericolo vs Soluzione con Metodo 81+'; legenda 3 voci (verde Sicurezza, rosso Rischio, blu 81+ Soluzione); fila di EROI coi nomi: CONSENSIX, CHEFIX, BLINKIX, FORMIX, ROBOTIX81, SCUDIX. FOOTER in basso: grande 'Prima vedi. Poi sistemi.'; banner scudo verde 'PROTEGGIAMO. PREVENIAMO. MIGLIORIAMO.' e triangolo rosso 'DISATTENZIONE. RISCHI. COSTI. CAOS.'; logo '81+' + '81plus.net'. TRAMA (usa questi eventi come vignette; se sono meno di 10 aggiungi vignette di contesto, dialogo e reazione per arrivare a 10-12): 1) VIBRIX causa il pericolo 'Formazione specifica' (Formazione Specifica (rischio alto)); poi CONSENSIX+SICURIX applicano il METODO81+; 2) PERMISSIONIX causa il pericolo 'Formazione' (Formazione GDPR); poi CONSENSIX+SICURIX applicano il METODO81+; 3) ØTIX causa il pericolo 'Sorveglianza sanitaria' (Sorveglianza Sanitaria / Medico Competente); poi CHEFIX+SICURIX applicano il METODO81+; 4) OBLIVIX causa il pericolo 'Rifiuti' (Gestione Rifiuti e Registro); poi BLINKIX+SICURIX applicano il METODO81+; 5) SCIVOLIX causa il pericolo 'Rumore' (Rischio Rumore); poi CHEFIX+SICURIX applicano il METODO81+; 6) VIBRIX causa il pericolo 'Ruolo/RSPP' (RSPP / Datore di Lavoro RSPP); poi FORMIX+SICURIX applicano il METODO81+; 7) MULTIX causa il pericolo 'Temperature' (Controllo Temperature e Celle); poi ROBOTIX81+SICURIX applicano il METODO81+; 8) SPORCKIX causa il pericolo 'Corso' (Corso Alimentarista); poi SCUDIX+SICURIX applicano il METODO81+; 9) FRETTIX causa il pericolo 'Formazione' (Formazione Ambientale); poi CONSENSIX+SICURIX applicano il METODO81+; 10) FRETTIX causa il pericolo 'Nomine' (Nomina Incaricati/Responsabili); poi LUXPECTORIX+SICURIX applicano il METODO81+; 11) SCHIACCIX causa il pericolo 'Attrezzature' (Attrezzature e Macchine); poi LUXPECTORIX+SICURIX applicano il METODO81+; 12) FRETTIX causa il pericolo 'Rintracciabilita' (Rintracciabilita ed Etichettatura); poi DOCUMIX+SICURIX applicano il METODO81+. PALETTE BRAND ESCLUSIVA: nero #05050A, bianco panna, arancione #FF6A1A/#E8501A; ROSSO solo per 'PERICOLO', VERDE per la checklist 'Metodo 81+'. Logo '81+' ben visibile in OGNI vignetta. REGOLA STORIA: SICURIX NON agisce mai da solo - in OGNI vignetta di soluzione si fa AIUTARE dai suoi colleghi EROI (lavoro di squadra, ognuno col suo ruolo). TESTO: didascalie e fumetti MOLTO BREVI (1-4 parole), GRANDI, centrati, in ITALIANO con ORTOGRAFIA PERFETTA, senza parole inventate, lettere doppie errate o testo tagliato. CATTIVI (coerenti col canone): VIBRIX, PERMISSIONIX, ØTIX, OBLIVIX, SCIVOLIX, MULTIX, SPORCKIX, FRETTIX, SCHIACCIX. EROI: CONSENSIX, CHEFIX, BLINKIX, FORMIX, ROBOTIX81, SCUDIX, LUXPECTORIX, DOCUMIX. NEGATIVE: nessun marchio LEGO reale, nessun personaggio protetto (Asterix ecc.), niente gore/horror, niente claim assoluti ('rischio zero','garantito','zero multe').","In Manifattura non e' 'se' arriva il controllo, e' 'quando'. Sei pronto?","Quello che l'ispettore controlla per primo in Manifattura (e quasi nessuno lo sa)

In manifattura gli adempimenti obbligatori non aspettano: Formazione specifica, Formazione, Sorveglianza sanitaria, Rifiuti, Rumore, Ruolo/RSPP, Temperature, Corso, Nomine, Attrezzature, Rintracciabilita. In questa pagina TALES OF SICURIX il PERICOLO prende forma... e il METODO81+ lo rimette in ordine, passo dopo passo. Immagina la scena: prima il caos, poi la checklist che sistema tutto. La regola c'e' gia': tu falla lavorare per te.
👉 Iscriviti al corso: Corso lavoratore parte GENERALE 4 ore -> https://81plus.net/?corso=corso-lavoratore-parte-generale-4-ore
▶️ YouTube: youtube.com/@sicurissimo
Contenuto informativo. Prima vedi. Poi sistemi. 81plus.net",Corso lavoratore parte GENERALE 4 ore,https://81plus.net/?corso=corso-lavoratore-parte-generale-4-ore,#TalesOfSicurix #SICURIX #Metodo81 #81plus #Sicurissimo #Sicurezza #Privacy #Ambientale #HACCP #SicurezzaSulLavoro,SICURIX_TALES_309240_2_24_9_26_12_5_18_15_27_23_13_17.webp,https://drive.google.com/drive/folders/1hICKXdl9JTZBL1pemG19oE_661z-EH_k,IMG_ERR
59.20.10,ICT/Informazione,J,Sicurezza+Privacy,11,Uso e Formazione DPI | Addetto Primo Soccorso | Rappresentante Lavoratori Sicurezza (RLS) | Registro dei Trattamenti | Procedura Data Breach | Formazione Generale Lavoratori | Formazione Preposto | Informativa e Consensi | Documento Valutazione Rischi (DVR) | Formazione Specifica (rischio basso) | Nomina Incaricati/Responsabili,D.Lgs81/08 art.77 | DM 388/2003 | D.Lgs81/08 art.47 | GDPR art.30 | GDPR art.33-34 | Accordo Stato-Regioni | D.Lgs81/08 art.37 | GDPR art.13 | D.Lgs81/08 art.28 | GDPR art.28-29,"BLINKIX>FUMIX, SCUDIX>CADUTIX, SICURIX>IMPROVVISIX, TRACCIX>CAOSIX, HYGIENIX>FRETTIX, PRIVACIX>TAGLIX, FORMIX>CAOSIX, PREPOSTIX>OBLIVIX, DOCUMIX>TAGLIX, CHEFIX>VOLTIX, LUXPECTORIX>RISKIX","Crea una PAGINA A FUMETTI a STORIA COMPLETA, verticale A4 (1024x1536), QUALITA' EDITORIALE DA STAMPA, stile ufficiale 'SICURIX TALES' IDENTICO alle immagini di riferimento allegate (stessi personaggi a mattoncini 3D, stessa impaginazione, stessi colori, stesse rese): minifigure espressive, ambientazioni ricche e dettagliate del settore, luci morbide, profondita', bordi vignetta netti. IMPAGINAZIONE OBBLIGATORIA: da 10 a 12 VIGNETTE numerate che raccontano UNA STORIA con arco narrativo completo (1 situazione normale -> 2-4 arrivano i pericoli coi cattivi -> 5-6 tensione/conseguenza -> 7-9 arriva SICURIX con gli eroi e applica il METODO81+ passo per passo -> 10-11 risoluzione ordinata -> 12 finale). HEADER in alto: SICURIX (mantello, medaglione arancione '81+', bussola) che presenta in un fumetto; grande titolo 'SICURIX TALES'; sottotitolo 'ICT/INFORMAZIONE: Pericolo vs Soluzione con Metodo 81+'; legenda 3 voci (verde Sicurezza, rosso Rischio, blu 81+ Soluzione); fila di EROI coi nomi: BLINKIX, SCUDIX, SICURIX, TRACCIX, HYGIENIX, PRIVACIX. FOOTER in basso: grande 'Prima vedi. Poi sistemi.'; banner scudo verde 'PROTEGGIAMO. PREVENIAMO. MIGLIORIAMO.' e triangolo rosso 'DISATTENZIONE. RISCHI. COSTI. CAOS.'; logo '81+' + '81plus.net'. TRAMA (usa questi eventi come vignette; se sono meno di 10 aggiungi vignette di contesto, dialogo e reazione per arrivare a 10-12): 1) FUMIX causa il pericolo 'DPI' (Uso e Formazione DPI); poi BLINKIX+SICURIX applicano il METODO81+; 2) CADUTIX causa il pericolo 'Emergenze/Soccorso' (Addetto Primo Soccorso); poi SCUDIX+SICURIX applicano il METODO81+; 3) IMPROVVISIX causa il pericolo 'Ruolo/RLS' (Rappresentante Lavoratori Sicurezza (RLS)); poi SICURIX+SICURIX applicano il METODO81+; 4) CAOSIX causa il pericolo 'Registro' (Registro dei Trattamenti); poi TRACCIX+SICURIX applicano il METODO81+; 5) FRETTIX causa il pericolo 'Data breach' (Procedura Data Breach); poi HYGIENIX+SICURIX applicano il METODO81+; 6) TAGLIX causa il pericolo 'Formazione base' (Formazione Generale Lavoratori); poi PRIVACIX+SICURIX applicano il METODO81+; 7) CAOSIX causa il pericolo 'Ruolo/Preposto' (Formazione Preposto); poi FORMIX+SICURIX applicano il METODO81+; 8) OBLIVIX causa il pericolo 'Documento' (Informativa e Consensi); poi PREPOSTIX+SICURIX applicano il METODO81+; 9) TAGLIX causa il pericolo 'Documento' (Documento Valutazione Rischi (DVR)); poi DOCUMIX+SICURIX applicano il METODO81+; 10) VOLTIX causa il pericolo 'Formazione specifica' (Formazione Specifica (rischio basso)); poi CHEFIX+SICURIX applicano il METODO81+; 11) RISKIX causa il pericolo 'Nomine' (Nomina Incaricati/Responsabili); poi LUXPECTORIX+SICURIX applicano il METODO81+. PALETTE BRAND ESCLUSIVA: nero #05050A, bianco panna, arancione #FF6A1A/#E8501A; ROSSO solo per 'PERICOLO', VERDE per la checklist 'Metodo 81+'. Logo '81+' ben visibile in OGNI vignetta. REGOLA STORIA: SICURIX NON agisce mai da solo - in OGNI vignetta di soluzione si fa AIUTARE dai suoi colleghi EROI (lavoro di squadra, ognuno col suo ruolo). TESTO: didascalie e fumetti MOLTO BREVI (1-4 parole), GRANDI, centrati, in ITALIANO con ORTOGRAFIA PERFETTA, senza parole inventate, lettere doppie errate o testo tagliato. CATTIVI (coerenti col canone): FUMIX, CADUTIX, IMPROVVISIX, CAOSIX, FRETTIX, TAGLIX, OBLIVIX, VOLTIX, RISKIX. EROI: BLINKIX, SCUDIX, SICURIX, TRACCIX, HYGIENIX, PRIVACIX, FORMIX, PREPOSTIX, DOCUMIX, CHEFIX, LUXPECTORIX. NEGATIVE: nessun marchio LEGO reale, nessun personaggio protetto (Asterix ecc.), niente gore/horror, niente claim assoluti ('rischio zero','garantito','zero multe').","In ICT/Informazione non e' 'se' arriva il controllo, e' 'quando'. Sei pronto?","Quello che l'ispettore controlla per primo in ICT/Informazione (e quasi nessuno lo sa)

In ict/informazione gli adempimenti obbligatori non aspettano: DPI, Emergenze/Soccorso, Ruolo/RLS, Registro, Data breach, Formazione base, Ruolo/Preposto, Documento, Formazione specifica, Nomine. In questa pagina TALES OF SICURIX il PERICOLO prende forma... e il METODO81+ lo rimette in ordine, passo dopo passo. Immagina la scena: prima il caos, poi la checklist che sistema tutto. Chi si mette in regola prima, dorme meglio dopo.
👉 Iscriviti al corso: Corso Lavori in Quota e DPI Anticaduta -> https://81plus.net/?corso=corso-lavori-in-quota-e-dpi-anticaduta
▶️ YouTube: youtube.com/@sicurissimo
Contenuto informativo. Prima vedi. Poi sistemi. 81plus.net",Corso Lavori in Quota e DPI Anticaduta,https://81plus.net/?corso=corso-lavori-in-quota-e-dpi-anticaduta,#TalesOfSicurix #SICURIX #Metodo81 #81plus #Sicurissimo #Sicurezza #Privacy #SicurezzaSulLavoro,SICURIX_TALES_592010_8_6_4_10_13_1_3_9_0_2_11.webp,https://drive.google.com/drive/folders/1hICKXdl9JTZBL1pemG19oE_661z-EH_k,IMG_ERR
85.20.00,Sanita/Sociale,Q,Privacy+Sicurezza,10,Nomina DPO / RPD | Uso e Formazione DPI | Sorveglianza Sanitaria / Medico Competente | Addetto Primo Soccorso | Valutazione d'Impatto (DPIA) | RSPP / Datore di Lavoro RSPP | Formazione Preposto | Formazione Generale Lavoratori | Rappresentante Lavoratori Sicurezza (RLS) | Procedura Data Breach,GDPR art.37 | D.Lgs81/08 art.77 | D.Lgs81/08 art.41 | DM 388/2003 | GDPR art.35 | D.Lgs81/08 art.34 | D.Lgs81/08 art.37 | Accordo Stato-Regioni | D.Lgs81/08 art.47 | GDPR art.33-34,"SICURIX>FRETTIX, FORMIX>ØTIX, FORMIX>SEGNALEX, FORMIX>POLVERIX, TRACCIX>LEAKIX, PREPOSTIX>TAGLIX, BLINKIX>OBLIVIX, TRACCIX>POLVERIX, PRIVACIX>FRETTIX, DOCUMIX>FRETTIX","Crea una PAGINA A FUMETTI a STORIA COMPLETA, verticale A4 (1024x1536), QUALITA' EDITORIALE DA STAMPA, stile ufficiale 'SICURIX TALES' IDENTICO alle immagini di riferimento allegate (stessi personaggi a mattoncini 3D, stessa impaginazione, stessi colori, stesse rese): minifigure espressive, ambientazioni ricche e dettagliate del settore, luci morbide, profondita', bordi vignetta netti. IMPAGINAZIONE OBBLIGATORIA: da 10 a 12 VIGNETTE numerate che raccontano UNA STORIA con arco narrativo completo (1 situazione normale -> 2-4 arrivano i pericoli coi cattivi -> 5-6 tensione/conseguenza -> 7-9 arriva SICURIX con gli eroi e applica il METODO81+ passo per passo -> 10-11 risoluzione ordinata -> 12 finale). HEADER in alto: SICURIX (mantello, medaglione arancione '81+', bussola) che presenta in un fumetto; grande titolo 'SICURIX TALES'; sottotitolo 'SANITA/SOCIALE: Pericolo vs Soluzione con Metodo 81+'; legenda 3 voci (verde Sicurezza, rosso Rischio, blu 81+ Soluzione); fila di EROI coi nomi: SICURIX, FORMIX, TRACCIX, PREPOSTIX, BLINKIX, PRIVACIX. FOOTER in basso: grande 'Prima vedi. Poi sistemi.'; banner scudo verde 'PROTEGGIAMO. PREVENIAMO. MIGLIORIAMO.' e triangolo rosso 'DISATTENZIONE. RISCHI. COSTI. CAOS.'; logo '81+' + '81plus.net'. TRAMA (usa questi eventi come vignette; se sono meno di 10 aggiungi vignette di contesto, dialogo e reazione per arrivare a 10-12): 1) FRETTIX causa il pericolo 'DPO' (Nomina DPO / RPD); poi SICURIX+SICURIX applicano il METODO81+; 2) ØTIX causa il pericolo 'DPI' (Uso e Formazione DPI); poi FORMIX+SICURIX applicano il METODO81+; 3) SEGNALEX causa il pericolo 'Sorveglianza sanitaria' (Sorveglianza Sanitaria / Medico Competente); poi FORMIX+SICURIX applicano il METODO81+; 4) POLVERIX causa il pericolo 'Emergenze/Soccorso' (Addetto Primo Soccorso); poi FORMIX+SICURIX applicano il METODO81+; 5) LEAKIX causa il pericolo 'DPIA' (Valutazione d'Impatto (DPIA)); poi TRACCIX+SICURIX applicano il METODO81+; 6) TAGLIX causa il pericolo 'Ruolo/RSPP' (RSPP / Datore di Lavoro RSPP); poi PREPOSTIX+SICURIX applicano il METODO81+; 7) OBLIVIX causa il pericolo 'Ruolo/Preposto' (Formazione Preposto); poi BLINKIX+SICURIX applicano il METODO81+; 8) POLVERIX causa il pericolo 'Formazione base' (Formazione Generale Lavoratori); poi TRACCIX+SICURIX applicano il METODO81+; 9) FRETTIX causa il pericolo 'Ruolo/RLS' (Rappresentante Lavoratori Sicurezza (RLS)); poi PRIVACIX+SICURIX applicano il METODO81+; 10) FRETTIX causa il pericolo 'Data breach' (Procedura Data Breach); poi DOCUMIX+SICURIX applicano il METODO81+. PALETTE BRAND ESCLUSIVA: nero #05050A, bianco panna, arancione #FF6A1A/#E8501A; ROSSO solo per 'PERICOLO', VERDE per la checklist 'Metodo 81+'. Logo '81+' ben visibile in OGNI vignetta. REGOLA STORIA: SICURIX NON agisce mai da solo - in OGNI vignetta di soluzione si fa AIUTARE dai suoi colleghi EROI (lavoro di squadra, ognuno col suo ruolo). TESTO: didascalie e fumetti MOLTO BREVI (1-4 parole), GRANDI, centrati, in ITALIANO con ORTOGRAFIA PERFETTA, senza parole inventate, lettere doppie errate o testo tagliato. CATTIVI (coerenti col canone): FRETTIX, ØTIX, SEGNALEX, POLVERIX, LEAKIX, TAGLIX, OBLIVIX. EROI: SICURIX, FORMIX, TRACCIX, PREPOSTIX, BLINKIX, PRIVACIX, DOCUMIX. NEGATIVE: nessun marchio LEGO reale, nessun personaggio protetto (Asterix ecc.), niente gore/horror, niente claim assoluti ('rischio zero','garantito','zero multe').",Sanita/Sociale: 3 minuti oggi o un problema enorme domani. Scegli tu.,"In Sanita/Sociale c'e' un obbligo che in tanti scoprono solo con la sanzione

In sanita/sociale gli adempimenti obbligatori non aspettano: DPO, DPI, Sorveglianza sanitaria, Emergenze/Soccorso, DPIA, Ruolo/RSPP, Ruolo/Preposto, Formazione base, Ruolo/RLS, Data breach. In questa pagina TALES OF SICURIX il PERICOLO prende forma... e il METODO81+ lo rimette in ordine, passo dopo passo. Immagina la scena: prima il caos, poi la checklist che sistema tutto. Non e' burocrazia: e' la tua tranquillita.
👉 Iscriviti al corso: Corso privacy destinato ai lavoratori -> https://81plus.net/?corso=corso-privacy-destinato-ai-lavoratori
▶️ YouTube: youtube.com/@sicurissimo
Contenuto informativo. Prima vedi. Poi sistemi. 81plus.net",Corso privacy destinato ai lavoratori,https://81plus.net/?corso=corso-privacy-destinato-ai-lavoratori,#TalesOfSicurix #SICURIX #Metodo81 #81plus #Sicurissimo #Privacy #Sicurezza #SicurezzaSulLavoro,SICURIX_TALES_852000_17_8_9_6_18_5_3_1_4_16.webp,https://drive.google.com/drive/folders/1hICKXdl9JTZBL1pemG19oE_661z-EH_k,IMG_ERR
42.21.00,Costruzioni,F,Sicurezza+Privacy,10,Rischio Rumore | Attrezzature e Macchine | RSPP / Datore di Lavoro RSPP | Procedura Data Breach | Lavori in Quota e Ponteggi | Formazione Generale Lavoratori | Informativa e Consensi | Nomina Incaricati/Responsabili | Movimentazione Manuale Carichi | Valutazione d'Impatto (DPIA),D.Lgs81/08 Tit.VIII | D.Lgs81/08 Tit.III | D.Lgs81/08 art.34 | GDPR art.33-34 | D.Lgs81/08 Tit.IV | Accordo Stato-Regioni | GDPR art.13 | GDPR art.28-29 | D.Lgs81/08 Tit.VI | GDPR art.35,"PRIVACIX>ØTIX, SICURIX>VIBRIX, PREPOSTIX>TAGLIX, PREPOSTIX>PHISHIX, PREPOSTIX>CAOSIX, CONSENSIX>IMPROVVISIX, ROBOTIX81>PERMISSIONIX, CHEFIX>PHISHIX, CONSENSIX>NONDPIX, SCUDIX>FRETTIX","Crea una PAGINA A FUMETTI a STORIA COMPLETA, verticale A4 (1024x1536), QUALITA' EDITORIALE DA STAMPA, stile ufficiale 'SICURIX TALES' IDENTICO alle immagini di riferimento allegate (stessi personaggi a mattoncini 3D, stessa impaginazione, stessi colori, stesse rese): minifigure espressive, ambientazioni ricche e dettagliate del settore, luci morbide, profondita', bordi vignetta netti. IMPAGINAZIONE OBBLIGATORIA: da 10 a 12 VIGNETTE numerate che raccontano UNA STORIA con arco narrativo completo (1 situazione normale -> 2-4 arrivano i pericoli coi cattivi -> 5-6 tensione/conseguenza -> 7-9 arriva SICURIX con gli eroi e applica il METODO81+ passo per passo -> 10-11 risoluzione ordinata -> 12 finale). HEADER in alto: SICURIX (mantello, medaglione arancione '81+', bussola) che presenta in un fumetto; grande titolo 'SICURIX TALES'; sottotitolo 'COSTRUZIONI: Pericolo vs Soluzione con Metodo 81+'; legenda 3 voci (verde Sicurezza, rosso Rischio, blu 81+ Soluzione); fila di EROI coi nomi: PRIVACIX, SICURIX, PREPOSTIX, CONSENSIX, ROBOTIX81, CHEFIX. FOOTER in basso: grande 'Prima vedi. Poi sistemi.'; banner scudo verde 'PROTEGGIAMO. PREVENIAMO. MIGLIORIAMO.' e triangolo rosso 'DISATTENZIONE. RISCHI. COSTI. CAOS.'; logo '81+' + '81plus.net'. TRAMA (usa questi eventi come vignette; se sono meno di 10 aggiungi vignette di contesto, dialogo e reazione per arrivare a 10-12): 1) ØTIX causa il pericolo 'Rumore' (Rischio Rumore); poi PRIVACIX+SICURIX applicano il METODO81+; 2) VIBRIX causa il pericolo 'Attrezzature' (Attrezzature e Macchine); poi SICURIX+SICURIX applicano il METODO81+; 3) TAGLIX causa il pericolo 'Ruolo/RSPP' (RSPP / Datore di Lavoro RSPP); poi PREPOSTIX+SICURIX applicano il METODO81+; 4) PHISHIX causa il pericolo 'Data breach' (Procedura Data Breach); poi PREPOSTIX+SICURIX applicano il METODO81+; 5) CAOSIX causa il pericolo 'Lavori in quota' (Lavori in Quota e Ponteggi); poi PREPOSTIX+SICURIX applicano il METODO81+; 6) IMPROVVISIX causa il pericolo 'Formazione base' (Formazione Generale Lavoratori); poi CONSENSIX+SICURIX applicano il METODO81+; 7) PERMISSIONIX causa il pericolo 'Documento' (Informativa e Consensi); poi ROBOTIX81+SICURIX applicano il METODO81+; 8) PHISHIX causa il pericolo 'Nomine' (Nomina Incaricati/Responsabili); poi CHEFIX+SICURIX applicano il METODO81+; 9) NONDPIX causa il pericolo 'MMC' (Movimentazione Manuale Carichi); poi CONSENSIX+SICURIX applicano il METODO81+; 10) FRETTIX causa il pericolo 'DPIA' (Valutazione d'Impatto (DPIA)); poi SCUDIX+SICURIX applicano il METODO81+. PALETTE BRAND ESCLUSIVA: nero #05050A, bianco panna, arancione #FF6A1A/#E8501A; ROSSO solo per 'PERICOLO', VERDE per la checklist 'Metodo 81+'. Logo '81+' ben visibile in OGNI vignetta. REGOLA STORIA: SICURIX NON agisce mai da solo - in OGNI vignetta di soluzione si fa AIUTARE dai suoi colleghi EROI (lavoro di squadra, ognuno col suo ruolo). TESTO: didascalie e fumetti MOLTO BREVI (1-4 parole), GRANDI, centrati, in ITALIANO con ORTOGRAFIA PERFETTA, senza parole inventate, lettere doppie errate o testo tagliato. CATTIVI (coerenti col canone): ØTIX, VIBRIX, TAGLIX, PHISHIX, CAOSIX, IMPROVVISIX, PERMISSIONIX, NONDPIX, FRETTIX. EROI: PRIVACIX, SICURIX, PREPOSTIX, CONSENSIX, ROBOTIX81, CHEFIX, SCUDIX. NEGATIVE: nessun marchio LEGO reale, nessun personaggio protetto (Asterix ecc.), niente gore/horror, niente claim assoluti ('rischio zero','garantito','zero multe').","In Costruzioni non e' 'se' arriva il controllo, e' 'quando'. Sei pronto?","Quello che l'ispettore controlla per primo in Costruzioni (e quasi nessuno lo sa)

In costruzioni gli adempimenti obbligatori non aspettano: Rumore, Attrezzature, Ruolo/RSPP, Data breach, Lavori in quota, Formazione base, Documento, Nomine, MMC, DPIA. In questa pagina TALES OF SICURIX il PERICOLO prende forma... e il METODO81+ lo rimette in ordine, passo dopo passo. Immagina la scena: prima il caos, poi la checklist che sistema tutto. Chi si mette in regola prima, dorme meglio dopo.
👉 Iscriviti al corso: Corso RSPP Datore di Lavoro : rischio rumore -> https://81plus.net/?corso=corso-rspp-datore-di-lavoro-rischio-rumore
▶️ YouTube: youtube.com/@sicurissimo
Contenuto informativo. Prima vedi. Poi sistemi. 81plus.net",Corso RSPP Datore di Lavoro : rischio rumore,https://81plus.net/?corso=corso-rspp-datore-di-lavoro-rischio-rumore,#TalesOfSicurix #SICURIX #Metodo81 #81plus #Sicurissimo #Sicurezza #Privacy #SicurezzaSulLavoro,SICURIX_TALES_422100_12_13_5_20_14_1_16_18_10_22.webp,https://drive.google.com/drive/folders/1hICKXdl9JTZBL1pemG19oE_661z-EH_k,IMG_ERR
25.99.90,Manifattura,C,Sicurezza+HACCP+Privacy+Ambientale,12,Rappresentante Lavoratori Sicurezza (RLS) | Documento Valutazione Rischi (DVR) | Manuale HACCP di Autocontrollo | Lotta agli Infestanti (Pest Control) | Rintracciabilita ed Etichettatura | Corso Alimentarista | Registro dei Trattamenti | Addetto Primo Soccorso | Informativa e Consensi | Rischio Rumore | Formazione Specifica (rischio alto) | Formazione Ambientale,D.Lgs81/08 art.47 | D.Lgs81/08 art.28 | Reg.CE 852/2004 | Reg.CE 178/2002 | GDPR art.30 | DM 388/2003 | GDPR art.13 | D.Lgs81/08 Tit.VIII | Accordo Stato-Regioni | D.Lgs152/06,"CIFRIX>IMPROVVISIX, PRIVACIX>SEGNALEX, LUXPECTORIX>ACQUAIX, BLINKIX>TEMPORIX, BLINKIX>IMPROVVISIX, BLINKIX>CAOSIX, CHEFIX>CANCELIX, FORMIX>MULTIX, LUXPECTORIX>PHISHIX, PRIVACIX>SEGNALEX, SCUDIX>OBLIVIX, BLINKIX>CAOSIX","Crea una PAGINA A FUMETTI a STORIA COMPLETA, verticale A4 (1024x1536), QUALITA' EDITORIALE DA STAMPA, stile ufficiale 'SICURIX TALES' IDENTICO alle immagini di riferimento allegate (stessi personaggi a mattoncini 3D, stessa impaginazione, stessi colori, stesse rese): minifigure espressive, ambientazioni ricche e dettagliate del settore, luci morbide, profondita', bordi vignetta netti. IMPAGINAZIONE OBBLIGATORIA: da 10 a 12 VIGNETTE numerate che raccontano UNA STORIA con arco narrativo completo (1 situazione normale -> 2-4 arrivano i pericoli coi cattivi -> 5-6 tensione/conseguenza -> 7-9 arriva SICURIX con gli eroi e applica il METODO81+ passo per passo -> 10-11 risoluzione ordinata -> 12 finale). HEADER in alto: SICURIX (mantello, medaglione arancione '81+', bussola) che presenta in un fumetto; grande titolo 'SICURIX TALES'; sottotitolo 'MANIFATTURA: Pericolo vs Soluzione con Metodo 81+'; legenda 3 voci (verde Sicurezza, rosso Rischio, blu 81+ Soluzione); fila di EROI coi nomi: CIFRIX, PRIVACIX, LUXPECTORIX, BLINKIX, CHEFIX, FORMIX. FOOTER in basso: grande 'Prima vedi. Poi sistemi.'; banner scudo verde 'PROTEGGIAMO. PREVENIAMO. MIGLIORIAMO.' e triangolo rosso 'DISATTENZIONE. RISCHI. COSTI. CAOS.'; logo '81+' + '81plus.net'. TRAMA (usa questi eventi come vignette; se sono meno di 10 aggiungi vignette di contesto, dialogo e reazione per arrivare a 10-12): 1) IMPROVVISIX causa il pericolo 'Ruolo/RLS' (Rappresentante Lavoratori Sicurezza (RLS)); poi CIFRIX+SICURIX applicano il METODO81+; 2) SEGNALEX causa il pericolo 'Documento' (Documento Valutazione Rischi (DVR)); poi PRIVACIX+SICURIX applicano il METODO81+; 3) ACQUAIX causa il pericolo 'Documento' (Manuale HACCP di Autocontrollo); poi LUXPECTORIX+SICURIX applicano il METODO81+; 4) TEMPORIX causa il pericolo 'Infestanti' (Lotta agli Infestanti (Pest Control)); poi BLINKIX+SICURIX applicano il METODO81+; 5) IMPROVVISIX causa il pericolo 'Rintracciabilita' (Rintracciabilita ed Etichettatura); poi BLINKIX+SICURIX applicano il METODO81+; 6) CAOSIX causa il pericolo 'Corso' (Corso Alimentarista); poi BLINKIX+SICURIX applicano il METODO81+; 7) CANCELIX causa il pericolo 'Registro' (Registro dei Trattamenti); poi CHEFIX+SICURIX applicano il METODO81+; 8) MULTIX causa il pericolo 'Emergenze/Soccorso' (Addetto Primo Soccorso); poi FORMIX+SICURIX applicano il METODO81+; 9) PHISHIX causa il pericolo 'Documento' (Informativa e Consensi); poi LUXPECTORIX+SICURIX applicano il METODO81+; 10) SEGNALEX causa il pericolo 'Rumore' (Rischio Rumore); poi PRIVACIX+SICURIX applicano il METODO81+; 11) OBLIVIX causa il pericolo 'Formazione specifica' (Formazione Specifica (rischio alto)); poi SCUDIX+SICURIX applicano il METODO81+; 12) CAOSIX causa il pericolo 'Formazione' (Formazione Ambientale); poi BLINKIX+SICURIX applicano il METODO81+. PALETTE BRAND ESCLUSIVA: nero #05050A, bianco panna, arancione #FF6A1A/#E8501A; ROSSO solo per 'PERICOLO', VERDE per la checklist 'Metodo 81+'. Logo '81+' ben visibile in OGNI vignetta. REGOLA STORIA: SICURIX NON agisce mai da solo - in OGNI vignetta di soluzione si fa AIUTARE dai suoi colleghi EROI (lavoro di squadra, ognuno col suo ruolo). TESTO: didascalie e fumetti MOLTO BREVI (1-4 parole), GRANDI, centrati, in ITALIANO con ORTOGRAFIA PERFETTA, senza parole inventate, lettere doppie errate o testo tagliato. CATTIVI (coerenti col canone): IMPROVVISIX, SEGNALEX, ACQUAIX, TEMPORIX, CAOSIX, CANCELIX, MULTIX, PHISHIX, OBLIVIX. EROI: CIFRIX, PRIVACIX, LUXPECTORIX, BLINKIX, CHEFIX, FORMIX, SCUDIX. NEGATIVE: nessun marchio LEGO reale, nessun personaggio protetto (Asterix ecc.), niente gore/horror, niente claim assoluti ('rischio zero','garantito','zero multe').",Manifattura: 3 minuti oggi o un problema enorme domani. Scegli tu.,"In Manifattura non e' 'se' arriva il controllo, e' 'quando'. Sei pronto?

In manifattura gli adempimenti obbligatori non aspettano: Ruolo/RLS, Documento, Infestanti, Rintracciabilita, Corso, Registro, Emergenze/Soccorso, Rumore, Formazione specifica, Formazione. In questa pagina TALES OF SICURIX il PERICOLO prende forma... e il METODO81+ lo rimette in ordine, passo dopo passo. Immagina la scena: prima il caos, poi la checklist che sistema tutto. Chi si mette in regola prima, dorme meglio dopo.
👉 Iscriviti al corso: Corso RLS -> https://81plus.net/?corso=corso-rls
▶️ YouTube: youtube.com/@sicurissimo
Contenuto informativo. Prima vedi. Poi sistemi. 81plus.net",Corso RLS,https://81plus.net/?corso=corso-rls,#TalesOfSicurix #SICURIX #Metodo81 #81plus #Sicurissimo #Sicurezza #HACCP #Privacy #Ambientale #SicurezzaSulLavoro,SICURIX_TALES_259990_4_0_14_19_17_15_22_6_21_12_2_27.webp,https://drive.google.com/drive/folders/1hICKXdl9JTZBL1pemG19oE_661z-EH_k,IMG_ERR
62.90.01,Finanza/Assicurazioni,K,Privacy+Sicurezza,11,Formazione GDPR | Formazione Specifica (rischio basso) | Procedura Data Breach | Addetto Antincendio | Formazione Preposto | Registro dei Trattamenti | Uso e Formazione DPI | Nomina Incaricati/Responsabili | Documento Valutazione Rischi (DVR) | Rappresentante Lavoratori Sicurezza (RLS) | Addetto Primo Soccorso,GDPR art.32 | Accordo Stato-Regioni | GDPR art.33-34 | DM 2/9/2021 | D.Lgs81/08 art.37 | GDPR art.30 | D.Lgs81/08 art.77 | GDPR art.28-29 | D.Lgs81/08 art.28 | D.Lgs81/08 art.47 | DM 388/2003,"TRACCIX>SPYIX, SICURIX>MULTIX, HYGIENIX>PHISHIX, PREPOSTIX>CHIMIKIX, CHECKIX>TAGLIX, SICURIX>PERMISSIONIX, SICURIX>NONDPIX, SICURIX>IMPROVVISIX, CONSENSIX>POLVERIX, DOCUMIX>CHIMIKIX, HYGIENIX>TAGLIX","Crea una PAGINA A FUMETTI a STORIA COMPLETA, verticale A4 (1024x1536), QUALITA' EDITORIALE DA STAMPA, stile ufficiale 'SICURIX TALES' IDENTICO alle immagini di riferimento allegate (stessi personaggi a mattoncini 3D, stessa impaginazione, stessi colori, stesse rese): minifigure espressive, ambientazioni ricche e dettagliate del settore, luci morbide, profondita', bordi vignetta netti. IMPAGINAZIONE OBBLIGATORIA: da 10 a 12 VIGNETTE numerate che raccontano UNA STORIA con arco narrativo completo (1 situazione normale -> 2-4 arrivano i pericoli coi cattivi -> 5-6 tensione/conseguenza -> 7-9 arriva SICURIX con gli eroi e applica il METODO81+ passo per passo -> 10-11 risoluzione ordinata -> 12 finale). HEADER in alto: SICURIX (mantello, medaglione arancione '81+', bussola) che presenta in un fumetto; grande titolo 'SICURIX TALES'; sottotitolo 'FINANZA/ASSICURAZIONI: Pericolo vs Soluzione con Metodo 81+'; legenda 3 voci (verde Sicurezza, rosso Rischio, blu 81+ Soluzione); fila di EROI coi nomi: TRACCIX, SICURIX, HYGIENIX, PREPOSTIX, CHECKIX, CONSENSIX. FOOTER in basso: grande 'Prima vedi. Poi sistemi.'; banner scudo verde 'PROTEGGIAMO. PREVENIAMO. MIGLIORIAMO.' e triangolo rosso 'DISATTENZIONE. RISCHI. COSTI. CAOS.'; logo '81+' + '81plus.net'. TRAMA (usa questi eventi come vignette; se sono meno di 10 aggiungi vignette di contesto, dialogo e reazione per arrivare a 10-12): 1) SPYIX causa il pericolo 'Formazione' (Formazione GDPR); poi TRACCIX+SICURIX applicano il METODO81+; 2) MULTIX causa il pericolo 'Formazione specifica' (Formazione Specifica (rischio basso)); poi SICURIX+SICURIX applicano il METODO81+; 3) PHISHIX causa il pericolo 'Data breach' (Procedura Data Breach); poi HYGIENIX+SICURIX applicano il METODO81+; 4) CHIMIKIX causa il pericolo 'Emergenze/Incendio' (Addetto Antincendio); poi PREPOSTIX+SICURIX applicano il METODO81+; 5) TAGLIX causa il pericolo 'Ruolo/Preposto' (Formazione Preposto); poi CHECKIX+SICURIX applicano il METODO81+; 6) PERMISSIONIX causa il pericolo 'Registro' (Registro dei Trattamenti); poi SICURIX+SICURIX applicano il METODO81+; 7) NONDPIX causa il pericolo 'DPI' (Uso e Formazione DPI); poi SICURIX+SICURIX applicano il METODO81+; 8) IMPROVVISIX causa il pericolo 'Nomine' (Nomina Incaricati/Responsabili); poi SICURIX+SICURIX applicano il METODO81+; 9) POLVERIX causa il pericolo 'Documento' (Documento Valutazione Rischi (DVR)); poi CONSENSIX+SICURIX applicano il METODO81+; 10) CHIMIKIX causa il pericolo 'Ruolo/RLS' (Rappresentante Lavoratori Sicurezza (RLS)); poi DOCUMIX+SICURIX applicano il METODO81+; 11) TAGLIX causa il pericolo 'Emergenze/Soccorso' (Addetto Primo Soccorso); poi HYGIENIX+SICURIX applicano il METODO81+. PALETTE BRAND ESCLUSIVA: nero #05050A, bianco panna, arancione #FF6A1A/#E8501A; ROSSO solo per 'PERICOLO', VERDE per la checklist 'Metodo 81+'. Logo '81+' ben visibile in OGNI vignetta. REGOLA STORIA: SICURIX NON agisce mai da solo - in OGNI vignetta di soluzione si fa AIUTARE dai suoi colleghi EROI (lavoro di squadra, ognuno col suo ruolo). TESTO: didascalie e fumetti MOLTO BREVI (1-4 parole), GRANDI, centrati, in ITALIANO con ORTOGRAFIA PERFETTA, senza parole inventate, lettere doppie errate o testo tagliato. CATTIVI (coerenti col canone): SPYIX, MULTIX, PHISHIX, CHIMIKIX, TAGLIX, PERMISSIONIX, NONDPIX, IMPROVVISIX, POLVERIX. EROI: TRACCIX, SICURIX, HYGIENIX, PREPOSTIX, CHECKIX, CONSENSIX, DOCUMIX. NEGATIVE: nessun marchio LEGO reale, nessun personaggio protetto (Asterix ecc.), niente gore/horror, niente claim assoluti ('rischio zero','garantito','zero multe').",In Finanza/Assicurazioni c'e' un obbligo che in tanti scoprono solo con la sanzione,"La differenza tra chi in Finanza/Assicurazioni dorme sereno e chi trema al controllo

In finanza/assicurazioni gli adempimenti obbligatori non aspettano: Formazione, Formazione specifica, Data breach, Emergenze/Incendio, Ruolo/Preposto, Registro, DPI, Nomine, Documento, Ruolo/RLS, Emergenze/Soccorso. In questa pagina TALES OF SICURIX il PERICOLO prende forma... e il METODO81+ lo rimette in ordine, passo dopo passo. Immagina la scena: prima il caos, poi la checklist che sistema tutto. Chi si mette in regola prima, dorme meglio dopo.
👉 Iscriviti al corso: GDPR 2016/679: privacy e trattamento dei dati personali -> https://81plus.net/?corso=gdpr-2016-679-privacy-e-trattamento-dei-dati-personali
▶️ YouTube: youtube.com/@sicurissimo
Contenuto informativo. Prima vedi. Poi sistemi. 81plus.net",GDPR 2016/679: privacy e trattamento dei dati personali,https://81plus.net/?corso=gdpr-2016-679-privacy-e-trattamento-dei-dati-personali,#TalesOfSicurix #SICURIX #Metodo81 #81plus #Sicurissimo #Privacy #Sicurezza #SicurezzaSulLavoro,SICURIX_TALES_629001_12_2_13_7_3_10_8_11_0_4_6.webp,https://drive.google.com/drive/folders/1hICKXdl9JTZBL1pemG19oE_661z-EH_k,IMG_ERR
71.12.10,Servizi alle imprese,N,Sicurezza+Privacy,12,Uso e Formazione DPI | Documento Valutazione Rischi (DVR) | Formazione Specifica (rischio basso) | Procedura Data Breach | RSPP / Datore di Lavoro RSPP | Informativa e Consensi | Addetto Antincendio | Addetto Primo Soccorso | Formazione Generale Lavoratori | Formazione GDPR | Rappresentante Lavoratori Sicurezza (RLS) | Registro dei Trattamenti,D.Lgs81/08 art.77 | D.Lgs81/08 art.28 | Accordo Stato-Regioni | GDPR art.33-34 | D.Lgs81/08 art.34 | GDPR art.13 | DM 2/9/2021 | DM 388/2003 | GDPR art.32 | D.Lgs81/08 art.47 | GDPR art.30,"SICURIX>FRETTIX, PRIVACIX>FRETTIX, DOCUMIX>BIOXIX, LUXPECTORIX>HACKIX, CONSENSIX>NONDPIX, FORMIX>CANCELIX, FORMIX>OBLIVIX, TRACCIX>NONDPIX, FORMIX>POLVERIX, LUXPECTORIX>PHISHIX, CONSENSIX>IMPROVVISIX, CONSENSIX>PERMISSIONIX","Crea una PAGINA A FUMETTI a STORIA COMPLETA, verticale A4 (1024x1536), QUALITA' EDITORIALE DA STAMPA, stile ufficiale 'SICURIX TALES' IDENTICO alle immagini di riferimento allegate (stessi personaggi a mattoncini 3D, stessa impaginazione, stessi colori, stesse rese): minifigure espressive, ambientazioni ricche e dettagliate del settore, luci morbide, profondita', bordi vignetta netti. IMPAGINAZIONE OBBLIGATORIA: da 10 a 12 VIGNETTE numerate che raccontano UNA STORIA con arco narrativo completo (1 situazione normale -> 2-4 arrivano i pericoli coi cattivi -> 5-6 tensione/conseguenza -> 7-9 arriva SICURIX con gli eroi e applica il METODO81+ passo per passo -> 10-11 risoluzione ordinata -> 12 finale). HEADER in alto: SICURIX (mantello, medaglione arancione '81+', bussola) che presenta in un fumetto; grande titolo 'SICURIX TALES'; sottotitolo 'SERVIZI ALLE IMPRESE: Pericolo vs Soluzione con Metodo 81+'; legenda 3 voci (verde Sicurezza, rosso Rischio, blu 81+ Soluzione); fila di EROI coi nomi: SICURIX, PRIVACIX, DOCUMIX, LUXPECTORIX, CONSENSIX, FORMIX. FOOTER in basso: grande 'Prima vedi. Poi sistemi.'; banner scudo verde 'PROTEGGIAMO. PREVENIAMO. MIGLIORIAMO.' e triangolo rosso 'DISATTENZIONE. RISCHI. COSTI. CAOS.'; logo '81+' + '81plus.net'. TRAMA (usa questi eventi come vignette; se sono meno di 10 aggiungi vignette di contesto, dialogo e reazione per arrivare a 10-12): 1) FRETTIX causa il pericolo 'DPI' (Uso e Formazione DPI); poi SICURIX+SICURIX applicano il METODO81+; 2) FRETTIX causa il pericolo 'Documento' (Documento Valutazione Rischi (DVR)); poi PRIVACIX+SICURIX applicano il METODO81+; 3) BIOXIX causa il pericolo 'Formazione specifica' (Formazione Specifica (rischio basso)); poi DOCUMIX+SICURIX applicano il METODO81+; 4) HACKIX causa il pericolo 'Data breach' (Procedura Data Breach); poi LUXPECTORIX+SICURIX applicano il METODO81+; 5) NONDPIX causa il pericolo 'Ruolo/RSPP' (RSPP / Datore di Lavoro RSPP); poi CONSENSIX+SICURIX applicano il METODO81+; 6) CANCELIX causa il pericolo 'Documento' (Informativa e Consensi); poi FORMIX+SICURIX applicano il METODO81+; 7) OBLIVIX causa il pericolo 'Emergenze/Incendio' (Addetto Antincendio); poi FORMIX+SICURIX applicano il METODO81+; 8) NONDPIX causa il pericolo 'Emergenze/Soccorso' (Addetto Primo Soccorso); poi TRACCIX+SICURIX applicano il METODO81+; 9) POLVERIX causa il pericolo 'Formazione base' (Formazione Generale Lavoratori); poi FORMIX+SICURIX applicano il METODO81+; 10) PHISHIX causa il pericolo 'Formazione' (Formazione GDPR); poi LUXPECTORIX+SICURIX applicano il METODO81+; 11) IMPROVVISIX causa il pericolo 'Ruolo/RLS' (Rappresentante Lavoratori Sicurezza (RLS)); poi CONSENSIX+SICURIX applicano il METODO81+; 12) PERMISSIONIX causa il pericolo 'Registro' (Registro dei Trattamenti); poi CONSENSIX+SICURIX applicano il METODO81+. PALETTE BRAND ESCLUSIVA: nero #05050A, bianco panna, arancione #FF6A1A/#E8501A; ROSSO solo per 'PERICOLO', VERDE per la checklist 'Metodo 81+'. Logo '81+' ben visibile in OGNI vignetta. REGOLA STORIA: SICURIX NON agisce mai da solo - in OGNI vignetta di soluzione si fa AIUTARE dai suoi colleghi EROI (lavoro di squadra, ognuno col suo ruolo). TESTO: didascalie e fumetti MOLTO BREVI (1-4 parole), GRANDI, centrati, in ITALIANO con ORTOGRAFIA PERFETTA, senza parole inventate, lettere doppie errate o testo tagliato. CATTIVI (coerenti col canone): FRETTIX, BIOXIX, HACKIX, NONDPIX, CANCELIX, OBLIVIX, POLVERIX, PHISHIX, IMPROVVISIX, PERMISSIONIX. EROI: SICURIX, PRIVACIX, DOCUMIX, LUXPECTORIX, CONSENSIX, FORMIX, TRACCIX. NEGATIVE: nessun marchio LEGO reale, nessun personaggio protetto (Asterix ecc.), niente gore/horror, niente claim assoluti ('rischio zero','garantito','zero multe').",La differenza tra chi in Servizi alle imprese dorme sereno e chi trema al controllo,"La differenza tra chi in Servizi alle imprese dorme sereno e chi trema al controllo

In servizi alle imprese gli adempimenti obbligatori non aspettano: DPI, Documento, Formazione specifica, Data breach, Ruolo/RSPP, Emergenze/Incendio, Emergenze/Soccorso, Formazione base, Formazione, Ruolo/RLS, Registro. In questa pagina TALES OF SICURIX il PERICOLO prende forma... e il METODO81+ lo rimette in ordine, passo dopo passo. Immagina la scena: prima il caos, poi la checklist che sistema tutto. Chi si mette in regola prima, dorme meglio dopo.
👉 Iscriviti al corso: Corso Lavori in Quota e DPI Anticaduta -> https://81plus.net/?corso=corso-lavori-in-quota-e-dpi-anticaduta
▶️ YouTube: youtube.com/@sicurissimo
Contenuto informativo. Prima vedi. Poi sistemi. 81plus.net",Corso Lavori in Quota e DPI Anticaduta,https://81plus.net/?corso=corso-lavori-in-quota-e-dpi-anticaduta,#TalesOfSicurix #SICURIX #Metodo81 #81plus #Sicurissimo #Sicurezza #Privacy #SicurezzaSulLavoro,SICURIX_TALES_711210_8_0_2_13_5_9_7_6_1_12_4_10.webp,https://drive.google.com/drive/folders/1hICKXdl9JTZBL1pemG19oE_661z-EH_k,IMG_ERR
60.31.00,ICT/Informazione,J,Privacy+Sicurezza,10,Registro dei Trattamenti | Documento Valutazione Rischi (DVR) | Addetto Antincendio | Informativa e Consensi | Addetto Primo Soccorso | Nomina Incaricati/Responsabili | RSPP / Datore di Lavoro RSPP | Rappresentante Lavoratori Sicurezza (RLS) | Formazione Preposto | Formazione Specifica (rischio basso),GDPR art.30 | D.Lgs81/08 art.28 | DM 2/9/2021 | GDPR art.13 | DM 388/2003 | GDPR art.28-29 | D.Lgs81/08 art.34 | D.Lgs81/08 art.47 | D.Lgs81/08 art.37 | Accordo Stato-Regioni,"ROBOTIX81>CANCELIX, PREPOSTIX>IMPROVVISIX, PRIVACIX>IMPROVVISIX, LUXPECTORIX>CANCELIX, HYGIENIX>CADUTIX, BLINKIX>SPYIX, LUXPECTORIX>BIOXIX, DOCUMIX>TAGLIX, SCUDIX>OBLIVIX, ROBOTIX81>VOLTIX","Crea una PAGINA A FUMETTI a STORIA COMPLETA, verticale A4 (1024x1536), QUALITA' EDITORIALE DA STAMPA, stile ufficiale 'SICURIX TALES' IDENTICO alle immagini di riferimento allegate (stessi personaggi a mattoncini 3D, stessa impaginazione, stessi colori, stesse rese): minifigure espressive, ambientazioni ricche e dettagliate del settore, luci morbide, profondita', bordi vignetta netti. IMPAGINAZIONE OBBLIGATORIA: da 10 a 12 VIGNETTE numerate che raccontano UNA STORIA con arco narrativo completo (1 situazione normale -> 2-4 arrivano i pericoli coi cattivi -> 5-6 tensione/conseguenza -> 7-9 arriva SICURIX con gli eroi e applica il METODO81+ passo per passo -> 10-11 risoluzione ordinata -> 12 finale). HEADER in alto: SICURIX (mantello, medaglione arancione '81+', bussola) che presenta in un fumetto; grande titolo 'SICURIX TALES'; sottotitolo 'ICT/INFORMAZIONE: Pericolo vs Soluzione con Metodo 81+'; legenda 3 voci (verde Sicurezza, rosso Rischio, blu 81+ Soluzione); fila di EROI coi nomi: ROBOTIX81, PREPOSTIX, PRIVACIX, LUXPECTORIX, HYGIENIX, BLINKIX. FOOTER in basso: grande 'Prima vedi. Poi sistemi.'; banner scudo verde 'PROTEGGIAMO. PREVENIAMO. MIGLIORIAMO.' e triangolo rosso 'DISATTENZIONE. RISCHI. COSTI. CAOS.'; logo '81+' + '81plus.net'. TRAMA (usa questi eventi come vignette; se sono meno di 10 aggiungi vignette di contesto, dialogo e reazione per arrivare a 10-12): 1) CANCELIX causa il pericolo 'Registro' (Registro dei Trattamenti); poi ROBOTIX81+SICURIX applicano il METODO81+; 2) IMPROVVISIX causa il pericolo 'Documento' (Documento Valutazione Rischi (DVR)); poi PREPOSTIX+SICURIX applicano il METODO81+; 3) IMPROVVISIX causa il pericolo 'Emergenze/Incendio' (Addetto Antincendio); poi PRIVACIX+SICURIX applicano il METODO81+; 4) CANCELIX causa il pericolo 'Documento' (Informativa e Consensi); poi LUXPECTORIX+SICURIX applicano il METODO81+; 5) CADUTIX causa il pericolo 'Emergenze/Soccorso' (Addetto Primo Soccorso); poi HYGIENIX+SICURIX applicano il METODO81+; 6) SPYIX causa il pericolo 'Nomine' (Nomina Incaricati/Responsabili); poi BLINKIX+SICURIX applicano il METODO81+; 7) BIOXIX causa il pericolo 'Ruolo/RSPP' (RSPP / Datore di Lavoro RSPP); poi LUXPECTORIX+SICURIX applicano il METODO81+; 8) TAGLIX causa il pericolo 'Ruolo/RLS' (Rappresentante Lavoratori Sicurezza (RLS)); poi DOCUMIX+SICURIX applicano il METODO81+; 9) OBLIVIX causa il pericolo 'Ruolo/Preposto' (Formazione Preposto); poi SCUDIX+SICURIX applicano il METODO81+; 10) VOLTIX causa il pericolo 'Formazione specifica' (Formazione Specifica (rischio basso)); poi ROBOTIX81+SICURIX applicano il METODO81+. PALETTE BRAND ESCLUSIVA: nero #05050A, bianco panna, arancione #FF6A1A/#E8501A; ROSSO solo per 'PERICOLO', VERDE per la checklist 'Metodo 81+'. Logo '81+' ben visibile in OGNI vignetta. REGOLA STORIA: SICURIX NON agisce mai da solo - in OGNI vignetta di soluzione si fa AIUTARE dai suoi colleghi EROI (lavoro di squadra, ognuno col suo ruolo). TESTO: didascalie e fumetti MOLTO BREVI (1-4 parole), GRANDI, centrati, in ITALIANO con ORTOGRAFIA PERFETTA, senza parole inventate, lettere doppie errate o testo tagliato. CATTIVI (coerenti col canone): CANCELIX, IMPROVVISIX, CADUTIX, SPYIX, BIOXIX, TAGLIX, OBLIVIX, VOLTIX. EROI: ROBOTIX81, PREPOSTIX, PRIVACIX, LUXPECTORIX, HYGIENIX, BLINKIX, DOCUMIX, SCUDIX. NEGATIVE: nessun marchio LEGO reale, nessun personaggio protetto (Asterix ecc.), niente gore/horror, niente claim assoluti ('rischio zero','garantito','zero multe').","In ICT/Informazione non e' 'se' arriva il controllo, e' 'quando'. Sei pronto?","ICT/Informazione: 3 minuti oggi o un problema enorme domani. Scegli tu.

In ict/informazione gli adempimenti obbligatori non aspettano: Registro, Documento, Emergenze/Incendio, Emergenze/Soccorso, Nomine, Ruolo/RSPP, Ruolo/RLS, Ruolo/Preposto, Formazione specifica. In questa pagina TALES OF SICURIX il PERICOLO prende forma... e il METODO81+ lo rimette in ordine, passo dopo passo. Immagina la scena: prima il caos, poi la checklist che sistema tutto. Non e' burocrazia: e' la tua tranquillita.
👉 Iscriviti al corso: Corso privacy destinato ai lavoratori -> https://81plus.net/?corso=corso-privacy-destinato-ai-lavoratori
▶️ YouTube: youtube.com/@sicurissimo
Contenuto informativo. Prima vedi. Poi sistemi. 81plus.net",Corso privacy destinato ai lavoratori,https://81plus.net/?corso=corso-privacy-destinato-ai-lavoratori,#TalesOfSicurix #SICURIX #Metodo81 #81plus #Sicurissimo #Privacy #Sicurezza #SicurezzaSulLavoro,SICURIX_TALES_603100_10_0_7_9_6_11_5_4_3_2.webp,https://drive.google.com/drive/folders/1hICKXdl9JTZBL1pemG19oE_661z-EH_k,IMG_ERR
20.59.11,Manifattura,C,Privacy+Sicurezza+HACCP,11,Formazione GDPR | Procedura Data Breach | Documento Valutazione Rischi (DVR) | Nomina Incaricati/Responsabili | Movimentazione Manuale Carichi | Addetto Antincendio | Uso e Formazione DPI | Rappresentante Lavoratori Sicurezza (RLS) | Addetto Primo Soccorso | Manuale HACCP di Autocontrollo | Stress Lavoro-Correlato,GDPR art.32 | GDPR art.33-34 | D.Lgs81/08 art.28 | GDPR art.28-29 | D.Lgs81/08 Tit.VI | DM 2/9/2021 | D.Lgs81/08 art.77 | D.Lgs81/08 art.47 | DM 388/2003 | Reg.CE 852/2004,"SICURIX>LEAKIX, FORMIX>PERMISSIONIX, CIFRIX>MULTIX, ROBOTIX81>OBLIVIX, TRACCIX>FUMIX, SICURIX>POLVERIX, LUXPECTORIX>RISKIX, PREPOSTIX>CAOSIX, CIFRIX>SCIVOLIX, LUXPECTORIX>TEMPORIX, CHEFIX>CADUTIX","Crea una PAGINA A FUMETTI a STORIA COMPLETA, verticale A4 (1024x1536), QUALITA' EDITORIALE DA STAMPA, stile ufficiale 'SICURIX TALES' IDENTICO alle immagini di riferimento allegate (stessi personaggi a mattoncini 3D, stessa impaginazione, stessi colori, stesse rese): minifigure espressive, ambientazioni ricche e dettagliate del settore, luci morbide, profondita', bordi vignetta netti. IMPAGINAZIONE OBBLIGATORIA: da 10 a 12 VIGNETTE numerate che raccontano UNA STORIA con arco narrativo completo (1 situazione normale -> 2-4 arrivano i pericoli coi cattivi -> 5-6 tensione/conseguenza -> 7-9 arriva SICURIX con gli eroi e applica il METODO81+ passo per passo -> 10-11 risoluzione ordinata -> 12 finale). HEADER in alto: SICURIX (mantello, medaglione arancione '81+', bussola) che presenta in un fumetto; grande titolo 'SICURIX TALES'; sottotitolo 'MANIFATTURA: Pericolo vs Soluzione con Metodo 81+'; legenda 3 voci (verde Sicurezza, rosso Rischio, blu 81+ Soluzione); fila di EROI coi nomi: SICURIX, FORMIX, CIFRIX, ROBOTIX81, TRACCIX, LUXPECTORIX. FOOTER in basso: grande 'Prima vedi. Poi sistemi.'; banner scudo verde 'PROTEGGIAMO. PREVENIAMO. MIGLIORIAMO.' e triangolo rosso 'DISATTENZIONE. RISCHI. COSTI. CAOS.'; logo '81+' + '81plus.net'. TRAMA (usa questi eventi come vignette; se sono meno di 10 aggiungi vignette di contesto, dialogo e reazione per arrivare a 10-12): 1) LEAKIX causa il pericolo 'Formazione' (Formazione GDPR); poi SICURIX+SICURIX applicano il METODO81+; 2) PERMISSIONIX causa il pericolo 'Data breach' (Procedura Data Breach); poi FORMIX+SICURIX applicano il METODO81+; 3) MULTIX causa il pericolo 'Documento' (Documento Valutazione Rischi (DVR)); poi CIFRIX+SICURIX applicano il METODO81+; 4) OBLIVIX causa il pericolo 'Nomine' (Nomina Incaricati/Responsabili); poi ROBOTIX81+SICURIX applicano il METODO81+; 5) FUMIX causa il pericolo 'MMC' (Movimentazione Manuale Carichi); poi TRACCIX+SICURIX applicano il METODO81+; 6) POLVERIX causa il pericolo 'Emergenze/Incendio' (Addetto Antincendio); poi SICURIX+SICURIX applicano il METODO81+; 7) RISKIX causa il pericolo 'DPI' (Uso e Formazione DPI); poi LUXPECTORIX+SICURIX applicano il METODO81+; 8) CAOSIX causa il pericolo 'Ruolo/RLS' (Rappresentante Lavoratori Sicurezza (RLS)); poi PREPOSTIX+SICURIX applicano il METODO81+; 9) SCIVOLIX causa il pericolo 'Emergenze/Soccorso' (Addetto Primo Soccorso); poi CIFRIX+SICURIX applicano il METODO81+; 10) TEMPORIX causa il pericolo 'Documento' (Manuale HACCP di Autocontrollo); poi LUXPECTORIX+SICURIX applicano il METODO81+; 11) CADUTIX causa il pericolo 'Stress' (Stress Lavoro-Correlato); poi CHEFIX+SICURIX applicano il METODO81+. PALETTE BRAND ESCLUSIVA: nero #05050A, bianco panna, arancione #FF6A1A/#E8501A; ROSSO solo per 'PERICOLO', VERDE per la checklist 'Metodo 81+'. Logo '81+' ben visibile in OGNI vignetta. REGOLA STORIA: SICURIX NON agisce mai da solo - in OGNI vignetta di soluzione si fa AIUTARE dai suoi colleghi EROI (lavoro di squadra, ognuno col suo ruolo). TESTO: didascalie e fumetti MOLTO BREVI (1-4 parole), GRANDI, centrati, in ITALIANO con ORTOGRAFIA PERFETTA, senza parole inventate, lettere doppie errate o testo tagliato. CATTIVI (coerenti col canone): LEAKIX, PERMISSIONIX, MULTIX, OBLIVIX, FUMIX, POLVERIX, RISKIX, CAOSIX, SCIVOLIX, TEMPORIX, CADUTIX. EROI: SICURIX, FORMIX, CIFRIX, ROBOTIX81, TRACCIX, LUXPECTORIX, PREPOSTIX, CHEFIX. NEGATIVE: nessun marchio LEGO reale, nessun personaggio protetto (Asterix ecc.), niente gore/horror, niente claim assoluti ('rischio zero','garantito','zero multe').",Manifattura: 3 minuti oggi o un problema enorme domani. Scegli tu.,"In Manifattura c'e' un obbligo che in tanti scoprono solo con la sanzione

In manifattura gli adempimenti obbligatori non aspettano: Formazione, Data breach, Documento, Nomine, MMC, Emergenze/Incendio, DPI, Ruolo/RLS, Emergenze/Soccorso, Stress. In questa pagina TALES OF SICURIX il PERICOLO prende forma... e il METODO81+ lo rimette in ordine, passo dopo passo. Immagina la scena: prima il caos, poi la checklist che sistema tutto. Non e' burocrazia: e' la tua tranquillita.
👉 Iscriviti al corso: GDPR 2016/679: privacy e trattamento dei dati personali -> https://81plus.net/?corso=gdpr-2016-679-privacy-e-trattamento-dei-dati-personali
▶️ YouTube: youtube.com/@sicurissimo
Contenuto informativo. Prima vedi. Poi sistemi. 81plus.net",GDPR 2016/679: privacy e trattamento dei dati personali,https://81plus.net/?corso=gdpr-2016-679-privacy-e-trattamento-dei-dati-personali,#TalesOfSicurix #SICURIX #Metodo81 #81plus #Sicurissimo #Privacy #Sicurezza #HACCP #SicurezzaSulLavoro,SICURIX_TALES_205911_24_25_0_23_10_7_8_4_6_14_11.webp,https://drive.google.com/drive/folders/1hICKXdl9JTZBL1pemG19oE_661z-EH_k,IMG_ERR
19.10.00,Manifattura,C,Sicurezza+HACCP+Privacy,10,RSPP / Datore di Lavoro RSPP | Gestione Allergeni | Controllo Temperature e Celle | Formazione Specifica (rischio alto) | Uso e Formazione DPI | Corso Alimentarista | Documento Valutazione Rischi (DVR) | Manuale HACCP di Autocontrollo | Informativa e Consensi | Procedura Data Breach,D.Lgs81/08 art.34 | Reg.UE 1169/2011 | Reg.CE 852/2004 | Accordo Stato-Regioni | D.Lgs81/08 art.77 | D.Lgs81/08 art.28 | GDPR art.13 | GDPR art.33-34,"DOCUMIX>CADUTIX, PREPOSTIX>CROSSIX, CHECKIX>CAOSIX, CONSENSIX>ØTIX, BLINKIX>ØTIX, SCUDIX>FRETTIX, CONSENSIX>SEGNALEX, CIFRIX>CROSSIX, TRACCIX>SPYIX, LUXPECTORIX>FRETTIX","Crea una PAGINA A FUMETTI a STORIA COMPLETA, verticale A4 (1024x1536), QUALITA' EDITORIALE DA STAMPA, stile ufficiale 'SICURIX TALES' IDENTICO alle immagini di riferimento allegate (stessi personaggi a mattoncini 3D, stessa impaginazione, stessi colori, stesse rese): minifigure espressive, ambientazioni ricche e dettagliate del settore, luci morbide, profondita', bordi vignetta netti. IMPAGINAZIONE OBBLIGATORIA: da 10 a 12 VIGNETTE numerate che raccontano UNA STORIA con arco narrativo completo (1 situazione normale -> 2-4 arrivano i pericoli coi cattivi -> 5-6 tensione/conseguenza -> 7-9 arriva SICURIX con gli eroi e applica il METODO81+ passo per passo -> 10-11 risoluzione ordinata -> 12 finale). HEADER in alto: SICURIX (mantello, medaglione arancione '81+', bussola) che presenta in un fumetto; grande titolo 'SICURIX TALES'; sottotitolo 'MANIFATTURA: Pericolo vs Soluzione con Metodo 81+'; legenda 3 voci (verde Sicurezza, rosso Rischio, blu 81+ Soluzione); fila di EROI coi nomi: DOCUMIX, PREPOSTIX, CHECKIX, CONSENSIX, BLINKIX, SCUDIX. FOOTER in basso: grande 'Prima vedi. Poi sistemi.'; banner scudo verde 'PROTEGGIAMO. PREVENIAMO. MIGLIORIAMO.' e triangolo rosso 'DISATTENZIONE. RISCHI. COSTI. CAOS.'; logo '81+' + '81plus.net'. TRAMA (usa questi eventi come vignette; se sono meno di 10 aggiungi vignette di contesto, dialogo e reazione per arrivare a 10-12): 1) CADUTIX causa il pericolo 'Ruolo/RSPP' (RSPP / Datore di Lavoro RSPP); poi DOCUMIX+SICURIX applicano il METODO81+; 2) CROSSIX causa il pericolo 'Allergeni' (Gestione Allergeni); poi PREPOSTIX+SICURIX applicano il METODO81+; 3) CAOSIX causa il pericolo 'Temperature' (Controllo Temperature e Celle); poi CHECKIX+SICURIX applicano il METODO81+; 4) ØTIX causa il pericolo 'Formazione specifica' (Formazione Specifica (rischio alto)); poi CONSENSIX+SICURIX applicano il METODO81+; 5) ØTIX causa il pericolo 'DPI' (Uso e Formazione DPI); poi BLINKIX+SICURIX applicano il METODO81+; 6) FRETTIX causa il pericolo 'Corso' (Corso Alimentarista); poi SCUDIX+SICURIX applicano il METODO81+; 7) SEGNALEX causa il pericolo 'Documento' (Documento Valutazione Rischi (DVR)); poi CONSENSIX+SICURIX applicano il METODO81+; 8) CROSSIX causa il pericolo 'Documento' (Manuale HACCP di Autocontrollo); poi CIFRIX+SICURIX applicano il METODO81+; 9) SPYIX causa il pericolo 'Documento' (Informativa e Consensi); poi TRACCIX+SICURIX applicano il METODO81+; 10) FRETTIX causa il pericolo 'Data breach' (Procedura Data Breach); poi LUXPECTORIX+SICURIX applicano il METODO81+. PALETTE BRAND ESCLUSIVA: nero #05050A, bianco panna, arancione #FF6A1A/#E8501A; ROSSO solo per 'PERICOLO', VERDE per la checklist 'Metodo 81+'. Logo '81+' ben visibile in OGNI vignetta. REGOLA STORIA: SICURIX NON agisce mai da solo - in OGNI vignetta di soluzione si fa AIUTARE dai suoi colleghi EROI (lavoro di squadra, ognuno col suo ruolo). TESTO: didascalie e fumetti MOLTO BREVI (1-4 parole), GRANDI, centrati, in ITALIANO con ORTOGRAFIA PERFETTA, senza parole inventate, lettere doppie errate o testo tagliato. CATTIVI (coerenti col canone): CADUTIX, CROSSIX, CAOSIX, ØTIX, FRETTIX, SEGNALEX, SPYIX. EROI: DOCUMIX, PREPOSTIX, CHECKIX, CONSENSIX, BLINKIX, SCUDIX, CIFRIX, TRACCIX, LUXPECTORIX. NEGATIVE: nessun marchio LEGO reale, nessun personaggio protetto (Asterix ecc.), niente gore/horror, niente claim assoluti ('rischio zero','garantito','zero multe').",In Manifattura c'e' un obbligo che in tanti scoprono solo con la sanzione,"Manifattura: 3 minuti oggi o un problema enorme domani. Scegli tu.

In manifattura gli adempimenti obbligatori non aspettano: Ruolo/RSPP, Allergeni, Temperature, Formazione specifica, DPI, Corso, Documento, Data breach. In questa pagina TALES OF SICURIX il PERICOLO prende forma... e il METODO81+ lo rimette in ordine, passo dopo passo. Immagina la scena: prima il caos, poi la checklist che sistema tutto. Non e' burocrazia: e' la tua tranquillita.
👉 Iscriviti al corso: RSPP Datore di Lavoro modulo 1 e 2 -> https://81plus.net/?corso=rspp-datore-di-lavoro-modulo-1-e-2
▶️ YouTube: youtube.com/@sicurissimo
Contenuto informativo. Prima vedi. Poi sistemi. 81plus.net",RSPP Datore di Lavoro modulo 1 e 2,https://81plus.net/?corso=rspp-datore-di-lavoro-modulo-1-e-2,#TalesOfSicurix #SICURIX #Metodo81 #81plus #Sicurissimo #Sicurezza #HACCP #Privacy #SicurezzaSulLavoro,SICURIX_TALES_191000_5_20_18_2_8_15_0_14_21_25.webp,https://drive.google.com/drive/folders/1hICKXdl9JTZBL1pemG19oE_661z-EH_k,IMG_ERR
79.90.01,PA,O,Sicurezza+Privacy,11,Documento Valutazione Rischi (DVR) | Addetto Antincendio | Formazione Preposto | RSPP / Datore di Lavoro RSPP | Registro dei Trattamenti | Rappresentante Lavoratori Sicurezza (RLS) | Nomina Incaricati/Responsabili | Valutazione d'Impatto (DPIA) | Nomina DPO / RPD | Formazione Generale Lavoratori | Uso e Formazione DPI,D.Lgs81/08 art.28 | DM 2/9/2021 | D.Lgs81/08 art.37 | D.Lgs81/08 art.34 | GDPR art.30 | D.Lgs81/08 art.47 | GDPR art.28-29 | GDPR art.35 | GDPR art.37 | Accordo Stato-Regioni | D.Lgs81/08 art.77,"CIFRIX>SOTTOVALUTIX, DOCUMIX>VOLTIX, SCUDIX>OBLIVIX, SICURIX>SOTTOVALUTIX, SCUDIX>RISKIX, CONSENSIX>SOTTOVALUTIX, SICURIX>RISKIX, BLINKIX>PHISHIX, DOCUMIX>OBLIVIX, PRIVACIX>CADUTIX, DOCUMIX>SCHIACCIX","Crea una PAGINA A FUMETTI a STORIA COMPLETA, verticale A4 (1024x1536), QUALITA' EDITORIALE DA STAMPA, stile ufficiale 'SICURIX TALES' IDENTICO alle immagini di riferimento allegate (stessi personaggi a mattoncini 3D, stessa impaginazione, stessi colori, stesse rese): minifigure espressive, ambientazioni ricche e dettagliate del settore, luci morbide, profondita', bordi vignetta netti. IMPAGINAZIONE OBBLIGATORIA: da 10 a 12 VIGNETTE numerate che raccontano UNA STORIA con arco narrativo completo (1 situazione normale -> 2-4 arrivano i pericoli coi cattivi -> 5-6 tensione/conseguenza -> 7-9 arriva SICURIX con gli eroi e applica il METODO81+ passo per passo -> 10-11 risoluzione ordinata -> 12 finale). HEADER in alto: SICURIX (mantello, medaglione arancione '81+', bussola) che presenta in un fumetto; grande titolo 'SICURIX TALES'; sottotitolo 'PA: Pericolo vs Soluzione con Metodo 81+'; legenda 3 voci (verde Sicurezza, rosso Rischio, blu 81+ Soluzione); fila di EROI coi nomi: CIFRIX, DOCUMIX, SCUDIX, SICURIX, CONSENSIX, BLINKIX. FOOTER in basso: grande 'Prima vedi. Poi sistemi.'; banner scudo verde 'PROTEGGIAMO. PREVENIAMO. MIGLIORIAMO.' e triangolo rosso 'DISATTENZIONE. RISCHI. COSTI. CAOS.'; logo '81+' + '81plus.net'. TRAMA (usa questi eventi come vignette; se sono meno di 10 aggiungi vignette di contesto, dialogo e reazione per arrivare a 10-12): 1) SOTTOVALUTIX causa il pericolo 'Documento' (Documento Valutazione Rischi (DVR)); poi CIFRIX+SICURIX applicano il METODO81+; 2) VOLTIX causa il pericolo 'Emergenze/Incendio' (Addetto Antincendio); poi DOCUMIX+SICURIX applicano il METODO81+; 3) OBLIVIX causa il pericolo 'Ruolo/Preposto' (Formazione Preposto); poi SCUDIX+SICURIX applicano il METODO81+; 4) SOTTOVALUTIX causa il pericolo 'Ruolo/RSPP' (RSPP / Datore di Lavoro RSPP); poi SICURIX+SICURIX applicano il METODO81+; 5) RISKIX causa il pericolo 'Registro' (Registro dei Trattamenti); poi SCUDIX+SICURIX applicano il METODO81+; 6) SOTTOVALUTIX causa il pericolo 'Ruolo/RLS' (Rappresentante Lavoratori Sicurezza (RLS)); poi CONSENSIX+SICURIX applicano il METODO81+; 7) RISKIX causa il pericolo 'Nomine' (Nomina Incaricati/Responsabili); poi SICURIX+SICURIX applicano il METODO81+; 8) PHISHIX causa il pericolo 'DPIA' (Valutazione d'Impatto (DPIA)); poi BLINKIX+SICURIX applicano il METODO81+; 9) OBLIVIX causa il pericolo 'DPO' (Nomina DPO / RPD); poi DOCUMIX+SICURIX applicano il METODO81+; 10) CADUTIX causa il pericolo 'Formazione base' (Formazione Generale Lavoratori); poi PRIVACIX+SICURIX applicano il METODO81+; 11) SCHIACCIX causa il pericolo 'DPI' (Uso e Formazione DPI); poi DOCUMIX+SICURIX applicano il METODO81+. PALETTE BRAND ESCLUSIVA: nero #05050A, bianco panna, arancione #FF6A1A/#E8501A; ROSSO solo per 'PERICOLO', VERDE per la checklist 'Metodo 81+'. Logo '81+' ben visibile in OGNI vignetta. REGOLA STORIA: SICURIX NON agisce mai da solo - in OGNI vignetta di soluzione si fa AIUTARE dai suoi colleghi EROI (lavoro di squadra, ognuno col suo ruolo). TESTO: didascalie e fumetti MOLTO BREVI (1-4 parole), GRANDI, centrati, in ITALIANO con ORTOGRAFIA PERFETTA, senza parole inventate, lettere doppie errate o testo tagliato. CATTIVI (coerenti col canone): SOTTOVALUTIX, VOLTIX, OBLIVIX, RISKIX, PHISHIX, CADUTIX, SCHIACCIX. EROI: CIFRIX, DOCUMIX, SCUDIX, SICURIX, CONSENSIX, BLINKIX, PRIVACIX. NEGATIVE: nessun marchio LEGO reale, nessun personaggio protetto (Asterix ecc.), niente gore/horror, niente claim assoluti ('rischio zero','garantito','zero multe').",La differenza tra chi in PA dorme sereno e chi trema al controllo,"In PA c'e' un obbligo che in tanti scoprono solo con la sanzione

In pa gli adempimenti obbligatori non aspettano: Documento, Emergenze/Incendio, Ruolo/Preposto, Ruolo/RSPP, Registro, Ruolo/RLS, Nomine, DPIA, DPO, Formazione base, DPI. In questa pagina TALES OF SICURIX il PERICOLO prende forma... e il METODO81+ lo rimette in ordine, passo dopo passo. Immagina la scena: prima il caos, poi la checklist che sistema tutto. La regola c'e' gia': tu falla lavorare per te.
👉 Iscriviti al corso: Corso lavoratore parte GENERALE 4 ore -> https://81plus.net/?corso=corso-lavoratore-parte-generale-4-ore
▶️ YouTube: youtube.com/@sicurissimo
Contenuto informativo. Prima vedi. Poi sistemi. 81plus.net",Corso lavoratore parte GENERALE 4 ore,https://81plus.net/?corso=corso-lavoratore-parte-generale-4-ore,#TalesOfSicurix #SICURIX #Metodo81 #81plus #Sicurissimo #Sicurezza #Privacy #SicurezzaSulLavoro,SICURIX_TALES_799001_0_7_3_5_13_4_14_18_17_1_8.webp,https://drive.google.com/drive/folders/1hICKXdl9JTZBL1pemG19oE_661z-EH_k,IMG_ERR
01.48.99,Agricoltura,A,HACCP+Sicurezza+Ambientale+Privacy,10,Controllo Temperature e Celle | Formazione Generale Lavoratori | Gestione Rifiuti e Registro | Stress Lavoro-Correlato | Attrezzature e Macchine | Uso e Formazione DPI | Gestione Allergeni | Registro dei Trattamenti | Addetto Antincendio | RSPP / Datore di Lavoro RSPP,Reg.CE 852/2004 | Accordo Stato-Regioni | D.Lgs152/06 | D.Lgs81/08 art.28 | D.Lgs81/08 Tit.III | D.Lgs81/08 art.77 | Reg.UE 1169/2011 | GDPR art.30 | DM 2/9/2021 | D.Lgs81/08 art.34,"PREPOSTIX>SPORCKIX, CONSENSIX>SEGNALEX, CONSENSIX>FRETTIX, CHECKIX>BIOXIX, SICURIX>IMPROVVISIX, SICURIX>TAGLIX, CONSENSIX>ACQUAIX, BLINKIX>LEAKIX, SICURIX>FUMIX, ROBOTIX81>CADUTIX","Crea una PAGINA A FUMETTI a STORIA COMPLETA, verticale A4 (1024x1536), QUALITA' EDITORIALE DA STAMPA, stile ufficiale 'SICURIX TALES' IDENTICO alle immagini di riferimento allegate (stessi personaggi a mattoncini 3D, stessa impaginazione, stessi colori, stesse rese): minifigure espressive, ambientazioni ricche e dettagliate del settore, luci morbide, profondita', bordi vignetta netti. IMPAGINAZIONE OBBLIGATORIA: da 10 a 12 VIGNETTE numerate che raccontano UNA STORIA con arco narrativo completo (1 situazione normale -> 2-4 arrivano i pericoli coi cattivi -> 5-6 tensione/conseguenza -> 7-9 arriva SICURIX con gli eroi e applica il METODO81+ passo per passo -> 10-11 risoluzione ordinata -> 12 finale). HEADER in alto: SICURIX (mantello, medaglione arancione '81+', bussola) che presenta in un fumetto; grande titolo 'SICURIX TALES'; sottotitolo 'AGRICOLTURA: Pericolo vs Soluzione con Metodo 81+'; legenda 3 voci (verde Sicurezza, rosso Rischio, blu 81+ Soluzione); fila di EROI coi nomi: PREPOSTIX, CONSENSIX, CHECKIX, SICURIX, BLINKIX, ROBOTIX81. FOOTER in basso: grande 'Prima vedi. Poi sistemi.'; banner scudo verde 'PROTEGGIAMO. PREVENIAMO. MIGLIORIAMO.' e triangolo rosso 'DISATTENZIONE. RISCHI. COSTI. CAOS.'; logo '81+' + '81plus.net'. TRAMA (usa questi eventi come vignette; se sono meno di 10 aggiungi vignette di contesto, dialogo e reazione per arrivare a 10-12): 1) SPORCKIX causa il pericolo 'Temperature' (Controllo Temperature e Celle); poi PREPOSTIX+SICURIX applicano il METODO81+; 2) SEGNALEX causa il pericolo 'Formazione base' (Formazione Generale Lavoratori); poi CONSENSIX+SICURIX applicano il METODO81+; 3) FRETTIX causa il pericolo 'Rifiuti' (Gestione Rifiuti e Registro); poi CONSENSIX+SICURIX applicano il METODO81+; 4) BIOXIX causa il pericolo 'Stress' (Stress Lavoro-Correlato); poi CHECKIX+SICURIX applicano il METODO81+; 5) IMPROVVISIX causa il pericolo 'Attrezzature' (Attrezzature e Macchine); poi SICURIX+SICURIX applicano il METODO81+; 6) TAGLIX causa il pericolo 'DPI' (Uso e Formazione DPI); poi SICURIX+SICURIX applicano il METODO81+; 7) ACQUAIX causa il pericolo 'Allergeni' (Gestione Allergeni); poi CONSENSIX+SICURIX applicano il METODO81+; 8) LEAKIX causa il pericolo 'Registro' (Registro dei Trattamenti); poi BLINKIX+SICURIX applicano il METODO81+; 9) FUMIX causa il pericolo 'Emergenze/Incendio' (Addetto Antincendio); poi SICURIX+SICURIX applicano il METODO81+; 10) CADUTIX causa il pericolo 'Ruolo/RSPP' (RSPP / Datore di Lavoro RSPP); poi ROBOTIX81+SICURIX applicano il METODO81+. PALETTE BRAND ESCLUSIVA: nero #05050A, bianco panna, arancione #FF6A1A/#E8501A; ROSSO solo per 'PERICOLO', VERDE per la checklist 'Metodo 81+'. Logo '81+' ben visibile in OGNI vignetta. REGOLA STORIA: SICURIX NON agisce mai da solo - in OGNI vignetta di soluzione si fa AIUTARE dai suoi colleghi EROI (lavoro di squadra, ognuno col suo ruolo). TESTO: didascalie e fumetti MOLTO BREVI (1-4 parole), GRANDI, centrati, in ITALIANO con ORTOGRAFIA PERFETTA, senza parole inventate, lettere doppie errate o testo tagliato. CATTIVI (coerenti col canone): SPORCKIX, SEGNALEX, FRETTIX, BIOXIX, IMPROVVISIX, TAGLIX, ACQUAIX, LEAKIX, FUMIX, CADUTIX. EROI: PREPOSTIX, CONSENSIX, CHECKIX, SICURIX, BLINKIX, ROBOTIX81. NEGATIVE: nessun marchio LEGO reale, nessun personaggio protetto (Asterix ecc.), niente gore/horror, niente claim assoluti ('rischio zero','garantito','zero multe').",Agricoltura: 3 minuti oggi o un problema enorme domani. Scegli tu.,"La differenza tra chi in Agricoltura dorme sereno e chi trema al controllo

In agricoltura gli adempimenti obbligatori non aspettano: Temperature, Formazione base, Rifiuti, Stress, Attrezzature, DPI, Allergeni, Registro, Emergenze/Incendio, Ruolo/RSPP. In questa pagina TALES OF SICURIX il PERICOLO prende forma... e il METODO81+ lo rimette in ordine, passo dopo passo. Immagina la scena: prima il caos, poi la checklist che sistema tutto. La regola c'e' gia': tu falla lavorare per te.
👉 Iscriviti al corso: Le esecuzioni civili, le procedure concorsuali e i servizi di cancelleria -> https://81plus.net/?corso=le-esecuzioni-civili-le-procedure-concorsuali-e-i-servizi-di
▶️ YouTube: youtube.com/@sicurissimo
Contenuto informativo. Prima vedi. Poi sistemi. 81plus.net","Le esecuzioni civili, le procedure concorsuali e i servizi di cancelleria",https://81plus.net/?corso=le-esecuzioni-civili-le-procedure-concorsuali-e-i-servizi-di,#TalesOfSicurix #SICURIX #Metodo81 #81plus #Sicurissimo #HACCP #Sicurezza #Ambientale #Privacy #SicurezzaSulLavoro,SICURIX_TALES_014899_19_1_27_11_13_8_21_23_7_5.webp,https://drive.google.com/drive/folders/1hICKXdl9JTZBL1pemG19oE_661z-EH_k,IMG_ERR
97.00.10,Org.extra,U,Sicurezza+Privacy,10,Rappresentante Lavoratori Sicurezza (RLS) | Formazione Generale Lavoratori | Formazione Specifica (rischio basso) | RSPP / Datore di Lavoro RSPP | Documento Valutazione Rischi (DVR) | Formazione GDPR | Addetto Primo Soccorso | Addetto Antincendio | Registro dei Trattamenti | Procedura Data Breach,D.Lgs81/08 art.47 | Accordo Stato-Regioni | D.Lgs81/08 art.34 | D.Lgs81/08 art.28 | GDPR art.32 | DM 388/2003 | DM 2/9/2021 | GDPR art.30 | GDPR art.33-34,"ROBOTIX81>CADUTIX, PREPOSTIX>POLVERIX, DOCUMIX>FUMIX, SCUDIX>NONDPIX, CIFRIX>VOLTIX, PRIVACIX>HACKIX, PRIVACIX>BIOXIX, FORMIX>RISKIX, SICURIX>RISKIX, HYGIENIX>SPYIX","Crea una PAGINA A FUMETTI a STORIA COMPLETA, verticale A4 (1024x1536), QUALITA' EDITORIALE DA STAMPA, stile ufficiale 'SICURIX TALES' IDENTICO alle immagini di riferimento allegate (stessi personaggi a mattoncini 3D, stessa impaginazione, stessi colori, stesse rese): minifigure espressive, ambientazioni ricche e dettagliate del settore, luci morbide, profondita', bordi vignetta netti. IMPAGINAZIONE OBBLIGATORIA: da 10 a 12 VIGNETTE numerate che raccontano UNA STORIA con arco narrativo completo (1 situazione normale -> 2-4 arrivano i pericoli coi cattivi -> 5-6 tensione/conseguenza -> 7-9 arriva SICURIX con gli eroi e applica il METODO81+ passo per passo -> 10-11 risoluzione ordinata -> 12 finale). HEADER in alto: SICURIX (mantello, medaglione arancione '81+', bussola) che presenta in un fumetto; grande titolo 'SICURIX TALES'; sottotitolo 'ORG.EXTRA: Pericolo vs Soluzione con Metodo 81+'; legenda 3 voci (verde Sicurezza, rosso Rischio, blu 81+ Soluzione); fila di EROI coi nomi: ROBOTIX81, PREPOSTIX, DOCUMIX, SCUDIX, CIFRIX, PRIVACIX. FOOTER in basso: grande 'Prima vedi. Poi sistemi.'; banner scudo verde 'PROTEGGIAMO. PREVENIAMO. MIGLIORIAMO.' e triangolo rosso 'DISATTENZIONE. RISCHI. COSTI. CAOS.'; logo '81+' + '81plus.net'. TRAMA (usa questi eventi come vignette; se sono meno di 10 aggiungi vignette di contesto, dialogo e reazione per arrivare a 10-12): 1) CADUTIX causa il pericolo 'Ruolo/RLS' (Rappresentante Lavoratori Sicurezza (RLS)); poi ROBOTIX81+SICURIX applicano il METODO81+; 2) POLVERIX causa il pericolo 'Formazione base' (Formazione Generale Lavoratori); poi PREPOSTIX+SICURIX applicano il METODO81+; 3) FUMIX causa il pericolo 'Formazione specifica' (Formazione Specifica (rischio basso)); poi DOCUMIX+SICURIX applicano il METODO81+; 4) NONDPIX causa il pericolo 'Ruolo/RSPP' (RSPP / Datore di Lavoro RSPP); poi SCUDIX+SICURIX applicano il METODO81+; 5) VOLTIX causa il pericolo 'Documento' (Documento Valutazione Rischi (DVR)); poi CIFRIX+SICURIX applicano il METODO81+; 6) HACKIX causa il pericolo 'Formazione' (Formazione GDPR); poi PRIVACIX+SICURIX applicano il METODO81+; 7) BIOXIX causa il pericolo 'Emergenze/Soccorso' (Addetto Primo Soccorso); poi PRIVACIX+SICURIX applicano il METODO81+; 8) RISKIX causa il pericolo 'Emergenze/Incendio' (Addetto Antincendio); poi FORMIX+SICURIX applicano il METODO81+; 9) RISKIX causa il pericolo 'Registro' (Registro dei Trattamenti); poi SICURIX+SICURIX applicano il METODO81+; 10) SPYIX causa il pericolo 'Data breach' (Procedura Data Breach); poi HYGIENIX+SICURIX applicano il METODO81+. PALETTE BRAND ESCLUSIVA: nero #05050A, bianco panna, arancione #FF6A1A/#E8501A; ROSSO solo per 'PERICOLO', VERDE per la checklist 'Metodo 81+'. Logo '81+' ben visibile in OGNI vignetta. REGOLA STORIA: SICURIX NON agisce mai da solo - in OGNI vignetta di soluzione si fa AIUTARE dai suoi colleghi EROI (lavoro di squadra, ognuno col suo ruolo). TESTO: didascalie e fumetti MOLTO BREVI (1-4 parole), GRANDI, centrati, in ITALIANO con ORTOGRAFIA PERFETTA, senza parole inventate, lettere doppie errate o testo tagliato. CATTIVI (coerenti col canone): CADUTIX, POLVERIX, FUMIX, NONDPIX, VOLTIX, HACKIX, BIOXIX, RISKIX, SPYIX. EROI: ROBOTIX81, PREPOSTIX, DOCUMIX, SCUDIX, CIFRIX, PRIVACIX, FORMIX, SICURIX, HYGIENIX. NEGATIVE: nessun marchio LEGO reale, nessun personaggio protetto (Asterix ecc.), niente gore/horror, niente claim assoluti ('rischio zero','garantito','zero multe').",La differenza tra chi in Org.extra dorme sereno e chi trema al controllo,"Org.extra: 3 minuti oggi o un problema enorme domani. Scegli tu.

In org.extra gli adempimenti obbligatori non aspettano: Ruolo/RLS, Formazione base, Formazione specifica, Ruolo/RSPP, Documento, Formazione, Emergenze/Soccorso, Emergenze/Incendio, Registro, Data breach. In questa pagina TALES OF SICURIX il PERICOLO prende forma... e il METODO81+ lo rimette in ordine, passo dopo passo. Immagina la scena: prima il caos, poi la checklist che sistema tutto. Chi si mette in regola prima, dorme meglio dopo.
👉 Iscriviti al corso: Corso RLS -> https://81plus.net/?corso=corso-rls
▶️ YouTube: youtube.com/@sicurissimo
Contenuto informativo. Prima vedi. Poi sistemi. 81plus.net",Corso RLS,https://81plus.net/?corso=corso-rls,#TalesOfSicurix #SICURIX #Metodo81 #81plus #Sicurissimo #Sicurezza #Privacy #SicurezzaSulLavoro,SICURIX_TALES_970010_4_1_2_5_0_12_6_7_10_13.webp,https://drive.google.com/drive/folders/1hICKXdl9JTZBL1pemG19oE_661z-EH_k,IMG_ERR
01.48.99,Agricoltura,A,Sicurezza+Privacy+HACCP+Ambientale,12,Attrezzature e Macchine | Registro dei Trattamenti | Manuale HACCP di Autocontrollo | Informativa e Consensi | Gestione Rifiuti e Registro | Addetto Primo Soccorso | Controllo Temperature e Celle | Formazione Ambientale | Corso Alimentarista | RSPP / Datore di Lavoro RSPP | Uso e Formazione DPI | Addetto Antincendio,D.Lgs81/08 Tit.III | GDPR art.30 | Reg.CE 852/2004 | GDPR art.13 | D.Lgs152/06 | DM 388/2003 | D.Lgs81/08 art.34 | D.Lgs81/08 art.77 | DM 2/9/2021,"SICURIX>VOLTIX, PRIVACIX>RISKIX, SICURIX>DOSAGIX, HYGIENIX>CANCELIX, BLINKIX>FRETTIX, CONSENSIX>POLVERIX, BLINKIX>SPORCKIX, CIFRIX>FRETTIX, TRACCIX>SCADUTIX, CONSENSIX>VOLTIX, SCUDIX>CHIMIKIX, LUXPECTORIX>SCHIACCIX","Crea una PAGINA A FUMETTI a STORIA COMPLETA, verticale A4 (1024x1536), QUALITA' EDITORIALE DA STAMPA, stile ufficiale 'SICURIX TALES' IDENTICO alle immagini di riferimento allegate (stessi personaggi a mattoncini 3D, stessa impaginazione, stessi colori, stesse rese): minifigure espressive, ambientazioni ricche e dettagliate del settore, luci morbide, profondita', bordi vignetta netti. IMPAGINAZIONE OBBLIGATORIA: da 10 a 12 VIGNETTE numerate che raccontano UNA STORIA con arco narrativo completo (1 situazione normale -> 2-4 arrivano i pericoli coi cattivi -> 5-6 tensione/conseguenza -> 7-9 arriva SICURIX con gli eroi e applica il METODO81+ passo per passo -> 10-11 risoluzione ordinata -> 12 finale). HEADER in alto: SICURIX (mantello, medaglione arancione '81+', bussola) che presenta in un fumetto; grande titolo 'SICURIX TALES'; sottotitolo 'AGRICOLTURA: Pericolo vs Soluzione con Metodo 81+'; legenda 3 voci (verde Sicurezza, rosso Rischio, blu 81+ Soluzione); fila di EROI coi nomi: SICURIX, PRIVACIX, HYGIENIX, BLINKIX, CONSENSIX, CIFRIX. FOOTER in basso: grande 'Prima vedi. Poi sistemi.'; banner scudo verde 'PROTEGGIAMO. PREVENIAMO. MIGLIORIAMO.' e triangolo rosso 'DISATTENZIONE. RISCHI. COSTI. CAOS.'; logo '81+' + '81plus.net'. TRAMA (usa questi eventi come vignette; se sono meno di 10 aggiungi vignette di contesto, dialogo e reazione per arrivare a 10-12): 1) VOLTIX causa il pericolo 'Attrezzature' (Attrezzature e Macchine); poi SICURIX+SICURIX applicano il METODO81+; 2) RISKIX causa il pericolo 'Registro' (Registro dei Trattamenti); poi PRIVACIX+SICURIX applicano il METODO81+; 3) DOSAGIX causa il pericolo 'Documento' (Manuale HACCP di Autocontrollo); poi SICURIX+SICURIX applicano il METODO81+; 4) CANCELIX causa il pericolo 'Documento' (Informativa e Consensi); poi HYGIENIX+SICURIX applicano il METODO81+; 5) FRETTIX causa il pericolo 'Rifiuti' (Gestione Rifiuti e Registro); poi BLINKIX+SICURIX applicano il METODO81+; 6) POLVERIX causa il pericolo 'Emergenze/Soccorso' (Addetto Primo Soccorso); poi CONSENSIX+SICURIX applicano il METODO81+; 7) SPORCKIX causa il pericolo 'Temperature' (Controllo Temperature e Celle); poi BLINKIX+SICURIX applicano il METODO81+; 8) FRETTIX causa il pericolo 'Formazione' (Formazione Ambientale); poi CIFRIX+SICURIX applicano il METODO81+; 9) SCADUTIX causa il pericolo 'Corso' (Corso Alimentarista); poi TRACCIX+SICURIX applicano il METODO81+; 10) VOLTIX causa il pericolo 'Ruolo/RSPP' (RSPP / Datore di Lavoro RSPP); poi CONSENSIX+SICURIX applicano il METODO81+; 11) CHIMIKIX causa il pericolo 'DPI' (Uso e Formazione DPI); poi SCUDIX+SICURIX applicano il METODO81+; 12) SCHIACCIX causa il pericolo 'Emergenze/Incendio' (Addetto Antincendio); poi LUXPECTORIX+SICURIX applicano il METODO81+. PALETTE BRAND ESCLUSIVA: nero #05050A, bianco panna, arancione #FF6A1A/#E8501A; ROSSO solo per 'PERICOLO', VERDE per la checklist 'Metodo 81+'. Logo '81+' ben visibile in OGNI vignetta. REGOLA STORIA: SICURIX NON agisce mai da solo - in OGNI vignetta di soluzione si fa AIUTARE dai suoi colleghi EROI (lavoro di squadra, ognuno col suo ruolo). TESTO: didascalie e fumetti MOLTO BREVI (1-4 parole), GRANDI, centrati, in ITALIANO con ORTOGRAFIA PERFETTA, senza parole inventate, lettere doppie errate o testo tagliato. CATTIVI (coerenti col canone): VOLTIX, RISKIX, DOSAGIX, CANCELIX, FRETTIX, POLVERIX, SPORCKIX, SCADUTIX, CHIMIKIX, SCHIACCIX. EROI: SICURIX, PRIVACIX, HYGIENIX, BLINKIX, CONSENSIX, CIFRIX, TRACCIX, SCUDIX, LUXPECTORIX. NEGATIVE: nessun marchio LEGO reale, nessun personaggio protetto (Asterix ecc.), niente gore/horror, niente claim assoluti ('rischio zero','garantito','zero multe').",Quello che l'ispettore controlla per primo in Agricoltura (e quasi nessuno lo sa),"Quello che l'ispettore controlla per primo in Agricoltura (e quasi nessuno lo sa)

In agricoltura gli adempimenti obbligatori non aspettano: Attrezzature, Registro, Documento, Rifiuti, Emergenze/Soccorso, Temperature, Formazione, Corso, Ruolo/RSPP, DPI, Emergenze/Incendio. In questa pagina TALES OF SICURIX il PERICOLO prende forma... e il METODO81+ lo rimette in ordine, passo dopo passo. Immagina la scena: prima il caos, poi la checklist che sistema tutto. Chi si mette in regola prima, dorme meglio dopo.
👉 Iscriviti al corso: Corso Lavori in Quota e DPI Anticaduta -> https://81plus.net/?corso=corso-lavori-in-quota-e-dpi-anticaduta
▶️ YouTube: youtube.com/@sicurissimo
Contenuto informativo. Prima vedi. Poi sistemi. 81plus.net",Corso Lavori in Quota e DPI Anticaduta,https://81plus.net/?corso=corso-lavori-in-quota-e-dpi-anticaduta,#TalesOfSicurix #SICURIX #Metodo81 #81plus #Sicurissimo #Sicurezza #Privacy #HACCP #Ambientale #SicurezzaSulLavoro,SICURIX_TALES_014899_13_23_15_22_27_6_19_28_16_5_8_7.webp,https://drive.google.com/drive/folders/1hICKXdl9JTZBL1pemG19oE_661z-EH_k,IMG_ERR
81.21.00,PA,O,Privacy+Sicurezza,10,Informativa e Consensi | Addetto Antincendio | Valutazione d'Impatto (DPIA) | Movimentazione Manuale Carichi | Documento Valutazione Rischi (DVR) | Formazione Specifica (rischio medio) | Sorveglianza Sanitaria / Medico Competente | Formazione Generale Lavoratori | Registro dei Trattamenti | Stress Lavoro-Correlato,GDPR art.13 | DM 2/9/2021 | GDPR art.35 | D.Lgs81/08 Tit.VI | D.Lgs81/08 art.28 | Accordo Stato-Regioni | D.Lgs81/08 art.41 | GDPR art.30,"CHEFIX>LEAKIX, DOCUMIX>MULTIX, SICURIX>MULTIX, BLINKIX>FRETTIX, CHEFIX>CAOSIX, CHEFIX>SEGNALEX, TRACCIX>MULTIX, SCUDIX>SEGNALEX, CHECKIX>RISKIX, BLINKIX>CHIMIKIX","Crea una PAGINA A FUMETTI a STORIA COMPLETA, verticale A4 (1024x1536), QUALITA' EDITORIALE DA STAMPA, stile ufficiale 'SICURIX TALES' IDENTICO alle immagini di riferimento allegate (stessi personaggi a mattoncini 3D, stessa impaginazione, stessi colori, stesse rese): minifigure espressive, ambientazioni ricche e dettagliate del settore, luci morbide, profondita', bordi vignetta netti. IMPAGINAZIONE OBBLIGATORIA: da 10 a 12 VIGNETTE numerate che raccontano UNA STORIA con arco narrativo completo (1 situazione normale -> 2-4 arrivano i pericoli coi cattivi -> 5-6 tensione/conseguenza -> 7-9 arriva SICURIX con gli eroi e applica il METODO81+ passo per passo -> 10-11 risoluzione ordinata -> 12 finale). HEADER in alto: SICURIX (mantello, medaglione arancione '81+', bussola) che presenta in un fumetto; grande titolo 'SICURIX TALES'; sottotitolo 'PA: Pericolo vs Soluzione con Metodo 81+'; legenda 3 voci (verde Sicurezza, rosso Rischio, blu 81+ Soluzione); fila di EROI coi nomi: CHEFIX, DOCUMIX, SICURIX, BLINKIX, TRACCIX, SCUDIX. FOOTER in basso: grande 'Prima vedi. Poi sistemi.'; banner scudo verde 'PROTEGGIAMO. PREVENIAMO. MIGLIORIAMO.' e triangolo rosso 'DISATTENZIONE. RISCHI. COSTI. CAOS.'; logo '81+' + '81plus.net'. TRAMA (usa questi eventi come vignette; se sono meno di 10 aggiungi vignette di contesto, dialogo e reazione per arrivare a 10-12): 1) LEAKIX causa il pericolo 'Documento' (Informativa e Consensi); poi CHEFIX+SICURIX applicano il METODO81+; 2) MULTIX causa il pericolo 'Emergenze/Incendio' (Addetto Antincendio); poi DOCUMIX+SICURIX applicano il METODO81+; 3) MULTIX causa il pericolo 'DPIA' (Valutazione d'Impatto (DPIA)); poi SICURIX+SICURIX applicano il METODO81+; 4) FRETTIX causa il pericolo 'MMC' (Movimentazione Manuale Carichi); poi BLINKIX+SICURIX applicano il METODO81+; 5) CAOSIX causa il pericolo 'Documento' (Documento Valutazione Rischi (DVR)); poi CHEFIX+SICURIX applicano il METODO81+; 6) SEGNALEX causa il pericolo 'Formazione specifica' (Formazione Specifica (rischio medio)); poi CHEFIX+SICURIX applicano il METODO81+; 7) MULTIX causa il pericolo 'Sorveglianza sanitaria' (Sorveglianza Sanitaria / Medico Competente); poi TRACCIX+SICURIX applicano il METODO81+; 8) SEGNALEX causa il pericolo 'Formazione base' (Formazione Generale Lavoratori); poi SCUDIX+SICURIX applicano il METODO81+; 9) RISKIX causa il pericolo 'Registro' (Registro dei Trattamenti); poi CHECKIX+SICURIX applicano il METODO81+; 10) CHIMIKIX causa il pericolo 'Stress' (Stress Lavoro-Correlato); poi BLINKIX+SICURIX applicano il METODO81+. PALETTE BRAND ESCLUSIVA: nero #05050A, bianco panna, arancione #FF6A1A/#E8501A; ROSSO solo per 'PERICOLO', VERDE per la checklist 'Metodo 81+'. Logo '81+' ben visibile in OGNI vignetta. REGOLA STORIA: SICURIX NON agisce mai da solo - in OGNI vignetta di soluzione si fa AIUTARE dai suoi colleghi EROI (lavoro di squadra, ognuno col suo ruolo). TESTO: didascalie e fumetti MOLTO BREVI (1-4 parole), GRANDI, centrati, in ITALIANO con ORTOGRAFIA PERFETTA, senza parole inventate, lettere doppie errate o testo tagliato. CATTIVI (coerenti col canone): LEAKIX, MULTIX, FRETTIX, CAOSIX, SEGNALEX, RISKIX, CHIMIKIX. EROI: CHEFIX, DOCUMIX, SICURIX, BLINKIX, TRACCIX, SCUDIX, CHECKIX. NEGATIVE: nessun marchio LEGO reale, nessun personaggio protetto (Asterix ecc.), niente gore/horror, niente claim assoluti ('rischio zero','garantito','zero multe').","In PA non e' 'se' arriva il controllo, e' 'quando'. Sei pronto?","Quello che l'ispettore controlla per primo in PA (e quasi nessuno lo sa)

In pa gli adempimenti obbligatori non aspettano: Documento, Emergenze/Incendio, DPIA, MMC, Formazione specifica, Sorveglianza sanitaria, Formazione base, Registro, Stress. In questa pagina TALES OF SICURIX il PERICOLO prende forma... e il METODO81+ lo rimette in ordine, passo dopo passo. Immagina la scena: prima il caos, poi la checklist che sistema tutto. Chi si mette in regola prima, dorme meglio dopo.
👉 Iscriviti al corso: Corso privacy destinato ai lavoratori -> https://81plus.net/?corso=corso-privacy-destinato-ai-lavoratori
▶️ YouTube: youtube.com/@sicurissimo
Contenuto informativo. Prima vedi. Poi sistemi. 81plus.net",Corso privacy destinato ai lavoratori,https://81plus.net/?corso=corso-privacy-destinato-ai-lavoratori,#TalesOfSicurix #SICURIX #Metodo81 #81plus #Sicurissimo #Privacy #Sicurezza #SicurezzaSulLavoro,SICURIX_TALES_812100_12_7_18_10_0_2_9_1_13_11.webp,https://drive.google.com/drive/folders/1hICKXdl9JTZBL1pemG19oE_661z-EH_k,IMG_ERR
55.20.20,Alloggio/Ristorazione,I,Sicurezza+HACCP+Privacy,12,Addetto Primo Soccorso | Documento Valutazione Rischi (DVR) | Controllo Temperature e Celle | Registro dei Trattamenti | Formazione Specifica (rischio medio) | Rintracciabilita ed Etichettatura | Nomina Incaricati/Responsabili | Movimentazione Manuale Carichi | Formazione Generale Lavoratori | Gestione Allergeni | Procedura Data Breach | Piano di Sanificazione,DM 388/2003 | D.Lgs81/08 art.28 | Reg.CE 852/2004 | GDPR art.30 | Accordo Stato-Regioni | Reg.CE 178/2002 | GDPR art.28-29 | D.Lgs81/08 Tit.VI | Reg.UE 1169/2011 | GDPR art.33-34,"CONSENSIX>VIBRIX, CIFRIX>VOLTIX, TRACCIX>IMPROVVISIX, PRIVACIX>SPYIX, ROBOTIX81>POLVERIX, PREPOSTIX>IMPROVVISIX, TRACCIX>PERMISSIONIX, CHECKIX>NONDPIX, LUXPECTORIX>MULTIX, CHECKIX>CAOSIX, HYGIENIX>IMPROVVISIX, CHEFIX>SPORCKIX","Crea una PAGINA A FUMETTI a STORIA COMPLETA, verticale A4 (1024x1536), QUALITA' EDITORIALE DA STAMPA, stile ufficiale 'SICURIX TALES' IDENTICO alle immagini di riferimento allegate (stessi personaggi a mattoncini 3D, stessa impaginazione, stessi colori, stesse rese): minifigure espressive, ambientazioni ricche e dettagliate del settore, luci morbide, profondita', bordi vignetta netti. IMPAGINAZIONE OBBLIGATORIA: da 10 a 12 VIGNETTE numerate che raccontano UNA STORIA con arco narrativo completo (1 situazione normale -> 2-4 arrivano i pericoli coi cattivi -> 5-6 tensione/conseguenza -> 7-9 arriva SICURIX con gli eroi e applica il METODO81+ passo per passo -> 10-11 risoluzione ordinata -> 12 finale). HEADER in alto: SICURIX (mantello, medaglione arancione '81+', bussola) che presenta in un fumetto; grande titolo 'SICURIX TALES'; sottotitolo 'ALLOGGIO/RISTORAZIONE: Pericolo vs Soluzione con Metodo 81+'; legenda 3 voci (verde Sicurezza, rosso Rischio, blu 81+ Soluzione); fila di EROI coi nomi: CONSENSIX, CIFRIX, TRACCIX, PRIVACIX, ROBOTIX81, PREPOSTIX. FOOTER in basso: grande 'Prima vedi. Poi sistemi.'; banner scudo verde 'PROTEGGIAMO. PREVENIAMO. MIGLIORIAMO.' e triangolo rosso 'DISATTENZIONE. RISCHI. COSTI. CAOS.'; logo '81+' + '81plus.net'. TRAMA (usa questi eventi come vignette; se sono meno di 10 aggiungi vignette di contesto, dialogo e reazione per arrivare a 10-12): 1) VIBRIX causa il pericolo 'Emergenze/Soccorso' (Addetto Primo Soccorso); poi CONSENSIX+SICURIX applicano il METODO81+; 2) VOLTIX causa il pericolo 'Documento' (Documento Valutazione Rischi (DVR)); poi CIFRIX+SICURIX applicano il METODO81+; 3) IMPROVVISIX causa il pericolo 'Temperature' (Controllo Temperature e Celle); poi TRACCIX+SICURIX applicano il METODO81+; 4) SPYIX causa il pericolo 'Registro' (Registro dei Trattamenti); poi PRIVACIX+SICURIX applicano il METODO81+; 5) POLVERIX causa il pericolo 'Formazione specifica' (Formazione Specifica (rischio medio)); poi ROBOTIX81+SICURIX applicano il METODO81+; 6) IMPROVVISIX causa il pericolo 'Rintracciabilita' (Rintracciabilita ed Etichettatura); poi PREPOSTIX+SICURIX applicano il METODO81+; 7) PERMISSIONIX causa il pericolo 'Nomine' (Nomina Incaricati/Responsabili); poi TRACCIX+SICURIX applicano il METODO81+; 8) NONDPIX causa il pericolo 'MMC' (Movimentazione Manuale Carichi); poi CHECKIX+SICURIX applicano il METODO81+; 9) MULTIX causa il pericolo 'Formazione base' (Formazione Generale Lavoratori); poi LUXPECTORIX+SICURIX applicano il METODO81+; 10) CAOSIX causa il pericolo 'Allergeni' (Gestione Allergeni); poi CHECKIX+SICURIX applicano il METODO81+; 11) IMPROVVISIX causa il pericolo 'Data breach' (Procedura Data Breach); poi HYGIENIX+SICURIX applicano il METODO81+; 12) SPORCKIX causa il pericolo 'Sanificazione' (Piano di Sanificazione); poi CHEFIX+SICURIX applicano il METODO81+. PALETTE BRAND ESCLUSIVA: nero #05050A, bianco panna, arancione #FF6A1A/#E8501A; ROSSO solo per 'PERICOLO', VERDE per la checklist 'Metodo 81+'. Logo '81+' ben visibile in OGNI vignetta. REGOLA STORIA: SICURIX NON agisce mai da solo - in OGNI vignetta di soluzione si fa AIUTARE dai suoi colleghi EROI (lavoro di squadra, ognuno col suo ruolo). TESTO: didascalie e fumetti MOLTO BREVI (1-4 parole), GRANDI, centrati, in ITALIANO con ORTOGRAFIA PERFETTA, senza parole inventate, lettere doppie errate o testo tagliato. CATTIVI (coerenti col canone): VIBRIX, VOLTIX, IMPROVVISIX, SPYIX, POLVERIX, PERMISSIONIX, NONDPIX, MULTIX, CAOSIX, SPORCKIX. EROI: CONSENSIX, CIFRIX, TRACCIX, PRIVACIX, ROBOTIX81, PREPOSTIX, CHECKIX, LUXPECTORIX, HYGIENIX, CHEFIX. NEGATIVE: nessun marchio LEGO reale, nessun personaggio protetto (Asterix ecc.), niente gore/horror, niente claim assoluti ('rischio zero','garantito','zero multe').",In Alloggio/Ristorazione c'e' un obbligo che in tanti scoprono solo con la sanzione,"In Alloggio/Ristorazione non e' 'se' arriva il controllo, e' 'quando'. Sei pronto?

In alloggio/ristorazione gli adempimenti obbligatori non aspettano: Emergenze/Soccorso, Documento, Temperature, Registro, Formazione specifica, Rintracciabilita, Nomine, MMC, Formazione base, Allergeni, Data breach, Sanificazione. In questa pagina TALES OF SICURIX il PERICOLO prende forma... e il METODO81+ lo rimette in ordine, passo dopo passo. Immagina la scena: prima il caos, poi la checklist che sistema tutto. Chi si mette in regola prima, dorme meglio dopo.
👉 Iscriviti al corso: Corso Primo Soccorso (A-B-C) -> https://81plus.net/?corso=corso-primo-soccorso-a-b-c
▶️ YouTube: youtube.com/@sicurissimo
Contenuto informativo. Prima vedi. Poi sistemi. 81plus.net",Corso Primo Soccorso (A-B-C),https://81plus.net/?corso=corso-primo-soccorso-a-b-c,#TalesOfSicurix #SICURIX #Metodo81 #81plus #Sicurissimo #Sicurezza #HACCP #Privacy #SicurezzaSulLavoro,SICURIX_TALES_552020_6_0_16_20_2_15_21_10_1_18_23_14.webp,https://drive.google.com/drive/folders/1hICKXdl9JTZBL1pemG19oE_661z-EH_k,IMG_ERR
35.12.00,Energia,D,Sicurezza+Privacy+Ambientale,11,Addetto Antincendio | Documento Valutazione Rischi (DVR) | Formazione Preposto | Nomina Incaricati/Responsabili | Informativa e Consensi | Rischio Rumore | Movimentazione Manuale Carichi | Formazione Specifica (rischio alto) | Formazione Ambientale | Sorveglianza Sanitaria / Medico Competente | Uso e Formazione DPI,DM 2/9/2021 | D.Lgs81/08 art.28 | D.Lgs81/08 art.37 | GDPR art.28-29 | GDPR art.13 | D.Lgs81/08 Tit.VIII | D.Lgs81/08 Tit.VI | Accordo Stato-Regioni | D.Lgs152/06 | D.Lgs81/08 art.41 | D.Lgs81/08 art.77,"SICURIX>TAGLIX, PRIVACIX>CHIMIKIX, CHEFIX>SCHIACCIX, SICURIX>CAOSIX, CHECKIX>HACKIX, DOCUMIX>POLVERIX, PREPOSTIX>ØTIX, SCUDIX>VOLTIX, SCUDIX>IMPROVVISIX, BLINKIX>VIBRIX, LUXPECTORIX>TAGLIX","Crea una PAGINA A FUMETTI a STORIA COMPLETA, verticale A4 (1024x1536), QUALITA' EDITORIALE DA STAMPA, stile ufficiale 'SICURIX TALES' IDENTICO alle immagini di riferimento allegate (stessi personaggi a mattoncini 3D, stessa impaginazione, stessi colori, stesse rese): minifigure espressive, ambientazioni ricche e dettagliate del settore, luci morbide, profondita', bordi vignetta netti. IMPAGINAZIONE OBBLIGATORIA: da 10 a 12 VIGNETTE numerate che raccontano UNA STORIA con arco narrativo completo (1 situazione normale -> 2-4 arrivano i pericoli coi cattivi -> 5-6 tensione/conseguenza -> 7-9 arriva SICURIX con gli eroi e applica il METODO81+ passo per passo -> 10-11 risoluzione ordinata -> 12 finale). HEADER in alto: SICURIX (mantello, medaglione arancione '81+', bussola) che presenta in un fumetto; grande titolo 'SICURIX TALES'; sottotitolo 'ENERGIA: Pericolo vs Soluzione con Metodo 81+'; legenda 3 voci (verde Sicurezza, rosso Rischio, blu 81+ Soluzione); fila di EROI coi nomi: SICURIX, PRIVACIX, CHEFIX, CHECKIX, DOCUMIX, PREPOSTIX. FOOTER in basso: grande 'Prima vedi. Poi sistemi.'; banner scudo verde 'PROTEGGIAMO. PREVENIAMO. MIGLIORIAMO.' e triangolo rosso 'DISATTENZIONE. RISCHI. COSTI. CAOS.'; logo '81+' + '81plus.net'. TRAMA (usa questi eventi come vignette; se sono meno di 10 aggiungi vignette di contesto, dialogo e reazione per arrivare a 10-12): 1) TAGLIX causa il pericolo 'Emergenze/Incendio' (Addetto Antincendio); poi SICURIX+SICURIX applicano il METODO81+; 2) CHIMIKIX causa il pericolo 'Documento' (Documento Valutazione Rischi (DVR)); poi PRIVACIX+SICURIX applicano il METODO81+; 3) SCHIACCIX causa il pericolo 'Ruolo/Preposto' (Formazione Preposto); poi CHEFIX+SICURIX applicano il METODO81+; 4) CAOSIX causa il pericolo 'Nomine' (Nomina Incaricati/Responsabili); poi SICURIX+SICURIX applicano il METODO81+; 5) HACKIX causa il pericolo 'Documento' (Informativa e Consensi); poi CHECKIX+SICURIX applicano il METODO81+; 6) POLVERIX causa il pericolo 'Rumore' (Rischio Rumore); poi DOCUMIX+SICURIX applicano il METODO81+; 7) ØTIX causa il pericolo 'MMC' (Movimentazione Manuale Carichi); poi PREPOSTIX+SICURIX applicano il METODO81+; 8) VOLTIX causa il pericolo 'Formazione specifica' (Formazione Specifica (rischio alto)); poi SCUDIX+SICURIX applicano il METODO81+; 9) IMPROVVISIX causa il pericolo 'Formazione' (Formazione Ambientale); poi SCUDIX+SICURIX applicano il METODO81+; 10) VIBRIX causa il pericolo 'Sorveglianza sanitaria' (Sorveglianza Sanitaria / Medico Competente); poi BLINKIX+SICURIX applicano il METODO81+; 11) TAGLIX causa il pericolo 'DPI' (Uso e Formazione DPI); poi LUXPECTORIX+SICURIX applicano il METODO81+. PALETTE BRAND ESCLUSIVA: nero #05050A, bianco panna, arancione #FF6A1A/#E8501A; ROSSO solo per 'PERICOLO', VERDE per la checklist 'Metodo 81+'. Logo '81+' ben visibile in OGNI vignetta. REGOLA STORIA: SICURIX NON agisce mai da solo - in OGNI vignetta di soluzione si fa AIUTARE dai suoi colleghi EROI (lavoro di squadra, ognuno col suo ruolo). TESTO: didascalie e fumetti MOLTO BREVI (1-4 parole), GRANDI, centrati, in ITALIANO con ORTOGRAFIA PERFETTA, senza parole inventate, lettere doppie errate o testo tagliato. CATTIVI (coerenti col canone): TAGLIX, CHIMIKIX, SCHIACCIX, CAOSIX, HACKIX, POLVERIX, ØTIX, VOLTIX, IMPROVVISIX, VIBRIX. EROI: SICURIX, PRIVACIX, CHEFIX, CHECKIX, DOCUMIX, PREPOSTIX, SCUDIX, BLINKIX, LUXPECTORIX. NEGATIVE: nessun marchio LEGO reale, nessun personaggio protetto (Asterix ecc.), niente gore/horror, niente claim assoluti ('rischio zero','garantito','zero multe').",In Energia c'e' un obbligo che in tanti scoprono solo con la sanzione,"Quello che l'ispettore controlla per primo in Energia (e quasi nessuno lo sa)

In energia gli adempimenti obbligatori non aspettano: Emergenze/Incendio, Documento, Ruolo/Preposto, Nomine, Rumore, MMC, Formazione specifica, Formazione, Sorveglianza sanitaria, DPI. In questa pagina TALES OF SICURIX il PERICOLO prende forma... e il METODO81+ lo rimette in ordine, passo dopo passo. Immagina la scena: prima il caos, poi la checklist che sistema tutto. Chi si mette in regola prima, dorme meglio dopo.
👉 Iscriviti al corso: Corso antincendio livello 1 -> https://81plus.net/?corso=corso-antincendio-livello-1
▶️ YouTube: youtube.com/@sicurissimo
Contenuto informativo. Prima vedi. Poi sistemi. 81plus.net",Corso antincendio livello 1,https://81plus.net/?corso=corso-antincendio-livello-1,#TalesOfSicurix #SICURIX #Metodo81 #81plus #Sicurissimo #Sicurezza #Privacy #Ambientale #SicurezzaSulLavoro,SICURIX_TALES_351200_7_0_3_17_15_12_10_2_21_9_8.webp,https://drive.google.com/drive/folders/1hICKXdl9JTZBL1pemG19oE_661z-EH_k,IMG_ERR
20.20.00,Manifattura,C,Sicurezza+HACCP+Privacy,12,Uso e Formazione DPI | Piano di Sanificazione | Formazione Generale Lavoratori | Rischio Rumore | Controllo Temperature e Celle | Formazione GDPR | Rintracciabilita ed Etichettatura | Nomina Incaricati/Responsabili | Rischio Chimico | Registro dei Trattamenti | Formazione Preposto | Stress Lavoro-Correlato,D.Lgs81/08 art.77 | Reg.CE 852/2004 | Accordo Stato-Regioni | D.Lgs81/08 Tit.VIII | GDPR art.32 | Reg.CE 178/2002 | GDPR art.28-29 | D.Lgs81/08 Tit.IX | GDPR art.30 | D.Lgs81/08 art.37 | D.Lgs81/08 art.28,"TRACCIX>CHIMIKIX, PREPOSTIX>CROSSIX, PRIVACIX>CADUTIX, CHEFIX>VIBRIX, LUXPECTORIX>CROSSIX, FORMIX>RISKIX, BLINKIX>MULTIX, FORMIX>CANCELIX, CHEFIX>FRETTIX, FORMIX>OBLIVIX, CONSENSIX>SOTTOVALUTIX, PRIVACIX>SOTTOVALUTIX","Crea una PAGINA A FUMETTI a STORIA COMPLETA, verticale A4 (1024x1536), QUALITA' EDITORIALE DA STAMPA, stile ufficiale 'SICURIX TALES' IDENTICO alle immagini di riferimento allegate (stessi personaggi a mattoncini 3D, stessa impaginazione, stessi colori, stesse rese): minifigure espressive, ambientazioni ricche e dettagliate del settore, luci morbide, profondita', bordi vignetta netti. IMPAGINAZIONE OBBLIGATORIA: da 10 a 12 VIGNETTE numerate che raccontano UNA STORIA con arco narrativo completo (1 situazione normale -> 2-4 arrivano i pericoli coi cattivi -> 5-6 tensione/conseguenza -> 7-9 arriva SICURIX con gli eroi e applica il METODO81+ passo per passo -> 10-11 risoluzione ordinata -> 12 finale). HEADER in alto: SICURIX (mantello, medaglione arancione '81+', bussola) che presenta in un fumetto; grande titolo 'SICURIX TALES'; sottotitolo 'MANIFATTURA: Pericolo vs Soluzione con Metodo 81+'; legenda 3 voci (verde Sicurezza, rosso Rischio, blu 81+ Soluzione); fila di EROI coi nomi: TRACCIX, PREPOSTIX, PRIVACIX, CHEFIX, LUXPECTORIX, FORMIX. FOOTER in basso: grande 'Prima vedi. Poi sistemi.'; banner scudo verde 'PROTEGGIAMO. PREVENIAMO. MIGLIORIAMO.' e triangolo rosso 'DISATTENZIONE. RISCHI. COSTI. CAOS.'; logo '81+' + '81plus.net'. TRAMA (usa questi eventi come vignette; se sono meno di 10 aggiungi vignette di contesto, dialogo e reazione per arrivare a 10-12): 1) CHIMIKIX causa il pericolo 'DPI' (Uso e Formazione DPI); poi TRACCIX+SICURIX applicano il METODO81+; 2) CROSSIX causa il pericolo 'Sanificazione' (Piano di Sanificazione); poi PREPOSTIX+SICURIX applicano il METODO81+; 3) CADUTIX causa il pericolo 'Formazione base' (Formazione Generale Lavoratori); poi PRIVACIX+SICURIX applicano il METODO81+; 4) VIBRIX causa il pericolo 'Rumore' (Rischio Rumore); poi CHEFIX+SICURIX applicano il METODO81+; 5) CROSSIX causa il pericolo 'Temperature' (Controllo Temperature e Celle); poi LUXPECTORIX+SICURIX applicano il METODO81+; 6) RISKIX causa il pericolo 'Formazione' (Formazione GDPR); poi FORMIX+SICURIX applicano il METODO81+; 7) MULTIX causa il pericolo 'Rintracciabilita' (Rintracciabilita ed Etichettatura); poi BLINKIX+SICURIX applicano il METODO81+; 8) CANCELIX causa il pericolo 'Nomine' (Nomina Incaricati/Responsabili); poi FORMIX+SICURIX applicano il METODO81+; 9) FRETTIX causa il pericolo 'Rischio chimico' (Rischio Chimico); poi CHEFIX+SICURIX applicano il METODO81+; 10) OBLIVIX causa il pericolo 'Registro' (Registro dei Trattamenti); poi FORMIX+SICURIX applicano il METODO81+; 11) SOTTOVALUTIX causa il pericolo 'Ruolo/Preposto' (Formazione Preposto); poi CONSENSIX+SICURIX applicano il METODO81+; 12) SOTTOVALUTIX causa il pericolo 'Stress' (Stress Lavoro-Correlato); poi PRIVACIX+SICURIX applicano il METODO81+. PALETTE BRAND ESCLUSIVA: nero #05050A, bianco panna, arancione #FF6A1A/#E8501A; ROSSO solo per 'PERICOLO', VERDE per la checklist 'Metodo 81+'. Logo '81+' ben visibile in OGNI vignetta. REGOLA STORIA: SICURIX NON agisce mai da solo - in OGNI vignetta di soluzione si fa AIUTARE dai suoi colleghi EROI (lavoro di squadra, ognuno col suo ruolo). TESTO: didascalie e fumetti MOLTO BREVI (1-4 parole), GRANDI, centrati, in ITALIANO con ORTOGRAFIA PERFETTA, senza parole inventate, lettere doppie errate o testo tagliato. CATTIVI (coerenti col canone): CHIMIKIX, CROSSIX, CADUTIX, VIBRIX, RISKIX, MULTIX, CANCELIX, FRETTIX, OBLIVIX, SOTTOVALUTIX. EROI: TRACCIX, PREPOSTIX, PRIVACIX, CHEFIX, LUXPECTORIX, FORMIX, BLINKIX, CONSENSIX. NEGATIVE: nessun marchio LEGO reale, nessun personaggio protetto (Asterix ecc.), niente gore/horror, niente claim assoluti ('rischio zero','garantito','zero multe').",Quello che l'ispettore controlla per primo in Manifattura (e quasi nessuno lo sa),"La differenza tra chi in Manifattura dorme sereno e chi trema al controllo

In manifattura gli adempimenti obbligatori non aspettano: DPI, Sanificazione, Formazione base, Rumore, Temperature, Formazione, Rintracciabilita, Nomine, Rischio chimico, Registro, Ruolo/Preposto, Stress. In questa pagina TALES OF SICURIX il PERICOLO prende forma... e il METODO81+ lo rimette in ordine, passo dopo passo. Immagina la scena: prima il caos, poi la checklist che sistema tutto. Mettere ordine ora costa poco. Rimediare dopo costa caro.
👉 Iscriviti al corso: Corso Lavori in Quota e DPI Anticaduta -> https://81plus.net/?corso=corso-lavori-in-quota-e-dpi-anticaduta
▶️ YouTube: youtube.com/@sicurissimo
Contenuto informativo. Prima vedi. Poi sistemi. 81plus.net",Corso Lavori in Quota e DPI Anticaduta,https://81plus.net/?corso=corso-lavori-in-quota-e-dpi-anticaduta,#TalesOfSicurix #SICURIX #Metodo81 #81plus #Sicurissimo #Sicurezza #HACCP #Privacy #SicurezzaSulLavoro,SICURIX_TALES_202000_8_18_1_12_20_26_19_25_14_24_3_11.webp,https://drive.google.com/drive/folders/1hICKXdl9JTZBL1pemG19oE_661z-EH_k,IMG_ERR
85.59.10,Sanita/Sociale,Q,Sicurezza+Privacy,12,Formazione Specifica (rischio medio) | Valutazione d'Impatto (DPIA) | Documento Valutazione Rischi (DVR) | Procedura Data Breach | Movimentazione Manuale Carichi | Sorveglianza Sanitaria / Medico Competente | Addetto Primo Soccorso | Registro dei Trattamenti | Informativa e Consensi | Formazione Generale Lavoratori | Formazione GDPR | Nomina DPO / RPD,Accordo Stato-Regioni | GDPR art.35 | D.Lgs81/08 art.28 | GDPR art.33-34 | D.Lgs81/08 Tit.VI | D.Lgs81/08 art.41 | DM 388/2003 | GDPR art.30 | GDPR art.13 | GDPR art.32 | GDPR art.37,"DOCUMIX>VOLTIX, HYGIENIX>PHISHIX, LUXPECTORIX>CADUTIX, SICURIX>SPYIX, CIFRIX>CHIMIKIX, TRACCIX>FRETTIX, CONSENSIX>NONDPIX, SCUDIX>FRETTIX, DOCUMIX>PERMISSIONIX, CIFRIX>RUMORIX, DOCUMIX>IMPROVVISIX, ROBOTIX81>PERMISSIONIX","Crea una PAGINA A FUMETTI a STORIA COMPLETA, verticale A4 (1024x1536), QUALITA' EDITORIALE DA STAMPA, stile ufficiale 'SICURIX TALES' IDENTICO alle immagini di riferimento allegate (stessi personaggi a mattoncini 3D, stessa impaginazione, stessi colori, stesse rese): minifigure espressive, ambientazioni ricche e dettagliate del settore, luci morbide, profondita', bordi vignetta netti. IMPAGINAZIONE OBBLIGATORIA: da 10 a 12 VIGNETTE numerate che raccontano UNA STORIA con arco narrativo completo (1 situazione normale -> 2-4 arrivano i pericoli coi cattivi -> 5-6 tensione/conseguenza -> 7-9 arriva SICURIX con gli eroi e applica il METODO81+ passo per passo -> 10-11 risoluzione ordinata -> 12 finale). HEADER in alto: SICURIX (mantello, medaglione arancione '81+', bussola) che presenta in un fumetto; grande titolo 'SICURIX TALES'; sottotitolo 'SANITA/SOCIALE: Pericolo vs Soluzione con Metodo 81+'; legenda 3 voci (verde Sicurezza, rosso Rischio, blu 81+ Soluzione); fila di EROI coi nomi: DOCUMIX, HYGIENIX, LUXPECTORIX, SICURIX, CIFRIX, TRACCIX. FOOTER in basso: grande 'Prima vedi. Poi sistemi.'; banner scudo verde 'PROTEGGIAMO. PREVENIAMO. MIGLIORIAMO.' e triangolo rosso 'DISATTENZIONE. RISCHI. COSTI. CAOS.'; logo '81+' + '81plus.net'. TRAMA (usa questi eventi come vignette; se sono meno di 10 aggiungi vignette di contesto, dialogo e reazione per arrivare a 10-12): 1) VOLTIX causa il pericolo 'Formazione specifica' (Formazione Specifica (rischio medio)); poi DOCUMIX+SICURIX applicano il METODO81+; 2) PHISHIX causa il pericolo 'DPIA' (Valutazione d'Impatto (DPIA)); poi HYGIENIX+SICURIX applicano il METODO81+; 3) CADUTIX causa il pericolo 'Documento' (Documento Valutazione Rischi (DVR)); poi LUXPECTORIX+SICURIX applicano il METODO81+; 4) SPYIX causa il pericolo 'Data breach' (Procedura Data Breach); poi SICURIX+SICURIX applicano il METODO81+; 5) CHIMIKIX causa il pericolo 'MMC' (Movimentazione Manuale Carichi); poi CIFRIX+SICURIX applicano il METODO81+; 6) FRETTIX causa il pericolo 'Sorveglianza sanitaria' (Sorveglianza Sanitaria / Medico Competente); poi TRACCIX+SICURIX applicano il METODO81+; 7) NONDPIX causa il pericolo 'Emergenze/Soccorso' (Addetto Primo Soccorso); poi CONSENSIX+SICURIX applicano il METODO81+; 8) FRETTIX causa il pericolo 'Registro' (Registro dei Trattamenti); poi SCUDIX+SICURIX applicano il METODO81+; 9) PERMISSIONIX causa il pericolo 'Documento' (Informativa e Consensi); poi DOCUMIX+SICURIX applicano il METODO81+; 10) RUMORIX causa il pericolo 'Formazione base' (Formazione Generale Lavoratori); poi CIFRIX+SICURIX applicano il METODO81+; 11) IMPROVVISIX causa il pericolo 'Formazione' (Formazione GDPR); poi DOCUMIX+SICURIX applicano il METODO81+; 12) PERMISSIONIX causa il pericolo 'DPO' (Nomina DPO / RPD); poi ROBOTIX81+SICURIX applicano il METODO81+. PALETTE BRAND ESCLUSIVA: nero #05050A, bianco panna, arancione #FF6A1A/#E8501A; ROSSO solo per 'PERICOLO', VERDE per la checklist 'Metodo 81+'. Logo '81+' ben visibile in OGNI vignetta. REGOLA STORIA: SICURIX NON agisce mai da solo - in OGNI vignetta di soluzione si fa AIUTARE dai suoi colleghi EROI (lavoro di squadra, ognuno col suo ruolo). TESTO: didascalie e fumetti MOLTO BREVI (1-4 parole), GRANDI, centrati, in ITALIANO con ORTOGRAFIA PERFETTA, senza parole inventate, lettere doppie errate o testo tagliato. CATTIVI (coerenti col canone): VOLTIX, PHISHIX, CADUTIX, SPYIX, CHIMIKIX, FRETTIX, NONDPIX, PERMISSIONIX, RUMORIX, IMPROVVISIX. EROI: DOCUMIX, HYGIENIX, LUXPECTORIX, SICURIX, CIFRIX, TRACCIX, CONSENSIX, SCUDIX, ROBOTIX81. NEGATIVE: nessun marchio LEGO reale, nessun personaggio protetto (Asterix ecc.), niente gore/horror, niente claim assoluti ('rischio zero','garantito','zero multe').",La differenza tra chi in Sanita/Sociale dorme sereno e chi trema al controllo,"In Sanita/Sociale non e' 'se' arriva il controllo, e' 'quando'. Sei pronto?

In sanita/sociale gli adempimenti obbligatori non aspettano: Formazione specifica, DPIA, Documento, Data breach, MMC, Sorveglianza sanitaria, Emergenze/Soccorso, Registro, Formazione base, Formazione, DPO. In questa pagina TALES OF SICURIX il PERICOLO prende forma... e il METODO81+ lo rimette in ordine, passo dopo passo. Immagina la scena: prima il caos, poi la checklist che sistema tutto. La regola c'e' gia': tu falla lavorare per te.
👉 Iscriviti al corso: Corso lavoratore parte GENERALE 4 ore -> https://81plus.net/?corso=corso-lavoratore-parte-generale-4-ore
▶️ YouTube: youtube.com/@sicurissimo
Contenuto informativo. Prima vedi. Poi sistemi. 81plus.net",Corso lavoratore parte GENERALE 4 ore,https://81plus.net/?corso=corso-lavoratore-parte-generale-4-ore,#TalesOfSicurix #SICURIX #Metodo81 #81plus #Sicurissimo #Sicurezza #Privacy #SicurezzaSulLavoro,SICURIX_TALES_855910_2_18_0_16_10_9_6_13_12_1_15_17.webp,https://drive.google.com/drive/folders/1hICKXdl9JTZBL1pemG19oE_661z-EH_k,IMG_ERR
74.13.00,Servizi alle imprese,N,Sicurezza+Privacy,10,Addetto Antincendio | Uso e Formazione DPI | Nomina Incaricati/Responsabili | Registro dei Trattamenti | RSPP / Datore di Lavoro RSPP | Formazione GDPR | Formazione Generale Lavoratori | Formazione Specifica (rischio basso) | Procedura Data Breach | Addetto Primo Soccorso,DM 2/9/2021 | D.Lgs81/08 art.77 | GDPR art.28-29 | GDPR art.30 | D.Lgs81/08 art.34 | GDPR art.32 | Accordo Stato-Regioni | GDPR art.33-34 | DM 388/2003,"HYGIENIX>OBLIVIX, TRACCIX>SCIVOLIX, HYGIENIX>OBLIVIX, PREPOSTIX>HACKIX, FORMIX>SOTTOVALUTIX, CHEFIX>IMPROVVISIX, SICURIX>VOLTIX, CONSENSIX>ØTIX, LUXPECTORIX>FRETTIX, CHECKIX>NONDPIX","Crea una PAGINA A FUMETTI a STORIA COMPLETA, verticale A4 (1024x1536), QUALITA' EDITORIALE DA STAMPA, stile ufficiale 'SICURIX TALES' IDENTICO alle immagini di riferimento allegate (stessi personaggi a mattoncini 3D, stessa impaginazione, stessi colori, stesse rese): minifigure espressive, ambientazioni ricche e dettagliate del settore, luci morbide, profondita', bordi vignetta netti. IMPAGINAZIONE OBBLIGATORIA: da 10 a 12 VIGNETTE numerate che raccontano UNA STORIA con arco narrativo completo (1 situazione normale -> 2-4 arrivano i pericoli coi cattivi -> 5-6 tensione/conseguenza -> 7-9 arriva SICURIX con gli eroi e applica il METODO81+ passo per passo -> 10-11 risoluzione ordinata -> 12 finale). HEADER in alto: SICURIX (mantello, medaglione arancione '81+', bussola) che presenta in un fumetto; grande titolo 'SICURIX TALES'; sottotitolo 'SERVIZI ALLE IMPRESE: Pericolo vs Soluzione con Metodo 81+'; legenda 3 voci (verde Sicurezza, rosso Rischio, blu 81+ Soluzione); fila di EROI coi nomi: HYGIENIX, TRACCIX, PREPOSTIX, FORMIX, CHEFIX, SICURIX. FOOTER in basso: grande 'Prima vedi. Poi sistemi.'; banner scudo verde 'PROTEGGIAMO. PREVENIAMO. MIGLIORIAMO.' e triangolo rosso 'DISATTENZIONE. RISCHI. COSTI. CAOS.'; logo '81+' + '81plus.net'. TRAMA (usa questi eventi come vignette; se sono meno di 10 aggiungi vignette di contesto, dialogo e reazione per arrivare a 10-12): 1) OBLIVIX causa il pericolo 'Emergenze/Incendio' (Addetto Antincendio); poi HYGIENIX+SICURIX applicano il METODO81+; 2) SCIVOLIX causa il pericolo 'DPI' (Uso e Formazione DPI); poi TRACCIX+SICURIX applicano il METODO81+; 3) OBLIVIX causa il pericolo 'Nomine' (Nomina Incaricati/Responsabili); poi HYGIENIX+SICURIX applicano il METODO81+; 4) HACKIX causa il pericolo 'Registro' (Registro dei Trattamenti); poi PREPOSTIX+SICURIX applicano il METODO81+; 5) SOTTOVALUTIX causa il pericolo 'Ruolo/RSPP' (RSPP / Datore di Lavoro RSPP); poi FORMIX+SICURIX applicano il METODO81+; 6) IMPROVVISIX causa il pericolo 'Formazione' (Formazione GDPR); poi CHEFIX+SICURIX applicano il METODO81+; 7) VOLTIX causa il pericolo 'Formazione base' (Formazione Generale Lavoratori); poi SICURIX+SICURIX applicano il METODO81+; 8) ØTIX causa il pericolo 'Formazione specifica' (Formazione Specifica (rischio basso)); poi CONSENSIX+SICURIX applicano il METODO81+; 9) FRETTIX causa il pericolo 'Data breach' (Procedura Data Breach); poi LUXPECTORIX+SICURIX applicano il METODO81+; 10) NONDPIX causa il pericolo 'Emergenze/Soccorso' (Addetto Primo Soccorso); poi CHECKIX+SICURIX applicano il METODO81+. PALETTE BRAND ESCLUSIVA: nero #05050A, bianco panna, arancione #FF6A1A/#E8501A; ROSSO solo per 'PERICOLO', VERDE per la checklist 'Metodo 81+'. Logo '81+' ben visibile in OGNI vignetta. REGOLA STORIA: SICURIX NON agisce mai da solo - in OGNI vignetta di soluzione si fa AIUTARE dai suoi colleghi EROI (lavoro di squadra, ognuno col suo ruolo). TESTO: didascalie e fumetti MOLTO BREVI (1-4 parole), GRANDI, centrati, in ITALIANO con ORTOGRAFIA PERFETTA, senza parole inventate, lettere doppie errate o testo tagliato. CATTIVI (coerenti col canone): OBLIVIX, SCIVOLIX, HACKIX, SOTTOVALUTIX, IMPROVVISIX, VOLTIX, ØTIX, FRETTIX, NONDPIX. EROI: HYGIENIX, TRACCIX, PREPOSTIX, FORMIX, CHEFIX, SICURIX, CONSENSIX, LUXPECTORIX, CHECKIX. NEGATIVE: nessun marchio LEGO reale, nessun personaggio protetto (Asterix ecc.), niente gore/horror, niente claim assoluti ('rischio zero','garantito','zero multe').",La differenza tra chi in Servizi alle imprese dorme sereno e chi trema al controllo,"Quello che l'ispettore controlla per primo in Servizi alle imprese (e quasi nessuno lo sa)

In servizi alle imprese gli adempimenti obbligatori non aspettano: Emergenze/Incendio, DPI, Nomine, Registro, Ruolo/RSPP, Formazione, Formazione base, Formazione specifica, Data breach, Emergenze/Soccorso. In questa pagina TALES OF SICURIX il PERICOLO prende forma... e il METODO81+ lo rimette in ordine, passo dopo passo. Immagina la scena: prima il caos, poi la checklist che sistema tutto. Non e' burocrazia: e' la tua tranquillita.
👉 Iscriviti al corso: Corso antincendio livello 1 -> https://81plus.net/?corso=corso-antincendio-livello-1
▶️ YouTube: youtube.com/@sicurissimo
Contenuto informativo. Prima vedi. Poi sistemi. 81plus.net",Corso antincendio livello 1,https://81plus.net/?corso=corso-antincendio-livello-1,#TalesOfSicurix #SICURIX #Metodo81 #81plus #Sicurissimo #Sicurezza #Privacy #SicurezzaSulLavoro,SICURIX_TALES_741300_7_8_11_10_5_12_1_2_13_6.webp,https://drive.google.com/drive/folders/1hICKXdl9JTZBL1pemG19oE_661z-EH_k,IMG_ERR
69.20.06,Servizi alle imprese,N,Privacy+Sicurezza,10,Registro dei Trattamenti | Videoterminali (VDT) | Uso e Formazione DPI | Procedura Data Breach | Formazione GDPR | Formazione Generale Lavoratori | Addetto Primo Soccorso | RSPP / Datore di Lavoro RSPP | Addetto Antincendio | Formazione Preposto,GDPR art.30 | D.Lgs81/08 Tit.VII | D.Lgs81/08 art.77 | GDPR art.33-34 | GDPR art.32 | Accordo Stato-Regioni | DM 388/2003 | D.Lgs81/08 art.34 | DM 2/9/2021 | D.Lgs81/08 art.37,"TRACCIX>RISKIX, SICURIX>SCIVOLIX, SICURIX>NONDPIX, BLINKIX>OBLIVIX, LUXPECTORIX>CAOSIX, TRACCIX>FRETTIX, SICURIX>VOLTIX, CHEFIX>FRETTIX, CHEFIX>VOLTIX, PRIVACIX>BIOXIX","Crea una PAGINA A FUMETTI a STORIA COMPLETA, verticale A4 (1024x1536), QUALITA' EDITORIALE DA STAMPA, stile ufficiale 'SICURIX TALES' IDENTICO alle immagini di riferimento allegate (stessi personaggi a mattoncini 3D, stessa impaginazione, stessi colori, stesse rese): minifigure espressive, ambientazioni ricche e dettagliate del settore, luci morbide, profondita', bordi vignetta netti. IMPAGINAZIONE OBBLIGATORIA: da 10 a 12 VIGNETTE numerate che raccontano UNA STORIA con arco narrativo completo (1 situazione normale -> 2-4 arrivano i pericoli coi cattivi -> 5-6 tensione/conseguenza -> 7-9 arriva SICURIX con gli eroi e applica il METODO81+ passo per passo -> 10-11 risoluzione ordinata -> 12 finale). HEADER in alto: SICURIX (mantello, medaglione arancione '81+', bussola) che presenta in un fumetto; grande titolo 'SICURIX TALES'; sottotitolo 'SERVIZI ALLE IMPRESE: Pericolo vs Soluzione con Metodo 81+'; legenda 3 voci (verde Sicurezza, rosso Rischio, blu 81+ Soluzione); fila di EROI coi nomi: TRACCIX, SICURIX, BLINKIX, LUXPECTORIX, CHEFIX, PRIVACIX. FOOTER in basso: grande 'Prima vedi. Poi sistemi.'; banner scudo verde 'PROTEGGIAMO. PREVENIAMO. MIGLIORIAMO.' e triangolo rosso 'DISATTENZIONE. RISCHI. COSTI. CAOS.'; logo '81+' + '81plus.net'. TRAMA (usa questi eventi come vignette; se sono meno di 10 aggiungi vignette di contesto, dialogo e reazione per arrivare a 10-12): 1) RISKIX causa il pericolo 'Registro' (Registro dei Trattamenti); poi TRACCIX+SICURIX applicano il METODO81+; 2) SCIVOLIX causa il pericolo 'Videoterminali' (Videoterminali (VDT)); poi SICURIX+SICURIX applicano il METODO81+; 3) NONDPIX causa il pericolo 'DPI' (Uso e Formazione DPI); poi SICURIX+SICURIX applicano il METODO81+; 4) OBLIVIX causa il pericolo 'Data breach' (Procedura Data Breach); poi BLINKIX+SICURIX applicano il METODO81+; 5) CAOSIX causa il pericolo 'Formazione' (Formazione GDPR); poi LUXPECTORIX+SICURIX applicano il METODO81+; 6) FRETTIX causa il pericolo 'Formazione base' (Formazione Generale Lavoratori); poi TRACCIX+SICURIX applicano il METODO81+; 7) VOLTIX causa il pericolo 'Emergenze/Soccorso' (Addetto Primo Soccorso); poi SICURIX+SICURIX applicano il METODO81+; 8) FRETTIX causa il pericolo 'Ruolo/RSPP' (RSPP / Datore di Lavoro RSPP); poi CHEFIX+SICURIX applicano il METODO81+; 9) VOLTIX causa il pericolo 'Emergenze/Incendio' (Addetto Antincendio); poi CHEFIX+SICURIX applicano il METODO81+; 10) BIOXIX causa il pericolo 'Ruolo/Preposto' (Formazione Preposto); poi PRIVACIX+SICURIX applicano il METODO81+. PALETTE BRAND ESCLUSIVA: nero #05050A, bianco panna, arancione #FF6A1A/#E8501A; ROSSO solo per 'PERICOLO', VERDE per la checklist 'Metodo 81+'. Logo '81+' ben visibile in OGNI vignetta. REGOLA STORIA: SICURIX NON agisce mai da solo - in OGNI vignetta di soluzione si fa AIUTARE dai suoi colleghi EROI (lavoro di squadra, ognuno col suo ruolo). TESTO: didascalie e fumetti MOLTO BREVI (1-4 parole), GRANDI, centrati, in ITALIANO con ORTOGRAFIA PERFETTA, senza parole inventate, lettere doppie errate o testo tagliato. CATTIVI (coerenti col canone): RISKIX, SCIVOLIX, NONDPIX, OBLIVIX, CAOSIX, FRETTIX, VOLTIX, BIOXIX. EROI: TRACCIX, SICURIX, BLINKIX, LUXPECTORIX, CHEFIX, PRIVACIX. NEGATIVE: nessun marchio LEGO reale, nessun personaggio protetto (Asterix ecc.), niente gore/horror, niente claim assoluti ('rischio zero','garantito','zero multe').","In Servizi alle imprese non e' 'se' arriva il controllo, e' 'quando'. Sei pronto?","In Servizi alle imprese c'e' un obbligo che in tanti scoprono solo con la sanzione

In servizi alle imprese gli adempimenti obbligatori non aspettano: Registro, Videoterminali, DPI, Data breach, Formazione, Formazione base, Emergenze/Soccorso, Ruolo/RSPP, Emergenze/Incendio, Ruolo/Preposto. In questa pagina TALES OF SICURIX il PERICOLO prende forma... e il METODO81+ lo rimette in ordine, passo dopo passo. Immagina la scena: prima il caos, poi la checklist che sistema tutto. Mettere ordine ora costa poco. Rimediare dopo costa caro.
👉 Iscriviti al corso: Corso privacy destinato ai lavoratori -> https://81plus.net/?corso=corso-privacy-destinato-ai-lavoratori
▶️ YouTube: youtube.com/@sicurissimo
Contenuto informativo. Prima vedi. Poi sistemi. 81plus.net",Corso privacy destinato ai lavoratori,https://81plus.net/?corso=corso-privacy-destinato-ai-lavoratori,#TalesOfSicurix #SICURIX #Metodo81 #81plus #Sicurissimo #Privacy #Sicurezza #SicurezzaSulLavoro,SICURIX_TALES_692006_11_9_8_14_13_1_6_5_7_3.webp,https://drive.google.com/drive/folders/1hICKXdl9JTZBL1pemG19oE_661z-EH_k,IMG_ERR
42.13.00,Costruzioni,F,Sicurezza+Privacy+Ambientale,10,Formazione Generale Lavoratori | Nomina Incaricati/Responsabili | Informativa e Consensi | Procedura Data Breach | Formazione Specifica (rischio alto) | Formazione Ambientale | Documento Valutazione Rischi (DVR) | Attrezzature e Macchine | Rappresentante Lavoratori Sicurezza (RLS) | Registro dei Trattamenti,Accordo Stato-Regioni | GDPR art.28-29 | GDPR art.13 | GDPR art.33-34 | D.Lgs152/06 | D.Lgs81/08 art.28 | D.Lgs81/08 Tit.III | D.Lgs81/08 art.47 | GDPR art.30,"DOCUMIX>BIOXIX, CIFRIX>CAOSIX, FORMIX>HACKIX, CIFRIX>SPYIX, PREPOSTIX>SCHIACCIX, FORMIX>CAOSIX, LUXPECTORIX>FUMIX, DOCUMIX>OBLIVIX, HYGIENIX>SCHIACCIX, SICURIX>LEAKIX","Crea una PAGINA A FUMETTI a STORIA COMPLETA, verticale A4 (1024x1536), QUALITA' EDITORIALE DA STAMPA, stile ufficiale 'SICURIX TALES' IDENTICO alle immagini di riferimento allegate (stessi personaggi a mattoncini 3D, stessa impaginazione, stessi colori, stesse rese): minifigure espressive, ambientazioni ricche e dettagliate del settore, luci morbide, profondita', bordi vignetta netti. IMPAGINAZIONE OBBLIGATORIA: da 10 a 12 VIGNETTE numerate che raccontano UNA STORIA con arco narrativo completo (1 situazione normale -> 2-4 arrivano i pericoli coi cattivi -> 5-6 tensione/conseguenza -> 7-9 arriva SICURIX con gli eroi e applica il METODO81+ passo per passo -> 10-11 risoluzione ordinata -> 12 finale). HEADER in alto: SICURIX (mantello, medaglione arancione '81+', bussola) che presenta in un fumetto; grande titolo 'SICURIX TALES'; sottotitolo 'COSTRUZIONI: Pericolo vs Soluzione con Metodo 81+'; legenda 3 voci (verde Sicurezza, rosso Rischio, blu 81+ Soluzione); fila di EROI coi nomi: DOCUMIX, CIFRIX, FORMIX, PREPOSTIX, LUXPECTORIX, HYGIENIX. FOOTER in basso: grande 'Prima vedi. Poi sistemi.'; banner scudo verde 'PROTEGGIAMO. PREVENIAMO. MIGLIORIAMO.' e triangolo rosso 'DISATTENZIONE. RISCHI. COSTI. CAOS.'; logo '81+' + '81plus.net'. TRAMA (usa questi eventi come vignette; se sono meno di 10 aggiungi vignette di contesto, dialogo e reazione per arrivare a 10-12): 1) BIOXIX causa il pericolo 'Formazione base' (Formazione Generale Lavoratori); poi DOCUMIX+SICURIX applicano il METODO81+; 2) CAOSIX causa il pericolo 'Nomine' (Nomina Incaricati/Responsabili); poi CIFRIX+SICURIX applicano il METODO81+; 3) HACKIX causa il pericolo 'Documento' (Informativa e Consensi); poi FORMIX+SICURIX applicano il METODO81+; 4) SPYIX causa il pericolo 'Data breach' (Procedura Data Breach); poi CIFRIX+SICURIX applicano il METODO81+; 5) SCHIACCIX causa il pericolo 'Formazione specifica' (Formazione Specifica (rischio alto)); poi PREPOSTIX+SICURIX applicano il METODO81+; 6) CAOSIX causa il pericolo 'Formazione' (Formazione Ambientale); poi FORMIX+SICURIX applicano il METODO81+; 7) FUMIX causa il pericolo 'Documento' (Documento Valutazione Rischi (DVR)); poi LUXPECTORIX+SICURIX applicano il METODO81+; 8) OBLIVIX causa il pericolo 'Attrezzature' (Attrezzature e Macchine); poi DOCUMIX+SICURIX applicano il METODO81+; 9) SCHIACCIX causa il pericolo 'Ruolo/RLS' (Rappresentante Lavoratori Sicurezza (RLS)); poi HYGIENIX+SICURIX applicano il METODO81+; 10) LEAKIX causa il pericolo 'Registro' (Registro dei Trattamenti); poi SICURIX+SICURIX applicano il METODO81+. PALETTE BRAND ESCLUSIVA: nero #05050A, bianco panna, arancione #FF6A1A/#E8501A; ROSSO solo per 'PERICOLO', VERDE per la checklist 'Metodo 81+'. Logo '81+' ben visibile in OGNI vignetta. REGOLA STORIA: SICURIX NON agisce mai da solo - in OGNI vignetta di soluzione si fa AIUTARE dai suoi colleghi EROI (lavoro di squadra, ognuno col suo ruolo). TESTO: didascalie e fumetti MOLTO BREVI (1-4 parole), GRANDI, centrati, in ITALIANO con ORTOGRAFIA PERFETTA, senza parole inventate, lettere doppie errate o testo tagliato. CATTIVI (coerenti col canone): BIOXIX, CAOSIX, HACKIX, SPYIX, SCHIACCIX, FUMIX, OBLIVIX, LEAKIX. EROI: DOCUMIX, CIFRIX, FORMIX, PREPOSTIX, LUXPECTORIX, HYGIENIX, SICURIX. NEGATIVE: nessun marchio LEGO reale, nessun personaggio protetto (Asterix ecc.), niente gore/horror, niente claim assoluti ('rischio zero','garantito','zero multe').",Costruzioni: 3 minuti oggi o un problema enorme domani. Scegli tu.,"Quello che l'ispettore controlla per primo in Costruzioni (e quasi nessuno lo sa)

In costruzioni gli adempimenti obbligatori non aspettano: Formazione base, Nomine, Documento, Data breach, Formazione specifica, Formazione, Attrezzature, Ruolo/RLS, Registro. In questa pagina TALES OF SICURIX il PERICOLO prende forma... e il METODO81+ lo rimette in ordine, passo dopo passo. Immagina la scena: prima il caos, poi la checklist che sistema tutto. Non e' burocrazia: e' la tua tranquillita.
👉 Iscriviti al corso: Corso lavoratore parte GENERALE 4 ore -> https://81plus.net/?corso=corso-lavoratore-parte-generale-4-ore
▶️ YouTube: youtube.com/@sicurissimo
Contenuto informativo. Prima vedi. Poi sistemi. 81plus.net",Corso lavoratore parte GENERALE 4 ore,https://81plus.net/?corso=corso-lavoratore-parte-generale-4-ore,#TalesOfSicurix #SICURIX #Metodo81 #81plus #Sicurissimo #Sicurezza #Privacy #Ambientale #SicurezzaSulLavoro,SICURIX_TALES_421300_1_17_15_19_2_21_0_13_4_16.webp,https://drive.google.com/drive/folders/1hICKXdl9JTZBL1pemG19oE_661z-EH_k,IMG_ERR
77.12.00,PA,O,Privacy+Sicurezza,10,Nomina Incaricati/Responsabili | Sorveglianza Sanitaria / Medico Competente | Nomina DPO / RPD | Formazione Preposto | Formazione Specifica (rischio medio) | Rappresentante Lavoratori Sicurezza (RLS) | Valutazione d'Impatto (DPIA) | Uso e Formazione DPI | Stress Lavoro-Correlato | Registro dei Trattamenti,GDPR art.28-29 | D.Lgs81/08 art.41 | GDPR art.37 | D.Lgs81/08 art.37 | Accordo Stato-Regioni | D.Lgs81/08 art.47 | GDPR art.35 | D.Lgs81/08 art.77 | D.Lgs81/08 art.28 | GDPR art.30,"SICURIX>RISKIX, SCUDIX>ØTIX, SICURIX>HACKIX, HYGIENIX>MULTIX, TRACCIX>IMPROVVISIX, CHEFIX>VIBRIX, CHEFIX>MULTIX, FORMIX>CAOSIX, TRACCIX>CHIMIKIX, PRIVACIX>SPYIX","Crea una PAGINA A FUMETTI a STORIA COMPLETA, verticale A4 (1024x1536), QUALITA' EDITORIALE DA STAMPA, stile ufficiale 'SICURIX TALES' IDENTICO alle immagini di riferimento allegate (stessi personaggi a mattoncini 3D, stessa impaginazione, stessi colori, stesse rese): minifigure espressive, ambientazioni ricche e dettagliate del settore, luci morbide, profondita', bordi vignetta netti. IMPAGINAZIONE OBBLIGATORIA: da 10 a 12 VIGNETTE numerate che raccontano UNA STORIA con arco narrativo completo (1 situazione normale -> 2-4 arrivano i pericoli coi cattivi -> 5-6 tensione/conseguenza -> 7-9 arriva SICURIX con gli eroi e applica il METODO81+ passo per passo -> 10-11 risoluzione ordinata -> 12 finale). HEADER in alto: SICURIX (mantello, medaglione arancione '81+', bussola) che presenta in un fumetto; grande titolo 'SICURIX TALES'; sottotitolo 'PA: Pericolo vs Soluzione con Metodo 81+'; legenda 3 voci (verde Sicurezza, rosso Rischio, blu 81+ Soluzione); fila di EROI coi nomi: SICURIX, SCUDIX, HYGIENIX, TRACCIX, CHEFIX, FORMIX. FOOTER in basso: grande 'Prima vedi. Poi sistemi.'; banner scudo verde 'PROTEGGIAMO. PREVENIAMO. MIGLIORIAMO.' e triangolo rosso 'DISATTENZIONE. RISCHI. COSTI. CAOS.'; logo '81+' + '81plus.net'. TRAMA (usa questi eventi come vignette; se sono meno di 10 aggiungi vignette di contesto, dialogo e reazione per arrivare a 10-12): 1) RISKIX causa il pericolo 'Nomine' (Nomina Incaricati/Responsabili); poi SICURIX+SICURIX applicano il METODO81+; 2) ØTIX causa il pericolo 'Sorveglianza sanitaria' (Sorveglianza Sanitaria / Medico Competente); poi SCUDIX+SICURIX applicano il METODO81+; 3) HACKIX causa il pericolo 'DPO' (Nomina DPO / RPD); poi SICURIX+SICURIX applicano il METODO81+; 4) MULTIX causa il pericolo 'Ruolo/Preposto' (Formazione Preposto); poi HYGIENIX+SICURIX applicano il METODO81+; 5) IMPROVVISIX causa il pericolo 'Formazione specifica' (Formazione Specifica (rischio medio)); poi TRACCIX+SICURIX applicano il METODO81+; 6) VIBRIX causa il pericolo 'Ruolo/RLS' (Rappresentante Lavoratori Sicurezza (RLS)); poi CHEFIX+SICURIX applicano il METODO81+; 7) MULTIX causa il pericolo 'DPIA' (Valutazione d'Impatto (DPIA)); poi CHEFIX+SICURIX applicano il METODO81+; 8) CAOSIX causa il pericolo 'DPI' (Uso e Formazione DPI); poi FORMIX+SICURIX applicano il METODO81+; 9) CHIMIKIX causa il pericolo 'Stress' (Stress Lavoro-Correlato); poi TRACCIX+SICURIX applicano il METODO81+; 10) SPYIX causa il pericolo 'Registro' (Registro dei Trattamenti); poi PRIVACIX+SICURIX applicano il METODO81+. PALETTE BRAND ESCLUSIVA: nero #05050A, bianco panna, arancione #FF6A1A/#E8501A; ROSSO solo per 'PERICOLO', VERDE per la checklist 'Metodo 81+'. Logo '81+' ben visibile in OGNI vignetta. REGOLA STORIA: SICURIX NON agisce mai da solo - in OGNI vignetta di soluzione si fa AIUTARE dai suoi colleghi EROI (lavoro di squadra, ognuno col suo ruolo). TESTO: didascalie e fumetti MOLTO BREVI (1-4 parole), GRANDI, centrati, in ITALIANO con ORTOGRAFIA PERFETTA, senza parole inventate, lettere doppie errate o testo tagliato. CATTIVI (coerenti col canone): RISKIX, ØTIX, HACKIX, MULTIX, IMPROVVISIX, VIBRIX, CAOSIX, CHIMIKIX, SPYIX. EROI: SICURIX, SCUDIX, HYGIENIX, TRACCIX, CHEFIX, FORMIX, PRIVACIX. NEGATIVE: nessun marchio LEGO reale, nessun personaggio protetto (Asterix ecc.), niente gore/horror, niente claim assoluti ('rischio zero','garantito','zero multe').",In PA c'e' un obbligo che in tanti scoprono solo con la sanzione,"La differenza tra chi in PA dorme sereno e chi trema al controllo

In pa gli adempimenti obbligatori non aspettano: Nomine, Sorveglianza sanitaria, DPO, Ruolo/Preposto, Formazione specifica, Ruolo/RLS, DPIA, DPI, Stress, Registro. In questa pagina TALES OF SICURIX il PERICOLO prende forma... e il METODO81+ lo rimette in ordine, passo dopo passo. Immagina la scena: prima il caos, poi la checklist che sistema tutto. Chi si mette in regola prima, dorme meglio dopo.
👉 Iscriviti al corso: Corso privacy destinato ai lavoratori -> https://81plus.net/?corso=corso-privacy-destinato-ai-lavoratori
▶️ YouTube: youtube.com/@sicurissimo
Contenuto informativo. Prima vedi. Poi sistemi. 81plus.net",Corso privacy destinato ai lavoratori,https://81plus.net/?corso=corso-privacy-destinato-ai-lavoratori,#TalesOfSicurix #SICURIX #Metodo81 #81plus #Sicurissimo #Privacy #Sicurezza #SicurezzaSulLavoro,SICURIX_TALES_771200_14_9_17_3_2_4_18_8_11_13.webp,https://drive.google.com/drive/folders/1hICKXdl9JTZBL1pemG19oE_661z-EH_k,IMG_ERR
53.10.00,Trasporti/Magazzino,H,Privacy+Sicurezza+Ambientale,11,Nomina Incaricati/Responsabili | Rappresentante Lavoratori Sicurezza (RLS) | Rischio Rumore | Addetto Primo Soccorso | Formazione GDPR | Procedura Data Breach | Documento Valutazione Rischi (DVR) | Sorveglianza Sanitaria / Medico Competente | Formazione Ambientale | Movimentazione Manuale Carichi | Formazione Specifica (rischio alto),GDPR art.28-29 | D.Lgs81/08 art.47 | D.Lgs81/08 Tit.VIII | DM 388/2003 | GDPR art.32 | GDPR art.33-34 | D.Lgs81/08 art.28 | D.Lgs81/08 art.41 | D.Lgs152/06 | D.Lgs81/08 Tit.VI | Accordo Stato-Regioni,"CONSENSIX>OBLIVIX, PREPOSTIX>SCIVOLIX, CONSENSIX>CADUTIX, HYGIENIX>OBLIVIX, CHECKIX>IMPROVVISIX, TRACCIX>CAOSIX, CIFRIX>SCIVOLIX, SICURIX>CHIMIKIX, TRACCIX>RISKIX, CIFRIX>CAOSIX, PREPOSTIX>VIBRIX","Crea una PAGINA A FUMETTI a STORIA COMPLETA, verticale A4 (1024x1536), QUALITA' EDITORIALE DA STAMPA, stile ufficiale 'SICURIX TALES' IDENTICO alle immagini di riferimento allegate (stessi personaggi a mattoncini 3D, stessa impaginazione, stessi colori, stesse rese): minifigure espressive, ambientazioni ricche e dettagliate del settore, luci morbide, profondita', bordi vignetta netti. IMPAGINAZIONE OBBLIGATORIA: da 10 a 12 VIGNETTE numerate che raccontano UNA STORIA con arco narrativo completo (1 situazione normale -> 2-4 arrivano i pericoli coi cattivi -> 5-6 tensione/conseguenza -> 7-9 arriva SICURIX con gli eroi e applica il METODO81+ passo per passo -> 10-11 risoluzione ordinata -> 12 finale). HEADER in alto: SICURIX (mantello, medaglione arancione '81+', bussola) che presenta in un fumetto; grande titolo 'SICURIX TALES'; sottotitolo 'TRASPORTI/MAGAZZINO: Pericolo vs Soluzione con Metodo 81+'; legenda 3 voci (verde Sicurezza, rosso Rischio, blu 81+ Soluzione); fila di EROI coi nomi: CONSENSIX, PREPOSTIX, HYGIENIX, CHECKIX, TRACCIX, CIFRIX. FOOTER in basso: grande 'Prima vedi. Poi sistemi.'; banner scudo verde 'PROTEGGIAMO. PREVENIAMO. MIGLIORIAMO.' e triangolo rosso 'DISATTENZIONE. RISCHI. COSTI. CAOS.'; logo '81+' + '81plus.net'. TRAMA (usa questi eventi come vignette; se sono meno di 10 aggiungi vignette di contesto, dialogo e reazione per arrivare a 10-12): 1) OBLIVIX causa il pericolo 'Nomine' (Nomina Incaricati/Responsabili); poi CONSENSIX+SICURIX applicano il METODO81+; 2) SCIVOLIX causa il pericolo 'Ruolo/RLS' (Rappresentante Lavoratori Sicurezza (RLS)); poi PREPOSTIX+SICURIX applicano il METODO81+; 3) CADUTIX causa il pericolo 'Rumore' (Rischio Rumore); poi CONSENSIX+SICURIX applicano il METODO81+; 4) OBLIVIX causa il pericolo 'Emergenze/Soccorso' (Addetto Primo Soccorso); poi HYGIENIX+SICURIX applicano il METODO81+; 5) IMPROVVISIX causa il pericolo 'Formazione' (Formazione GDPR); poi CHECKIX+SICURIX applicano il METODO81+; 6) CAOSIX causa il pericolo 'Data breach' (Procedura Data Breach); poi TRACCIX+SICURIX applicano il METODO81+; 7) SCIVOLIX causa il pericolo 'Documento' (Documento Valutazione Rischi (DVR)); poi CIFRIX+SICURIX applicano il METODO81+; 8) CHIMIKIX causa il pericolo 'Sorveglianza sanitaria' (Sorveglianza Sanitaria / Medico Competente); poi SICURIX+SICURIX applicano il METODO81+; 9) RISKIX causa il pericolo 'Formazione' (Formazione Ambientale); poi TRACCIX+SICURIX applicano il METODO81+; 10) CAOSIX causa il pericolo 'MMC' (Movimentazione Manuale Carichi); poi CIFRIX+SICURIX applicano il METODO81+; 11) VIBRIX causa il pericolo 'Formazione specifica' (Formazione Specifica (rischio alto)); poi PREPOSTIX+SICURIX applicano il METODO81+. PALETTE BRAND ESCLUSIVA: nero #05050A, bianco panna, arancione #FF6A1A/#E8501A; ROSSO solo per 'PERICOLO', VERDE per la checklist 'Metodo 81+'. Logo '81+' ben visibile in OGNI vignetta. REGOLA STORIA: SICURIX NON agisce mai da solo - in OGNI vignetta di soluzione si fa AIUTARE dai suoi colleghi EROI (lavoro di squadra, ognuno col suo ruolo). TESTO: didascalie e fumetti MOLTO BREVI (1-4 parole), GRANDI, centrati, in ITALIANO con ORTOGRAFIA PERFETTA, senza parole inventate, lettere doppie errate o testo tagliato. CATTIVI (coerenti col canone): OBLIVIX, SCIVOLIX, CADUTIX, IMPROVVISIX, CAOSIX, CHIMIKIX, RISKIX, VIBRIX. EROI: CONSENSIX, PREPOSTIX, HYGIENIX, CHECKIX, TRACCIX, CIFRIX, SICURIX. NEGATIVE: nessun marchio LEGO reale, nessun personaggio protetto (Asterix ecc.), niente gore/horror, niente claim assoluti ('rischio zero','garantito','zero multe').","In Trasporti/Magazzino non e' 'se' arriva il controllo, e' 'quando'. Sei pronto?","Quello che l'ispettore controlla per primo in Trasporti/Magazzino (e quasi nessuno lo sa)

In trasporti/magazzino gli adempimenti obbligatori non aspettano: Nomine, Ruolo/RLS, Rumore, Emergenze/Soccorso, Formazione, Data breach, Documento, Sorveglianza sanitaria, MMC, Formazione specifica. In questa pagina TALES OF SICURIX il PERICOLO prende forma... e il METODO81+ lo rimette in ordine, passo dopo passo. Immagina la scena: prima il caos, poi la checklist che sistema tutto. Chi si mette in regola prima, dorme meglio dopo.
👉 Iscriviti al corso: Corso privacy destinato ai lavoratori -> https://81plus.net/?corso=corso-privacy-destinato-ai-lavoratori
▶️ YouTube: youtube.com/@sicurissimo
Contenuto informativo. Prima vedi. Poi sistemi. 81plus.net",Corso privacy destinato ai lavoratori,https://81plus.net/?corso=corso-privacy-destinato-ai-lavoratori,#TalesOfSicurix #SICURIX #Metodo81 #81plus #Sicurissimo #Privacy #Sicurezza #Ambientale #SicurezzaSulLavoro,SICURIX_TALES_531000_16_4_12_6_17_18_0_9_20_10_2.webp,https://drive.google.com/drive/folders/1hICKXdl9JTZBL1pemG19oE_661z-EH_k,IMG_ERR
23.61.09,Manifattura,C,Sicurezza+HACCP+Ambientale+Privacy,12,Rappresentante Lavoratori Sicurezza (RLS) | Rischio Rumore | Corso Alimentarista | Sorveglianza Sanitaria / Medico Competente | Stress Lavoro-Correlato | Rintracciabilita ed Etichettatura | Uso e Formazione DPI | Gestione Allergeni | Gestione Rifiuti e Registro | Procedura Data Breach | Piano di Sanificazione | RSPP / Datore di Lavoro RSPP,D.Lgs81/08 art.47 | D.Lgs81/08 Tit.VIII | Reg.CE 852/2004 | D.Lgs81/08 art.41 | D.Lgs81/08 art.28 | Reg.CE 178/2002 | D.Lgs81/08 art.77 | Reg.UE 1169/2011 | D.Lgs152/06 | GDPR art.33-34 | D.Lgs81/08 art.34,"BLINKIX>IMPROVVISIX, CHEFIX>BIOXIX, PRIVACIX>TEMPORIX, SICURIX>CHIMIKIX, PRIVACIX>FRETTIX, FORMIX>TEMPORIX, CONSENSIX>CHIMIKIX, FORMIX>DOSAGIX, ROBOTIX81>RISKIX, PRIVACIX>PERMISSIONIX, SCUDIX>SCADUTIX, PRIVACIX>RUMORIX","Crea una PAGINA A FUMETTI a STORIA COMPLETA, verticale A4 (1024x1536), QUALITA' EDITORIALE DA STAMPA, stile ufficiale 'SICURIX TALES' IDENTICO alle immagini di riferimento allegate (stessi personaggi a mattoncini 3D, stessa impaginazione, stessi colori, stesse rese): minifigure espressive, ambientazioni ricche e dettagliate del settore, luci morbide, profondita', bordi vignetta netti. IMPAGINAZIONE OBBLIGATORIA: da 10 a 12 VIGNETTE numerate che raccontano UNA STORIA con arco narrativo completo (1 situazione normale -> 2-4 arrivano i pericoli coi cattivi -> 5-6 tensione/conseguenza -> 7-9 arriva SICURIX con gli eroi e applica il METODO81+ passo per passo -> 10-11 risoluzione ordinata -> 12 finale). HEADER in alto: SICURIX (mantello, medaglione arancione '81+', bussola) che presenta in un fumetto; grande titolo 'SICURIX TALES'; sottotitolo 'MANIFATTURA: Pericolo vs Soluzione con Metodo 81+'; legenda 3 voci (verde Sicurezza, rosso Rischio, blu 81+ Soluzione); fila di EROI coi nomi: BLINKIX, CHEFIX, PRIVACIX, SICURIX, FORMIX, CONSENSIX. FOOTER in basso: grande 'Prima vedi. Poi sistemi.'; banner scudo verde 'PROTEGGIAMO. PREVENIAMO. MIGLIORIAMO.' e triangolo rosso 'DISATTENZIONE. RISCHI. COSTI. CAOS.'; logo '81+' + '81plus.net'. TRAMA (usa questi eventi come vignette; se sono meno di 10 aggiungi vignette di contesto, dialogo e reazione per arrivare a 10-12): 1) IMPROVVISIX causa il pericolo 'Ruolo/RLS' (Rappresentante Lavoratori Sicurezza (RLS)); poi BLINKIX+SICURIX applicano il METODO81+; 2) BIOXIX causa il pericolo 'Rumore' (Rischio Rumore); poi CHEFIX+SICURIX applicano il METODO81+; 3) TEMPORIX causa il pericolo 'Corso' (Corso Alimentarista); poi PRIVACIX+SICURIX applicano il METODO81+; 4) CHIMIKIX causa il pericolo 'Sorveglianza sanitaria' (Sorveglianza Sanitaria / Medico Competente); poi SICURIX+SICURIX applicano il METODO81+; 5) FRETTIX causa il pericolo 'Stress' (Stress Lavoro-Correlato); poi PRIVACIX+SICURIX applicano il METODO81+; 6) TEMPORIX causa il pericolo 'Rintracciabilita' (Rintracciabilita ed Etichettatura); poi FORMIX+SICURIX applicano il METODO81+; 7) CHIMIKIX causa il pericolo 'DPI' (Uso e Formazione DPI); poi CONSENSIX+SICURIX applicano il METODO81+; 8) DOSAGIX causa il pericolo 'Allergeni' (Gestione Allergeni); poi FORMIX+SICURIX applicano il METODO81+; 9) RISKIX causa il pericolo 'Rifiuti' (Gestione Rifiuti e Registro); poi ROBOTIX81+SICURIX applicano il METODO81+; 10) PERMISSIONIX causa il pericolo 'Data breach' (Procedura Data Breach); poi PRIVACIX+SICURIX applicano il METODO81+; 11) SCADUTIX causa il pericolo 'Sanificazione' (Piano di Sanificazione); poi SCUDIX+SICURIX applicano il METODO81+; 12) RUMORIX causa il pericolo 'Ruolo/RSPP' (RSPP / Datore di Lavoro RSPP); poi PRIVACIX+SICURIX applicano il METODO81+. PALETTE BRAND ESCLUSIVA: nero #05050A, bianco panna, arancione #FF6A1A/#E8501A; ROSSO solo per 'PERICOLO', VERDE per la checklist 'Metodo 81+'. Logo '81+' ben visibile in OGNI vignetta. REGOLA STORIA: SICURIX NON agisce mai da solo - in OGNI vignetta di soluzione si fa AIUTARE dai suoi colleghi EROI (lavoro di squadra, ognuno col suo ruolo). TESTO: didascalie e fumetti MOLTO BREVI (1-4 parole), GRANDI, centrati, in ITALIANO con ORTOGRAFIA PERFETTA, senza parole inventate, lettere doppie errate o testo tagliato. CATTIVI (coerenti col canone): IMPROVVISIX, BIOXIX, TEMPORIX, CHIMIKIX, FRETTIX, DOSAGIX, RISKIX, PERMISSIONIX, SCADUTIX, RUMORIX. EROI: BLINKIX, CHEFIX, PRIVACIX, SICURIX, FORMIX, CONSENSIX, ROBOTIX81, SCUDIX. NEGATIVE: nessun marchio LEGO reale, nessun personaggio protetto (Asterix ecc.), niente gore/horror, niente claim assoluti ('rischio zero','garantito','zero multe').",In Manifattura c'e' un obbligo che in tanti scoprono solo con la sanzione,"In Manifattura c'e' un obbligo che in tanti scoprono solo con la sanzione

In manifattura gli adempimenti obbligatori non aspettano: Ruolo/RLS, Rumore, Corso, Sorveglianza sanitaria, Stress, Rintracciabilita, DPI, Allergeni, Rifiuti, Data breach, Sanificazione, Ruolo/RSPP. In questa pagina TALES OF SICURIX il PERICOLO prende forma... e il METODO81+ lo rimette in ordine, passo dopo passo. Immagina la scena: prima il caos, poi la checklist che sistema tutto. La regola c'e' gia': tu falla lavorare per te.
👉 Iscriviti al corso: Corso RLS -> https://81plus.net/?corso=corso-rls
▶️ YouTube: youtube.com/@sicurissimo
Contenuto informativo. Prima vedi. Poi sistemi. 81plus.net",Corso RLS,https://81plus.net/?corso=corso-rls,#TalesOfSicurix #SICURIX #Metodo81 #81plus #Sicurissimo #Sicurezza #HACCP #Ambientale #Privacy #SicurezzaSulLavoro,SICURIX_TALES_236109_4_12_16_9_11_18_8_21_27_26_17_5.webp,https://drive.google.com/drive/folders/1hICKXdl9JTZBL1pemG19oE_661z-EH_k,IMG_ERR
94.99.60,Famiglie datori,T,Sicurezza+Privacy,11,Documento Valutazione Rischi (DVR) | Addetto Primo Soccorso | Addetto Antincendio | Formazione GDPR | Uso e Formazione DPI | Rappresentante Lavoratori Sicurezza (RLS) | Registro dei Trattamenti | RSPP / Datore di Lavoro RSPP | Formazione Specifica (rischio basso) | Procedura Data Breach | Formazione Preposto,D.Lgs81/08 art.28 | DM 388/2003 | DM 2/9/2021 | GDPR art.32 | D.Lgs81/08 art.77 | D.Lgs81/08 art.47 | GDPR art.30 | D.Lgs81/08 art.34 | Accordo Stato-Regioni | GDPR art.33-34 | D.Lgs81/08 art.37,"SCUDIX>SCHIACCIX, FORMIX>SEGNALEX, HYGIENIX>MULTIX, TRACCIX>LEAKIX, SICURIX>FRETTIX, FORMIX>VOLTIX, CIFRIX>PERMISSIONIX, BLINKIX>SCIVOLIX, PRIVACIX>FUMIX, ROBOTIX81>IMPROVVISIX, CONSENSIX>RISKIX","Crea una PAGINA A FUMETTI a STORIA COMPLETA, verticale A4 (1024x1536), QUALITA' EDITORIALE DA STAMPA, stile ufficiale 'SICURIX TALES' IDENTICO alle immagini di riferimento allegate (stessi personaggi a mattoncini 3D, stessa impaginazione, stessi colori, stesse rese): minifigure espressive, ambientazioni ricche e dettagliate del settore, luci morbide, profondita', bordi vignetta netti. IMPAGINAZIONE OBBLIGATORIA: da 10 a 12 VIGNETTE numerate che raccontano UNA STORIA con arco narrativo completo (1 situazione normale -> 2-4 arrivano i pericoli coi cattivi -> 5-6 tensione/conseguenza -> 7-9 arriva SICURIX con gli eroi e applica il METODO81+ passo per passo -> 10-11 risoluzione ordinata -> 12 finale). HEADER in alto: SICURIX (mantello, medaglione arancione '81+', bussola) che presenta in un fumetto; grande titolo 'SICURIX TALES'; sottotitolo 'FAMIGLIE DATORI: Pericolo vs Soluzione con Metodo 81+'; legenda 3 voci (verde Sicurezza, rosso Rischio, blu 81+ Soluzione); fila di EROI coi nomi: SCUDIX, FORMIX, HYGIENIX, TRACCIX, SICURIX, CIFRIX. FOOTER in basso: grande 'Prima vedi. Poi sistemi.'; banner scudo verde 'PROTEGGIAMO. PREVENIAMO. MIGLIORIAMO.' e triangolo rosso 'DISATTENZIONE. RISCHI. COSTI. CAOS.'; logo '81+' + '81plus.net'. TRAMA (usa questi eventi come vignette; se sono meno di 10 aggiungi vignette di contesto, dialogo e reazione per arrivare a 10-12): 1) SCHIACCIX causa il pericolo 'Documento' (Documento Valutazione Rischi (DVR)); poi SCUDIX+SICURIX applicano il METODO81+; 2) SEGNALEX causa il pericolo 'Emergenze/Soccorso' (Addetto Primo Soccorso); poi FORMIX+SICURIX applicano il METODO81+; 3) MULTIX causa il pericolo 'Emergenze/Incendio' (Addetto Antincendio); poi HYGIENIX+SICURIX applicano il METODO81+; 4) LEAKIX causa il pericolo 'Formazione' (Formazione GDPR); poi TRACCIX+SICURIX applicano il METODO81+; 5) FRETTIX causa il pericolo 'DPI' (Uso e Formazione DPI); poi SICURIX+SICURIX applicano il METODO81+; 6) VOLTIX causa il pericolo 'Ruolo/RLS' (Rappresentante Lavoratori Sicurezza (RLS)); poi FORMIX+SICURIX applicano il METODO81+; 7) PERMISSIONIX causa il pericolo 'Registro' (Registro dei Trattamenti); poi CIFRIX+SICURIX applicano il METODO81+; 8) SCIVOLIX causa il pericolo 'Ruolo/RSPP' (RSPP / Datore di Lavoro RSPP); poi BLINKIX+SICURIX applicano il METODO81+; 9) FUMIX causa il pericolo 'Formazione specifica' (Formazione Specifica (rischio basso)); poi PRIVACIX+SICURIX applicano il METODO81+; 10) IMPROVVISIX causa il pericolo 'Data breach' (Procedura Data Breach); poi ROBOTIX81+SICURIX applicano il METODO81+; 11) RISKIX causa il pericolo 'Ruolo/Preposto' (Formazione Preposto); poi CONSENSIX+SICURIX applicano il METODO81+. PALETTE BRAND ESCLUSIVA: nero #05050A, bianco panna, arancione #FF6A1A/#E8501A; ROSSO solo per 'PERICOLO', VERDE per la checklist 'Metodo 81+'. Logo '81+' ben visibile in OGNI vignetta. REGOLA STORIA: SICURIX NON agisce mai da solo - in OGNI vignetta di soluzione si fa AIUTARE dai suoi colleghi EROI (lavoro di squadra, ognuno col suo ruolo). TESTO: didascalie e fumetti MOLTO BREVI (1-4 parole), GRANDI, centrati, in ITALIANO con ORTOGRAFIA PERFETTA, senza parole inventate, lettere doppie errate o testo tagliato. CATTIVI (coerenti col canone): SCHIACCIX, SEGNALEX, MULTIX, LEAKIX, FRETTIX, VOLTIX, PERMISSIONIX, SCIVOLIX, FUMIX, IMPROVVISIX, RISKIX. EROI: SCUDIX, FORMIX, HYGIENIX, TRACCIX, SICURIX, CIFRIX, BLINKIX, PRIVACIX, ROBOTIX81, CONSENSIX. NEGATIVE: nessun marchio LEGO reale, nessun personaggio protetto (Asterix ecc.), niente gore/horror, niente claim assoluti ('rischio zero','garantito','zero multe').",Quello che l'ispettore controlla per primo in Famiglie datori (e quasi nessuno lo sa),"In Famiglie datori non e' 'se' arriva il controllo, e' 'quando'. Sei pronto?

In famiglie datori gli adempimenti obbligatori non aspettano: Documento, Emergenze/Soccorso, Emergenze/Incendio, Formazione, DPI, Ruolo/RLS, Registro, Ruolo/RSPP, Formazione specifica, Data breach, Ruolo/Preposto. In questa pagina TALES OF SICURIX il PERICOLO prende forma... e il METODO81+ lo rimette in ordine, passo dopo passo. Immagina la scena: prima il caos, poi la checklist che sistema tutto. Non e' burocrazia: e' la tua tranquillita.
👉 Iscriviti al corso: Corso lavoratore parte GENERALE 4 ore -> https://81plus.net/?corso=corso-lavoratore-parte-generale-4-ore
▶️ YouTube: youtube.com/@sicurissimo
Contenuto informativo. Prima vedi. Poi sistemi. 81plus.net",Corso lavoratore parte GENERALE 4 ore,https://81plus.net/?corso=corso-lavoratore-parte-generale-4-ore,#TalesOfSicurix #SICURIX #Metodo81 #81plus #Sicurissimo #Sicurezza #Privacy #SicurezzaSulLavoro,SICURIX_TALES_949960_0_6_7_12_8_4_10_5_2_13_3.webp,https://drive.google.com/drive/folders/1hICKXdl9JTZBL1pemG19oE_661z-EH_k,IMG_ERR
27.40.02,Manifattura,C,Privacy+HACCP+Sicurezza,11,Formazione GDPR | Procedura Data Breach | Manuale HACCP di Autocontrollo | Piano di Sanificazione | Registro dei Trattamenti | Nomina Incaricati/Responsabili | Corso Alimentarista | Documento Valutazione Rischi (DVR) | Attrezzature e Macchine | Rintracciabilita ed Etichettatura | Formazione Preposto,GDPR art.32 | GDPR art.33-34 | Reg.CE 852/2004 | GDPR art.30 | GDPR art.28-29 | D.Lgs81/08 art.28 | D.Lgs81/08 Tit.III | Reg.CE 178/2002 | D.Lgs81/08 art.37,"CONSENSIX>LEAKIX, ROBOTIX81>IMPROVVISIX, PRIVACIX>MULTIX, ROBOTIX81>FRETTIX, DOCUMIX>PERMISSIONIX, DOCUMIX>OBLIVIX, CONSENSIX>OBLIVIX, HYGIENIX>NONDPIX, SICURIX>CADUTIX, DOCUMIX>SPORCKIX, CIFRIX>CAOSIX","Crea una PAGINA A FUMETTI a STORIA COMPLETA, verticale A4 (1024x1536), QUALITA' EDITORIALE DA STAMPA, stile ufficiale 'SICURIX TALES' IDENTICO alle immagini di riferimento allegate (stessi personaggi a mattoncini 3D, stessa impaginazione, stessi colori, stesse rese): minifigure espressive, ambientazioni ricche e dettagliate del settore, luci morbide, profondita', bordi vignetta netti. IMPAGINAZIONE OBBLIGATORIA: da 10 a 12 VIGNETTE numerate che raccontano UNA STORIA con arco narrativo completo (1 situazione normale -> 2-4 arrivano i pericoli coi cattivi -> 5-6 tensione/conseguenza -> 7-9 arriva SICURIX con gli eroi e applica il METODO81+ passo per passo -> 10-11 risoluzione ordinata -> 12 finale). HEADER in alto: SICURIX (mantello, medaglione arancione '81+', bussola) che presenta in un fumetto; grande titolo 'SICURIX TALES'; sottotitolo 'MANIFATTURA: Pericolo vs Soluzione con Metodo 81+'; legenda 3 voci (verde Sicurezza, rosso Rischio, blu 81+ Soluzione); fila di EROI coi nomi: CONSENSIX, ROBOTIX81, PRIVACIX, DOCUMIX, HYGIENIX, SICURIX. FOOTER in basso: grande 'Prima vedi. Poi sistemi.'; banner scudo verde 'PROTEGGIAMO. PREVENIAMO. MIGLIORIAMO.' e triangolo rosso 'DISATTENZIONE. RISCHI. COSTI. CAOS.'; logo '81+' + '81plus.net'. TRAMA (usa questi eventi come vignette; se sono meno di 10 aggiungi vignette di contesto, dialogo e reazione per arrivare a 10-12): 1) LEAKIX causa il pericolo 'Formazione' (Formazione GDPR); poi CONSENSIX+SICURIX applicano il METODO81+; 2) IMPROVVISIX causa il pericolo 'Data breach' (Procedura Data Breach); poi ROBOTIX81+SICURIX applicano il METODO81+; 3) MULTIX causa il pericolo 'Documento' (Manuale HACCP di Autocontrollo); poi PRIVACIX+SICURIX applicano il METODO81+; 4) FRETTIX causa il pericolo 'Sanificazione' (Piano di Sanificazione); poi ROBOTIX81+SICURIX applicano il METODO81+; 5) PERMISSIONIX causa il pericolo 'Registro' (Registro dei Trattamenti); poi DOCUMIX+SICURIX applicano il METODO81+; 6) OBLIVIX causa il pericolo 'Nomine' (Nomina Incaricati/Responsabili); poi DOCUMIX+SICURIX applicano il METODO81+; 7) OBLIVIX causa il pericolo 'Corso' (Corso Alimentarista); poi CONSENSIX+SICURIX applicano il METODO81+; 8) NONDPIX causa il pericolo 'Documento' (Documento Valutazione Rischi (DVR)); poi HYGIENIX+SICURIX applicano il METODO81+; 9) CADUTIX causa il pericolo 'Attrezzature' (Attrezzature e Macchine); poi SICURIX+SICURIX applicano il METODO81+; 10) SPORCKIX causa il pericolo 'Rintracciabilita' (Rintracciabilita ed Etichettatura); poi DOCUMIX+SICURIX applicano il METODO81+; 11) CAOSIX causa il pericolo 'Ruolo/Preposto' (Formazione Preposto); poi CIFRIX+SICURIX applicano il METODO81+. PALETTE BRAND ESCLUSIVA: nero #05050A, bianco panna, arancione #FF6A1A/#E8501A; ROSSO solo per 'PERICOLO', VERDE per la checklist 'Metodo 81+'. Logo '81+' ben visibile in OGNI vignetta. REGOLA STORIA: SICURIX NON agisce mai da solo - in OGNI vignetta di soluzione si fa AIUTARE dai suoi colleghi EROI (lavoro di squadra, ognuno col suo ruolo). TESTO: didascalie e fumetti MOLTO BREVI (1-4 parole), GRANDI, centrati, in ITALIANO con ORTOGRAFIA PERFETTA, senza parole inventate, lettere doppie errate o testo tagliato. CATTIVI (coerenti col canone): LEAKIX, IMPROVVISIX, MULTIX, FRETTIX, PERMISSIONIX, OBLIVIX, NONDPIX, CADUTIX, SPORCKIX, CAOSIX. EROI: CONSENSIX, ROBOTIX81, PRIVACIX, DOCUMIX, HYGIENIX, SICURIX, CIFRIX. NEGATIVE: nessun marchio LEGO reale, nessun personaggio protetto (Asterix ecc.), niente gore/horror, niente claim assoluti ('rischio zero','garantito','zero multe').","In Manifattura non e' 'se' arriva il controllo, e' 'quando'. Sei pronto?","In Manifattura c'e' un obbligo che in tanti scoprono solo con la sanzione

In manifattura gli adempimenti obbligatori non aspettano: Formazione, Data breach, Documento, Sanificazione, Registro, Nomine, Corso, Attrezzature, Rintracciabilita, Ruolo/Preposto. In questa pagina TALES OF SICURIX il PERICOLO prende forma... e il METODO81+ lo rimette in ordine, passo dopo passo. Immagina la scena: prima il caos, poi la checklist che sistema tutto. Chi si mette in regola prima, dorme meglio dopo.
👉 Iscriviti al corso: GDPR 2016/679: privacy e trattamento dei dati personali -> https://81plus.net/?corso=gdpr-2016-679-privacy-e-trattamento-dei-dati-personali
▶️ YouTube: youtube.com/@sicurissimo
Contenuto informativo. Prima vedi. Poi sistemi. 81plus.net",GDPR 2016/679: privacy e trattamento dei dati personali,https://81plus.net/?corso=gdpr-2016-679-privacy-e-trattamento-dei-dati-personali,#TalesOfSicurix #SICURIX #Metodo81 #81plus #Sicurissimo #Privacy #HACCP #Sicurezza #SicurezzaSulLavoro,SICURIX_TALES_274002_24_25_14_16_22_23_15_0_13_17_3.webp,https://drive.google.com/drive/folders/1hICKXdl9JTZBL1pemG19oE_661z-EH_k,IMG_ERR
46.36.00,Commercio,G,HACCP+Sicurezza+Privacy,10,Corso Alimentarista | Formazione Preposto | Sorveglianza Sanitaria / Medico Competente | Gestione Allergeni | Stress Lavoro-Correlato | Informativa e Consensi | Uso e Formazione DPI | Lotta agli Infestanti (Pest Control) | Nomina Incaricati/Responsabili | Controllo Temperature e Celle,Reg.CE 852/2004 | D.Lgs81/08 art.37 | D.Lgs81/08 art.41 | Reg.UE 1169/2011 | D.Lgs81/08 art.28 | GDPR art.13 | D.Lgs81/08 art.77 | GDPR art.28-29,"DOCUMIX>CAOSIX, FORMIX>SCIVOLIX, PRIVACIX>POLVERIX, HYGIENIX>IMPROVVISIX, PRIVACIX>RUMORIX, CONSENSIX>CANCELIX, CHECKIX>VIBRIX, DOCUMIX>FRETTIX, SCUDIX>SPYIX, DOCUMIX>CAOSIX","Crea una PAGINA A FUMETTI a STORIA COMPLETA, verticale A4 (1024x1536), QUALITA' EDITORIALE DA STAMPA, stile ufficiale 'SICURIX TALES' IDENTICO alle immagini di riferimento allegate (stessi personaggi a mattoncini 3D, stessa impaginazione, stessi colori, stesse rese): minifigure espressive, ambientazioni ricche e dettagliate del settore, luci morbide, profondita', bordi vignetta netti. IMPAGINAZIONE OBBLIGATORIA: da 10 a 12 VIGNETTE numerate che raccontano UNA STORIA con arco narrativo completo (1 situazione normale -> 2-4 arrivano i pericoli coi cattivi -> 5-6 tensione/conseguenza -> 7-9 arriva SICURIX con gli eroi e applica il METODO81+ passo per passo -> 10-11 risoluzione ordinata -> 12 finale). HEADER in alto: SICURIX (mantello, medaglione arancione '81+', bussola) che presenta in un fumetto; grande titolo 'SICURIX TALES'; sottotitolo 'COMMERCIO: Pericolo vs Soluzione con Metodo 81+'; legenda 3 voci (verde Sicurezza, rosso Rischio, blu 81+ Soluzione); fila di EROI coi nomi: DOCUMIX, FORMIX, PRIVACIX, HYGIENIX, CONSENSIX, CHECKIX. FOOTER in basso: grande 'Prima vedi. Poi sistemi.'; banner scudo verde 'PROTEGGIAMO. PREVENIAMO. MIGLIORIAMO.' e triangolo rosso 'DISATTENZIONE. RISCHI. COSTI. CAOS.'; logo '81+' + '81plus.net'. TRAMA (usa questi eventi come vignette; se sono meno di 10 aggiungi vignette di contesto, dialogo e reazione per arrivare a 10-12): 1) CAOSIX causa il pericolo 'Corso' (Corso Alimentarista); poi DOCUMIX+SICURIX applicano il METODO81+; 2) SCIVOLIX causa il pericolo 'Ruolo/Preposto' (Formazione Preposto); poi FORMIX+SICURIX applicano il METODO81+; 3) POLVERIX causa il pericolo 'Sorveglianza sanitaria' (Sorveglianza Sanitaria / Medico Competente); poi PRIVACIX+SICURIX applicano il METODO81+; 4) IMPROVVISIX causa il pericolo 'Allergeni' (Gestione Allergeni); poi HYGIENIX+SICURIX applicano il METODO81+; 5) RUMORIX causa il pericolo 'Stress' (Stress Lavoro-Correlato); poi PRIVACIX+SICURIX applicano il METODO81+; 6) CANCELIX causa il pericolo 'Documento' (Informativa e Consensi); poi CONSENSIX+SICURIX applicano il METODO81+; 7) VIBRIX causa il pericolo 'DPI' (Uso e Formazione DPI); poi CHECKIX+SICURIX applicano il METODO81+; 8) FRETTIX causa il pericolo 'Infestanti' (Lotta agli Infestanti (Pest Control)); poi DOCUMIX+SICURIX applicano il METODO81+; 9) SPYIX causa il pericolo 'Nomine' (Nomina Incaricati/Responsabili); poi SCUDIX+SICURIX applicano il METODO81+; 10) CAOSIX causa il pericolo 'Temperature' (Controllo Temperature e Celle); poi DOCUMIX+SICURIX applicano il METODO81+. PALETTE BRAND ESCLUSIVA: nero #05050A, bianco panna, arancione #FF6A1A/#E8501A; ROSSO solo per 'PERICOLO', VERDE per la checklist 'Metodo 81+'. Logo '81+' ben visibile in OGNI vignetta. REGOLA STORIA: SICURIX NON agisce mai da solo - in OGNI vignetta di soluzione si fa AIUTARE dai suoi colleghi EROI (lavoro di squadra, ognuno col suo ruolo). TESTO: didascalie e fumetti MOLTO BREVI (1-4 parole), GRANDI, centrati, in ITALIANO con ORTOGRAFIA PERFETTA, senza parole inventate, lettere doppie errate o testo tagliato. CATTIVI (coerenti col canone): CAOSIX, SCIVOLIX, POLVERIX, IMPROVVISIX, RUMORIX, CANCELIX, VIBRIX, FRETTIX, SPYIX. EROI: DOCUMIX, FORMIX, PRIVACIX, HYGIENIX, CONSENSIX, CHECKIX, SCUDIX. NEGATIVE: nessun marchio LEGO reale, nessun personaggio protetto (Asterix ecc.), niente gore/horror, niente claim assoluti ('rischio zero','garantito','zero multe').",La differenza tra chi in Commercio dorme sereno e chi trema al controllo,"Commercio: 3 minuti oggi o un problema enorme domani. Scegli tu.

In commercio gli adempimenti obbligatori non aspettano: Corso, Ruolo/Preposto, Sorveglianza sanitaria, Allergeni, Stress, Documento, DPI, Infestanti, Nomine, Temperature. In questa pagina TALES OF SICURIX il PERICOLO prende forma... e il METODO81+ lo rimette in ordine, passo dopo passo. Immagina la scena: prima il caos, poi la checklist che sistema tutto. Mettere ordine ora costa poco. Rimediare dopo costa caro.
👉 Iscriviti al corso: Haccp - Corso responsabile industria alimentare -> https://81plus.net/?corso=haccp-corso-responsabile-industria-alimentare
▶️ YouTube: youtube.com/@sicurissimo
Contenuto informativo. Prima vedi. Poi sistemi. 81plus.net",Haccp - Corso responsabile industria alimentare,https://81plus.net/?corso=haccp-corso-responsabile-industria-alimentare,#TalesOfSicurix #SICURIX #Metodo81 #81plus #Sicurissimo #HACCP #Sicurezza #Privacy #SicurezzaSulLavoro,SICURIX_TALES_463600_13_3_9_18_11_19_8_17_21_16.webp,https://drive.google.com/drive/folders/1hICKXdl9JTZBL1pemG19oE_661z-EH_k,IMG_ERR
22.26.11,Manifattura,C,Sicurezza+HACCP+Privacy,10,Addetto Primo Soccorso | Rischio Rumore | Stress Lavoro-Correlato | Sorveglianza Sanitaria / Medico Competente | Rischio Chimico | Addetto Antincendio | Controllo Temperature e Celle | Manuale HACCP di Autocontrollo | Registro dei Trattamenti | Procedura Data Breach,DM 388/2003 | D.Lgs81/08 Tit.VIII | D.Lgs81/08 art.28 | D.Lgs81/08 art.41 | D.Lgs81/08 Tit.IX | DM 2/9/2021 | Reg.CE 852/2004 | GDPR art.30 | GDPR art.33-34,"HYGIENIX>POLVERIX, SCUDIX>MULTIX, PREPOSTIX>SEGNALEX, FORMIX>CHIMIKIX, ROBOTIX81>SEGNALEX, TRACCIX>NONDPIX, LUXPECTORIX>CROSSIX, SCUDIX>MESCOLIX, CIFRIX>OBLIVIX, ROBOTIX81>RISKIX","Crea una PAGINA A FUMETTI a STORIA COMPLETA, verticale A4 (1024x1536), QUALITA' EDITORIALE DA STAMPA, stile ufficiale 'SICURIX TALES' IDENTICO alle immagini di riferimento allegate (stessi personaggi a mattoncini 3D, stessa impaginazione, stessi colori, stesse rese): minifigure espressive, ambientazioni ricche e dettagliate del settore, luci morbide, profondita', bordi vignetta netti. IMPAGINAZIONE OBBLIGATORIA: da 10 a 12 VIGNETTE numerate che raccontano UNA STORIA con arco narrativo completo (1 situazione normale -> 2-4 arrivano i pericoli coi cattivi -> 5-6 tensione/conseguenza -> 7-9 arriva SICURIX con gli eroi e applica il METODO81+ passo per passo -> 10-11 risoluzione ordinata -> 12 finale). HEADER in alto: SICURIX (mantello, medaglione arancione '81+', bussola) che presenta in un fumetto; grande titolo 'SICURIX TALES'; sottotitolo 'MANIFATTURA: Pericolo vs Soluzione con Metodo 81+'; legenda 3 voci (verde Sicurezza, rosso Rischio, blu 81+ Soluzione); fila di EROI coi nomi: HYGIENIX, SCUDIX, PREPOSTIX, FORMIX, ROBOTIX81, TRACCIX. FOOTER in basso: grande 'Prima vedi. Poi sistemi.'; banner scudo verde 'PROTEGGIAMO. PREVENIAMO. MIGLIORIAMO.' e triangolo rosso 'DISATTENZIONE. RISCHI. COSTI. CAOS.'; logo '81+' + '81plus.net'. TRAMA (usa questi eventi come vignette; se sono meno di 10 aggiungi vignette di contesto, dialogo e reazione per arrivare a 10-12): 1) POLVERIX causa il pericolo 'Emergenze/Soccorso' (Addetto Primo Soccorso); poi HYGIENIX+SICURIX applicano il METODO81+; 2) MULTIX causa il pericolo 'Rumore' (Rischio Rumore); poi SCUDIX+SICURIX applicano il METODO81+; 3) SEGNALEX causa il pericolo 'Stress' (Stress Lavoro-Correlato); poi PREPOSTIX+SICURIX applicano il METODO81+; 4) CHIMIKIX causa il pericolo 'Sorveglianza sanitaria' (Sorveglianza Sanitaria / Medico Competente); poi FORMIX+SICURIX applicano il METODO81+; 5) SEGNALEX causa il pericolo 'Rischio chimico' (Rischio Chimico); poi ROBOTIX81+SICURIX applicano il METODO81+; 6) NONDPIX causa il pericolo 'Emergenze/Incendio' (Addetto Antincendio); poi TRACCIX+SICURIX applicano il METODO81+; 7) CROSSIX causa il pericolo 'Temperature' (Controllo Temperature e Celle); poi LUXPECTORIX+SICURIX applicano il METODO81+; 8) MESCOLIX causa il pericolo 'Documento' (Manuale HACCP di Autocontrollo); poi SCUDIX+SICURIX applicano il METODO81+; 9) OBLIVIX causa il pericolo 'Registro' (Registro dei Trattamenti); poi CIFRIX+SICURIX applicano il METODO81+; 10) RISKIX causa il pericolo 'Data breach' (Procedura Data Breach); poi ROBOTIX81+SICURIX applicano il METODO81+. PALETTE BRAND ESCLUSIVA: nero #05050A, bianco panna, arancione #FF6A1A/#E8501A; ROSSO solo per 'PERICOLO', VERDE per la checklist 'Metodo 81+'. Logo '81+' ben visibile in OGNI vignetta. REGOLA STORIA: SICURIX NON agisce mai da solo - in OGNI vignetta di soluzione si fa AIUTARE dai suoi colleghi EROI (lavoro di squadra, ognuno col suo ruolo). TESTO: didascalie e fumetti MOLTO BREVI (1-4 parole), GRANDI, centrati, in ITALIANO con ORTOGRAFIA PERFETTA, senza parole inventate, lettere doppie errate o testo tagliato. CATTIVI (coerenti col canone): POLVERIX, MULTIX, SEGNALEX, CHIMIKIX, NONDPIX, CROSSIX, MESCOLIX, OBLIVIX, RISKIX. EROI: HYGIENIX, SCUDIX, PREPOSTIX, FORMIX, ROBOTIX81, TRACCIX, LUXPECTORIX, CIFRIX. NEGATIVE: nessun marchio LEGO reale, nessun personaggio protetto (Asterix ecc.), niente gore/horror, niente claim assoluti ('rischio zero','garantito','zero multe').",In Manifattura c'e' un obbligo che in tanti scoprono solo con la sanzione,"La differenza tra chi in Manifattura dorme sereno e chi trema al controllo

In manifattura gli adempimenti obbligatori non aspettano: Emergenze/Soccorso, Rumore, Stress, Sorveglianza sanitaria, Rischio chimico, Emergenze/Incendio, Temperature, Documento, Registro, Data breach. In questa pagina TALES OF SICURIX il PERICOLO prende forma... e il METODO81+ lo rimette in ordine, passo dopo passo. Immagina la scena: prima il caos, poi la checklist che sistema tutto. Chi si mette in regola prima, dorme meglio dopo.
👉 Iscriviti al corso: Corso Primo Soccorso (A-B-C) -> https://81plus.net/?corso=corso-primo-soccorso-a-b-c
▶️ YouTube: youtube.com/@sicurissimo
Contenuto informativo. Prima vedi. Poi sistemi. 81plus.net",Corso Primo Soccorso (A-B-C),https://81plus.net/?corso=corso-primo-soccorso-a-b-c,#TalesOfSicurix #SICURIX #Metodo81 #81plus #Sicurissimo #Sicurezza #HACCP #Privacy #SicurezzaSulLavoro,SICURIX_TALES_222611_6_12_11_9_14_7_19_15_23_26.webp,https://drive.google.com/drive/folders/1hICKXdl9JTZBL1pemG19oE_661z-EH_k,IMG_ERR
38.21.30,Acqua/Rifiuti,E,Ambientale+Sicurezza+Privacy,12,Formazione Ambientale | Documento Valutazione Rischi (DVR) | Movimentazione Manuale Carichi | Addetto Primo Soccorso | Gestione Rifiuti e Registro | Uso e Formazione DPI | Formazione Preposto | Formazione Generale Lavoratori | Sorveglianza Sanitaria / Medico Competente | Rischio Biologico | RSPP / Datore di Lavoro RSPP | Nomina Incaricati/Responsabili,D.Lgs152/06 | D.Lgs81/08 art.28 | D.Lgs81/08 Tit.VI | DM 388/2003 | D.Lgs81/08 art.77 | D.Lgs81/08 art.37 | Accordo Stato-Regioni | D.Lgs81/08 art.41 | D.Lgs81/08 Tit.X | D.Lgs81/08 art.34 | GDPR art.28-29,"CHECKIX>IMPROVVISIX, BLINKIX>VOLTIX, CIFRIX>TAGLIX, HYGIENIX>SOTTOVALUTIX, CHECKIX>IMPROVVISIX, CHEFIX>IMPROVVISIX, BLINKIX>CHIMIKIX, PREPOSTIX>TAGLIX, CHECKIX>CAOSIX, ROBOTIX81>CADUTIX, SICURIX>RUMORIX, LUXPECTORIX>LEAKIX","Crea una PAGINA A FUMETTI a STORIA COMPLETA, verticale A4 (1024x1536), QUALITA' EDITORIALE DA STAMPA, stile ufficiale 'SICURIX TALES' IDENTICO alle immagini di riferimento allegate (stessi personaggi a mattoncini 3D, stessa impaginazione, stessi colori, stesse rese): minifigure espressive, ambientazioni ricche e dettagliate del settore, luci morbide, profondita', bordi vignetta netti. IMPAGINAZIONE OBBLIGATORIA: da 10 a 12 VIGNETTE numerate che raccontano UNA STORIA con arco narrativo completo (1 situazione normale -> 2-4 arrivano i pericoli coi cattivi -> 5-6 tensione/conseguenza -> 7-9 arriva SICURIX con gli eroi e applica il METODO81+ passo per passo -> 10-11 risoluzione ordinata -> 12 finale). HEADER in alto: SICURIX (mantello, medaglione arancione '81+', bussola) che presenta in un fumetto; grande titolo 'SICURIX TALES'; sottotitolo 'ACQUA/RIFIUTI: Pericolo vs Soluzione con Metodo 81+'; legenda 3 voci (verde Sicurezza, rosso Rischio, blu 81+ Soluzione); fila di EROI coi nomi: CHECKIX, BLINKIX, CIFRIX, HYGIENIX, CHEFIX, PREPOSTIX. FOOTER in basso: grande 'Prima vedi. Poi sistemi.'; banner scudo verde 'PROTEGGIAMO. PREVENIAMO. MIGLIORIAMO.' e triangolo rosso 'DISATTENZIONE. RISCHI. COSTI. CAOS.'; logo '81+' + '81plus.net'. TRAMA (usa questi eventi come vignette; se sono meno di 10 aggiungi vignette di contesto, dialogo e reazione per arrivare a 10-12): 1) IMPROVVISIX causa il pericolo 'Formazione' (Formazione Ambientale); poi CHECKIX+SICURIX applicano il METODO81+; 2) VOLTIX causa il pericolo 'Documento' (Documento Valutazione Rischi (DVR)); poi BLINKIX+SICURIX applicano il METODO81+; 3) TAGLIX causa il pericolo 'MMC' (Movimentazione Manuale Carichi); poi CIFRIX+SICURIX applicano il METODO81+; 4) SOTTOVALUTIX causa il pericolo 'Emergenze/Soccorso' (Addetto Primo Soccorso); poi HYGIENIX+SICURIX applicano il METODO81+; 5) IMPROVVISIX causa il pericolo 'Rifiuti' (Gestione Rifiuti e Registro); poi CHECKIX+SICURIX applicano il METODO81+; 6) IMPROVVISIX causa il pericolo 'DPI' (Uso e Formazione DPI); poi CHEFIX+SICURIX applicano il METODO81+; 7) CHIMIKIX causa il pericolo 'Ruolo/Preposto' (Formazione Preposto); poi BLINKIX+SICURIX applicano il METODO81+; 8) TAGLIX causa il pericolo 'Formazione base' (Formazione Generale Lavoratori); poi PREPOSTIX+SICURIX applicano il METODO81+; 9) CAOSIX causa il pericolo 'Sorveglianza sanitaria' (Sorveglianza Sanitaria / Medico Competente); poi CHECKIX+SICURIX applicano il METODO81+; 10) CADUTIX causa il pericolo 'Rischio biologico' (Rischio Biologico); poi ROBOTIX81+SICURIX applicano il METODO81+; 11) RUMORIX causa il pericolo 'Ruolo/RSPP' (RSPP / Datore di Lavoro RSPP); poi SICURIX+SICURIX applicano il METODO81+; 12) LEAKIX causa il pericolo 'Nomine' (Nomina Incaricati/Responsabili); poi LUXPECTORIX+SICURIX applicano il METODO81+. PALETTE BRAND ESCLUSIVA: nero #05050A, bianco panna, arancione #FF6A1A/#E8501A; ROSSO solo per 'PERICOLO', VERDE per la checklist 'Metodo 81+'. Logo '81+' ben visibile in OGNI vignetta. REGOLA STORIA: SICURIX NON agisce mai da solo - in OGNI vignetta di soluzione si fa AIUTARE dai suoi colleghi EROI (lavoro di squadra, ognuno col suo ruolo). TESTO: didascalie e fumetti MOLTO BREVI (1-4 parole), GRANDI, centrati, in ITALIANO con ORTOGRAFIA PERFETTA, senza parole inventate, lettere doppie errate o testo tagliato. CATTIVI (coerenti col canone): IMPROVVISIX, VOLTIX, TAGLIX, SOTTOVALUTIX, CHIMIKIX, CAOSIX, CADUTIX, RUMORIX, LEAKIX. EROI: CHECKIX, BLINKIX, CIFRIX, HYGIENIX, CHEFIX, PREPOSTIX, ROBOTIX81, SICURIX, LUXPECTORIX. NEGATIVE: nessun marchio LEGO reale, nessun personaggio protetto (Asterix ecc.), niente gore/horror, niente claim assoluti ('rischio zero','garantito','zero multe').",Acqua/Rifiuti: 3 minuti oggi o un problema enorme domani. Scegli tu.,"Quello che l'ispettore controlla per primo in Acqua/Rifiuti (e quasi nessuno lo sa)

In acqua/rifiuti gli adempimenti obbligatori non aspettano: Formazione, Documento, MMC, Emergenze/Soccorso, Rifiuti, DPI, Ruolo/Preposto, Formazione base, Sorveglianza sanitaria, Rischio biologico, Ruolo/RSPP, Nomine. In questa pagina TALES OF SICURIX il PERICOLO prende forma... e il METODO81+ lo rimette in ordine, passo dopo passo. Immagina la scena: prima il caos, poi la checklist che sistema tutto. La regola c'e' gia': tu falla lavorare per te.
👉 Iscriviti al corso: Preposto incaricato alla gestione ambientale nei cantieri - 16 ore -> https://81plus.net/?corso=preposto-incaricato-alla-gestione-ambientale-nei-cantieri-16
▶️ YouTube: youtube.com/@sicurissimo
Contenuto informativo. Prima vedi. Poi sistemi. 81plus.net",Preposto incaricato alla gestione ambientale nei cantieri - 16 ore,https://81plus.net/?corso=preposto-incaricato-alla-gestione-ambientale-nei-cantieri-16,#TalesOfSicurix #SICURIX #Metodo81 #81plus #Sicurissimo #Ambientale #Sicurezza #Privacy #SicurezzaSulLavoro,SICURIX_TALES_382130_22_0_10_6_21_8_3_1_9_15_5_18.webp,https://drive.google.com/drive/folders/1hICKXdl9JTZBL1pemG19oE_661z-EH_k,IMG_ERR
46.83.23,Commercio,G,Sicurezza+Privacy+HACCP,12,Documento Valutazione Rischi (DVR) | Formazione Generale Lavoratori | Videosorveglianza a norma | RSPP / Datore di Lavoro RSPP | Procedura Data Breach | Formazione Preposto | Addetto Antincendio | Corso Alimentarista | Sorveglianza Sanitaria / Medico Competente | Uso e Formazione DPI | Piano di Sanificazione | Informativa e Consensi,D.Lgs81/08 art.28 | Accordo Stato-Regioni | Provv.Garante | D.Lgs81/08 art.34 | GDPR art.33-34 | D.Lgs81/08 art.37 | DM 2/9/2021 | Reg.CE 852/2004 | D.Lgs81/08 art.41 | D.Lgs81/08 art.77 | GDPR art.13,"BLINKIX>RUMORIX, LUXPECTORIX>TAGLIX, CONSENSIX>PHISHIX, CHEFIX>RISKIX, CIFRIX>HACKIX, CONSENSIX>TAGLIX, BLINKIX>CHIMIKIX, PRIVACIX>ACQUAIX, HYGIENIX>POLVERIX, CHEFIX>BIOXIX, HYGIENIX>SCADUTIX, DOCUMIX>SPYIX","Crea una PAGINA A FUMETTI a STORIA COMPLETA, verticale A4 (1024x1536), QUALITA' EDITORIALE DA STAMPA, stile ufficiale 'SICURIX TALES' IDENTICO alle immagini di riferimento allegate (stessi personaggi a mattoncini 3D, stessa impaginazione, stessi colori, stesse rese): minifigure espressive, ambientazioni ricche e dettagliate del settore, luci morbide, profondita', bordi vignetta netti. IMPAGINAZIONE OBBLIGATORIA: da 10 a 12 VIGNETTE numerate che raccontano UNA STORIA con arco narrativo completo (1 situazione normale -> 2-4 arrivano i pericoli coi cattivi -> 5-6 tensione/conseguenza -> 7-9 arriva SICURIX con gli eroi e applica il METODO81+ passo per passo -> 10-11 risoluzione ordinata -> 12 finale). HEADER in alto: SICURIX (mantello, medaglione arancione '81+', bussola) che presenta in un fumetto; grande titolo 'SICURIX TALES'; sottotitolo 'COMMERCIO: Pericolo vs Soluzione con Metodo 81+'; legenda 3 voci (verde Sicurezza, rosso Rischio, blu 81+ Soluzione); fila di EROI coi nomi: BLINKIX, LUXPECTORIX, CONSENSIX, CHEFIX, CIFRIX, PRIVACIX. FOOTER in basso: grande 'Prima vedi. Poi sistemi.'; banner scudo verde 'PROTEGGIAMO. PREVENIAMO. MIGLIORIAMO.' e triangolo rosso 'DISATTENZIONE. RISCHI. COSTI. CAOS.'; logo '81+' + '81plus.net'. TRAMA (usa questi eventi come vignette; se sono meno di 10 aggiungi vignette di contesto, dialogo e reazione per arrivare a 10-12): 1) RUMORIX causa il pericolo 'Documento' (Documento Valutazione Rischi (DVR)); poi BLINKIX+SICURIX applicano il METODO81+; 2) TAGLIX causa il pericolo 'Formazione base' (Formazione Generale Lavoratori); poi LUXPECTORIX+SICURIX applicano il METODO81+; 3) PHISHIX causa il pericolo 'Videosorveglianza' (Videosorveglianza a norma); poi CONSENSIX+SICURIX applicano il METODO81+; 4) RISKIX causa il pericolo 'Ruolo/RSPP' (RSPP / Datore di Lavoro RSPP); poi CHEFIX+SICURIX applicano il METODO81+; 5) HACKIX causa il pericolo 'Data breach' (Procedura Data Breach); poi CIFRIX+SICURIX applicano il METODO81+; 6) TAGLIX causa il pericolo 'Ruolo/Preposto' (Formazione Preposto); poi CONSENSIX+SICURIX applicano il METODO81+; 7) CHIMIKIX causa il pericolo 'Emergenze/Incendio' (Addetto Antincendio); poi BLINKIX+SICURIX applicano il METODO81+; 8) ACQUAIX causa il pericolo 'Corso' (Corso Alimentarista); poi PRIVACIX+SICURIX applicano il METODO81+; 9) POLVERIX causa il pericolo 'Sorveglianza sanitaria' (Sorveglianza Sanitaria / Medico Competente); poi HYGIENIX+SICURIX applicano il METODO81+; 10) BIOXIX causa il pericolo 'DPI' (Uso e Formazione DPI); poi CHEFIX+SICURIX applicano il METODO81+; 11) SCADUTIX causa il pericolo 'Sanificazione' (Piano di Sanificazione); poi HYGIENIX+SICURIX applicano il METODO81+; 12) SPYIX causa il pericolo 'Documento' (Informativa e Consensi); poi DOCUMIX+SICURIX applicano il METODO81+. PALETTE BRAND ESCLUSIVA: nero #05050A, bianco panna, arancione #FF6A1A/#E8501A; ROSSO solo per 'PERICOLO', VERDE per la checklist 'Metodo 81+'. Logo '81+' ben visibile in OGNI vignetta. REGOLA STORIA: SICURIX NON agisce mai da solo - in OGNI vignetta di soluzione si fa AIUTARE dai suoi colleghi EROI (lavoro di squadra, ognuno col suo ruolo). TESTO: didascalie e fumetti MOLTO BREVI (1-4 parole), GRANDI, centrati, in ITALIANO con ORTOGRAFIA PERFETTA, senza parole inventate, lettere doppie errate o testo tagliato. CATTIVI (coerenti col canone): RUMORIX, TAGLIX, PHISHIX, RISKIX, HACKIX, CHIMIKIX, ACQUAIX, POLVERIX, BIOXIX, SCADUTIX, SPYIX. EROI: BLINKIX, LUXPECTORIX, CONSENSIX, CHEFIX, CIFRIX, PRIVACIX, HYGIENIX, DOCUMIX. NEGATIVE: nessun marchio LEGO reale, nessun personaggio protetto (Asterix ecc.), niente gore/horror, niente claim assoluti ('rischio zero','garantito','zero multe').",Quello che l'ispettore controlla per primo in Commercio (e quasi nessuno lo sa),"Quello che l'ispettore controlla per primo in Commercio (e quasi nessuno lo sa)

In commercio gli adempimenti obbligatori non aspettano: Documento, Formazione base, Videosorveglianza, Ruolo/RSPP, Data breach, Ruolo/Preposto, Emergenze/Incendio, Corso, Sorveglianza sanitaria, DPI, Sanificazione. In questa pagina TALES OF SICURIX il PERICOLO prende forma... e il METODO81+ lo rimette in ordine, passo dopo passo. Immagina la scena: prima il caos, poi la checklist che sistema tutto. Chi si mette in regola prima, dorme meglio dopo.
👉 Iscriviti al corso: Corso lavoratore parte GENERALE 4 ore -> https://81plus.net/?corso=corso-lavoratore-parte-generale-4-ore
▶️ YouTube: youtube.com/@sicurissimo
Contenuto informativo. Prima vedi. Poi sistemi. 81plus.net",Corso lavoratore parte GENERALE 4 ore,https://81plus.net/?corso=corso-lavoratore-parte-generale-4-ore,#TalesOfSicurix #SICURIX #Metodo81 #81plus #Sicurissimo #Sicurezza #Privacy #HACCP #SicurezzaSulLavoro,SICURIX_TALES_468323_0_1_24_5_23_3_7_13_9_8_14_19.webp,https://drive.google.com/drive/folders/1hICKXdl9JTZBL1pemG19oE_661z-EH_k,IMG_ERR
69.20.04,Servizi alle imprese,N,Sicurezza+Privacy,10,Uso e Formazione DPI | Registro dei Trattamenti | Formazione Preposto | RSPP / Datore di Lavoro RSPP | Documento Valutazione Rischi (DVR) | Rappresentante Lavoratori Sicurezza (RLS) | Addetto Antincendio | Formazione GDPR | Procedura Data Breach | Formazione Generale Lavoratori,D.Lgs81/08 art.77 | GDPR art.30 | D.Lgs81/08 art.37 | D.Lgs81/08 art.34 | D.Lgs81/08 art.28 | D.Lgs81/08 art.47 | DM 2/9/2021 | GDPR art.32 | GDPR art.33-34 | Accordo Stato-Regioni,"ROBOTIX81>OBLIVIX, BLINKIX>SPYIX, LUXPECTORIX>RISKIX, CIFRIX>RUMORIX, FORMIX>VIBRIX, FORMIX>CHIMIKIX, FORMIX>VIBRIX, SCUDIX>SPYIX, SCUDIX>CAOSIX, CONSENSIX>POLVERIX","Crea una PAGINA A FUMETTI a STORIA COMPLETA, verticale A4 (1024x1536), QUALITA' EDITORIALE DA STAMPA, stile ufficiale 'SICURIX TALES' IDENTICO alle immagini di riferimento allegate (stessi personaggi a mattoncini 3D, stessa impaginazione, stessi colori, stesse rese): minifigure espressive, ambientazioni ricche e dettagliate del settore, luci morbide, profondita', bordi vignetta netti. IMPAGINAZIONE OBBLIGATORIA: da 10 a 12 VIGNETTE numerate che raccontano UNA STORIA con arco narrativo completo (1 situazione normale -> 2-4 arrivano i pericoli coi cattivi -> 5-6 tensione/conseguenza -> 7-9 arriva SICURIX con gli eroi e applica il METODO81+ passo per passo -> 10-11 risoluzione ordinata -> 12 finale). HEADER in alto: SICURIX (mantello, medaglione arancione '81+', bussola) che presenta in un fumetto; grande titolo 'SICURIX TALES'; sottotitolo 'SERVIZI ALLE IMPRESE: Pericolo vs Soluzione con Metodo 81+'; legenda 3 voci (verde Sicurezza, rosso Rischio, blu 81+ Soluzione); fila di EROI coi nomi: ROBOTIX81, BLINKIX, LUXPECTORIX, CIFRIX, FORMIX, SCUDIX. FOOTER in basso: grande 'Prima vedi. Poi sistemi.'; banner scudo verde 'PROTEGGIAMO. PREVENIAMO. MIGLIORIAMO.' e triangolo rosso 'DISATTENZIONE. RISCHI. COSTI. CAOS.'; logo '81+' + '81plus.net'. TRAMA (usa questi eventi come vignette; se sono meno di 10 aggiungi vignette di contesto, dialogo e reazione per arrivare a 10-12): 1) OBLIVIX causa il pericolo 'DPI' (Uso e Formazione DPI); poi ROBOTIX81+SICURIX applicano il METODO81+; 2) SPYIX causa il pericolo 'Registro' (Registro dei Trattamenti); poi BLINKIX+SICURIX applicano il METODO81+; 3) RISKIX causa il pericolo 'Ruolo/Preposto' (Formazione Preposto); poi LUXPECTORIX+SICURIX applicano il METODO81+; 4) RUMORIX causa il pericolo 'Ruolo/RSPP' (RSPP / Datore di Lavoro RSPP); poi CIFRIX+SICURIX applicano il METODO81+; 5) VIBRIX causa il pericolo 'Documento' (Documento Valutazione Rischi (DVR)); poi FORMIX+SICURIX applicano il METODO81+; 6) CHIMIKIX causa il pericolo 'Ruolo/RLS' (Rappresentante Lavoratori Sicurezza (RLS)); poi FORMIX+SICURIX applicano il METODO81+; 7) VIBRIX causa il pericolo 'Emergenze/Incendio' (Addetto Antincendio); poi FORMIX+SICURIX applicano il METODO81+; 8) SPYIX causa il pericolo 'Formazione' (Formazione GDPR); poi SCUDIX+SICURIX applicano il METODO81+; 9) CAOSIX causa il pericolo 'Data breach' (Procedura Data Breach); poi SCUDIX+SICURIX applicano il METODO81+; 10) POLVERIX causa il pericolo 'Formazione base' (Formazione Generale Lavoratori); poi CONSENSIX+SICURIX applicano il METODO81+. PALETTE BRAND ESCLUSIVA: nero #05050A, bianco panna, arancione #FF6A1A/#E8501A; ROSSO solo per 'PERICOLO', VERDE per la checklist 'Metodo 81+'. Logo '81+' ben visibile in OGNI vignetta. REGOLA STORIA: SICURIX NON agisce mai da solo - in OGNI vignetta di soluzione si fa AIUTARE dai suoi colleghi EROI (lavoro di squadra, ognuno col suo ruolo). TESTO: didascalie e fumetti MOLTO BREVI (1-4 parole), GRANDI, centrati, in ITALIANO con ORTOGRAFIA PERFETTA, senza parole inventate, lettere doppie errate o testo tagliato. CATTIVI (coerenti col canone): OBLIVIX, SPYIX, RISKIX, RUMORIX, VIBRIX, CHIMIKIX, CAOSIX, POLVERIX. EROI: ROBOTIX81, BLINKIX, LUXPECTORIX, CIFRIX, FORMIX, SCUDIX, CONSENSIX. NEGATIVE: nessun marchio LEGO reale, nessun personaggio protetto (Asterix ecc.), niente gore/horror, niente claim assoluti ('rischio zero','garantito','zero multe').",In Servizi alle imprese c'e' un obbligo che in tanti scoprono solo con la sanzione,"Quello che l'ispettore controlla per primo in Servizi alle imprese (e quasi nessuno lo sa)

In servizi alle imprese gli adempimenti obbligatori non aspettano: DPI, Registro, Ruolo/Preposto, Ruolo/RSPP, Documento, Ruolo/RLS, Emergenze/Incendio, Formazione, Data breach, Formazione base. In questa pagina TALES OF SICURIX il PERICOLO prende forma... e il METODO81+ lo rimette in ordine, passo dopo passo. Immagina la scena: prima il caos, poi la checklist che sistema tutto. La regola c'e' gia': tu falla lavorare per te.
👉 Iscriviti al corso: Corso Lavori in Quota e DPI Anticaduta -> https://81plus.net/?corso=corso-lavori-in-quota-e-dpi-anticaduta
▶️ YouTube: youtube.com/@sicurissimo
Contenuto informativo. Prima vedi. Poi sistemi. 81plus.net",Corso Lavori in Quota e DPI Anticaduta,https://81plus.net/?corso=corso-lavori-in-quota-e-dpi-anticaduta,#TalesOfSicurix #SICURIX #Metodo81 #81plus #Sicurissimo #Sicurezza #Privacy #SicurezzaSulLavoro,SICURIX_TALES_692004_8_11_3_5_0_4_7_13_14_1.webp,https://drive.google.com/drive/folders/1hICKXdl9JTZBL1pemG19oE_661z-EH_k,IMG_ERR
46.50.10,Commercio,G,HACCP+Privacy+Sicurezza,10,Controllo Temperature e Celle | Formazione GDPR | Movimentazione Manuale Carichi | Formazione Specifica (rischio medio) | Corso Alimentarista | Formazione Generale Lavoratori | Addetto Primo Soccorso | Uso e Formazione DPI | Informativa e Consensi | Videoterminali (VDT),Reg.CE 852/2004 | GDPR art.32 | D.Lgs81/08 Tit.VI | Accordo Stato-Regioni | DM 388/2003 | D.Lgs81/08 art.77 | GDPR art.13 | D.Lgs81/08 Tit.VII,"TRACCIX>OBLIVIX, PREPOSTIX>LEAKIX, DOCUMIX>NONDPIX, TRACCIX>RISKIX, CHECKIX>RISKIX, TRACCIX>CHIMIKIX, TRACCIX>MULTIX, FORMIX>BIOXIX, HYGIENIX>PERMISSIONIX, SCUDIX>CADUTIX","Crea una PAGINA A FUMETTI a STORIA COMPLETA, verticale A4 (1024x1536), QUALITA' EDITORIALE DA STAMPA, stile ufficiale 'SICURIX TALES' IDENTICO alle immagini di riferimento allegate (stessi personaggi a mattoncini 3D, stessa impaginazione, stessi colori, stesse rese): minifigure espressive, ambientazioni ricche e dettagliate del settore, luci morbide, profondita', bordi vignetta netti. IMPAGINAZIONE OBBLIGATORIA: da 10 a 12 VIGNETTE numerate che raccontano UNA STORIA con arco narrativo completo (1 situazione normale -> 2-4 arrivano i pericoli coi cattivi -> 5-6 tensione/conseguenza -> 7-9 arriva SICURIX con gli eroi e applica il METODO81+ passo per passo -> 10-11 risoluzione ordinata -> 12 finale). HEADER in alto: SICURIX (mantello, medaglione arancione '81+', bussola) che presenta in un fumetto; grande titolo 'SICURIX TALES'; sottotitolo 'COMMERCIO: Pericolo vs Soluzione con Metodo 81+'; legenda 3 voci (verde Sicurezza, rosso Rischio, blu 81+ Soluzione); fila di EROI coi nomi: TRACCIX, PREPOSTIX, DOCUMIX, CHECKIX, FORMIX, HYGIENIX. FOOTER in basso: grande 'Prima vedi. Poi sistemi.'; banner scudo verde 'PROTEGGIAMO. PREVENIAMO. MIGLIORIAMO.' e triangolo rosso 'DISATTENZIONE. RISCHI. COSTI. CAOS.'; logo '81+' + '81plus.net'. TRAMA (usa questi eventi come vignette; se sono meno di 10 aggiungi vignette di contesto, dialogo e reazione per arrivare a 10-12): 1) OBLIVIX causa il pericolo 'Temperature' (Controllo Temperature e Celle); poi TRACCIX+SICURIX applicano il METODO81+; 2) LEAKIX causa il pericolo 'Formazione' (Formazione GDPR); poi PREPOSTIX+SICURIX applicano il METODO81+; 3) NONDPIX causa il pericolo 'MMC' (Movimentazione Manuale Carichi); poi DOCUMIX+SICURIX applicano il METODO81+; 4) RISKIX causa il pericolo 'Formazione specifica' (Formazione Specifica (rischio medio)); poi TRACCIX+SICURIX applicano il METODO81+; 5) RISKIX causa il pericolo 'Corso' (Corso Alimentarista); poi CHECKIX+SICURIX applicano il METODO81+; 6) CHIMIKIX causa il pericolo 'Formazione base' (Formazione Generale Lavoratori); poi TRACCIX+SICURIX applicano il METODO81+; 7) MULTIX causa il pericolo 'Emergenze/Soccorso' (Addetto Primo Soccorso); poi TRACCIX+SICURIX applicano il METODO81+; 8) BIOXIX causa il pericolo 'DPI' (Uso e Formazione DPI); poi FORMIX+SICURIX applicano il METODO81+; 9) PERMISSIONIX causa il pericolo 'Documento' (Informativa e Consensi); poi HYGIENIX+SICURIX applicano il METODO81+; 10) CADUTIX causa il pericolo 'Videoterminali' (Videoterminali (VDT)); poi SCUDIX+SICURIX applicano il METODO81+. PALETTE BRAND ESCLUSIVA: nero #05050A, bianco panna, arancione #FF6A1A/#E8501A; ROSSO solo per 'PERICOLO', VERDE per la checklist 'Metodo 81+'. Logo '81+' ben visibile in OGNI vignetta. REGOLA STORIA: SICURIX NON agisce mai da solo - in OGNI vignetta di soluzione si fa AIUTARE dai suoi colleghi EROI (lavoro di squadra, ognuno col suo ruolo). TESTO: didascalie e fumetti MOLTO BREVI (1-4 parole), GRANDI, centrati, in ITALIANO con ORTOGRAFIA PERFETTA, senza parole inventate, lettere doppie errate o testo tagliato. CATTIVI (coerenti col canone): OBLIVIX, LEAKIX, NONDPIX, RISKIX, CHIMIKIX, MULTIX, BIOXIX, PERMISSIONIX, CADUTIX. EROI: TRACCIX, PREPOSTIX, DOCUMIX, CHECKIX, FORMIX, HYGIENIX, SCUDIX. NEGATIVE: nessun marchio LEGO reale, nessun personaggio protetto (Asterix ecc.), niente gore/horror, niente claim assoluti ('rischio zero','garantito','zero multe').",In Commercio c'e' un obbligo che in tanti scoprono solo con la sanzione,"In Commercio c'e' un obbligo che in tanti scoprono solo con la sanzione

In commercio gli adempimenti obbligatori non aspettano: Temperature, Formazione, MMC, Formazione specifica, Corso, Formazione base, Emergenze/Soccorso, DPI, Documento, Videoterminali. In questa pagina TALES OF SICURIX il PERICOLO prende forma... e il METODO81+ lo rimette in ordine, passo dopo passo. Immagina la scena: prima il caos, poi la checklist che sistema tutto. Chi si mette in regola prima, dorme meglio dopo.
👉 Iscriviti al corso: Le esecuzioni civili, le procedure concorsuali e i servizi di cancelleria -> https://81plus.net/?corso=le-esecuzioni-civili-le-procedure-concorsuali-e-i-servizi-di
▶️ YouTube: youtube.com/@sicurissimo
Contenuto informativo. Prima vedi. Poi sistemi. 81plus.net","Le esecuzioni civili, le procedure concorsuali e i servizi di cancelleria",https://81plus.net/?corso=le-esecuzioni-civili-le-procedure-concorsuali-e-i-servizi-di,#TalesOfSicurix #SICURIX #Metodo81 #81plus #Sicurissimo #HACCP #Privacy #Sicurezza #SicurezzaSulLavoro,SICURIX_TALES_465010_17_23_10_2_14_1_6_8_20_12.webp,https://drive.google.com/drive/folders/1hICKXdl9JTZBL1pemG19oE_661z-EH_k,IMG_ERR
49.11.00,Trasporti/Magazzino,H,Sicurezza+Privacy+Ambientale,10,Addetto Primo Soccorso | Stress Lavoro-Correlato | Formazione GDPR | Formazione Ambientale | Registro dei Trattamenti | Procedura Data Breach | Rappresentante Lavoratori Sicurezza (RLS) | Documento Valutazione Rischi (DVR) | Gestione Rifiuti e Registro | Formazione Generale Lavoratori,DM 388/2003 | D.Lgs81/08 art.28 | GDPR art.32 | D.Lgs152/06 | GDPR art.30 | GDPR art.33-34 | D.Lgs81/08 art.47 | Accordo Stato-Regioni,"TRACCIX>VIBRIX, SICURIX>BIOXIX, SCUDIX>RISKIX, HYGIENIX>RISKIX, FORMIX>CAOSIX, HYGIENIX>FRETTIX, PRIVACIX>IMPROVVISIX, TRACCIX>CAOSIX, CIFRIX>MULTIX, LUXPECTORIX>SOTTOVALUTIX","Crea una PAGINA A FUMETTI a STORIA COMPLETA, verticale A4 (1024x1536), QUALITA' EDITORIALE DA STAMPA, stile ufficiale 'SICURIX TALES' IDENTICO alle immagini di riferimento allegate (stessi personaggi a mattoncini 3D, stessa impaginazione, stessi colori, stesse rese): minifigure espressive, ambientazioni ricche e dettagliate del settore, luci morbide, profondita', bordi vignetta netti. IMPAGINAZIONE OBBLIGATORIA: da 10 a 12 VIGNETTE numerate che raccontano UNA STORIA con arco narrativo completo (1 situazione normale -> 2-4 arrivano i pericoli coi cattivi -> 5-6 tensione/conseguenza -> 7-9 arriva SICURIX con gli eroi e applica il METODO81+ passo per passo -> 10-11 risoluzione ordinata -> 12 finale). HEADER in alto: SICURIX (mantello, medaglione arancione '81+', bussola) che presenta in un fumetto; grande titolo 'SICURIX TALES'; sottotitolo 'TRASPORTI/MAGAZZINO: Pericolo vs Soluzione con Metodo 81+'; legenda 3 voci (verde Sicurezza, rosso Rischio, blu 81+ Soluzione); fila di EROI coi nomi: TRACCIX, SICURIX, SCUDIX, HYGIENIX, FORMIX, PRIVACIX. FOOTER in basso: grande 'Prima vedi. Poi sistemi.'; banner scudo verde 'PROTEGGIAMO. PREVENIAMO. MIGLIORIAMO.' e triangolo rosso 'DISATTENZIONE. RISCHI. COSTI. CAOS.'; logo '81+' + '81plus.net'. TRAMA (usa questi eventi come vignette; se sono meno di 10 aggiungi vignette di contesto, dialogo e reazione per arrivare a 10-12): 1) VIBRIX causa il pericolo 'Emergenze/Soccorso' (Addetto Primo Soccorso); poi TRACCIX+SICURIX applicano il METODO81+; 2) BIOXIX causa il pericolo 'Stress' (Stress Lavoro-Correlato); poi SICURIX+SICURIX applicano il METODO81+; 3) RISKIX causa il pericolo 'Formazione' (Formazione GDPR); poi SCUDIX+SICURIX applicano il METODO81+; 4) RISKIX causa il pericolo 'Formazione' (Formazione Ambientale); poi HYGIENIX+SICURIX applicano il METODO81+; 5) CAOSIX causa il pericolo 'Registro' (Registro dei Trattamenti); poi FORMIX+SICURIX applicano il METODO81+; 6) FRETTIX causa il pericolo 'Data breach' (Procedura Data Breach); poi HYGIENIX+SICURIX applicano il METODO81+; 7) IMPROVVISIX causa il pericolo 'Ruolo/RLS' (Rappresentante Lavoratori Sicurezza (RLS)); poi PRIVACIX+SICURIX applicano il METODO81+; 8) CAOSIX causa il pericolo 'Documento' (Documento Valutazione Rischi (DVR)); poi TRACCIX+SICURIX applicano il METODO81+; 9) MULTIX causa il pericolo 'Rifiuti' (Gestione Rifiuti e Registro); poi CIFRIX+SICURIX applicano il METODO81+; 10) SOTTOVALUTIX causa il pericolo 'Formazione base' (Formazione Generale Lavoratori); poi LUXPECTORIX+SICURIX applicano il METODO81+. PALETTE BRAND ESCLUSIVA: nero #05050A, bianco panna, arancione #FF6A1A/#E8501A; ROSSO solo per 'PERICOLO', VERDE per la checklist 'Metodo 81+'. Logo '81+' ben visibile in OGNI vignetta. REGOLA STORIA: SICURIX NON agisce mai da solo - in OGNI vignetta di soluzione si fa AIUTARE dai suoi colleghi EROI (lavoro di squadra, ognuno col suo ruolo). TESTO: didascalie e fumetti MOLTO BREVI (1-4 parole), GRANDI, centrati, in ITALIANO con ORTOGRAFIA PERFETTA, senza parole inventate, lettere doppie errate o testo tagliato. CATTIVI (coerenti col canone): VIBRIX, BIOXIX, RISKIX, CAOSIX, FRETTIX, IMPROVVISIX, MULTIX, SOTTOVALUTIX. EROI: TRACCIX, SICURIX, SCUDIX, HYGIENIX, FORMIX, PRIVACIX, CIFRIX, LUXPECTORIX. NEGATIVE: nessun marchio LEGO reale, nessun personaggio protetto (Asterix ecc.), niente gore/horror, niente claim assoluti ('rischio zero','garantito','zero multe').",Trasporti/Magazzino: 3 minuti oggi o un problema enorme domani. Scegli tu.,"In Trasporti/Magazzino non e' 'se' arriva il controllo, e' 'quando'. Sei pronto?

In trasporti/magazzino gli adempimenti obbligatori non aspettano: Emergenze/Soccorso, Stress, Formazione, Registro, Data breach, Ruolo/RLS, Documento, Rifiuti, Formazione base. In questa pagina TALES OF SICURIX il PERICOLO prende forma... e il METODO81+ lo rimette in ordine, passo dopo passo. Immagina la scena: prima il caos, poi la checklist che sistema tutto. Non e' burocrazia: e' la tua tranquillita.
👉 Iscriviti al corso: Corso Primo Soccorso (A-B-C) -> https://81plus.net/?corso=corso-primo-soccorso-a-b-c
▶️ YouTube: youtube.com/@sicurissimo
Contenuto informativo. Prima vedi. Poi sistemi. 81plus.net",Corso Primo Soccorso (A-B-C),https://81plus.net/?corso=corso-primo-soccorso-a-b-c,#TalesOfSicurix #SICURIX #Metodo81 #81plus #Sicurissimo #Sicurezza #Privacy #Ambientale #SicurezzaSulLavoro,SICURIX_TALES_491100_6_11_18_21_16_19_4_0_20_1.webp,https://drive.google.com/drive/folders/1hICKXdl9JTZBL1pemG19oE_661z-EH_k,IMG_ERR
95.10.29,Famiglie datori,T,Privacy+Sicurezza,11,Formazione GDPR | Formazione Preposto | Nomina Incaricati/Responsabili | Informativa e Consensi | Formazione Generale Lavoratori | Addetto Primo Soccorso | Rappresentante Lavoratori Sicurezza (RLS) | RSPP / Datore di Lavoro RSPP | Addetto Antincendio | Procedura Data Breach | Formazione Specifica (rischio basso),GDPR art.32 | D.Lgs81/08 art.37 | GDPR art.28-29 | GDPR art.13 | Accordo Stato-Regioni | DM 388/2003 | D.Lgs81/08 art.47 | D.Lgs81/08 art.34 | DM 2/9/2021 | GDPR art.33-34,"CIFRIX>CANCELIX, PREPOSTIX>FUMIX, BLINKIX>RISKIX, DOCUMIX>FRETTIX, TRACCIX>VIBRIX, PRIVACIX>ØTIX, HYGIENIX>FRETTIX, LUXPECTORIX>VIBRIX, TRACCIX>CHIMIKIX, BLINKIX>PERMISSIONIX, CIFRIX>VOLTIX","Crea una PAGINA A FUMETTI a STORIA COMPLETA, verticale A4 (1024x1536), QUALITA' EDITORIALE DA STAMPA, stile ufficiale 'SICURIX TALES' IDENTICO alle immagini di riferimento allegate (stessi personaggi a mattoncini 3D, stessa impaginazione, stessi colori, stesse rese): minifigure espressive, ambientazioni ricche e dettagliate del settore, luci morbide, profondita', bordi vignetta netti. IMPAGINAZIONE OBBLIGATORIA: da 10 a 12 VIGNETTE numerate che raccontano UNA STORIA con arco narrativo completo (1 situazione normale -> 2-4 arrivano i pericoli coi cattivi -> 5-6 tensione/conseguenza -> 7-9 arriva SICURIX con gli eroi e applica il METODO81+ passo per passo -> 10-11 risoluzione ordinata -> 12 finale). HEADER in alto: SICURIX (mantello, medaglione arancione '81+', bussola) che presenta in un fumetto; grande titolo 'SICURIX TALES'; sottotitolo 'FAMIGLIE DATORI: Pericolo vs Soluzione con Metodo 81+'; legenda 3 voci (verde Sicurezza, rosso Rischio, blu 81+ Soluzione); fila di EROI coi nomi: CIFRIX, PREPOSTIX, BLINKIX, DOCUMIX, TRACCIX, PRIVACIX. FOOTER in basso: grande 'Prima vedi. Poi sistemi.'; banner scudo verde 'PROTEGGIAMO. PREVENIAMO. MIGLIORIAMO.' e triangolo rosso 'DISATTENZIONE. RISCHI. COSTI. CAOS.'; logo '81+' + '81plus.net'. TRAMA (usa questi eventi come vignette; se sono meno di 10 aggiungi vignette di contesto, dialogo e reazione per arrivare a 10-12): 1) CANCELIX causa il pericolo 'Formazione' (Formazione GDPR); poi CIFRIX+SICURIX applicano il METODO81+; 2) FUMIX causa il pericolo 'Ruolo/Preposto' (Formazione Preposto); poi PREPOSTIX+SICURIX applicano il METODO81+; 3) RISKIX causa il pericolo 'Nomine' (Nomina Incaricati/Responsabili); poi BLINKIX+SICURIX applicano il METODO81+; 4) FRETTIX causa il pericolo 'Documento' (Informativa e Consensi); poi DOCUMIX+SICURIX applicano il METODO81+; 5) VIBRIX causa il pericolo 'Formazione base' (Formazione Generale Lavoratori); poi TRACCIX+SICURIX applicano il METODO81+; 6) ØTIX causa il pericolo 'Emergenze/Soccorso' (Addetto Primo Soccorso); poi PRIVACIX+SICURIX applicano il METODO81+; 7) FRETTIX causa il pericolo 'Ruolo/RLS' (Rappresentante Lavoratori Sicurezza (RLS)); poi HYGIENIX+SICURIX applicano il METODO81+; 8) VIBRIX causa il pericolo 'Ruolo/RSPP' (RSPP / Datore di Lavoro RSPP); poi LUXPECTORIX+SICURIX applicano il METODO81+; 9) CHIMIKIX causa il pericolo 'Emergenze/Incendio' (Addetto Antincendio); poi TRACCIX+SICURIX applicano il METODO81+; 10) PERMISSIONIX causa il pericolo 'Data breach' (Procedura Data Breach); poi BLINKIX+SICURIX applicano il METODO81+; 11) VOLTIX causa il pericolo 'Formazione specifica' (Formazione Specifica (rischio basso)); poi CIFRIX+SICURIX applicano il METODO81+. PALETTE BRAND ESCLUSIVA: nero #05050A, bianco panna, arancione #FF6A1A/#E8501A; ROSSO solo per 'PERICOLO', VERDE per la checklist 'Metodo 81+'. Logo '81+' ben visibile in OGNI vignetta. REGOLA STORIA: SICURIX NON agisce mai da solo - in OGNI vignetta di soluzione si fa AIUTARE dai suoi colleghi EROI (lavoro di squadra, ognuno col suo ruolo). TESTO: didascalie e fumetti MOLTO BREVI (1-4 parole), GRANDI, centrati, in ITALIANO con ORTOGRAFIA PERFETTA, senza parole inventate, lettere doppie errate o testo tagliato. CATTIVI (coerenti col canone): CANCELIX, FUMIX, RISKIX, FRETTIX, VIBRIX, ØTIX, CHIMIKIX, PERMISSIONIX, VOLTIX. EROI: CIFRIX, PREPOSTIX, BLINKIX, DOCUMIX, TRACCIX, PRIVACIX, HYGIENIX, LUXPECTORIX. NEGATIVE: nessun marchio LEGO reale, nessun personaggio protetto (Asterix ecc.), niente gore/horror, niente claim assoluti ('rischio zero','garantito','zero multe').","In Famiglie datori non e' 'se' arriva il controllo, e' 'quando'. Sei pronto?","Quello che l'ispettore controlla per primo in Famiglie datori (e quasi nessuno lo sa)

In famiglie datori gli adempimenti obbligatori non aspettano: Formazione, Ruolo/Preposto, Nomine, Documento, Formazione base, Emergenze/Soccorso, Ruolo/RLS, Ruolo/RSPP, Emergenze/Incendio, Data breach, Formazione specifica. In questa pagina TALES OF SICURIX il PERICOLO prende forma... e il METODO81+ lo rimette in ordine, passo dopo passo. Immagina la scena: prima il caos, poi la checklist che sistema tutto. La regola c'e' gia': tu falla lavorare per te.
👉 Iscriviti al corso: GDPR 2016/679: privacy e trattamento dei dati personali -> https://81plus.net/?corso=gdpr-2016-679-privacy-e-trattamento-dei-dati-personali
▶️ YouTube: youtube.com/@sicurissimo
Contenuto informativo. Prima vedi. Poi sistemi. 81plus.net",GDPR 2016/679: privacy e trattamento dei dati personali,https://81plus.net/?corso=gdpr-2016-679-privacy-e-trattamento-dei-dati-personali,#TalesOfSicurix #SICURIX #Metodo81 #81plus #Sicurissimo #Privacy #Sicurezza #SicurezzaSulLavoro,SICURIX_TALES_951029_12_3_11_9_1_6_4_5_7_13_2.webp,https://drive.google.com/drive/folders/1hICKXdl9JTZBL1pemG19oE_661z-EH_k,IMG_ERR
96.99.12,Famiglie datori,T,Sicurezza+Privacy,10,Formazione Generale Lavoratori | Rappresentante Lavoratori Sicurezza (RLS) | Addetto Antincendio | Formazione Specifica (rischio basso) | Documento Valutazione Rischi (DVR) | Procedura Data Breach | Uso e Formazione DPI | Addetto Primo Soccorso | Nomina Incaricati/Responsabili | Registro dei Trattamenti,Accordo Stato-Regioni | D.Lgs81/08 art.47 | DM 2/9/2021 | D.Lgs81/08 art.28 | GDPR art.33-34 | D.Lgs81/08 art.77 | DM 388/2003 | GDPR art.28-29 | GDPR art.30,"ROBOTIX81>MULTIX, CHECKIX>POLVERIX, SCUDIX>SEGNALEX, TRACCIX>RISKIX, LUXPECTORIX>OBLIVIX, ROBOTIX81>CAOSIX, PREPOSTIX>TAGLIX, ROBOTIX81>RUMORIX, DOCUMIX>SPYIX, PREPOSTIX>IMPROVVISIX","Crea una PAGINA A FUMETTI a STORIA COMPLETA, verticale A4 (1024x1536), QUALITA' EDITORIALE DA STAMPA, stile ufficiale 'SICURIX TALES' IDENTICO alle immagini di riferimento allegate (stessi personaggi a mattoncini 3D, stessa impaginazione, stessi colori, stesse rese): minifigure espressive, ambientazioni ricche e dettagliate del settore, luci morbide, profondita', bordi vignetta netti. IMPAGINAZIONE OBBLIGATORIA: da 10 a 12 VIGNETTE numerate che raccontano UNA STORIA con arco narrativo completo (1 situazione normale -> 2-4 arrivano i pericoli coi cattivi -> 5-6 tensione/conseguenza -> 7-9 arriva SICURIX con gli eroi e applica il METODO81+ passo per passo -> 10-11 risoluzione ordinata -> 12 finale). HEADER in alto: SICURIX (mantello, medaglione arancione '81+', bussola) che presenta in un fumetto; grande titolo 'SICURIX TALES'; sottotitolo 'FAMIGLIE DATORI: Pericolo vs Soluzione con Metodo 81+'; legenda 3 voci (verde Sicurezza, rosso Rischio, blu 81+ Soluzione); fila di EROI coi nomi: ROBOTIX81, CHECKIX, SCUDIX, TRACCIX, LUXPECTORIX, PREPOSTIX. FOOTER in basso: grande 'Prima vedi. Poi sistemi.'; banner scudo verde 'PROTEGGIAMO. PREVENIAMO. MIGLIORIAMO.' e triangolo rosso 'DISATTENZIONE. RISCHI. COSTI. CAOS.'; logo '81+' + '81plus.net'. TRAMA (usa questi eventi come vignette; se sono meno di 10 aggiungi vignette di contesto, dialogo e reazione per arrivare a 10-12): 1) MULTIX causa il pericolo 'Formazione base' (Formazione Generale Lavoratori); poi ROBOTIX81+SICURIX applicano il METODO81+; 2) POLVERIX causa il pericolo 'Ruolo/RLS' (Rappresentante Lavoratori Sicurezza (RLS)); poi CHECKIX+SICURIX applicano il METODO81+; 3) SEGNALEX causa il pericolo 'Emergenze/Incendio' (Addetto Antincendio); poi SCUDIX+SICURIX applicano il METODO81+; 4) RISKIX causa il pericolo 'Formazione specifica' (Formazione Specifica (rischio basso)); poi TRACCIX+SICURIX applicano il METODO81+; 5) OBLIVIX causa il pericolo 'Documento' (Documento Valutazione Rischi (DVR)); poi LUXPECTORIX+SICURIX applicano il METODO81+; 6) CAOSIX causa il pericolo 'Data breach' (Procedura Data Breach); poi ROBOTIX81+SICURIX applicano il METODO81+; 7) TAGLIX causa il pericolo 'DPI' (Uso e Formazione DPI); poi PREPOSTIX+SICURIX applicano il METODO81+; 8) RUMORIX causa il pericolo 'Emergenze/Soccorso' (Addetto Primo Soccorso); poi ROBOTIX81+SICURIX applicano il METODO81+; 9) SPYIX causa il pericolo 'Nomine' (Nomina Incaricati/Responsabili); poi DOCUMIX+SICURIX applicano il METODO81+; 10) IMPROVVISIX causa il pericolo 'Registro' (Registro dei Trattamenti); poi PREPOSTIX+SICURIX applicano il METODO81+. PALETTE BRAND ESCLUSIVA: nero #05050A, bianco panna, arancione #FF6A1A/#E8501A; ROSSO solo per 'PERICOLO', VERDE per la checklist 'Metodo 81+'. Logo '81+' ben visibile in OGNI vignetta. REGOLA STORIA: SICURIX NON agisce mai da solo - in OGNI vignetta di soluzione si fa AIUTARE dai suoi colleghi EROI (lavoro di squadra, ognuno col suo ruolo). TESTO: didascalie e fumetti MOLTO BREVI (1-4 parole), GRANDI, centrati, in ITALIANO con ORTOGRAFIA PERFETTA, senza parole inventate, lettere doppie errate o testo tagliato. CATTIVI (coerenti col canone): MULTIX, POLVERIX, SEGNALEX, RISKIX, OBLIVIX, CAOSIX, TAGLIX, RUMORIX, SPYIX, IMPROVVISIX. EROI: ROBOTIX81, CHECKIX, SCUDIX, TRACCIX, LUXPECTORIX, PREPOSTIX, DOCUMIX. NEGATIVE: nessun marchio LEGO reale, nessun personaggio protetto (Asterix ecc.), niente gore/horror, niente claim assoluti ('rischio zero','garantito','zero multe').","In Famiglie datori non e' 'se' arriva il controllo, e' 'quando'. Sei pronto?","Quello che l'ispettore controlla per primo in Famiglie datori (e quasi nessuno lo sa)

In famiglie datori gli adempimenti obbligatori non aspettano: Formazione base, Ruolo/RLS, Emergenze/Incendio, Formazione specifica, Documento, Data breach, DPI, Emergenze/Soccorso, Nomine, Registro. In questa pagina TALES OF SICURIX il PERICOLO prende forma... e il METODO81+ lo rimette in ordine, passo dopo passo. Immagina la scena: prima il caos, poi la checklist che sistema tutto. Mettere ordine ora costa poco. Rimediare dopo costa caro.
👉 Iscriviti al corso: Corso lavoratore parte GENERALE 4 ore -> https://81plus.net/?corso=corso-lavoratore-parte-generale-4-ore
▶️ YouTube: youtube.com/@sicurissimo
Contenuto informativo. Prima vedi. Poi sistemi. 81plus.net",Corso lavoratore parte GENERALE 4 ore,https://81plus.net/?corso=corso-lavoratore-parte-generale-4-ore,#TalesOfSicurix #SICURIX #Metodo81 #81plus #Sicurissimo #Sicurezza #Privacy #SicurezzaSulLavoro,SICURIX_TALES_969912_1_4_7_2_0_13_8_6_11_10.webp,https://drive.google.com/drive/folders/1hICKXdl9JTZBL1pemG19oE_661z-EH_k,IMG_ERR
56.11.22,Alloggio/Ristorazione,I,Privacy+Sicurezza+HACCP,11,Informativa e Consensi | Videosorveglianza a norma | Rappresentante Lavoratori Sicurezza (RLS) | Formazione Specifica (rischio medio) | Piano di Sanificazione | Documento Valutazione Rischi (DVR) | Formazione GDPR | Controllo Temperature e Celle | Registro dei Trattamenti | Lotta agli Infestanti (Pest Control) | Rintracciabilita ed Etichettatura,GDPR art.13 | Provv.Garante | D.Lgs81/08 art.47 | Accordo Stato-Regioni | Reg.CE 852/2004 | D.Lgs81/08 art.28 | GDPR art.32 | GDPR art.30 | Reg.CE 178/2002,"CHECKIX>HACKIX, DOCUMIX>CAOSIX, HYGIENIX>SCHIACCIX, HYGIENIX>OBLIVIX, DOCUMIX>SPORCKIX, BLINKIX>NONDPIX, CONSENSIX>IMPROVVISIX, HYGIENIX>CROSSIX, TRACCIX>PHISHIX, SICURIX>SPORCKIX, PREPOSTIX>TEMPORIX","Crea una PAGINA A FUMETTI a STORIA COMPLETA, verticale A4 (1024x1536), QUALITA' EDITORIALE DA STAMPA, stile ufficiale 'SICURIX TALES' IDENTICO alle immagini di riferimento allegate (stessi personaggi a mattoncini 3D, stessa impaginazione, stessi colori, stesse rese): minifigure espressive, ambientazioni ricche e dettagliate del settore, luci morbide, profondita', bordi vignetta netti. IMPAGINAZIONE OBBLIGATORIA: da 10 a 12 VIGNETTE numerate che raccontano UNA STORIA con arco narrativo completo (1 situazione normale -> 2-4 arrivano i pericoli coi cattivi -> 5-6 tensione/conseguenza -> 7-9 arriva SICURIX con gli eroi e applica il METODO81+ passo per passo -> 10-11 risoluzione ordinata -> 12 finale). HEADER in alto: SICURIX (mantello, medaglione arancione '81+', bussola) che presenta in un fumetto; grande titolo 'SICURIX TALES'; sottotitolo 'ALLOGGIO/RISTORAZIONE: Pericolo vs Soluzione con Metodo 81+'; legenda 3 voci (verde Sicurezza, rosso Rischio, blu 81+ Soluzione); fila di EROI coi nomi: CHECKIX, DOCUMIX, HYGIENIX, BLINKIX, CONSENSIX, TRACCIX. FOOTER in basso: grande 'Prima vedi. Poi sistemi.'; banner scudo verde 'PROTEGGIAMO. PREVENIAMO. MIGLIORIAMO.' e triangolo rosso 'DISATTENZIONE. RISCHI. COSTI. CAOS.'; logo '81+' + '81plus.net'. TRAMA (usa questi eventi come vignette; se sono meno di 10 aggiungi vignette di contesto, dialogo e reazione per arrivare a 10-12): 1) HACKIX causa il pericolo 'Documento' (Informativa e Consensi); poi CHECKIX+SICURIX applicano il METODO81+; 2) CAOSIX causa il pericolo 'Videosorveglianza' (Videosorveglianza a norma); poi DOCUMIX+SICURIX applicano il METODO81+; 3) SCHIACCIX causa il pericolo 'Ruolo/RLS' (Rappresentante Lavoratori Sicurezza (RLS)); poi HYGIENIX+SICURIX applicano il METODO81+; 4) OBLIVIX causa il pericolo 'Formazione specifica' (Formazione Specifica (rischio medio)); poi HYGIENIX+SICURIX applicano il METODO81+; 5) SPORCKIX causa il pericolo 'Sanificazione' (Piano di Sanificazione); poi DOCUMIX+SICURIX applicano il METODO81+; 6) NONDPIX causa il pericolo 'Documento' (Documento Valutazione Rischi (DVR)); poi BLINKIX+SICURIX applicano il METODO81+; 7) IMPROVVISIX causa il pericolo 'Formazione' (Formazione GDPR); poi CONSENSIX+SICURIX applicano il METODO81+; 8) CROSSIX causa il pericolo 'Temperature' (Controllo Temperature e Celle); poi HYGIENIX+SICURIX applicano il METODO81+; 9) PHISHIX causa il pericolo 'Registro' (Registro dei Trattamenti); poi TRACCIX+SICURIX applicano il METODO81+; 10) SPORCKIX causa il pericolo 'Infestanti' (Lotta agli Infestanti (Pest Control)); poi SICURIX+SICURIX applicano il METODO81+; 11) TEMPORIX causa il pericolo 'Rintracciabilita' (Rintracciabilita ed Etichettatura); poi PREPOSTIX+SICURIX applicano il METODO81+. PALETTE BRAND ESCLUSIVA: nero #05050A, bianco panna, arancione #FF6A1A/#E8501A; ROSSO solo per 'PERICOLO', VERDE per la checklist 'Metodo 81+'. Logo '81+' ben visibile in OGNI vignetta. REGOLA STORIA: SICURIX NON agisce mai da solo - in OGNI vignetta di soluzione si fa AIUTARE dai suoi colleghi EROI (lavoro di squadra, ognuno col suo ruolo). TESTO: didascalie e fumetti MOLTO BREVI (1-4 parole), GRANDI, centrati, in ITALIANO con ORTOGRAFIA PERFETTA, senza parole inventate, lettere doppie errate o testo tagliato. CATTIVI (coerenti col canone): HACKIX, CAOSIX, SCHIACCIX, OBLIVIX, SPORCKIX, NONDPIX, IMPROVVISIX, CROSSIX, PHISHIX, TEMPORIX. EROI: CHECKIX, DOCUMIX, HYGIENIX, BLINKIX, CONSENSIX, TRACCIX, SICURIX, PREPOSTIX. NEGATIVE: nessun marchio LEGO reale, nessun personaggio protetto (Asterix ecc.), niente gore/horror, niente claim assoluti ('rischio zero','garantito','zero multe').","In Alloggio/Ristorazione non e' 'se' arriva il controllo, e' 'quando'. Sei pronto?","Quello che l'ispettore controlla per primo in Alloggio/Ristorazione (e quasi nessuno lo sa)

In alloggio/ristorazione gli adempimenti obbligatori non aspettano: Documento, Videosorveglianza, Ruolo/RLS, Formazione specifica, Sanificazione, Formazione, Temperature, Registro, Infestanti, Rintracciabilita. In questa pagina TALES OF SICURIX il PERICOLO prende forma... e il METODO81+ lo rimette in ordine, passo dopo passo. Immagina la scena: prima il caos, poi la checklist che sistema tutto. Mettere ordine ora costa poco. Rimediare dopo costa caro.
👉 Iscriviti al corso: Corso privacy destinato ai lavoratori -> https://81plus.net/?corso=corso-privacy-destinato-ai-lavoratori
▶️ YouTube: youtube.com/@sicurissimo
Contenuto informativo. Prima vedi. Poi sistemi. 81plus.net",Corso privacy destinato ai lavoratori,https://81plus.net/?corso=corso-privacy-destinato-ai-lavoratori,#TalesOfSicurix #SICURIX #Metodo81 #81plus #Sicurissimo #Privacy #Sicurezza #HACCP #SicurezzaSulLavoro,SICURIX_TALES_561122_19_24_4_2_14_0_22_16_20_17_15.webp,https://drive.google.com/drive/folders/1hICKXdl9JTZBL1pemG19oE_661z-EH_k,IMG_ERR
10.85.09,Manifattura,C,Sicurezza+Privacy+Ambientale+HACCP,12,Attrezzature e Macchine | Nomina Incaricati/Responsabili | Formazione GDPR | Stress Lavoro-Correlato | Formazione Generale Lavoratori | Gestione Rifiuti e Registro | Registro dei Trattamenti | Corso Alimentarista | Procedura Data Breach | Rappresentante Lavoratori Sicurezza (RLS) | Formazione Specifica (rischio alto) | Controllo Temperature e Celle,D.Lgs81/08 Tit.III | GDPR art.28-29 | GDPR art.32 | D.Lgs81/08 art.28 | Accordo Stato-Regioni | D.Lgs152/06 | GDPR art.30 | Reg.CE 852/2004 | GDPR art.33-34 | D.Lgs81/08 art.47,"ROBOTIX81>SOTTOVALUTIX, TRACCIX>SPYIX, TRACCIX>SPYIX, TRACCIX>TAGLIX, CIFRIX>SCHIACCIX, BLINKIX>FRETTIX, CONSENSIX>SPYIX, SCUDIX>RISKIX, BLINKIX>PERMISSIONIX, CHECKIX>CADUTIX, DOCUMIX>VIBRIX, SCUDIX>MULTIX","Crea una PAGINA A FUMETTI a STORIA COMPLETA, verticale A4 (1024x1536), QUALITA' EDITORIALE DA STAMPA, stile ufficiale 'SICURIX TALES' IDENTICO alle immagini di riferimento allegate (stessi personaggi a mattoncini 3D, stessa impaginazione, stessi colori, stesse rese): minifigure espressive, ambientazioni ricche e dettagliate del settore, luci morbide, profondita', bordi vignetta netti. IMPAGINAZIONE OBBLIGATORIA: da 10 a 12 VIGNETTE numerate che raccontano UNA STORIA con arco narrativo completo (1 situazione normale -> 2-4 arrivano i pericoli coi cattivi -> 5-6 tensione/conseguenza -> 7-9 arriva SICURIX con gli eroi e applica il METODO81+ passo per passo -> 10-11 risoluzione ordinata -> 12 finale). HEADER in alto: SICURIX (mantello, medaglione arancione '81+', bussola) che presenta in un fumetto; grande titolo 'SICURIX TALES'; sottotitolo 'MANIFATTURA: Pericolo vs Soluzione con Metodo 81+'; legenda 3 voci (verde Sicurezza, rosso Rischio, blu 81+ Soluzione); fila di EROI coi nomi: ROBOTIX81, TRACCIX, CIFRIX, BLINKIX, CONSENSIX, SCUDIX. FOOTER in basso: grande 'Prima vedi. Poi sistemi.'; banner scudo verde 'PROTEGGIAMO. PREVENIAMO. MIGLIORIAMO.' e triangolo rosso 'DISATTENZIONE. RISCHI. COSTI. CAOS.'; logo '81+' + '81plus.net'. TRAMA (usa questi eventi come vignette; se sono meno di 10 aggiungi vignette di contesto, dialogo e reazione per arrivare a 10-12): 1) SOTTOVALUTIX causa il pericolo 'Attrezzature' (Attrezzature e Macchine); poi ROBOTIX81+SICURIX applicano il METODO81+; 2) SPYIX causa il pericolo 'Nomine' (Nomina Incaricati/Responsabili); poi TRACCIX+SICURIX applicano il METODO81+; 3) SPYIX causa il pericolo 'Formazione' (Formazione GDPR); poi TRACCIX+SICURIX applicano il METODO81+; 4) TAGLIX causa il pericolo 'Stress' (Stress Lavoro-Correlato); poi TRACCIX+SICURIX applicano il METODO81+; 5) SCHIACCIX causa il pericolo 'Formazione base' (Formazione Generale Lavoratori); poi CIFRIX+SICURIX applicano il METODO81+; 6) FRETTIX causa il pericolo 'Rifiuti' (Gestione Rifiuti e Registro); poi BLINKIX+SICURIX applicano il METODO81+; 7) SPYIX causa il pericolo 'Registro' (Registro dei Trattamenti); poi CONSENSIX+SICURIX applicano il METODO81+; 8) RISKIX causa il pericolo 'Corso' (Corso Alimentarista); poi SCUDIX+SICURIX applicano il METODO81+; 9) PERMISSIONIX causa il pericolo 'Data breach' (Procedura Data Breach); poi BLINKIX+SICURIX applicano il METODO81+; 10) CADUTIX causa il pericolo 'Ruolo/RLS' (Rappresentante Lavoratori Sicurezza (RLS)); poi CHECKIX+SICURIX applicano il METODO81+; 11) VIBRIX causa il pericolo 'Formazione specifica' (Formazione Specifica (rischio alto)); poi DOCUMIX+SICURIX applicano il METODO81+; 12) MULTIX causa il pericolo 'Temperature' (Controllo Temperature e Celle); poi SCUDIX+SICURIX applicano il METODO81+. PALETTE BRAND ESCLUSIVA: nero #05050A, bianco panna, arancione #FF6A1A/#E8501A; ROSSO solo per 'PERICOLO', VERDE per la checklist 'Metodo 81+'. Logo '81+' ben visibile in OGNI vignetta. REGOLA STORIA: SICURIX NON agisce mai da solo - in OGNI vignetta di soluzione si fa AIUTARE dai suoi colleghi EROI (lavoro di squadra, ognuno col suo ruolo). TESTO: didascalie e fumetti MOLTO BREVI (1-4 parole), GRANDI, centrati, in ITALIANO con ORTOGRAFIA PERFETTA, senza parole inventate, lettere doppie errate o testo tagliato. CATTIVI (coerenti col canone): SOTTOVALUTIX, SPYIX, TAGLIX, SCHIACCIX, FRETTIX, RISKIX, PERMISSIONIX, CADUTIX, VIBRIX, MULTIX. EROI: ROBOTIX81, TRACCIX, CIFRIX, BLINKIX, CONSENSIX, SCUDIX, CHECKIX, DOCUMIX. NEGATIVE: nessun marchio LEGO reale, nessun personaggio protetto (Asterix ecc.), niente gore/horror, niente claim assoluti ('rischio zero','garantito','zero multe').","In Manifattura non e' 'se' arriva il controllo, e' 'quando'. Sei pronto?","Quello che l'ispettore controlla per primo in Manifattura (e quasi nessuno lo sa)

In manifattura gli adempimenti obbligatori non aspettano: Attrezzature, Nomine, Formazione, Stress, Formazione base, Rifiuti, Registro, Corso, Data breach, Ruolo/RLS, Formazione specifica, Temperature. In questa pagina TALES OF SICURIX il PERICOLO prende forma... e il METODO81+ lo rimette in ordine, passo dopo passo. Immagina la scena: prima il caos, poi la checklist che sistema tutto. Mettere ordine ora costa poco. Rimediare dopo costa caro.
👉 Iscriviti al corso: Corso Lavori in Quota e DPI Anticaduta -> https://81plus.net/?corso=corso-lavori-in-quota-e-dpi-anticaduta
▶️ YouTube: youtube.com/@sicurissimo
Contenuto informativo. Prima vedi. Poi sistemi. 81plus.net",Corso Lavori in Quota e DPI Anticaduta,https://81plus.net/?corso=corso-lavori-in-quota-e-dpi-anticaduta,#TalesOfSicurix #SICURIX #Metodo81 #81plus #Sicurissimo #Sicurezza #Privacy #Ambientale #HACCP #SicurezzaSulLavoro,SICURIX_TALES_108509_13_23_24_11_1_26_22_15_25_4_2_18.webp,https://drive.google.com/drive/folders/1hICKXdl9JTZBL1pemG19oE_661z-EH_k,IMG_ERR
22.26.11,Manifattura,C,Privacy+HACCP+Sicurezza+Ambientale,11,Informativa e Consensi | Gestione Allergeni | Documento Valutazione Rischi (DVR) | Rischio Rumore | Registro dei Trattamenti | Gestione Rifiuti e Registro | Attrezzature e Macchine | Formazione Specifica (rischio alto) | Formazione Ambientale | Lotta agli Infestanti (Pest Control) | Formazione Generale Lavoratori,GDPR art.13 | Reg.UE 1169/2011 | D.Lgs81/08 art.28 | D.Lgs81/08 Tit.VIII | GDPR art.30 | D.Lgs152/06 | D.Lgs81/08 Tit.III | Accordo Stato-Regioni | Reg.CE 852/2004,"SICURIX>PHISHIX, SICURIX>TEMPORIX, LUXPECTORIX>POLVERIX, LUXPECTORIX>BIOXIX, HYGIENIX>PERMISSIONIX, LUXPECTORIX>RISKIX, HYGIENIX>NONDPIX, HYGIENIX>VOLTIX, CIFRIX>IMPROVVISIX, PRIVACIX>SPORCKIX, FORMIX>SEGNALEX","Crea una PAGINA A FUMETTI a STORIA COMPLETA, verticale A4 (1024x1536), QUALITA' EDITORIALE DA STAMPA, stile ufficiale 'SICURIX TALES' IDENTICO alle immagini di riferimento allegate (stessi personaggi a mattoncini 3D, stessa impaginazione, stessi colori, stesse rese): minifigure espressive, ambientazioni ricche e dettagliate del settore, luci morbide, profondita', bordi vignetta netti. IMPAGINAZIONE OBBLIGATORIA: da 10 a 12 VIGNETTE numerate che raccontano UNA STORIA con arco narrativo completo (1 situazione normale -> 2-4 arrivano i pericoli coi cattivi -> 5-6 tensione/conseguenza -> 7-9 arriva SICURIX con gli eroi e applica il METODO81+ passo per passo -> 10-11 risoluzione ordinata -> 12 finale). HEADER in alto: SICURIX (mantello, medaglione arancione '81+', bussola) che presenta in un fumetto; grande titolo 'SICURIX TALES'; sottotitolo 'MANIFATTURA: Pericolo vs Soluzione con Metodo 81+'; legenda 3 voci (verde Sicurezza, rosso Rischio, blu 81+ Soluzione); fila di EROI coi nomi: SICURIX, LUXPECTORIX, HYGIENIX, CIFRIX, PRIVACIX, FORMIX. FOOTER in basso: grande 'Prima vedi. Poi sistemi.'; banner scudo verde 'PROTEGGIAMO. PREVENIAMO. MIGLIORIAMO.' e triangolo rosso 'DISATTENZIONE. RISCHI. COSTI. CAOS.'; logo '81+' + '81plus.net'. TRAMA (usa questi eventi come vignette; se sono meno di 10 aggiungi vignette di contesto, dialogo e reazione per arrivare a 10-12): 1) PHISHIX causa il pericolo 'Documento' (Informativa e Consensi); poi SICURIX+SICURIX applicano il METODO81+; 2) TEMPORIX causa il pericolo 'Allergeni' (Gestione Allergeni); poi SICURIX+SICURIX applicano il METODO81+; 3) POLVERIX causa il pericolo 'Documento' (Documento Valutazione Rischi (DVR)); poi LUXPECTORIX+SICURIX applicano il METODO81+; 4) BIOXIX causa il pericolo 'Rumore' (Rischio Rumore); poi LUXPECTORIX+SICURIX applicano il METODO81+; 5) PERMISSIONIX causa il pericolo 'Registro' (Registro dei Trattamenti); poi HYGIENIX+SICURIX applicano il METODO81+; 6) RISKIX causa il pericolo 'Rifiuti' (Gestione Rifiuti e Registro); poi LUXPECTORIX+SICURIX applicano il METODO81+; 7) NONDPIX causa il pericolo 'Attrezzature' (Attrezzature e Macchine); poi HYGIENIX+SICURIX applicano il METODO81+; 8) VOLTIX causa il pericolo 'Formazione specifica' (Formazione Specifica (rischio alto)); poi HYGIENIX+SICURIX applicano il METODO81+; 9) IMPROVVISIX causa il pericolo 'Formazione' (Formazione Ambientale); poi CIFRIX+SICURIX applicano il METODO81+; 10) SPORCKIX causa il pericolo 'Infestanti' (Lotta agli Infestanti (Pest Control)); poi PRIVACIX+SICURIX applicano il METODO81+; 11) SEGNALEX causa il pericolo 'Formazione base' (Formazione Generale Lavoratori); poi FORMIX+SICURIX applicano il METODO81+. PALETTE BRAND ESCLUSIVA: nero #05050A, bianco panna, arancione #FF6A1A/#E8501A; ROSSO solo per 'PERICOLO', VERDE per la checklist 'Metodo 81+'. Logo '81+' ben visibile in OGNI vignetta. REGOLA STORIA: SICURIX NON agisce mai da solo - in OGNI vignetta di soluzione si fa AIUTARE dai suoi colleghi EROI (lavoro di squadra, ognuno col suo ruolo). TESTO: didascalie e fumetti MOLTO BREVI (1-4 parole), GRANDI, centrati, in ITALIANO con ORTOGRAFIA PERFETTA, senza parole inventate, lettere doppie errate o testo tagliato. CATTIVI (coerenti col canone): PHISHIX, TEMPORIX, POLVERIX, BIOXIX, PERMISSIONIX, RISKIX, NONDPIX, VOLTIX, IMPROVVISIX, SPORCKIX, SEGNALEX. EROI: SICURIX, LUXPECTORIX, HYGIENIX, CIFRIX, PRIVACIX, FORMIX. NEGATIVE: nessun marchio LEGO reale, nessun personaggio protetto (Asterix ecc.), niente gore/horror, niente claim assoluti ('rischio zero','garantito','zero multe').",Quello che l'ispettore controlla per primo in Manifattura (e quasi nessuno lo sa),"La differenza tra chi in Manifattura dorme sereno e chi trema al controllo

In manifattura gli adempimenti obbligatori non aspettano: Documento, Allergeni, Rumore, Registro, Rifiuti, Attrezzature, Formazione specifica, Formazione, Infestanti, Formazione base. In questa pagina TALES OF SICURIX il PERICOLO prende forma... e il METODO81+ lo rimette in ordine, passo dopo passo. Immagina la scena: prima il caos, poi la checklist che sistema tutto. La regola c'e' gia': tu falla lavorare per te.
👉 Iscriviti al corso: Corso privacy destinato ai lavoratori -> https://81plus.net/?corso=corso-privacy-destinato-ai-lavoratori
▶️ YouTube: youtube.com/@sicurissimo
Contenuto informativo. Prima vedi. Poi sistemi. 81plus.net",Corso privacy destinato ai lavoratori,https://81plus.net/?corso=corso-privacy-destinato-ai-lavoratori,#TalesOfSicurix #SICURIX #Metodo81 #81plus #Sicurissimo #Privacy #HACCP #Sicurezza #Ambientale #SicurezzaSulLavoro,SICURIX_TALES_222611_22_21_0_12_23_27_13_2_28_20_1.webp,https://drive.google.com/drive/folders/1hICKXdl9JTZBL1pemG19oE_661z-EH_k,IMG_ERR
15.11.00,Manifattura,C,HACCP+Ambientale+Sicurezza+Privacy,10,Corso Alimentarista | Gestione Rifiuti e Registro | Formazione Generale Lavoratori | Addetto Primo Soccorso | Emissioni in Atmosfera / AUA | Lotta agli Infestanti (Pest Control) | Rintracciabilita ed Etichettatura | Nomina Incaricati/Responsabili | Piano di Sanificazione | Controllo Temperature e Celle,Reg.CE 852/2004 | D.Lgs152/06 | Accordo Stato-Regioni | DM 388/2003 | Reg.CE 178/2002 | GDPR art.28-29,"PRIVACIX>DOSAGIX, PRIVACIX>FRETTIX, DOCUMIX>RUMORIX, BLINKIX>VIBRIX, PRIVACIX>RISKIX, SCUDIX>IMPROVVISIX, ROBOTIX81>DOSAGIX, SCUDIX>RISKIX, DOCUMIX>SCADUTIX, CHECKIX>RISKIX","Crea una PAGINA A FUMETTI a STORIA COMPLETA, verticale A4 (1024x1536), QUALITA' EDITORIALE DA STAMPA, stile ufficiale 'SICURIX TALES' IDENTICO alle immagini di riferimento allegate (stessi personaggi a mattoncini 3D, stessa impaginazione, stessi colori, stesse rese): minifigure espressive, ambientazioni ricche e dettagliate del settore, luci morbide, profondita', bordi vignetta netti. IMPAGINAZIONE OBBLIGATORIA: da 10 a 12 VIGNETTE numerate che raccontano UNA STORIA con arco narrativo completo (1 situazione normale -> 2-4 arrivano i pericoli coi cattivi -> 5-6 tensione/conseguenza -> 7-9 arriva SICURIX con gli eroi e applica il METODO81+ passo per passo -> 10-11 risoluzione ordinata -> 12 finale). HEADER in alto: SICURIX (mantello, medaglione arancione '81+', bussola) che presenta in un fumetto; grande titolo 'SICURIX TALES'; sottotitolo 'MANIFATTURA: Pericolo vs Soluzione con Metodo 81+'; legenda 3 voci (verde Sicurezza, rosso Rischio, blu 81+ Soluzione); fila di EROI coi nomi: PRIVACIX, DOCUMIX, BLINKIX, SCUDIX, ROBOTIX81, CHECKIX. FOOTER in basso: grande 'Prima vedi. Poi sistemi.'; banner scudo verde 'PROTEGGIAMO. PREVENIAMO. MIGLIORIAMO.' e triangolo rosso 'DISATTENZIONE. RISCHI. COSTI. CAOS.'; logo '81+' + '81plus.net'. TRAMA (usa questi eventi come vignette; se sono meno di 10 aggiungi vignette di contesto, dialogo e reazione per arrivare a 10-12): 1) DOSAGIX causa il pericolo 'Corso' (Corso Alimentarista); poi PRIVACIX+SICURIX applicano il METODO81+; 2) FRETTIX causa il pericolo 'Rifiuti' (Gestione Rifiuti e Registro); poi PRIVACIX+SICURIX applicano il METODO81+; 3) RUMORIX causa il pericolo 'Formazione base' (Formazione Generale Lavoratori); poi DOCUMIX+SICURIX applicano il METODO81+; 4) VIBRIX causa il pericolo 'Emergenze/Soccorso' (Addetto Primo Soccorso); poi BLINKIX+SICURIX applicano il METODO81+; 5) RISKIX causa il pericolo 'Emissioni' (Emissioni in Atmosfera / AUA); poi PRIVACIX+SICURIX applicano il METODO81+; 6) IMPROVVISIX causa il pericolo 'Infestanti' (Lotta agli Infestanti (Pest Control)); poi SCUDIX+SICURIX applicano il METODO81+; 7) DOSAGIX causa il pericolo 'Rintracciabilita' (Rintracciabilita ed Etichettatura); poi ROBOTIX81+SICURIX applicano il METODO81+; 8) RISKIX causa il pericolo 'Nomine' (Nomina Incaricati/Responsabili); poi SCUDIX+SICURIX applicano il METODO81+; 9) SCADUTIX causa il pericolo 'Sanificazione' (Piano di Sanificazione); poi DOCUMIX+SICURIX applicano il METODO81+; 10) RISKIX causa il pericolo 'Temperature' (Controllo Temperature e Celle); poi CHECKIX+SICURIX applicano il METODO81+. PALETTE BRAND ESCLUSIVA: nero #05050A, bianco panna, arancione #FF6A1A/#E8501A; ROSSO solo per 'PERICOLO', VERDE per la checklist 'Metodo 81+'. Logo '81+' ben visibile in OGNI vignetta. REGOLA STORIA: SICURIX NON agisce mai da solo - in OGNI vignetta di soluzione si fa AIUTARE dai suoi colleghi EROI (lavoro di squadra, ognuno col suo ruolo). TESTO: didascalie e fumetti MOLTO BREVI (1-4 parole), GRANDI, centrati, in ITALIANO con ORTOGRAFIA PERFETTA, senza parole inventate, lettere doppie errate o testo tagliato. CATTIVI (coerenti col canone): DOSAGIX, FRETTIX, RUMORIX, VIBRIX, RISKIX, IMPROVVISIX, SCADUTIX. EROI: PRIVACIX, DOCUMIX, BLINKIX, SCUDIX, ROBOTIX81, CHECKIX. NEGATIVE: nessun marchio LEGO reale, nessun personaggio protetto (Asterix ecc.), niente gore/horror, niente claim assoluti ('rischio zero','garantito','zero multe').","In Manifattura non e' 'se' arriva il controllo, e' 'quando'. Sei pronto?","Manifattura: 3 minuti oggi o un problema enorme domani. Scegli tu.

In manifattura gli adempimenti obbligatori non aspettano: Corso, Rifiuti, Formazione base, Emergenze/Soccorso, Emissioni, Infestanti, Rintracciabilita, Nomine, Sanificazione, Temperature. In questa pagina TALES OF SICURIX il PERICOLO prende forma... e il METODO81+ lo rimette in ordine, passo dopo passo. Immagina la scena: prima il caos, poi la checklist che sistema tutto. Chi si mette in regola prima, dorme meglio dopo.
👉 Iscriviti al corso: Haccp - Corso responsabile industria alimentare -> https://81plus.net/?corso=haccp-corso-responsabile-industria-alimentare
▶️ YouTube: youtube.com/@sicurissimo
Contenuto informativo. Prima vedi. Poi sistemi. 81plus.net",Haccp - Corso responsabile industria alimentare,https://81plus.net/?corso=haccp-corso-responsabile-industria-alimentare,#TalesOfSicurix #SICURIX #Metodo81 #81plus #Sicurissimo #HACCP #Ambientale #Sicurezza #Privacy #SicurezzaSulLavoro,SICURIX_TALES_151100_16_27_1_6_29_20_18_24_17_19.webp,https://drive.google.com/drive/folders/1hICKXdl9JTZBL1pemG19oE_661z-EH_k,IMG_ERR
60.31.00,ICT/Informazione,J,Privacy+Sicurezza,11,Procedura Data Breach | Informativa e Consensi | Rappresentante Lavoratori Sicurezza (RLS) | Nomina Incaricati/Responsabili | Formazione Generale Lavoratori | Documento Valutazione Rischi (DVR) | Addetto Antincendio | Formazione Specifica (rischio basso) | Registro dei Trattamenti | RSPP / Datore di Lavoro RSPP | Formazione Preposto,GDPR art.33-34 | GDPR art.13 | D.Lgs81/08 art.47 | GDPR art.28-29 | Accordo Stato-Regioni | D.Lgs81/08 art.28 | DM 2/9/2021 | GDPR art.30 | D.Lgs81/08 art.34 | D.Lgs81/08 art.37,"SICURIX>MULTIX, CHECKIX>OBLIVIX, HYGIENIX>TAGLIX, PRIVACIX>RISKIX, HYGIENIX>ØTIX, CHECKIX>CAOSIX, DOCUMIX>BIOXIX, BLINKIX>TAGLIX, CIFRIX>SPYIX, CHECKIX>FUMIX, LUXPECTORIX>ØTIX","Crea una PAGINA A FUMETTI a STORIA COMPLETA, verticale A4 (1024x1536), QUALITA' EDITORIALE DA STAMPA, stile ufficiale 'SICURIX TALES' IDENTICO alle immagini di riferimento allegate (stessi personaggi a mattoncini 3D, stessa impaginazione, stessi colori, stesse rese): minifigure espressive, ambientazioni ricche e dettagliate del settore, luci morbide, profondita', bordi vignetta netti. IMPAGINAZIONE OBBLIGATORIA: da 10 a 12 VIGNETTE numerate che raccontano UNA STORIA con arco narrativo completo (1 situazione normale -> 2-4 arrivano i pericoli coi cattivi -> 5-6 tensione/conseguenza -> 7-9 arriva SICURIX con gli eroi e applica il METODO81+ passo per passo -> 10-11 risoluzione ordinata -> 12 finale). HEADER in alto: SICURIX (mantello, medaglione arancione '81+', bussola) che presenta in un fumetto; grande titolo 'SICURIX TALES'; sottotitolo 'ICT/INFORMAZIONE: Pericolo vs Soluzione con Metodo 81+'; legenda 3 voci (verde Sicurezza, rosso Rischio, blu 81+ Soluzione); fila di EROI coi nomi: SICURIX, CHECKIX, HYGIENIX, PRIVACIX, DOCUMIX, BLINKIX. FOOTER in basso: grande 'Prima vedi. Poi sistemi.'; banner scudo verde 'PROTEGGIAMO. PREVENIAMO. MIGLIORIAMO.' e triangolo rosso 'DISATTENZIONE. RISCHI. COSTI. CAOS.'; logo '81+' + '81plus.net'. TRAMA (usa questi eventi come vignette; se sono meno di 10 aggiungi vignette di contesto, dialogo e reazione per arrivare a 10-12): 1) MULTIX causa il pericolo 'Data breach' (Procedura Data Breach); poi SICURIX+SICURIX applicano il METODO81+; 2) OBLIVIX causa il pericolo 'Documento' (Informativa e Consensi); poi CHECKIX+SICURIX applicano il METODO81+; 3) TAGLIX causa il pericolo 'Ruolo/RLS' (Rappresentante Lavoratori Sicurezza (RLS)); poi HYGIENIX+SICURIX applicano il METODO81+; 4) RISKIX causa il pericolo 'Nomine' (Nomina Incaricati/Responsabili); poi PRIVACIX+SICURIX applicano il METODO81+; 5) ØTIX causa il pericolo 'Formazione base' (Formazione Generale Lavoratori); poi HYGIENIX+SICURIX applicano il METODO81+; 6) CAOSIX causa il pericolo 'Documento' (Documento Valutazione Rischi (DVR)); poi CHECKIX+SICURIX applicano il METODO81+; 7) BIOXIX causa il pericolo 'Emergenze/Incendio' (Addetto Antincendio); poi DOCUMIX+SICURIX applicano il METODO81+; 8) TAGLIX causa il pericolo 'Formazione specifica' (Formazione Specifica (rischio basso)); poi BLINKIX+SICURIX applicano il METODO81+; 9) SPYIX causa il pericolo 'Registro' (Registro dei Trattamenti); poi CIFRIX+SICURIX applicano il METODO81+; 10) FUMIX causa il pericolo 'Ruolo/RSPP' (RSPP / Datore di Lavoro RSPP); poi CHECKIX+SICURIX applicano il METODO81+; 11) ØTIX causa il pericolo 'Ruolo/Preposto' (Formazione Preposto); poi LUXPECTORIX+SICURIX applicano il METODO81+. PALETTE BRAND ESCLUSIVA: nero #05050A, bianco panna, arancione #FF6A1A/#E8501A; ROSSO solo per 'PERICOLO', VERDE per la checklist 'Metodo 81+'. Logo '81+' ben visibile in OGNI vignetta. REGOLA STORIA: SICURIX NON agisce mai da solo - in OGNI vignetta di soluzione si fa AIUTARE dai suoi colleghi EROI (lavoro di squadra, ognuno col suo ruolo). TESTO: didascalie e fumetti MOLTO BREVI (1-4 parole), GRANDI, centrati, in ITALIANO con ORTOGRAFIA PERFETTA, senza parole inventate, lettere doppie errate o testo tagliato. CATTIVI (coerenti col canone): MULTIX, OBLIVIX, TAGLIX, RISKIX, ØTIX, CAOSIX, BIOXIX, SPYIX, FUMIX. EROI: SICURIX, CHECKIX, HYGIENIX, PRIVACIX, DOCUMIX, BLINKIX, CIFRIX, LUXPECTORIX. NEGATIVE: nessun marchio LEGO reale, nessun personaggio protetto (Asterix ecc.), niente gore/horror, niente claim assoluti ('rischio zero','garantito','zero multe').",Quello che l'ispettore controlla per primo in ICT/Informazione (e quasi nessuno lo sa),"In ICT/Informazione c'e' un obbligo che in tanti scoprono solo con la sanzione

In ict/informazione gli adempimenti obbligatori non aspettano: Data breach, Documento, Ruolo/RLS, Nomine, Formazione base, Emergenze/Incendio, Formazione specifica, Registro, Ruolo/RSPP, Ruolo/Preposto. In questa pagina TALES OF SICURIX il PERICOLO prende forma... e il METODO81+ lo rimette in ordine, passo dopo passo. Immagina la scena: prima il caos, poi la checklist che sistema tutto. Mettere ordine ora costa poco. Rimediare dopo costa caro.
👉 Iscriviti al corso: Corso privacy destinato ai lavoratori -> https://81plus.net/?corso=corso-privacy-destinato-ai-lavoratori
▶️ YouTube: youtube.com/@sicurissimo
Contenuto informativo. Prima vedi. Poi sistemi. 81plus.net",Corso privacy destinato ai lavoratori,https://81plus.net/?corso=corso-privacy-destinato-ai-lavoratori,#TalesOfSicurix #SICURIX #Metodo81 #81plus #Sicurissimo #Privacy #Sicurezza #SicurezzaSulLavoro,SICURIX_TALES_603100_13_9_4_11_1_0_7_2_10_5_3.webp,https://drive.google.com/drive/folders/1hICKXdl9JTZBL1pemG19oE_661z-EH_k,IMG_ERR
95.23.00,Famiglie datori,T,Sicurezza+Privacy,10,Documento Valutazione Rischi (DVR) | Procedura Data Breach | Formazione Preposto | Nomina Incaricati/Responsabili | Addetto Primo Soccorso | Uso e Formazione DPI | RSPP / Datore di Lavoro RSPP | Formazione Generale Lavoratori | Informativa e Consensi | Formazione GDPR,D.Lgs81/08 art.28 | GDPR art.33-34 | D.Lgs81/08 art.37 | GDPR art.28-29 | DM 388/2003 | D.Lgs81/08 art.77 | D.Lgs81/08 art.34 | Accordo Stato-Regioni | GDPR art.13 | GDPR art.32,"CHECKIX>SOTTOVALUTIX, FORMIX>CANCELIX, SCUDIX>FRETTIX, LUXPECTORIX>PHISHIX, CHECKIX>FRETTIX, CONSENSIX>NONDPIX, CHEFIX>ØTIX, FORMIX>FRETTIX, PRIVACIX>IMPROVVISIX, TRACCIX>SPYIX","Crea una PAGINA A FUMETTI a STORIA COMPLETA, verticale A4 (1024x1536), QUALITA' EDITORIALE DA STAMPA, stile ufficiale 'SICURIX TALES' IDENTICO alle immagini di riferimento allegate (stessi personaggi a mattoncini 3D, stessa impaginazione, stessi colori, stesse rese): minifigure espressive, ambientazioni ricche e dettagliate del settore, luci morbide, profondita', bordi vignetta netti. IMPAGINAZIONE OBBLIGATORIA: da 10 a 12 VIGNETTE numerate che raccontano UNA STORIA con arco narrativo completo (1 situazione normale -> 2-4 arrivano i pericoli coi cattivi -> 5-6 tensione/conseguenza -> 7-9 arriva SICURIX con gli eroi e applica il METODO81+ passo per passo -> 10-11 risoluzione ordinata -> 12 finale). HEADER in alto: SICURIX (mantello, medaglione arancione '81+', bussola) che presenta in un fumetto; grande titolo 'SICURIX TALES'; sottotitolo 'FAMIGLIE DATORI: Pericolo vs Soluzione con Metodo 81+'; legenda 3 voci (verde Sicurezza, rosso Rischio, blu 81+ Soluzione); fila di EROI coi nomi: CHECKIX, FORMIX, SCUDIX, LUXPECTORIX, CONSENSIX, CHEFIX. FOOTER in basso: grande 'Prima vedi. Poi sistemi.'; banner scudo verde 'PROTEGGIAMO. PREVENIAMO. MIGLIORIAMO.' e triangolo rosso 'DISATTENZIONE. RISCHI. COSTI. CAOS.'; logo '81+' + '81plus.net'. TRAMA (usa questi eventi come vignette; se sono meno di 10 aggiungi vignette di contesto, dialogo e reazione per arrivare a 10-12): 1) SOTTOVALUTIX causa il pericolo 'Documento' (Documento Valutazione Rischi (DVR)); poi CHECKIX+SICURIX applicano il METODO81+; 2) CANCELIX causa il pericolo 'Data breach' (Procedura Data Breach); poi FORMIX+SICURIX applicano il METODO81+; 3) FRETTIX causa il pericolo 'Ruolo/Preposto' (Formazione Preposto); poi SCUDIX+SICURIX applicano il METODO81+; 4) PHISHIX causa il pericolo 'Nomine' (Nomina Incaricati/Responsabili); poi LUXPECTORIX+SICURIX applicano il METODO81+; 5) FRETTIX causa il pericolo 'Emergenze/Soccorso' (Addetto Primo Soccorso); poi CHECKIX+SICURIX applicano il METODO81+; 6) NONDPIX causa il pericolo 'DPI' (Uso e Formazione DPI); poi CONSENSIX+SICURIX applicano il METODO81+; 7) ØTIX causa il pericolo 'Ruolo/RSPP' (RSPP / Datore di Lavoro RSPP); poi CHEFIX+SICURIX applicano il METODO81+; 8) FRETTIX causa il pericolo 'Formazione base' (Formazione Generale Lavoratori); poi FORMIX+SICURIX applicano il METODO81+; 9) IMPROVVISIX causa il pericolo 'Documento' (Informativa e Consensi); poi PRIVACIX+SICURIX applicano il METODO81+; 10) SPYIX causa il pericolo 'Formazione' (Formazione GDPR); poi TRACCIX+SICURIX applicano il METODO81+. PALETTE BRAND ESCLUSIVA: nero #05050A, bianco panna, arancione #FF6A1A/#E8501A; ROSSO solo per 'PERICOLO', VERDE per la checklist 'Metodo 81+'. Logo '81+' ben visibile in OGNI vignetta. REGOLA STORIA: SICURIX NON agisce mai da solo - in OGNI vignetta di soluzione si fa AIUTARE dai suoi colleghi EROI (lavoro di squadra, ognuno col suo ruolo). TESTO: didascalie e fumetti MOLTO BREVI (1-4 parole), GRANDI, centrati, in ITALIANO con ORTOGRAFIA PERFETTA, senza parole inventate, lettere doppie errate o testo tagliato. CATTIVI (coerenti col canone): SOTTOVALUTIX, CANCELIX, FRETTIX, PHISHIX, NONDPIX, ØTIX, IMPROVVISIX, SPYIX. EROI: CHECKIX, FORMIX, SCUDIX, LUXPECTORIX, CONSENSIX, CHEFIX, PRIVACIX, TRACCIX. NEGATIVE: nessun marchio LEGO reale, nessun personaggio protetto (Asterix ecc.), niente gore/horror, niente claim assoluti ('rischio zero','garantito','zero multe').",In Famiglie datori c'e' un obbligo che in tanti scoprono solo con la sanzione,"La differenza tra chi in Famiglie datori dorme sereno e chi trema al controllo

In famiglie datori gli adempimenti obbligatori non aspettano: Documento, Data breach, Ruolo/Preposto, Nomine, Emergenze/Soccorso, DPI, Ruolo/RSPP, Formazione base, Formazione. In questa pagina TALES OF SICURIX il PERICOLO prende forma... e il METODO81+ lo rimette in ordine, passo dopo passo. Immagina la scena: prima il caos, poi la checklist che sistema tutto. Chi si mette in regola prima, dorme meglio dopo.
👉 Iscriviti al corso: Corso lavoratore parte GENERALE 4 ore -> https://81plus.net/?corso=corso-lavoratore-parte-generale-4-ore
▶️ YouTube: youtube.com/@sicurissimo
Contenuto informativo. Prima vedi. Poi sistemi. 81plus.net",Corso lavoratore parte GENERALE 4 ore,https://81plus.net/?corso=corso-lavoratore-parte-generale-4-ore,#TalesOfSicurix #SICURIX #Metodo81 #81plus #Sicurissimo #Sicurezza #Privacy #SicurezzaSulLavoro,SICURIX_TALES_952300_0_13_3_11_6_8_5_1_9_12.webp,https://drive.google.com/drive/folders/1hICKXdl9JTZBL1pemG19oE_661z-EH_k,IMG_ERR
47.92.35,Commercio,G,Privacy+Sicurezza+HACCP,11,Formazione GDPR | Sorveglianza Sanitaria / Medico Competente | Formazione Generale Lavoratori | Stress Lavoro-Correlato | Informativa e Consensi | Manuale HACCP di Autocontrollo | Addetto Antincendio | Uso e Formazione DPI | Controllo Temperature e Celle | Documento Valutazione Rischi (DVR) | Lotta agli Infestanti (Pest Control),GDPR art.32 | D.Lgs81/08 art.41 | Accordo Stato-Regioni | D.Lgs81/08 art.28 | GDPR art.13 | Reg.CE 852/2004 | DM 2/9/2021 | D.Lgs81/08 art.77,"ROBOTIX81>OBLIVIX, PRIVACIX>NONDPIX, CHEFIX>CHIMIKIX, CHECKIX>RUMORIX, BLINKIX>IMPROVVISIX, PRIVACIX>ACQUAIX, DOCUMIX>CADUTIX, PRIVACIX>FUMIX, CHECKIX>TEMPORIX, PREPOSTIX>RISKIX, CHECKIX>OBLIVIX","Crea una PAGINA A FUMETTI a STORIA COMPLETA, verticale A4 (1024x1536), QUALITA' EDITORIALE DA STAMPA, stile ufficiale 'SICURIX TALES' IDENTICO alle immagini di riferimento allegate (stessi personaggi a mattoncini 3D, stessa impaginazione, stessi colori, stesse rese): minifigure espressive, ambientazioni ricche e dettagliate del settore, luci morbide, profondita', bordi vignetta netti. IMPAGINAZIONE OBBLIGATORIA: da 10 a 12 VIGNETTE numerate che raccontano UNA STORIA con arco narrativo completo (1 situazione normale -> 2-4 arrivano i pericoli coi cattivi -> 5-6 tensione/conseguenza -> 7-9 arriva SICURIX con gli eroi e applica il METODO81+ passo per passo -> 10-11 risoluzione ordinata -> 12 finale). HEADER in alto: SICURIX (mantello, medaglione arancione '81+', bussola) che presenta in un fumetto; grande titolo 'SICURIX TALES'; sottotitolo 'COMMERCIO: Pericolo vs Soluzione con Metodo 81+'; legenda 3 voci (verde Sicurezza, rosso Rischio, blu 81+ Soluzione); fila di EROI coi nomi: ROBOTIX81, PRIVACIX, CHEFIX, CHECKIX, BLINKIX, DOCUMIX. FOOTER in basso: grande 'Prima vedi. Poi sistemi.'; banner scudo verde 'PROTEGGIAMO. PREVENIAMO. MIGLIORIAMO.' e triangolo rosso 'DISATTENZIONE. RISCHI. COSTI. CAOS.'; logo '81+' + '81plus.net'. TRAMA (usa questi eventi come vignette; se sono meno di 10 aggiungi vignette di contesto, dialogo e reazione per arrivare a 10-12): 1) OBLIVIX causa il pericolo 'Formazione' (Formazione GDPR); poi ROBOTIX81+SICURIX applicano il METODO81+; 2) NONDPIX causa il pericolo 'Sorveglianza sanitaria' (Sorveglianza Sanitaria / Medico Competente); poi PRIVACIX+SICURIX applicano il METODO81+; 3) CHIMIKIX causa il pericolo 'Formazione base' (Formazione Generale Lavoratori); poi CHEFIX+SICURIX applicano il METODO81+; 4) RUMORIX causa il pericolo 'Stress' (Stress Lavoro-Correlato); poi CHECKIX+SICURIX applicano il METODO81+; 5) IMPROVVISIX causa il pericolo 'Documento' (Informativa e Consensi); poi BLINKIX+SICURIX applicano il METODO81+; 6) ACQUAIX causa il pericolo 'Documento' (Manuale HACCP di Autocontrollo); poi PRIVACIX+SICURIX applicano il METODO81+; 7) CADUTIX causa il pericolo 'Emergenze/Incendio' (Addetto Antincendio); poi DOCUMIX+SICURIX applicano il METODO81+; 8) FUMIX causa il pericolo 'DPI' (Uso e Formazione DPI); poi PRIVACIX+SICURIX applicano il METODO81+; 9) TEMPORIX causa il pericolo 'Temperature' (Controllo Temperature e Celle); poi CHECKIX+SICURIX applicano il METODO81+; 10) RISKIX causa il pericolo 'Documento' (Documento Valutazione Rischi (DVR)); poi PREPOSTIX+SICURIX applicano il METODO81+; 11) OBLIVIX causa il pericolo 'Infestanti' (Lotta agli Infestanti (Pest Control)); poi CHECKIX+SICURIX applicano il METODO81+. PALETTE BRAND ESCLUSIVA: nero #05050A, bianco panna, arancione #FF6A1A/#E8501A; ROSSO solo per 'PERICOLO', VERDE per la checklist 'Metodo 81+'. Logo '81+' ben visibile in OGNI vignetta. REGOLA STORIA: SICURIX NON agisce mai da solo - in OGNI vignetta di soluzione si fa AIUTARE dai suoi colleghi EROI (lavoro di squadra, ognuno col suo ruolo). TESTO: didascalie e fumetti MOLTO BREVI (1-4 parole), GRANDI, centrati, in ITALIANO con ORTOGRAFIA PERFETTA, senza parole inventate, lettere doppie errate o testo tagliato. CATTIVI (coerenti col canone): OBLIVIX, NONDPIX, CHIMIKIX, RUMORIX, IMPROVVISIX, ACQUAIX, CADUTIX, FUMIX, TEMPORIX, RISKIX. EROI: ROBOTIX81, PRIVACIX, CHEFIX, CHECKIX, BLINKIX, DOCUMIX, PREPOSTIX. NEGATIVE: nessun marchio LEGO reale, nessun personaggio protetto (Asterix ecc.), niente gore/horror, niente claim assoluti ('rischio zero','garantito','zero multe').",La differenza tra chi in Commercio dorme sereno e chi trema al controllo,"In Commercio c'e' un obbligo che in tanti scoprono solo con la sanzione

In commercio gli adempimenti obbligatori non aspettano: Formazione, Sorveglianza sanitaria, Formazione base, Stress, Documento, Emergenze/Incendio, DPI, Temperature, Infestanti. In questa pagina TALES OF SICURIX il PERICOLO prende forma... e il METODO81+ lo rimette in ordine, passo dopo passo. Immagina la scena: prima il caos, poi la checklist che sistema tutto. Non e' burocrazia: e' la tua tranquillita.
👉 Iscriviti al corso: GDPR 2016/679: privacy e trattamento dei dati personali -> https://81plus.net/?corso=gdpr-2016-679-privacy-e-trattamento-dei-dati-personali
▶️ YouTube: youtube.com/@sicurissimo
Contenuto informativo. Prima vedi. Poi sistemi. 81plus.net",GDPR 2016/679: privacy e trattamento dei dati personali,https://81plus.net/?corso=gdpr-2016-679-privacy-e-trattamento-dei-dati-personali,#TalesOfSicurix #SICURIX #Metodo81 #81plus #Sicurissimo #Privacy #Sicurezza #HACCP #SicurezzaSulLavoro,SICURIX_TALES_479235_22_9_1_11_19_12_7_8_16_0_17.webp,https://drive.google.com/drive/folders/1hICKXdl9JTZBL1pemG19oE_661z-EH_k,IMG_ERR
28.29.92,Manifattura,C,Sicurezza+Privacy+HACCP,11,RSPP / Datore di Lavoro RSPP | Formazione GDPR | Lotta agli Infestanti (Pest Control) | Rischio Rumore | Piano di Sanificazione | Controllo Temperature e Celle | Informativa e Consensi | Addetto Primo Soccorso | Manuale HACCP di Autocontrollo | Sorveglianza Sanitaria / Medico Competente | Formazione Generale Lavoratori,D.Lgs81/08 art.34 | GDPR art.32 | Reg.CE 852/2004 | D.Lgs81/08 Tit.VIII | GDPR art.13 | DM 388/2003 | D.Lgs81/08 art.41 | Accordo Stato-Regioni,"TRACCIX>ØTIX, SCUDIX>FRETTIX, ROBOTIX81>IMPROVVISIX, PRIVACIX>POLVERIX, PRIVACIX>MULTIX, HYGIENIX>SPORCKIX, TRACCIX>MULTIX, ROBOTIX81>SEGNALEX, CIFRIX>CAOSIX, PREPOSTIX>VOLTIX, CHEFIX>NONDPIX","Crea una PAGINA A FUMETTI a STORIA COMPLETA, verticale A4 (1024x1536), QUALITA' EDITORIALE DA STAMPA, stile ufficiale 'SICURIX TALES' IDENTICO alle immagini di riferimento allegate (stessi personaggi a mattoncini 3D, stessa impaginazione, stessi colori, stesse rese): minifigure espressive, ambientazioni ricche e dettagliate del settore, luci morbide, profondita', bordi vignetta netti. IMPAGINAZIONE OBBLIGATORIA: da 10 a 12 VIGNETTE numerate che raccontano UNA STORIA con arco narrativo completo (1 situazione normale -> 2-4 arrivano i pericoli coi cattivi -> 5-6 tensione/conseguenza -> 7-9 arriva SICURIX con gli eroi e applica il METODO81+ passo per passo -> 10-11 risoluzione ordinata -> 12 finale). HEADER in alto: SICURIX (mantello, medaglione arancione '81+', bussola) che presenta in un fumetto; grande titolo 'SICURIX TALES'; sottotitolo 'MANIFATTURA: Pericolo vs Soluzione con Metodo 81+'; legenda 3 voci (verde Sicurezza, rosso Rischio, blu 81+ Soluzione); fila di EROI coi nomi: TRACCIX, SCUDIX, ROBOTIX81, PRIVACIX, HYGIENIX, CIFRIX. FOOTER in basso: grande 'Prima vedi. Poi sistemi.'; banner scudo verde 'PROTEGGIAMO. PREVENIAMO. MIGLIORIAMO.' e triangolo rosso 'DISATTENZIONE. RISCHI. COSTI. CAOS.'; logo '81+' + '81plus.net'. TRAMA (usa questi eventi come vignette; se sono meno di 10 aggiungi vignette di contesto, dialogo e reazione per arrivare a 10-12): 1) ØTIX causa il pericolo 'Ruolo/RSPP' (RSPP / Datore di Lavoro RSPP); poi TRACCIX+SICURIX applicano il METODO81+; 2) FRETTIX causa il pericolo 'Formazione' (Formazione GDPR); poi SCUDIX+SICURIX applicano il METODO81+; 3) IMPROVVISIX causa il pericolo 'Infestanti' (Lotta agli Infestanti (Pest Control)); poi ROBOTIX81+SICURIX applicano il METODO81+; 4) POLVERIX causa il pericolo 'Rumore' (Rischio Rumore); poi PRIVACIX+SICURIX applicano il METODO81+; 5) MULTIX causa il pericolo 'Sanificazione' (Piano di Sanificazione); poi PRIVACIX+SICURIX applicano il METODO81+; 6) SPORCKIX causa il pericolo 'Temperature' (Controllo Temperature e Celle); poi HYGIENIX+SICURIX applicano il METODO81+; 7) MULTIX causa il pericolo 'Documento' (Informativa e Consensi); poi TRACCIX+SICURIX applicano il METODO81+; 8) SEGNALEX causa il pericolo 'Emergenze/Soccorso' (Addetto Primo Soccorso); poi ROBOTIX81+SICURIX applicano il METODO81+; 9) CAOSIX causa il pericolo 'Documento' (Manuale HACCP di Autocontrollo); poi CIFRIX+SICURIX applicano il METODO81+; 10) VOLTIX causa il pericolo 'Sorveglianza sanitaria' (Sorveglianza Sanitaria / Medico Competente); poi PREPOSTIX+SICURIX applicano il METODO81+; 11) NONDPIX causa il pericolo 'Formazione base' (Formazione Generale Lavoratori); poi CHEFIX+SICURIX applicano il METODO81+. PALETTE BRAND ESCLUSIVA: nero #05050A, bianco panna, arancione #FF6A1A/#E8501A; ROSSO solo per 'PERICOLO', VERDE per la checklist 'Metodo 81+'. Logo '81+' ben visibile in OGNI vignetta. REGOLA STORIA: SICURIX NON agisce mai da solo - in OGNI vignetta di soluzione si fa AIUTARE dai suoi colleghi EROI (lavoro di squadra, ognuno col suo ruolo). TESTO: didascalie e fumetti MOLTO BREVI (1-4 parole), GRANDI, centrati, in ITALIANO con ORTOGRAFIA PERFETTA, senza parole inventate, lettere doppie errate o testo tagliato. CATTIVI (coerenti col canone): ØTIX, FRETTIX, IMPROVVISIX, POLVERIX, MULTIX, SPORCKIX, SEGNALEX, CAOSIX, VOLTIX, NONDPIX. EROI: TRACCIX, SCUDIX, ROBOTIX81, PRIVACIX, HYGIENIX, CIFRIX, PREPOSTIX, CHEFIX. NEGATIVE: nessun marchio LEGO reale, nessun personaggio protetto (Asterix ecc.), niente gore/horror, niente claim assoluti ('rischio zero','garantito','zero multe').",La differenza tra chi in Manifattura dorme sereno e chi trema al controllo,"In Manifattura non e' 'se' arriva il controllo, e' 'quando'. Sei pronto?

In manifattura gli adempimenti obbligatori non aspettano: Ruolo/RSPP, Formazione, Infestanti, Rumore, Sanificazione, Temperature, Documento, Emergenze/Soccorso, Sorveglianza sanitaria, Formazione base. In questa pagina TALES OF SICURIX il PERICOLO prende forma... e il METODO81+ lo rimette in ordine, passo dopo passo. Immagina la scena: prima il caos, poi la checklist che sistema tutto. Chi si mette in regola prima, dorme meglio dopo.
👉 Iscriviti al corso: RSPP Datore di Lavoro modulo 1 e 2 -> https://81plus.net/?corso=rspp-datore-di-lavoro-modulo-1-e-2
▶️ YouTube: youtube.com/@sicurissimo
Contenuto informativo. Prima vedi. Poi sistemi. 81plus.net",RSPP Datore di Lavoro modulo 1 e 2,https://81plus.net/?corso=rspp-datore-di-lavoro-modulo-1-e-2,#TalesOfSicurix #SICURIX #Metodo81 #81plus #Sicurissimo #Sicurezza #Privacy #HACCP #SicurezzaSulLavoro,SICURIX_TALES_282992_5_24_19_12_16_18_21_6_14_9_1.webp,https://drive.google.com/drive/folders/1hICKXdl9JTZBL1pemG19oE_661z-EH_k,IMG_ERR
23.63.00,Manifattura,C,Privacy+HACCP+Sicurezza,11,Nomina Incaricati/Responsabili | Controllo Temperature e Celle | Stress Lavoro-Correlato | Formazione Generale Lavoratori | Attrezzature e Macchine | Manuale HACCP di Autocontrollo | Addetto Primo Soccorso | Rappresentante Lavoratori Sicurezza (RLS) | Informativa e Consensi | Gestione Allergeni | Corso Alimentarista,GDPR art.28-29 | Reg.CE 852/2004 | D.Lgs81/08 art.28 | Accordo Stato-Regioni | D.Lgs81/08 Tit.III | DM 388/2003 | D.Lgs81/08 art.47 | GDPR art.13 | Reg.UE 1169/2011,"FORMIX>CANCELIX, CONSENSIX>DOSAGIX, BLINKIX>NONDPIX, SICURIX>ØTIX, BLINKIX>SCIVOLIX, HYGIENIX>TEMPORIX, HYGIENIX>VOLTIX, CIFRIX>FUMIX, FORMIX>OBLIVIX, PREPOSTIX>CROSSIX, HYGIENIX>TEMPORIX","Crea una PAGINA A FUMETTI a STORIA COMPLETA, verticale A4 (1024x1536), QUALITA' EDITORIALE DA STAMPA, stile ufficiale 'SICURIX TALES' IDENTICO alle immagini di riferimento allegate (stessi personaggi a mattoncini 3D, stessa impaginazione, stessi colori, stesse rese): minifigure espressive, ambientazioni ricche e dettagliate del settore, luci morbide, profondita', bordi vignetta netti. IMPAGINAZIONE OBBLIGATORIA: da 10 a 12 VIGNETTE numerate che raccontano UNA STORIA con arco narrativo completo (1 situazione normale -> 2-4 arrivano i pericoli coi cattivi -> 5-6 tensione/conseguenza -> 7-9 arriva SICURIX con gli eroi e applica il METODO81+ passo per passo -> 10-11 risoluzione ordinata -> 12 finale). HEADER in alto: SICURIX (mantello, medaglione arancione '81+', bussola) che presenta in un fumetto; grande titolo 'SICURIX TALES'; sottotitolo 'MANIFATTURA: Pericolo vs Soluzione con Metodo 81+'; legenda 3 voci (verde Sicurezza, rosso Rischio, blu 81+ Soluzione); fila di EROI coi nomi: FORMIX, CONSENSIX, BLINKIX, SICURIX, HYGIENIX, CIFRIX. FOOTER in basso: grande 'Prima vedi. Poi sistemi.'; banner scudo verde 'PROTEGGIAMO. PREVENIAMO. MIGLIORIAMO.' e triangolo rosso 'DISATTENZIONE. RISCHI. COSTI. CAOS.'; logo '81+' + '81plus.net'. TRAMA (usa questi eventi come vignette; se sono meno di 10 aggiungi vignette di contesto, dialogo e reazione per arrivare a 10-12): 1) CANCELIX causa il pericolo 'Nomine' (Nomina Incaricati/Responsabili); poi FORMIX+SICURIX applicano il METODO81+; 2) DOSAGIX causa il pericolo 'Temperature' (Controllo Temperature e Celle); poi CONSENSIX+SICURIX applicano il METODO81+; 3) NONDPIX causa il pericolo 'Stress' (Stress Lavoro-Correlato); poi BLINKIX+SICURIX applicano il METODO81+; 4) ØTIX causa il pericolo 'Formazione base' (Formazione Generale Lavoratori); poi SICURIX+SICURIX applicano il METODO81+; 5) SCIVOLIX causa il pericolo 'Attrezzature' (Attrezzature e Macchine); poi BLINKIX+SICURIX applicano il METODO81+; 6) TEMPORIX causa il pericolo 'Documento' (Manuale HACCP di Autocontrollo); poi HYGIENIX+SICURIX applicano il METODO81+; 7) VOLTIX causa il pericolo 'Emergenze/Soccorso' (Addetto Primo Soccorso); poi HYGIENIX+SICURIX applicano il METODO81+; 8) FUMIX causa il pericolo 'Ruolo/RLS' (Rappresentante Lavoratori Sicurezza (RLS)); poi CIFRIX+SICURIX applicano il METODO81+; 9) OBLIVIX causa il pericolo 'Documento' (Informativa e Consensi); poi FORMIX+SICURIX applicano il METODO81+; 10) CROSSIX causa il pericolo 'Allergeni' (Gestione Allergeni); poi PREPOSTIX+SICURIX applicano il METODO81+; 11) TEMPORIX causa il pericolo 'Corso' (Corso Alimentarista); poi HYGIENIX+SICURIX applicano il METODO81+. PALETTE BRAND ESCLUSIVA: nero #05050A, bianco panna, arancione #FF6A1A/#E8501A; ROSSO solo per 'PERICOLO', VERDE per la checklist 'Metodo 81+'. Logo '81+' ben visibile in OGNI vignetta. REGOLA STORIA: SICURIX NON agisce mai da solo - in OGNI vignetta di soluzione si fa AIUTARE dai suoi colleghi EROI (lavoro di squadra, ognuno col suo ruolo). TESTO: didascalie e fumetti MOLTO BREVI (1-4 parole), GRANDI, centrati, in ITALIANO con ORTOGRAFIA PERFETTA, senza parole inventate, lettere doppie errate o testo tagliato. CATTIVI (coerenti col canone): CANCELIX, DOSAGIX, NONDPIX, ØTIX, SCIVOLIX, TEMPORIX, VOLTIX, FUMIX, OBLIVIX, CROSSIX. EROI: FORMIX, CONSENSIX, BLINKIX, SICURIX, HYGIENIX, CIFRIX, PREPOSTIX. NEGATIVE: nessun marchio LEGO reale, nessun personaggio protetto (Asterix ecc.), niente gore/horror, niente claim assoluti ('rischio zero','garantito','zero multe').",Manifattura: 3 minuti oggi o un problema enorme domani. Scegli tu.,"La differenza tra chi in Manifattura dorme sereno e chi trema al controllo

In manifattura gli adempimenti obbligatori non aspettano: Nomine, Temperature, Stress, Formazione base, Attrezzature, Documento, Emergenze/Soccorso, Ruolo/RLS, Allergeni, Corso. In questa pagina TALES OF SICURIX il PERICOLO prende forma... e il METODO81+ lo rimette in ordine, passo dopo passo. Immagina la scena: prima il caos, poi la checklist che sistema tutto. La regola c'e' gia': tu falla lavorare per te.
👉 Iscriviti al corso: Corso privacy destinato ai lavoratori -> https://81plus.net/?corso=corso-privacy-destinato-ai-lavoratori
▶️ YouTube: youtube.com/@sicurissimo
Contenuto informativo. Prima vedi. Poi sistemi. 81plus.net",Corso privacy destinato ai lavoratori,https://81plus.net/?corso=corso-privacy-destinato-ai-lavoratori,#TalesOfSicurix #SICURIX #Metodo81 #81plus #Sicurissimo #Privacy #HACCP #Sicurezza #SicurezzaSulLavoro,SICURIX_TALES_236300_23_18_11_1_13_14_6_4_21_20_15.webp,https://drive.google.com/drive/folders/1hICKXdl9JTZBL1pemG19oE_661z-EH_k,IMG_ERR
95.29.99,Famiglie datori,T,Privacy+Sicurezza,12,Procedura Data Breach | Formazione GDPR | Addetto Primo Soccorso | RSPP / Datore di Lavoro RSPP | Nomina Incaricati/Responsabili | Formazione Generale Lavoratori | Formazione Specifica (rischio basso) | Documento Valutazione Rischi (DVR) | Formazione Preposto | Informativa e Consensi | Registro dei Trattamenti | Uso e Formazione DPI,GDPR art.33-34 | GDPR art.32 | DM 388/2003 | D.Lgs81/08 art.34 | GDPR art.28-29 | Accordo Stato-Regioni | D.Lgs81/08 art.28 | D.Lgs81/08 art.37 | GDPR art.13 | GDPR art.30 | D.Lgs81/08 art.77,"DOCUMIX>CAOSIX, TRACCIX>LEAKIX, SICURIX>BIOXIX, CONSENSIX>SOTTOVALUTIX, FORMIX>CAOSIX, CHEFIX>BIOXIX, TRACCIX>TAGLIX, SICURIX>SCIVOLIX, SCUDIX>POLVERIX, CHEFIX>PERMISSIONIX, ROBOTIX81>MULTIX, FORMIX>CADUTIX","Crea una PAGINA A FUMETTI a STORIA COMPLETA, verticale A4 (1024x1536), QUALITA' EDITORIALE DA STAMPA, stile ufficiale 'SICURIX TALES' IDENTICO alle immagini di riferimento allegate (stessi personaggi a mattoncini 3D, stessa impaginazione, stessi colori, stesse rese): minifigure espressive, ambientazioni ricche e dettagliate del settore, luci morbide, profondita', bordi vignetta netti. IMPAGINAZIONE OBBLIGATORIA: da 10 a 12 VIGNETTE numerate che raccontano UNA STORIA con arco narrativo completo (1 situazione normale -> 2-4 arrivano i pericoli coi cattivi -> 5-6 tensione/conseguenza -> 7-9 arriva SICURIX con gli eroi e applica il METODO81+ passo per passo -> 10-11 risoluzione ordinata -> 12 finale). HEADER in alto: SICURIX (mantello, medaglione arancione '81+', bussola) che presenta in un fumetto; grande titolo 'SICURIX TALES'; sottotitolo 'FAMIGLIE DATORI: Pericolo vs Soluzione con Metodo 81+'; legenda 3 voci (verde Sicurezza, rosso Rischio, blu 81+ Soluzione); fila di EROI coi nomi: DOCUMIX, TRACCIX, SICURIX, CONSENSIX, FORMIX, CHEFIX. FOOTER in basso: grande 'Prima vedi. Poi sistemi.'; banner scudo verde 'PROTEGGIAMO. PREVENIAMO. MIGLIORIAMO.' e triangolo rosso 'DISATTENZIONE. RISCHI. COSTI. CAOS.'; logo '81+' + '81plus.net'. TRAMA (usa questi eventi come vignette; se sono meno di 10 aggiungi vignette di contesto, dialogo e reazione per arrivare a 10-12): 1) CAOSIX causa il pericolo 'Data breach' (Procedura Data Breach); poi DOCUMIX+SICURIX applicano il METODO81+; 2) LEAKIX causa il pericolo 'Formazione' (Formazione GDPR); poi TRACCIX+SICURIX applicano il METODO81+; 3) BIOXIX causa il pericolo 'Emergenze/Soccorso' (Addetto Primo Soccorso); poi SICURIX+SICURIX applicano il METODO81+; 4) SOTTOVALUTIX causa il pericolo 'Ruolo/RSPP' (RSPP / Datore di Lavoro RSPP); poi CONSENSIX+SICURIX applicano il METODO81+; 5) CAOSIX causa il pericolo 'Nomine' (Nomina Incaricati/Responsabili); poi FORMIX+SICURIX applicano il METODO81+; 6) BIOXIX causa il pericolo 'Formazione base' (Formazione Generale Lavoratori); poi CHEFIX+SICURIX applicano il METODO81+; 7) TAGLIX causa il pericolo 'Formazione specifica' (Formazione Specifica (rischio basso)); poi TRACCIX+SICURIX applicano il METODO81+; 8) SCIVOLIX causa il pericolo 'Documento' (Documento Valutazione Rischi (DVR)); poi SICURIX+SICURIX applicano il METODO81+; 9) POLVERIX causa il pericolo 'Ruolo/Preposto' (Formazione Preposto); poi SCUDIX+SICURIX applicano il METODO81+; 10) PERMISSIONIX causa il pericolo 'Documento' (Informativa e Consensi); poi CHEFIX+SICURIX applicano il METODO81+; 11) MULTIX causa il pericolo 'Registro' (Registro dei Trattamenti); poi ROBOTIX81+SICURIX applicano il METODO81+; 12) CADUTIX causa il pericolo 'DPI' (Uso e Formazione DPI); poi FORMIX+SICURIX applicano il METODO81+. PALETTE BRAND ESCLUSIVA: nero #05050A, bianco panna, arancione #FF6A1A/#E8501A; ROSSO solo per 'PERICOLO', VERDE per la checklist 'Metodo 81+'. Logo '81+' ben visibile in OGNI vignetta. REGOLA STORIA: SICURIX NON agisce mai da solo - in OGNI vignetta di soluzione si fa AIUTARE dai suoi colleghi EROI (lavoro di squadra, ognuno col suo ruolo). TESTO: didascalie e fumetti MOLTO BREVI (1-4 parole), GRANDI, centrati, in ITALIANO con ORTOGRAFIA PERFETTA, senza parole inventate, lettere doppie errate o testo tagliato. CATTIVI (coerenti col canone): CAOSIX, LEAKIX, BIOXIX, SOTTOVALUTIX, TAGLIX, SCIVOLIX, POLVERIX, PERMISSIONIX, MULTIX, CADUTIX. EROI: DOCUMIX, TRACCIX, SICURIX, CONSENSIX, FORMIX, CHEFIX, SCUDIX, ROBOTIX81. NEGATIVE: nessun marchio LEGO reale, nessun personaggio protetto (Asterix ecc.), niente gore/horror, niente claim assoluti ('rischio zero','garantito','zero multe').",Quello che l'ispettore controlla per primo in Famiglie datori (e quasi nessuno lo sa),"La differenza tra chi in Famiglie datori dorme sereno e chi trema al controllo

In famiglie datori gli adempimenti obbligatori non aspettano: Data breach, Formazione, Emergenze/Soccorso, Ruolo/RSPP, Nomine, Formazione base, Formazione specifica, Documento, Ruolo/Preposto, Registro, DPI. In questa pagina TALES OF SICURIX il PERICOLO prende forma... e il METODO81+ lo rimette in ordine, passo dopo passo. Immagina la scena: prima il caos, poi la checklist che sistema tutto. La regola c'e' gia': tu falla lavorare per te.
👉 Iscriviti al corso: Corso privacy destinato ai lavoratori -> https://81plus.net/?corso=corso-privacy-destinato-ai-lavoratori
▶️ YouTube: youtube.com/@sicurissimo
Contenuto informativo. Prima vedi. Poi sistemi. 81plus.net",Corso privacy destinato ai lavoratori,https://81plus.net/?corso=corso-privacy-destinato-ai-lavoratori,#TalesOfSicurix #SICURIX #Metodo81 #81plus #Sicurissimo #Privacy #Sicurezza #SicurezzaSulLavoro,SICURIX_TALES_952999_13_12_6_5_11_1_2_0_3_9_10_8.webp,https://drive.google.com/drive/folders/1hICKXdl9JTZBL1pemG19oE_661z-EH_k,IMG_ERR
